1.250000000000000000e+03 5.217086472946624864e-01 3.121396932810496187e-03 -9.999999999000000000e+09
1.250010423877974972e+03 5.895110209146604552e-01 3.361299055781664328e-03 -9.999999999000000000e+09
1.250020847842875583e+03 6.545773466284536823e-01 3.588887914665815550e-03 -9.999999999000000000e+09
1.250031271894702968e+03 6.959491472206936757e-01 3.791492295163298790e-03 -9.999999999000000000e+09
1.250041696033457356e+03 7.499930415451456778e-01 3.963287664587956081e-03 -9.999999999000000000e+09
1.250052120259139883e+03 7.817814773197033773e-01 4.104345525254366606e-03 -9.999999999000000000e+09
1.250062544571750777e+03 8.090089162969399394e-01 4.218278136040442584e-03 -9.999999999000000000e+09
1.250072968971291630e+03 8.316831601799592466e-01 4.309982223097624972e-03 -9.999999999000000000e+09
1.250083393457761986e+03 8.540958774342453097e-01 4.384202201539408664e-03 -9.999999999000000000e+09
1.250093818031163892e+03 8.602906173480887597e-01 4.444910062644593339e-03 -9.999999999000000000e+09
1.250104242691496893e+03 8.796016148177534522e-01 4.495197683440684509e-03 -9.999999999000000000e+09
1.250114667438762353e+03 8.945486870026947424e-01 4.537393311776499391e-03 -9.999999999000000000e+09
1.250125092272960728e+03 8.993000885766714303e-01 4.573232594853823309e-03 -9.999999999000000000e+09
1.250135517194093154e+03 9.019442647054326523e-01 4.604013138816224690e-03 -9.999999999000000000e+09
1.250145942202159631e+03 9.105959183242917643e-01 4.630714280078110194e-03 -9.999999999000000000e+09
1.250156367297161523e+03 9.204142951395550831e-01 4.654084295430288044e-03 -9.999999999000000000e+09
1.250166792479099286e+03 9.130354365159800700e-01 4.674702466553371655e-03 -9.999999999000000000e+09
1.250177217747973827e+03 9.234239219750719485e-01 4.693023082999138972e-03 -9.999999999000000000e+09
1.250187643103785831e+03 9.234240698200709696e-01 4.709406815387917958e-03 -9.999999999000000000e+09
1.250198068546535751e+03 9.300918986323170046e-01 4.724143309428738800e-03 -9.999999999000000000e+09
1.250208494076224724e+03 9.383074254846509588e-01 4.737467652163679377e-03 -9.999999999000000000e+09
1.250218919692853206e+03 9.337949642917082738e-01 4.749572522598159707e-03 -9.999999999000000000e+09
1.250229345396421650e+03 9.485989105971728286e-01 4.760617268927218142e-03 -9.999999999000000000e+09
1.250239771186931421e+03 9.489393673795264439e-01 4.770734770713067584e-03 -9.999999999000000000e+09
1.250250197064382746e+03 9.512567367310477140e-01 4.780036685325266682e-03 -9.999999999000000000e+09
1.250260623028776990e+03 9.433407955931830680e-01 4.788617501883933071e-03 -9.999999999000000000e+09
1.250271049080113926e+03 9.617681506331207109e-01 4.796557705105835602e-03 -9.999999999000000000e+09
1.250281475218394917e+03 9.541014510335883436e-01 4.803926267614980553e-03 -9.999999999000000000e+09
1.250291901443620418e+03 9.571547232014572248e-01 4.810782630454677605e-03 -9.999999999000000000e+09
1.250302327755791566e+03 9.600267418008260334e-01 4.817178289800342662e-03 -9.999999999000000000e+09
1.250312754154908589e+03 9.592383720515675893e-01 4.823158077930944816e-03 -9.999999999000000000e+09
1.250323180640972396e+03 9.605304291741414424e-01 4.828761204810200908e-03 -9.999999999000000000e+09
1.250333607213983669e+03 9.544394628637458133e-01 4.834022110731435624e-03 -9.999999999000000000e+09
1.250344033873943545e+03 9.623655687616534671e-01 4.838971168724429464e-03 -9.999999999000000000e+09
1.250354460620852251e+03 9.636889575103313454e-01 4.843635266649380308e-03 -9.999999999000000000e+09
1.250364887454710470e+03 9.658297643719805370e-01 4.848038292298194156e-03 -9.999999999000000000e+09
1.250375314375519110e+03 9.759597490769208461e-01 4.852201539809531707e-03 -9.999999999000000000e+09
1.250385741383279083e+03 9.632514790152387762e-01 4.856144051867728600e-03 -9.999999999000000000e+09
1.250396168477991068e+03 9.656257005970216856e-01 4.859882909198824999e-03 -9.999999999000000000e+09
1.250406595659655522e+03 9.658365046106526242e-01 4.863433476581019779e-03 -9.999999999000000000e+09
1.250417022928273127e+03 9.673032977504896213e-01 4.866809612792811005e-03 -9.999999999000000000e+09
1.250427450283845019e+03 9.685522071223990892e-01 4.870023850510460904e-03 -9.999999999000000000e+09
1.250437877726371653e+03 9.704654507104948369e-01 4.873087551049589544e-03 -9.999999999000000000e+09
1.250448305255853711e+03 9.644116576555632481e-01 4.876011037956372828e-03 -9.999999999000000000e+09
1.250458732872292103e+03 9.750375260585845139e-01 4.878803712742116327e-03 -9.999999999000000000e+09
1.250469160575687738e+03 9.706242440841246211e-01 4.881474155482220210e-03 -9.999999999000000000e+09
1.250479588366040616e+03 9.730455873229464370e-01 4.884030212537253564e-03 -9.999999999000000000e+09
1.250490016243352102e+03 9.756470162860716444e-01 4.886479073277472628e-03 -9.999999999000000000e+09
1.250500444207622650e+03 9.780269284382402395e-01 4.888827337384694938e-03 -9.999999999000000000e+09
1.250510872258853169e+03 9.762393568411092959e-01 4.891081074053369587e-03 -9.999999999000000000e+09
1.250521300397044115e+03 9.674508379028328164e-01 4.893245874205185732e-03 -9.999999999000000000e+09
1.250531728622196397e+03 9.811000622661028014e-01 4.895326896659770062e-03 -9.999999999000000000e+09
1.250542156934310924e+03 9.818386418563546103e-01 4.897328909061716799e-03 -9.999999999000000000e+09
1.250552585333387924e+03 9.800349162073428433e-01 4.899256324245278467e-03 -9.999999999000000000e+09
1.250563013819428534e+03 9.803106704723272280e-01 4.901113232618914059e-03 -9.999999999000000000e+09
1.250573442392433435e+03 9.724316679935137708e-01 4.902903431068475308e-03 -9.999999999000000000e+09
1.250583871052403083e+03 9.686614017080729111e-01 4.904630448807732399e-03 -9.999999999000000000e+09
1.250594299799338614e+03 9.749050950649337244e-01 4.906297570545661499e-03 -9.999999999000000000e+09
1.250604728633240256e+03 9.778145077064978041e-01 4.907907857289709255e-03 -9.999999999000000000e+09
1.250615157554109373e+03 9.783743382556678858e-01 4.909464165061659321e-03 -9.999999999000000000e+09
1.250625586561946193e+03 9.845927800205227509e-01 4.910969161766251707e-03 -9.999999999000000000e+09
1.250636015656751397e+03 9.732950255077539303e-01 4.912425342421789486e-03 -9.999999999000000000e+09
1.250646444838525895e+03 9.816256088050846484e-01 4.913835042935204081e-03 -9.999999999000000000e+09
1.250656874107270824e+03 9.828329421093028317e-01 4.915200452581289930e-03 -9.999999999000000000e+09
1.250667303462986183e+03 9.741752268838759221e-01 4.916523625326026971e-03 -9.999999999000000000e+09
1.250677732905672883e+03 9.804877539884744309e-01 4.917806490116998462e-03 -9.999999999000000000e+09
1.250688162435331833e+03 9.724712607666258224e-01 4.919050860249100585e-03 -9.999999999000000000e+09
1.250698592051963942e+03 9.748737316858390178e-01 4.920258441901050744e-03 -9.999999999000000000e+09
1.250709021755569665e+03 9.807295249387466551e-01 4.921430841927040313e-03 -9.999999999000000000e+09
1.250719451546149457e+03 9.738464082672541045e-01 4.922569574978261954e-03 -9.999999999000000000e+09
1.250729881423704455e+03 9.864205125290942400e-01 4.923676070020571033e-03 -9.999999999000000000e+09
1.250740311388235341e+03 9.820896070717857196e-01 4.924751676307168903e-03 -9.999999999000000000e+09
1.250750741439742797e+03 9.838645183796976834e-01 4.925797668858723603e-03 -9.999999999000000000e+09
1.250761171578227504e+03 9.880776859353257446e-01 4.926815253497653611e-03 -9.999999999000000000e+09
1.250771601803690146e+03 9.823541385305197826e-01 4.927805571478326846e-03 -9.999999999000000000e+09
1.250782032116131631e+03 9.836162034952178335e-01 4.928769703750496625e-03 -9.999999999000000000e+09
1.250792462515552643e+03 9.771497804620441485e-01 4.929708674889414846e-03 -9.999999999000000000e+09
1.250802893001953407e+03 9.880067228700175619e-01 4.930623456722628764e-03 -9.999999999000000000e+09
1.250813323575335289e+03 9.800819933509644644e-01 4.931514971680414638e-03 -9.999999999000000000e+09
1.250823754235698971e+03 9.807542734835904552e-01 4.932384095894115292e-03 -9.999999999000000000e+09
1.250834184983044906e+03 9.766282833113862916e-01 4.933231662064212208e-03 -9.999999999000000000e+09
1.250844615817373551e+03 9.784345842216897182e-01 4.934058462117853379e-03 -9.999999999000000000e+09
1.250855046738686497e+03 9.791659959663686630e-01 4.934865249673668110e-03 -9.999999999000000000e+09
1.250865477746983515e+03 9.884492166967057125e-01 4.935652742329941015e-03 -9.999999999000000000e+09
1.250875908842265972e+03 9.885331309264049349e-01 4.936421623790755026e-03 -9.999999999000000000e+09
1.250886340024534547e+03 9.917677774382005484e-01 4.937172545843336764e-03 -9.999999999000000000e+09
1.250896771293789698e+03 9.897184853126840265e-01 4.937906130198586874e-03 -9.999999999000000000e+09
1.250907202650032332e+03 9.790628663234615114e-01 4.938622970205738816e-03 -9.999999999000000000e+09
1.250917634093263132e+03 9.929838221418740840e-01 4.939323632451050536e-03 -9.999999999000000000e+09
1.250928065623482553e+03 9.864935827308717320e-01 4.940008658249595529e-03 -9.999999999000000000e+09
1.250938497240691731e+03 9.865472596250396409e-01 4.940678565038375894e-03 -9.999999999000000000e+09
1.250948928944891350e+03 9.789051623325096818e-01 4.941333847678313837e-03 -9.999999999000000000e+09
1.250959360736081862e+03 9.887117487323031639e-01 4.941974979671988517e-03 -9.999999999000000000e+09
1.250969792614264406e+03 9.928133395856367782e-01 4.942602414303384067e-03 -9.999999999000000000e+09
1.250980224579438982e+03 9.888154297919555802e-01 4.943216585705472246e-03 -9.999999999000000000e+09
1.250990656631607408e+03 9.852581905112878236e-01 4.943817909860843442e-03 -9.999999999000000000e+09
1.251001088770769229e+03 9.825708151898765452e-01 4.944406785540266663e-03 -9.999999999000000000e+09
1.251011520996926038e+03 9.915902743731477287e-01 4.944983595183615951e-03 -9.999999999000000000e+09
1.251021953310078061e+03 9.987721527467470217e-01 4.945548705727254545e-03 -9.999999999000000000e+09
1.251032385710226208e+03 9.870182362769281958e-01 4.946102469381620341e-03 -9.999999999000000000e+09
1.251042818197371616e+03 9.875285622188750834e-01 4.946645224362485570e-03 -9.999999999000000000e+09
1.251053250771514058e+03 9.858889957290802863e-01 4.947177295579089501e-03 -9.999999999000000000e+09
1.251063683432654898e+03 9.915608006272232933e-01 4.947698995282051593e-03 -9.999999999000000000e+09
1.251074116180795045e+03 9.892939818935080343e-01 4.948210623673800733e-03 -9.999999999000000000e+09
1.251084549015934726e+03 9.937323941721769582e-01 4.948712469484042864e-03 -9.999999999000000000e+09
1.251094981938075080e+03 9.806989219369571797e-01 4.949204810512536877e-03 -9.999999999000000000e+09
1.251105414947216332e+03 9.831417042177631460e-01 4.949687914141361056e-03 -9.999999999000000000e+09
1.251115848043359847e+03 9.799112480316122253e-01 4.950162037818642453e-03 -9.999999999000000000e+09
1.251126281226505853e+03 9.801580503543505518e-01 4.950627429515580200e-03 -9.999999999000000000e+09
1.251136714496655031e+03 9.926552340026334464e-01 4.951084328158471444e-03 -9.999999999000000000e+09
1.251147147853808974e+03 9.896604726801999652e-01 4.951532964037321134e-03 -9.999999999000000000e+09
1.251157581297967226e+03 9.867760222589913033e-01 4.951973559192506674e-03 -9.999999999000000000e+09
1.251168014829130925e+03 9.881471631302274350e-01 4.952406327780845344e-03 -9.999999999000000000e+09
1.251178448447301207e+03 9.908777813558108383e-01 4.952831476422348174e-03 -9.999999999000000000e+09
1.251188882152478300e+03 9.950730084010079857e-01 4.953249204528843361e-03 -9.999999999000000000e+09
1.251199315944663340e+03 9.877902328589007741e-01 4.953659704615536938e-03 -9.999999999000000000e+09
1.251209749823856782e+03 9.941851534043780747e-01 4.954063162596568891e-03 -9.999999999000000000e+09
1.251220183790059309e+03 9.945778152201772970e-01 4.954459758065494525e-03 -9.999999999000000000e+09
1.251230617843271830e+03 9.885554351837513298e-01 4.954849664561591406e-03 -9.999999999000000000e+09
1.251241051983494799e+03 9.877846967693407754e-01 4.955233049822808065e-03 -9.999999999000000000e+09
1.251251486210729354e+03 9.894263060642694008e-01 4.955610076026145498e-03 -9.999999999000000000e+09
1.251261920524976176e+03 9.870394304432128507e-01 4.955980900016180093e-03 -9.999999999000000000e+09
1.251272354926235494e+03 9.950471445974369278e-01 4.956345673522418414e-03 -9.999999999000000000e+09
1.251282789414508443e+03 9.845066026749280663e-01 4.956704543366091849e-03 -9.999999999000000000e+09
1.251293223989795479e+03 9.876521345281231712e-01 4.957057651657026040e-03 -9.999999999000000000e+09
1.251303658652097965e+03 9.934191767762819980e-01 4.957405135981079493e-03 -9.999999999000000000e+09
1.251314093401415903e+03 9.903728844741027659e-01 4.957747129578731621e-03 -9.999999999000000000e+09
1.251324528237749973e+03 9.837188768327641553e-01 4.958083761515266058e-03 -9.999999999000000000e+09
1.251334963161101768e+03 9.859430434197613558e-01 4.958415156843021948e-03 -9.999999999000000000e+09
1.251345398171471061e+03 9.834275614687967293e-01 4.958741436756130411e-03 -9.999999999000000000e+09
1.251355833268858987e+03 9.927376836366325064e-01 4.959062718738166398e-03 -9.999999999000000000e+09
1.251366268453266457e+03 9.872231901012923361e-01 4.959379116703044668e-03 -9.999999999000000000e+09
1.251376703724693925e+03 9.828352510036471035e-01 4.959690741129568411e-03 -9.999999999000000000e+09
1.251387139083142074e+03 9.936417404019192157e-01 4.959997699189922817e-03 -9.999999999000000000e+09
1.251397574528612040e+03 9.865454501655531727e-01 4.960300094872459667e-03 -9.999999999000000000e+09
1.251408010061104051e+03 9.869975035525386797e-01 4.960598029099029700e-03 -9.999999999000000000e+09
1.251418445680619016e+03 9.845081735278981006e-01 4.960891599837187992e-03 -9.999999999000000000e+09
1.251428881387157617e+03 9.838566708960587714e-01 4.961180902207494407e-03 -9.999999999000000000e+09
1.251439317180720991e+03 9.987273370417547591e-01 4.961466028586171938e-03 -9.999999999000000000e+09
1.251449753061309139e+03 9.867374482019165560e-01 4.961747068703362303e-03 -9.999999999000000000e+09
1.251460189028923423e+03 9.924396123044457729e-01 4.962024109737189596e-03 -9.999999999000000000e+09
1.251470625083564073e+03 9.854802224707960301e-01 4.962297236403828866e-03 -9.999999999000000000e+09
1.251481061225232224e+03 9.790003540009504235e-01 4.962566531043801667e-03 -9.999999999000000000e+09
1.251491497453928105e+03 9.914505752640221381e-01 4.962832073704663387e-03 -9.999999999000000000e+09
1.251501933769653078e+03 9.987092325588474706e-01 4.963093942220252359e-03 -9.999999999000000000e+09
1.251512370172407600e+03 9.875846875353312404e-01 4.963352212286688964e-03 -9.999999999000000000e+09
1.251522806662192124e+03 9.924406285946544282e-01 4.963606957535249622e-03 -9.999999999000000000e+09
1.251533243239007788e+03 9.916257138375561553e-01 4.963858249602296976e-03 -9.999999999000000000e+09
1.251543679902855047e+03 9.866184192111019380e-01 4.964106158196377253e-03 -9.999999999000000000e+09
1.251554116653735036e+03 9.929178625642431921e-01 4.964350751162625343e-03 -9.999999999000000000e+09
1.251564553491647757e+03 9.949466997184583938e-01 4.964592094544616370e-03 -9.999999999000000000e+09
1.251574990416594346e+03 9.913565899255417646e-01 4.964830252643757415e-03 -9.999999999000000000e+09
1.251585427428575713e+03 9.942506073457387794e-01 4.965065288076354715e-03 -9.999999999000000000e+09
1.251595864527592312e+03 9.845455373653173581e-01 4.965297261828448272e-03 -9.999999999000000000e+09
1.251606301713645053e+03 9.936932822490307515e-01 4.965526233308519694e-03 -9.999999999000000000e+09
1.251616738986734390e+03 9.902622312462326937e-01 4.965752260398168666e-03 -9.999999999000000000e+09
1.251627176346861233e+03 9.917322221029788443e-01 4.965975399500850013e-03 -9.999999999000000000e+09
1.251637613794026265e+03 1.001917108560562264e+00 4.966195705588751126e-03 -9.999999999000000000e+09
1.251648051328230395e+03 9.885018696400255100e-01 4.966413232247903452e-03 -9.999999999000000000e+09
1.251658488949474076e+03 9.939865086787615933e-01 4.966628031721598280e-03 -9.999999999000000000e+09
1.251668926657758220e+03 9.983253517091854601e-01 4.966840154952170162e-03 -9.999999999000000000e+09
1.251679364453083281e+03 9.865089255738422880e-01 4.967049651621240763e-03 -9.999999999000000000e+09
1.251689802335450622e+03 9.901302270802153638e-01 4.967256570188479520e-03 -9.999999999000000000e+09
1.251700240304860245e+03 9.907132258928932345e-01 4.967460957928936625e-03 -9.999999999000000000e+09
1.251710678361313057e+03 9.817575040838425471e-01 4.967662860969009921e-03 -9.999999999000000000e+09
1.251721116504809970e+03 9.998455930763349153e-01 4.967862324321133290e-03 -9.999999999000000000e+09
1.251731554735351665e+03 1.004670226499912555e+00 4.968059391917185701e-03 -9.999999999000000000e+09
1.251741993052938824e+03 1.000257064829027653e+00 4.968254106640721500e-03 -9.999999999000000000e+09
1.251752431457572357e+03 9.838388654482100870e-01 4.968446510358059259e-03 -9.999999999000000000e+09
1.251762869949252490e+03 9.866430429566946936e-01 4.968636643948256063e-03 -9.999999999000000000e+09
1.251773308527980362e+03 9.931076192353431864e-01 4.968824547332035754e-03 -9.999999999000000000e+09
1.251783747193756881e+03 9.957691004219821895e-01 4.969010259499706712e-03 -9.999999999000000000e+09
1.251794185946582274e+03 9.944899635909971725e-01 4.969193818538110777e-03 -9.999999999000000000e+09
1.251804624786457225e+03 9.968414854272069636e-01 4.969375261656637163e-03 -9.999999999000000000e+09
1.251815063713383097e+03 9.974999396924140171e-01 4.969554625212336055e-03 -9.999999999000000000e+09
1.251825502727360345e+03 9.938999347872330414e-01 4.969731944734198659e-03 -9.999999999000000000e+09
1.251835941828389423e+03 9.886929660598201552e-01 4.969907254946582913e-03 -9.999999999000000000e+09
1.251846381016471241e+03 9.969055287566580548e-01 4.970080589791862902e-03 -9.999999999000000000e+09
1.251856820291606482e+03 9.954407253975442460e-01 4.970251982452324538e-03 -9.999999999000000000e+09
1.251867259653795827e+03 9.884666156002730464e-01 4.970421465371311839e-03 -9.999999999000000000e+09
1.251877699103040413e+03 9.893674847800107974e-01 4.970589070273686259e-03 -9.999999999000000000e+09
1.251888138639340468e+03 9.950904492820633607e-01 4.970754828185600799e-03 -9.999999999000000000e+09
1.251898578262696901e+03 1.003971408500596851e+00 4.970918769453635741e-03 -9.999999999000000000e+09
1.251909017973110167e+03 9.890223219014597777e-01 4.971080923763288202e-03 -9.999999999000000000e+09
1.251919457770581403e+03 9.947400193912632194e-01 4.971241320156890957e-03 -9.999999999000000000e+09
1.251929897655111290e+03 9.951119504301874086e-01 4.971399987050922377e-03 -9.999999999000000000e+09
1.251940337626700284e+03 9.871333015108487707e-01 4.971556952252779472e-03 -9.999999999000000000e+09
1.251950777685349522e+03 9.958248900046759999e-01 4.971712242977007097e-03 -9.999999999000000000e+09
1.251961217831059002e+03 9.951061025182558195e-01 4.971865885861011074e-03 -9.999999999000000000e+09
1.251971658063830318e+03 9.921452902184866307e-01 4.972017906980278658e-03 -9.999999999000000000e+09
1.251982098383663924e+03 9.978621165856125241e-01 4.972168331863111544e-03 -9.999999999000000000e+09
1.251992538790560047e+03 9.900463918594734070e-01 4.972317185504907845e-03 -9.999999999000000000e+09
1.252002979284520052e+03 9.994645359876103141e-01 4.972464492381993041e-03 -9.999999999000000000e+09
1.252013419865544392e+03 9.961689408747993468e-01 4.972610276465016382e-03 -9.999999999000000000e+09
1.252023860533633751e+03 9.903072819495598589e-01 4.972754561231952641e-03 -9.999999999000000000e+09
1.252034301288788811e+03 9.905730976383109176e-01 4.972897369680691869e-03 -9.999999999000000000e+09
1.252044742131010480e+03 9.905606546224513531e-01 4.973038724341232765e-03 -9.999999999000000000e+09
1.252055183060299441e+03 9.991672877730217728e-01 4.973178647287541249e-03 -9.999999999000000000e+09
1.252065624076656377e+03 9.912433542787301155e-01 4.973317160149016113e-03 -9.999999999000000000e+09
1.252076065180081969e+03 1.001771371446504633e+00 4.973454284121628551e-03 -9.999999999000000000e+09
1.252086506370576899e+03 9.947507606820309434e-01 4.973590039978720810e-03 -9.999999999000000000e+09
1.252096947648142304e+03 9.964920917152791935e-01 4.973724448081489995e-03 -9.999999999000000000e+09
1.252107389012778185e+03 1.000206819137144487e+00 4.973857528389158747e-03 -9.999999999000000000e+09
1.252117830464485905e+03 9.900347214831977105e-01 4.973989300468838019e-03 -9.999999999000000000e+09
1.252128272003265920e+03 9.940394854611445119e-01 4.974119783505117492e-03 -9.999999999000000000e+09
1.252138713629118911e+03 9.926201304206991871e-01 4.974248996309361091e-03 -9.999999999000000000e+09
1.252149155342045788e+03 9.921263719114524759e-01 4.974376957328740557e-03 -9.999999999000000000e+09
1.252159597142047460e+03 9.959184128708554740e-01 4.974503684655002742e-03 -9.999999999000000000e+09
1.252170039029123700e+03 9.952061115270597336e-01 4.974629196032996636e-03 -9.999999999000000000e+09
1.252180481003276327e+03 1.002016368618917408e+00 4.974753508868931529e-03 -9.999999999000000000e+09
1.252190923064505569e+03 9.915241180521171538e-01 4.974876640238432186e-03 -9.999999999000000000e+09
1.252201365212812561e+03 9.978505279620323298e-01 4.974998606894344248e-03 -9.999999999000000000e+09
1.252211807448197305e+03 1.004840543062496705e+00 4.975119425274313230e-03 -9.999999999000000000e+09
1.252222249770660937e+03 9.908734009363900919e-01 4.975239111508183987e-03 -9.999999999000000000e+09
1.252232692180204367e+03 9.879306470563714582e-01 4.975357681425150377e-03 -9.999999999000000000e+09
1.252243134676827822e+03 9.991543637649931142e-01 4.975475150560739260e-03 -9.999999999000000000e+09
1.252253577260532438e+03 1.005594316751692974e+00 4.975591534163581985e-03 -9.999999999000000000e+09
1.252264019931318899e+03 9.969004854870661125e-01 4.975706847202014151e-03 -9.999999999000000000e+09
1.252274462689187885e+03 1.005488648359480042e+00 4.975821104370474132e-03 -9.999999999000000000e+09
1.252284905534140080e+03 9.965407359964085776e-01 4.975934320095752421e-03 -9.999999999000000000e+09
1.252295348466176392e+03 9.924154867146897097e-01 4.976046508543046677e-03 -9.999999999000000000e+09
1.252305791485297050e+03 9.957941489006194580e-01 4.976157683621864128e-03 -9.999999999000000000e+09
1.252316234591503417e+03 9.939824629708372550e-01 4.976267858991775643e-03 -9.999999999000000000e+09
1.252326677784795720e+03 9.959745170811267201e-01 4.976377048067987668e-03 -9.999999999000000000e+09
1.252337121065174870e+03 9.984932177079196558e-01 4.976485264026794461e-03 -9.999999999000000000e+09
1.252347564432641775e+03 9.890487106680359020e-01 4.976592519810866394e-03 -9.999999999000000000e+09
1.252358007887196891e+03 9.978880809279315756e-01 4.976698828134405554e-03 -9.999999999000000000e+09
1.252368451428840899e+03 9.948344716731546411e-01 4.976804201488167767e-03 -9.999999999000000000e+09
1.252378895057574937e+03 9.980579845225101554e-01 4.976908652144342374e-03 -9.999999999000000000e+09
1.252389338773399231e+03 9.831243948895760365e-01 4.977012192161318384e-03 -9.999999999000000000e+09
1.252399782576314692e+03 9.896388937486652049e-01 4.977114833388317922e-03 -9.999999999000000000e+09
1.252410226466322229e+03 9.943397848035533393e-01 4.977216587469907375e-03 -9.999999999000000000e+09
1.252420670443422750e+03 9.936473193042958396e-01 4.977317465850404458e-03 -9.999999999000000000e+09
1.252431114507616030e+03 9.922291554040202355e-01 4.977417479778155178e-03 -9.999999999000000000e+09
1.252441558658903887e+03 9.861642746106270563e-01 4.977516640309717980e-03 -9.999999999000000000e+09
1.252452002897286320e+03 9.913286436519113121e-01 4.977614958313923872e-03 -9.999999999000000000e+09
1.252462447222764695e+03 9.920976513886423653e-01 4.977712444475857617e-03 -9.999999999000000000e+09
1.252472891635339010e+03 9.939163965967908743e-01 4.977809109300711417e-03 -9.999999999000000000e+09
1.252483336135010404e+03 9.880249505939726617e-01 4.977904963117559672e-03 -9.999999999000000000e+09
1.252493780721779785e+03 9.979827141308451610e-01 4.978000016083033129e-03 -9.999999999000000000e+09
1.252504225395647609e+03 9.814558437148240833e-01 4.978094278184901945e-03 -9.999999999000000000e+09
1.252514670156614329e+03 9.978213272392089106e-01 4.978187759245573767e-03 -9.999999999000000000e+09
1.252525115004681311e+03 9.877917203005578406e-01 4.978280468925494646e-03 -9.999999999000000000e+09
1.252535559939848781e+03 9.957571879284325966e-01 4.978372416726478851e-03 -9.999999999000000000e+09
1.252546004962117649e+03 9.971199782624754482e-01 4.978463611994948454e-03 -9.999999999000000000e+09
1.252556450071488598e+03 9.938795181531142608e-01 4.978554063925100942e-03 -9.999999999000000000e+09
1.252566895267962536e+03 9.946695865037133988e-01 4.978643781561989216e-03 -9.999999999000000000e+09
1.252577340551539692e+03 9.875928860362043205e-01 4.978732773804535675e-03 -9.999999999000000000e+09
1.252587785922221428e+03 9.890292177743701396e-01 4.978821049408473434e-03 -9.999999999000000000e+09
1.252598231380008201e+03 9.886684740485035539e-01 4.978908616989215566e-03 -9.999999999000000000e+09
1.252608676924900692e+03 9.955364392875902801e-01 4.978995485024645395e-03 -9.999999999000000000e+09
1.252619122556899356e+03 9.936508253414469971e-01 4.979081661857859969e-03 -9.999999999000000000e+09
1.252629568276005557e+03 9.918295969235090270e-01 4.979167155699838927e-03 -9.999999999000000000e+09
1.252640014082219750e+03 9.824258211977244803e-01 4.979251974632032708e-03 -9.999999999000000000e+09
1.252650459975542162e+03 9.962433857883755683e-01 4.979336126608927340e-03 -9.999999999000000000e+09
1.252660905955974386e+03 9.965936485927043842e-01 4.979419619460513820e-03 -9.999999999000000000e+09
1.252671352023516420e+03 1.002604461752507614e+00 4.979502460894721927e-03 -9.999999999000000000e+09
1.252681798178169402e+03 9.935945442484591661e-01 4.979584658499781186e-03 -9.999999999000000000e+09
1.252692244419934013e+03 9.966456748501304475e-01 4.979666219746546260e-03 -9.999999999000000000e+09
1.252702690748810710e+03 9.953376033483598562e-01 4.979747151990745156e-03 -9.999999999000000000e+09
1.252713137164800628e+03 9.899927960660753756e-01 4.979827462475196198e-03 -9.999999999000000000e+09
1.252723583667903995e+03 1.003444408836036361e+00 4.979907158331965157e-03 -9.999999999000000000e+09
1.252734030258122175e+03 9.968143164461864547e-01 4.979986246584470339e-03 -9.999999999000000000e+09
1.252744476935455396e+03 9.953331730553174328e-01 4.980064734149548637e-03 -9.999999999000000000e+09
1.252754923699904339e+03 1.004650398021472490e+00 4.980142627839463480e-03 -9.999999999000000000e+09
1.252765370551470141e+03 9.949775091298858065e-01 4.980219934363877207e-03 -9.999999999000000000e+09
1.252775817490153258e+03 9.944216971818904405e-01 4.980296660331776613e-03 -9.999999999000000000e+09
1.252786264515954372e+03 9.907155906881699448e-01 4.980372812253348186e-03 -9.999999999000000000e+09
1.252796711628874391e+03 9.972932669429036556e-01 4.980448396541823849e-03 -9.999999999000000000e+09
1.252807158828913771e+03 9.947508187274209934e-01 4.980523419515277272e-03 -9.999999999000000000e+09
1.252817606116073648e+03 9.961429841249084260e-01 4.980597887398374203e-03 -9.999999999000000000e+09
1.252828053490354705e+03 9.922242663570053356e-01 4.980671806324107193e-03 -9.999999999000000000e+09
1.252838500951757396e+03 1.000905847950530614e+00 4.980745182335464399e-03 -9.999999999000000000e+09
1.252848948500282177e+03 1.000108508523738893e+00 4.980818021387077577e-03 -9.999999999000000000e+09
1.252859396135930183e+03 1.001199598668417456e+00 4.980890329346832762e-03 -9.999999999000000000e+09
1.252869843858702325e+03 1.002062516667567849e+00 4.980962111997446276e-03 -9.999999999000000000e+09
1.252880291668599057e+03 9.949563851420984983e-01 4.981033375037993878e-03 -9.999999999000000000e+09
1.252890739565621061e+03 9.990843153109397745e-01 4.981104124085432988e-03 -9.999999999000000000e+09
1.252901187549769247e+03 9.946623512665346833e-01 4.981174364676062456e-03 -9.999999999000000000e+09
1.252911635621044297e+03 9.901212708682288755e-01 4.981244102266971056e-03 -9.999999999000000000e+09
1.252922083779446666e+03 9.945177940526508387e-01 4.981313342237450419e-03 -9.999999999000000000e+09
1.252932532024977718e+03 9.934438302033556933e-01 4.981382089890371533e-03 -9.999999999000000000e+09
1.252942980357637225e+03 9.922010176271474080e-01 4.981450350453540434e-03 -9.999999999000000000e+09
1.252953428777426552e+03 9.975771650537527124e-01 4.981518129081021797e-03 -9.999999999000000000e+09
1.252963877284346609e+03 9.940205531036755415e-01 4.981585430854432173e-03 -9.999999999000000000e+09
1.252974325878397622e+03 1.001610299293972384e+00 4.981652260784208940e-03 -9.999999999000000000e+09
1.252984774559580728e+03 9.950648885059953930e-01 4.981718623810854098e-03 -9.999999999000000000e+09
1.252995223327896156e+03 9.984590580856099740e-01 4.981784524806147710e-03 -9.999999999000000000e+09
1.253005672183345268e+03 9.973839566140313417e-01 4.981849968574340523e-03 -9.999999999000000000e+09
1.253016121125928294e+03 9.923194248325071243e-01 4.981914959853318836e-03 -9.999999999000000000e+09
1.253026570155645913e+03 1.000396935343908833e+00 4.981979503315741610e-03 -9.999999999000000000e+09
1.253037019272499265e+03 1.001213253749953846e+00 4.982043603570172376e-03 -9.999999999000000000e+09
1.253047468476488802e+03 9.919646988866991366e-01 4.982107265162157364e-03 -9.999999999000000000e+09
1.253057917767615436e+03 9.835907860349154541e-01 4.982170492575311443e-03 -9.999999999000000000e+09
1.253068367145879847e+03 9.955435798616510956e-01 4.982233290232363290e-03 -9.999999999000000000e+09
1.253078816611282491e+03 9.825751369860740159e-01 4.982295662496189284e-03 -9.999999999000000000e+09
1.253089266163824277e+03 9.906162642957598852e-01 4.982357613670817913e-03 -9.999999999000000000e+09
1.253099715803506115e+03 1.003169997539537617e+00 4.982419148002421166e-03 -9.999999999000000000e+09
1.253110165530328686e+03 9.837647703720644454e-01 4.982480269680280779e-03 -9.999999999000000000e+09
1.253120615344292219e+03 9.929386590343923791e-01 4.982540982837742327e-03 -9.999999999000000000e+09
1.253131065245398077e+03 9.935869341182965719e-01 4.982601291553143304e-03 -9.999999999000000000e+09
1.253141515233646714e+03 9.906158283287780364e-01 4.982661199850722984e-03 -9.999999999000000000e+09
1.253151965309038587e+03 9.973319965957342381e-01 4.982720711701517542e-03 -9.999999999000000000e+09
1.253162415471575059e+03 9.968366533803981744e-01 4.982779831024241289e-03 -9.999999999000000000e+09
1.253172865721256585e+03 9.963744723633911615e-01 4.982838561686135821e-03 -9.999999999000000000e+09
1.253183316058083619e+03 9.954540476553755957e-01 4.982896907503820035e-03 -9.999999999000000000e+09
1.253193766482056844e+03 1.000583276834135837e+00 4.982954872244111516e-03 -9.999999999000000000e+09
1.253204216993177624e+03 9.997379813771404278e-01 4.983012459624840997e-03 -9.999999999000000000e+09
1.253214667591445959e+03 9.933151138550234682e-01 4.983069673315637313e-03 -9.999999999000000000e+09
1.253225118276863441e+03 9.996421149884583413e-01 4.983126516938717575e-03 -9.999999999000000000e+09
1.253235569049429614e+03 1.000757109880591633e+00 4.983182994069640902e-03 -9.999999999000000000e+09
1.253246019909146071e+03 9.900265898226483507e-01 4.983239108238059559e-03 -9.999999999000000000e+09
1.253256470856013493e+03 9.911740681594091162e-01 4.983294862928454479e-03 -9.999999999000000000e+09
1.253266921890032108e+03 9.965268566479685841e-01 4.983350261580856908e-03 -9.999999999000000000e+09
1.253277373011203508e+03 9.949165148422262073e-01 4.983405307591550100e-03 -9.999999999000000000e+09
1.253287824219527465e+03 9.889428048833134310e-01 4.983460004313767545e-03 -9.999999999000000000e+09
1.253298275515005116e+03 9.994498388597469196e-01 4.983514355058371245e-03 -9.999999999000000000e+09
1.253308726897637371e+03 9.982810528790294624e-01 4.983568363094515244e-03 -9.999999999000000000e+09
1.253319178367424684e+03 1.008717603306754196e+00 4.983622031650303957e-03 -9.999999999000000000e+09
1.253329629924367737e+03 9.882080627624221236e-01 4.983675363913438357e-03 -9.999999999000000000e+09
1.253340081568467440e+03 9.991932297361741933e-01 4.983728363031832663e-03 -9.999999999000000000e+09
1.253350533299724702e+03 9.975497273657982777e-01 4.983781032114249256e-03 -9.999999999000000000e+09
1.253360985118139979e+03 9.977515833521720667e-01 4.983833374230893683e-03 -9.999999999000000000e+09
1.253371437023713725e+03 9.965893323246457491e-01 4.983885392414016610e-03 -9.999999999000000000e+09
1.253381889016447303e+03 9.896597117875305383e-01 4.983937089658494954e-03 -9.999999999000000000e+09
1.253392341096340942e+03 9.969796898412371933e-01 4.983988468922408675e-03 -9.999999999000000000e+09
1.253402793263395552e+03 9.947164002681684325e-01 4.984039533127601965e-03 -9.999999999000000000e+09
1.253413245517612040e+03 9.931435534481690697e-01 4.984090285160235750e-03 -9.999999999000000000e+09
1.253423697858990863e+03 9.929240314929480560e-01 4.984140727871335004e-03 -9.999999999000000000e+09
1.253434150287532702e+03 1.000913161121670170e+00 4.984190864077317831e-03 -9.999999999000000000e+09
1.253444602803238467e+03 9.949223908715064679e-01 4.984240696560518491e-03 -9.999999999000000000e+09
1.253455055406108841e+03 1.002166906046417560e+00 4.984290228069704343e-03 -9.999999999000000000e+09
1.253465508096144504e+03 9.897327913241787956e-01 4.984339461320575447e-03 -9.999999999000000000e+09
1.253475960873346139e+03 9.967046779869351836e-01 4.984388398996270238e-03 -9.999999999000000000e+09
1.253486413737714656e+03 9.943742254336632724e-01 4.984437043747839101e-03 -9.999999999000000000e+09
1.253496866689250965e+03 9.982824645445794731e-01 4.984485398194730965e-03 -9.999999999000000000e+09
1.253507319727955064e+03 1.005517223770345137e+00 4.984533464925263412e-03 -9.999999999000000000e+09
1.253517772853828319e+03 1.004053273314334804e+00 4.984581246497072834e-03 -9.999999999000000000e+09
1.253528226066871184e+03 9.936039626546619985e-01 4.984628745437586286e-03 -9.999999999000000000e+09
1.253538679367084796e+03 9.882678153949316924e-01 4.984675964244449954e-03 -9.999999999000000000e+09
1.253549132754469383e+03 9.926049539944129529e-01 4.984722905385969779e-03 -9.999999999000000000e+09
1.253559586229025626e+03 9.942628154687130904e-01 4.984769571301548609e-03 -9.999999999000000000e+09
1.253570039790754436e+03 1.004396827696889094e+00 4.984815964402099057e-03 -9.999999999000000000e+09
1.253580493439656493e+03 9.921733461984251212e-01 4.984862087070461578e-03 -9.999999999000000000e+09
1.253590947175733163e+03 9.958955142382868164e-01 4.984907941661812121e-03 -9.999999999000000000e+09
1.253601400998983991e+03 9.931777684898877023e-01 4.984953530504065457e-03 -9.999999999000000000e+09
1.253611854909410795e+03 9.896747876807917566e-01 4.984998855898260285e-03 -9.999999999000000000e+09
1.253622308907013576e+03 1.003818516335710509e+00 4.985043920118953018e-03 -9.999999999000000000e+09
1.253632762991793470e+03 9.972709787315580110e-01 4.985088725414594212e-03 -9.999999999000000000e+09
1.253643217163750705e+03 9.922055883181912783e-01 4.985133274007909343e-03 -9.999999999000000000e+09
1.253653671422886646e+03 9.951249328995034338e-01 4.985177568096245751e-03 -9.999999999000000000e+09
1.253664125769201519e+03 9.914566433701231807e-01 4.985221609851959480e-03 -9.999999999000000000e+09
1.253674580202696689e+03 9.950095631723093748e-01 4.985265401422753553e-03 -9.999999999000000000e+09
1.253685034723371928e+03 9.952224136750321692e-01 4.985308944932030119e-03 -9.999999999000000000e+09
1.253695489331228828e+03 9.931207088660209958e-01 4.985352242479230457e-03 -9.999999999000000000e+09
1.253705944026267616e+03 9.953645241760462614e-01 4.985395296140181925e-03 -9.999999999000000000e+09
1.253716398808489203e+03 1.003321315533504121e+00 4.985438107967415412e-03 -9.999999999000000000e+09
1.253726853677894269e+03 9.966230276830423396e-01 4.985480679990499271e-03 -9.999999999000000000e+09
1.253737308634483497e+03 9.990753710127172615e-01 4.985523014216361980e-03 -9.999999999000000000e+09
1.253747763678257797e+03 1.004472240549308282e+00 4.985565112629595716e-03 -9.999999999000000000e+09
1.253758218809217851e+03 9.914978976632070617e-01 4.985606977192779017e-03 -9.999999999000000000e+09
1.253768674027364341e+03 9.940641811349419932e-01 4.985648609846775152e-03 -9.999999999000000000e+09
1.253779129332697721e+03 1.000041484635722844e+00 4.985690012511027024e-03 -9.999999999000000000e+09
1.253789584725219129e+03 9.868840251830817145e-01 4.985731187083860746e-03 -9.999999999000000000e+09
1.253800040204929019e+03 9.911017476310139962e-01 4.985772135442770141e-03 -9.999999999000000000e+09
1.253810495771828300e+03 9.930089956437631038e-01 4.985812859444703829e-03 -9.999999999000000000e+09
1.253820951425917656e+03 9.998624103398903173e-01 4.985853360926339323e-03 -9.999999999000000000e+09
1.253831407167197767e+03 1.000503562571844585e+00 4.985893641704368384e-03 -9.999999999000000000e+09
1.253841862995669317e+03 9.976462818815143851e-01 4.985933703575765909e-03 -9.999999999000000000e+09
1.253852318911333214e+03 9.988072497584034037e-01 4.985973548318043194e-03 -9.999999999000000000e+09
1.253862774914189686e+03 9.899640106272827866e-01 4.986013177689531568e-03 -9.999999999000000000e+09
1.253873231004240324e+03 9.973669221173033783e-01 4.986052593429627852e-03 -9.999999999000000000e+09
1.253883687181485129e+03 9.966238161291687270e-01 4.986091797259049364e-03 -9.999999999000000000e+09
1.253894143445925010e+03 9.927575095438562203e-01 4.986130790880085456e-03 -9.999999999000000000e+09
1.253904599797560877e+03 9.938220137567355117e-01 4.986169575976849913e-03 -9.999999999000000000e+09
1.253915056236393411e+03 9.979833520567594762e-01 4.986208154215504736e-03 -9.999999999000000000e+09
1.253925512762423068e+03 9.961010051711035596e-01 4.986246527244519479e-03 -9.999999999000000000e+09
1.253935969375650757e+03 9.998723741299917478e-01 4.986284696694894165e-03 -9.999999999000000000e+09
1.253946426076077387e+03 1.001521266285360756e+00 4.986322664180391738e-03 -9.999999999000000000e+09
1.253956882863703413e+03 9.989968056161707688e-01 4.986360431297764441e-03 -9.999999999000000000e+09
1.253967339738529745e+03 9.969916803844771636e-01 4.986397999626981069e-03 -9.999999999000000000e+09
1.253977796700556837e+03 9.946922921230169079e-01 4.986435370731442072e-03 -9.999999999000000000e+09
1.253988253749785599e+03 1.008271624322661264e+00 4.986472546158199001e-03 -9.999999999000000000e+09
1.253998710886217168e+03 1.003021726116011481e+00 4.986509527438168742e-03 -9.999999999000000000e+09
1.254009168109851316e+03 9.928547169305331765e-01 4.986546316086336479e-03 -9.999999999000000000e+09
1.254019625420689863e+03 1.003216010494435428e+00 4.986582913601974275e-03 -9.999999999000000000e+09
1.254030082818732581e+03 1.000203112443736053e+00 4.986619321468829281e-03 -9.999999999000000000e+09
1.254040540303980833e+03 9.830233173797137125e-01 4.986655541155339717e-03 -9.999999999000000000e+09
1.254050997876435076e+03 1.000025307110405937e+00 4.986691574114818747e-03 -9.999999999000000000e+09
1.254061455536095991e+03 9.913381371357021798e-01 4.986727421785655708e-03 -9.999999999000000000e+09
1.254071913282964488e+03 9.943620218580249137e-01 4.986763085591506064e-03 -9.999999999000000000e+09
1.254082371117041248e+03 9.903202337837184732e-01 4.986798566941478758e-03 -9.999999999000000000e+09
1.254092829038326954e+03 1.008551442776579377e+00 4.986833867230320953e-03 -9.999999999000000000e+09
1.254103287046822061e+03 9.908877941597896699e-01 4.986868987838600185e-03 -9.999999999000000000e+09
1.254113745142527932e+03 9.875282202299330292e-01 4.986903930132887373e-03 -9.999999999000000000e+09
1.254124203325444796e+03 9.932879813848161099e-01 4.986938695465927690e-03 -9.999999999000000000e+09
1.254134661595573334e+03 9.836725115237253680e-01 4.986973285176825310e-03 -9.999999999000000000e+09
1.254145119952914683e+03 1.006474440493949407e+00 4.987007700591200403e-03 -9.999999999000000000e+09
1.254155578397469526e+03 9.968777156869480516e-01 4.987041943021370410e-03 -9.999999999000000000e+09
1.254166036929238089e+03 1.005287435191315693e+00 4.987076013766512245e-03 -9.999999999000000000e+09
1.254176495548221510e+03 9.998825603673722195e-01 4.987109914112823617e-03 -9.999999999000000000e+09
1.254186954254420471e+03 9.973381954464912713e-01 4.987143645333689569e-03 -9.999999999000000000e+09
1.254197413047835653e+03 9.977243722195578979e-01 4.987177208689836869e-03 -9.999999999000000000e+09
1.254207871928467739e+03 9.953333279616538576e-01 4.987210605429497068e-03 -9.999999999000000000e+09
1.254218330896317184e+03 9.998557735116370138e-01 4.987243836788553090e-03 -9.999999999000000000e+09
1.254228789951385806e+03 1.001487415602358766e+00 4.987276903990696224e-03 -9.999999999000000000e+09
1.254239249093672925e+03 9.990017137182192197e-01 4.987309808247578774e-03 -9.999999999000000000e+09
1.254249708323179902e+03 9.982986562317709422e-01 4.987342550758951977e-03 -9.999999999000000000e+09
1.254260167639907877e+03 9.916687360876255131e-01 4.987375132712823858e-03 -9.999999999000000000e+09
1.254270627043856848e+03 9.996498121270439574e-01 4.987407555285592806e-03 -9.999999999000000000e+09
1.254281086535027953e+03 9.978168858577427525e-01 4.987439819642194155e-03 -9.999999999000000000e+09
1.254291546113421873e+03 1.000111499419899852e+00 4.987471926936238101e-03 -9.999999999000000000e+09
1.254302005779039064e+03 1.001956061623422878e+00 4.987503878310145869e-03 -9.999999999000000000e+09
1.254312465531880662e+03 9.945453181170439416e-01 4.987535674895288498e-03 -9.999999999000000000e+09
1.254322925371947349e+03 1.004604039088889289e+00 4.987567317812111739e-03 -9.999999999000000000e+09
1.254333385299239353e+03 9.997335643835606467e-01 4.987598808170281769e-03 -9.999999999000000000e+09
1.254343845313758038e+03 1.000484297541451406e+00 4.987630147068798821e-03 -9.999999999000000000e+09
1.254354305415503859e+03 9.847589409684046613e-01 4.987661335596134220e-03 -9.999999999000000000e+09
1.254364765604477270e+03 9.956096316266482837e-01 4.987692374830357024e-03 -9.999999999000000000e+09
1.254375225880679409e+03 9.874229638004331511e-01 4.987723265839251116e-03 -9.999999999000000000e+09
1.254385686244110957e+03 1.006813800380900625e+00 4.987754009680443572e-03 -9.999999999000000000e+09
1.254396146694772597e+03 9.919703026805903878e-01 4.987784607401522623e-03 -9.999999999000000000e+09
1.254406607232665010e+03 9.857099536995600486e-01 4.987815060040155617e-03 -9.999999999000000000e+09
1.254417067857788652e+03 9.905862667932727739e-01 4.987845368624208714e-03 -9.999999999000000000e+09
1.254427528570144887e+03 1.002502074958675049e+00 4.987875534171858777e-03 -9.999999999000000000e+09
1.254437989369733941e+03 9.967924688801680366e-01 4.987905557691715668e-03 -9.999999999000000000e+09
1.254448450256556498e+03 9.855862986938778159e-01 4.987935440182917658e-03 -9.999999999000000000e+09
1.254458911230613694e+03 1.005266735933717293e+00 4.987965182635258933e-03 -9.999999999000000000e+09
1.254469372291905984e+03 1.007085413936323226e+00 4.987994786029292804e-03 -9.999999999000000000e+09
1.254479833440433822e+03 9.998737779149983185e-01 4.988024251336435795e-03 -9.999999999000000000e+09
1.254490294676198573e+03 9.973133391642560186e-01 4.988053579519074326e-03 -9.999999999000000000e+09
1.254500755999200464e+03 9.937259505968384365e-01 4.988082771530680942e-03 -9.999999999000000000e+09
1.254511217409440633e+03 9.990672057683263052e-01 4.988111828315897577e-03 -9.999999999000000000e+09
1.254521678906919306e+03 1.000041171610278168e+00 4.988140750810652647e-03 -9.999999999000000000e+09
1.254532140491637620e+03 9.915132795576879765e-01 4.988169539942252997e-03 -9.999999999000000000e+09
1.254542602163596030e+03 9.914162894477690502e-01 4.988198196629493181e-03 -9.999999999000000000e+09
1.254553063922795673e+03 9.976616522488981342e-01 4.988226721782736996e-03 -9.999999999000000000e+09
1.254563525769236776e+03 9.971059062936348250e-01 4.988255116304029374e-03 -9.999999999000000000e+09
1.254573987702920249e+03 9.995128896651217509e-01 4.988283381087183117e-03 -9.999999999000000000e+09
1.254584449723847001e+03 1.000757463536262604e+00 4.988311517017869970e-03 -9.999999999000000000e+09
1.254594911832017488e+03 9.941561924101499637e-01 4.988339524973724702e-03 -9.999999999000000000e+09
1.254605374027432617e+03 9.923362873697724185e-01 4.988367405824418836e-03 -9.999999999000000000e+09
1.254615836310093073e+03 9.894725225119409551e-01 4.988395160431769067e-03 -9.999999999000000000e+09
1.254626298679999763e+03 9.995767768677190634e-01 4.988422789649813588e-03 -9.999999999000000000e+09
1.254636761137152916e+03 9.919891384617862684e-01 4.988450294324898830e-03 -9.999999999000000000e+09
1.254647223681553669e+03 1.002774688743399034e+00 4.988477675295777472e-03 -9.999999999000000000e+09
1.254657686313202703e+03 1.000696658688273066e+00 4.988504933393676961e-03 -9.999999999000000000e+09
1.254668149032100700e+03 1.002475627745064157e+00 4.988532069442400130e-03 -9.999999999000000000e+09
1.254678611838248344e+03 9.865090557250194570e-01 4.988559084258397183e-03 -9.999999999000000000e+09
1.254689074731646315e+03 9.877507305219693778e-01 4.988585978650849836e-03 -9.999999999000000000e+09
1.254699537712295751e+03 1.010954501947286532e+00 4.988612753421752845e-03 -9.999999999000000000e+09
1.254710000780196651e+03 9.944337025161162913e-01 4.988639409365994669e-03 -9.999999999000000000e+09
1.254720463935350381e+03 1.001634493611074150e+00 4.988665947271430333e-03 -9.999999999000000000e+09
1.254730927177757394e+03 9.987459511918995725e-01 4.988692367918969028e-03 -9.999999999000000000e+09
1.254741390507418373e+03 1.000380268149456686e+00 4.988718672082641768e-03 -9.999999999000000000e+09
1.254751853924334000e+03 9.972693239194626580e-01 4.988744860529680317e-03 -9.999999999000000000e+09
1.254762317428505412e+03 9.988970919356910949e-01 4.988770934020587446e-03 -9.999999999000000000e+09
1.254772781019933063e+03 9.944775325741787020e-01 4.988796893309220201e-03 -9.999999999000000000e+09
1.254783244698617636e+03 1.004336403620294638e+00 4.988822739142851487e-03 -9.999999999000000000e+09
1.254793708464559586e+03 9.922134777399830297e-01 4.988848472262249860e-03 -9.999999999000000000e+09
1.254804172317760504e+03 9.959069841686610802e-01 4.988874093401744585e-03 -9.999999999000000000e+09
1.254814636258220162e+03 9.991738172951958319e-01 4.988899603289295888e-03 -9.999999999000000000e+09
1.254825100285939698e+03 9.905672388254163074e-01 4.988925002646569552e-03 -9.999999999000000000e+09
1.254835564400920248e+03 9.936914595771378922e-01 4.988950292188994162e-03 -9.999999999000000000e+09
1.254846028603161585e+03 1.000268274809575475e+00 4.988975472625844371e-03 -9.999999999000000000e+09
1.254856492892665301e+03 9.971111200213444992e-01 4.989000544660287736e-03 -9.999999999000000000e+09
1.254866957269431623e+03 9.963378984763290314e-01 4.989025508989462787e-03 -9.999999999000000000e+09
1.254877421733461460e+03 9.958134771080622283e-01 4.989050366304542336e-03 -9.999999999000000000e+09
1.254887886284755723e+03 9.973152055445887454e-01 4.989075117290792463e-03 -9.999999999000000000e+09
1.254898350923314638e+03 9.981067104463896555e-01 4.989099762627640169e-03 -9.999999999000000000e+09
1.254908815649139569e+03 1.005072134237088743e+00 4.989124302988731489e-03 -9.999999999000000000e+09
1.254919280462230745e+03 9.961411447392453100e-01 4.989148739041994809e-03 -9.999999999000000000e+09
1.254929745362589074e+03 1.004134200156758583e+00 4.989173071449701583e-03 -9.999999999000000000e+09
1.254940210350215239e+03 1.000409376541146145e+00 4.989197300868522707e-03 -9.999999999000000000e+09
1.254950675425110148e+03 9.885822560002136550e-01 4.989221427949597047e-03 -9.999999999000000000e+09
1.254961140587274258e+03 9.981913700379402288e-01 4.989245453338574804e-03 -9.999999999000000000e+09
1.254971605836708477e+03 9.974151845916201520e-01 4.989269377675690370e-03 -9.999999999000000000e+09
1.254982071173413487e+03 1.001365533443530298e+00 4.989293201595803966e-03 -9.999999999000000000e+09
1.254992536597390199e+03 9.969028272330662244e-01 4.989316925728471026e-03 -9.999999999000000000e+09
1.255003002108638839e+03 1.001827229794075791e+00 4.989340550697989908e-03 -9.999999999000000000e+09
1.255013467707160544e+03 9.906891871676903882e-01 4.989364077123461735e-03 -9.999999999000000000e+09
1.255023933392955996e+03 1.001120619571054915e+00 4.989387505618834637e-03 -9.999999999000000000e+09
1.255034399166025878e+03 1.000828906171210342e+00 4.989410836792968797e-03 -9.999999999000000000e+09
1.255044865026370871e+03 9.986719415435344471e-01 4.989434071249684161e-03 -9.999999999000000000e+09
1.255055330973992113e+03 9.971051121711751453e-01 4.989457209587809007e-03 -9.999999999000000000e+09
1.255065797008889376e+03 1.002801267868293600e+00 4.989480252401237194e-03 -9.999999999000000000e+09
1.255076263131064024e+03 1.003793057027222213e+00 4.989503200278974128e-03 -9.999999999000000000e+09
1.255086729340517195e+03 9.904894084803564924e-01 4.989526053805187940e-03 -9.999999999000000000e+09
1.255097195637248888e+03 9.944832303764051806e-01 4.989548813559263260e-03 -9.999999999000000000e+09
1.255107662021260012e+03 1.002251685539039983e+00 4.989571480115846322e-03 -9.999999999000000000e+09
1.255118128492551705e+03 9.911127765442306892e-01 4.989594054044888330e-03 -9.999999999000000000e+09
1.255128595051123966e+03 9.972935937747837709e-01 4.989616535911705307e-03 -9.999999999000000000e+09
1.255139061696978160e+03 9.952474494370229241e-01 4.989638926277011922e-03 -9.999999999000000000e+09
1.255149528430114742e+03 1.000796505854092411e+00 4.989661225696981339e-03 -9.999999999000000000e+09
1.255159995250534394e+03 9.996967103321818815e-01 4.989683434723276440e-03 -9.999999999000000000e+09
1.255170462158238024e+03 9.951895561210130081e-01 4.989705553903107070e-03 -9.999999999000000000e+09
1.255180929153226316e+03 1.001208044167933187e+00 4.989727583779271676e-03 -9.999999999000000000e+09
1.255191396235499951e+03 1.003682756394087772e+00 4.989749524890198934e-03 -9.999999999000000000e+09
1.255201863405059612e+03 9.975420794907798872e-01 4.989771377769991988e-03 -9.999999999000000000e+09
1.255212330661905980e+03 9.925472342994277053e-01 4.989793142948475285e-03 -9.999999999000000000e+09
1.255222798006039966e+03 9.918641486530919149e-01 4.989814820951234478e-03 -9.999999999000000000e+09
1.255233265437462251e+03 9.926868677951691256e-01 4.989836412299655452e-03 -9.999999999000000000e+09
1.255243732956173517e+03 9.978314526549604269e-01 4.989857917510978971e-03 -9.999999999000000000e+09
1.255254200562174447e+03 9.949410473273417876e-01 4.989879337098320627e-03 -9.999999999000000000e+09
1.255264668255465722e+03 9.998108127721585525e-01 4.989900671570732422e-03 -9.999999999000000000e+09
1.255275136036048480e+03 9.921582165308494572e-01 4.989921921433230524e-03 -9.999999999000000000e+09
1.255285603903922492e+03 9.925665143688886527e-01 4.989943087186837767e-03 -9.999999999000000000e+09
1.255296071859089807e+03 9.967258323870002990e-01 4.989964169328627019e-03 -9.999999999000000000e+09
1.255306539901549968e+03 1.005799238781606375e+00 4.989985168351754145e-03 -9.999999999000000000e+09
1.255317008031304795e+03 9.968352583333097705e-01 4.990006084745500503e-03 -9.999999999000000000e+09
1.255327476248353832e+03 9.966342157302809923e-01 4.990026918995306773e-03 -9.999999999000000000e+09
1.255337944552698900e+03 1.000667474060546569e+00 4.990047671582817194e-03 -9.999999999000000000e+09
1.255348412944339771e+03 9.936096432225515196e-01 4.990068342985908185e-03 -9.999999999000000000e+09
1.255358881423277808e+03 9.964810735403217823e-01 4.990088933678729112e-03 -9.999999999000000000e+09
1.255369349989513466e+03 1.000604358412512385e+00 4.990109444131744787e-03 -9.999999999000000000e+09
1.255379818643047884e+03 9.923831071394607628e-01 4.990129874811759757e-03 -9.999999999000000000e+09
1.255390287383881287e+03 9.905419971842094329e-01 4.990150226181957333e-03 -9.999999999000000000e+09
1.255400756212014585e+03 1.007957868899875153e+00 4.990170498701938621e-03 -9.999999999000000000e+09
1.255411225127448461e+03 1.004518539185328851e+00 4.990190692827755486e-03 -9.999999999000000000e+09
1.255421694130183823e+03 1.005918577603632569e+00 4.990210809011940037e-03 -9.999999999000000000e+09
1.255432163220221128e+03 1.000957922105554010e+00 4.990230847703546260e-03 -9.999999999000000000e+09
1.255442632397561511e+03 1.001977075918600857e+00 4.990250809348175179e-03 -9.999999999000000000e+09
1.255453101662204972e+03 9.924144295406852612e-01 4.990270694388012143e-03 -9.999999999000000000e+09
1.255463571014153104e+03 9.897727191953122894e-01 4.990290503261861528e-03 -9.999999999000000000e+09
1.255474040453406133e+03 1.006071384173033323e+00 4.990310236405172753e-03 -9.999999999000000000e+09
1.255484509979964741e+03 9.961083957357170782e-01 4.990329894250079314e-03 -9.999999999000000000e+09
1.255494979593830067e+03 9.967231393453489519e-01 4.990349477225423935e-03 -9.999999999000000000e+09
1.255505449295002336e+03 9.954290864116652759e-01 4.990368985756791533e-03 -9.999999999000000000e+09
1.255515919083482686e+03 1.002425051143364998e+00 4.990388420266545638e-03 -9.999999999000000000e+09
1.255526388959271571e+03 9.983078492993691100e-01 4.990407781173845751e-03 -9.999999999000000000e+09
1.255536858922369674e+03 9.962948633505412932e-01 4.990427068894693306e-03 -9.999999999000000000e+09
1.255547328972778132e+03 9.946256388706667950e-01 4.990446283841950756e-03 -9.999999999000000000e+09
1.255557799110497399e+03 1.000518995932876187e+00 4.990465426425371061e-03 -9.999999999000000000e+09
1.255568269335527930e+03 9.991321131418345880e-01 4.990484497051634119e-03 -9.999999999000000000e+09
1.255578739647871316e+03 1.000134801833534759e+00 4.990503496124369318e-03 -9.999999999000000000e+09
1.255589210047527104e+03 1.001497660279622393e+00 4.990522424044183288e-03 -9.999999999000000000e+09
1.255599680534496883e+03 9.973614511649020464e-01 4.990541281208691997e-03 -9.999999999000000000e+09
1.255610151108781110e+03 9.955785629483552279e-01 4.990560068012547638e-03 -9.999999999000000000e+09
1.255620621770380467e+03 1.002570337382296062e+00 4.990578784847462049e-03 -9.999999999000000000e+09
1.255631092519295862e+03 1.001417206690544237e+00 4.990597432102244005e-03 -9.999999999000000000e+09
1.255641563355527978e+03 1.001455302425176219e+00 4.990616010162807897e-03 -9.999999999000000000e+09
1.255652034279077270e+03 1.000542403589179230e+00 4.990634519412219701e-03 -9.999999999000000000e+09
1.255662505289944875e+03 1.003948885458459284e+00 4.990652960230713454e-03 -9.999999999000000000e+09
1.255672976388131019e+03 9.969538476146584394e-01 4.990671332995719016e-03 -9.999999999000000000e+09
1.255683447573636613e+03 9.995299443395049277e-01 4.990689638081885482e-03 -9.999999999000000000e+09
1.255693918846463021e+03 9.898014916612463132e-01 4.990707875861108943e-03 -9.999999999000000000e+09
1.255704390206610015e+03 9.973846387477214304e-01 4.990726046702556769e-03 -9.999999999000000000e+09
1.255714861654078959e+03 9.946557605469362739e-01 4.990744150972697100e-03 -9.999999999000000000e+09
1.255725333188870309e+03 1.000043295886858585e+00 4.990762189035314461e-03 -9.999999999000000000e+09
1.255735804810984746e+03 9.979369889792196746e-01 4.990780161251538380e-03 -9.999999999000000000e+09
1.255746276520423635e+03 9.928819791790075566e-01 4.990798067979872882e-03 -9.999999999000000000e+09
1.255756748317186748e+03 9.956527944495384697e-01 4.990815909576209498e-03 -9.999999999000000000e+09
1.255767220201275222e+03 9.959858343734349084e-01 4.990833686393860227e-03 -9.999999999000000000e+09
1.255777692172689967e+03 9.867818902869920361e-01 4.990851398783574880e-03 -9.999999999000000000e+09
1.255788164231431438e+03 9.915554542129484394e-01 4.990869047093567969e-03 -9.999999999000000000e+09
1.255798636377500316e+03 9.914374486062231817e-01 4.990886631669538658e-03 -9.999999999000000000e+09
1.255809108610897738e+03 1.004716966882547968e+00 4.990904152854694180e-03 -9.999999999000000000e+09
1.255819580931624159e+03 1.009736788787964246e+00 4.990921610989773258e-03 -9.999999999000000000e+09
1.255830053339680489e+03 9.967852439274034193e-01 4.990939006413066051e-03 -9.999999999000000000e+09
1.255840525835066956e+03 9.976798969318438903e-01 4.990956339460436708e-03 -9.999999999000000000e+09
1.255850998417784922e+03 9.982254569767100572e-01 4.990973610465345919e-03 -9.999999999000000000e+09
1.255861471087834616e+03 1.001545432650163159e+00 4.990990819758871731e-03 -9.999999999000000000e+09
1.255871943845216947e+03 9.960398909168423076e-01 4.991007967669729498e-03 -9.999999999000000000e+09
1.255882416689933052e+03 9.918788643947752393e-01 4.991025054524293562e-03 -9.999999999000000000e+09
1.255892889621982931e+03 1.000496686732765372e+00 4.991042080646618945e-03 -9.999999999000000000e+09
1.255903362641367721e+03 9.953495201729802844e-01 4.991059046358460420e-03 -9.999999999000000000e+09
1.255913835748088104e+03 9.942517553948662101e-01 4.991075951979292470e-03 -9.999999999000000000e+09
1.255924308942144762e+03 9.893959614391510948e-01 4.991092797826330099e-03 -9.999999999000000000e+09
1.255934782223538605e+03 1.003400500252509042e+00 4.991109584214548783e-03 -9.999999999000000000e+09
1.255945255592270087e+03 1.003581095633134579e+00 4.991126311456702686e-03 -9.999999999000000000e+09
1.255955729048340118e+03 9.930811139416444444e-01 4.991142979863347207e-03 -9.999999999000000000e+09
1.255966202591749152e+03 9.998397179217616282e-01 4.991159589742851996e-03 -9.999999999000000000e+09
1.255976676222498554e+03 9.976190651503693552e-01 4.991176141401426104e-03 -9.999999999000000000e+09
1.255987149940588324e+03 9.991614060380090701e-01 4.991192635143135332e-03 -9.999999999000000000e+09
1.255997623746019599e+03 9.953416458767953001e-01 4.991209071269919577e-03 -9.999999999000000000e+09
1.256008097638793060e+03 1.004251460405983565e+00 4.991225450081605841e-03 -9.999999999000000000e+09
1.256018571618909391e+03 1.005690452191049022e+00 4.991241771875942063e-03 -9.999999999000000000e+09
1.256029045686369273e+03 9.945156941524561089e-01 4.991258036948595378e-03 -9.999999999000000000e+09
1.256039519841173387e+03 9.950037507441968909e-01 4.991274245593184215e-03 -9.999999999000000000e+09
1.256049994083322417e+03 9.991974443935921490e-01 4.991290398101293040e-03 -9.999999999000000000e+09
1.256060468412817727e+03 9.928211168190357316e-01 4.991306494762483628e-03 -9.999999999000000000e+09
1.256070942829659089e+03 1.006916431926051958e+00 4.991322535864315887e-03 -9.999999999000000000e+09
1.256081417333847867e+03 9.949959018980735204e-01 4.991338521692372139e-03 -9.999999999000000000e+09
1.256091891925384743e+03 1.010529654833546731e+00 4.991354452530259722e-03 -9.999999999000000000e+09
1.256102366604269946e+03 9.950952058541212564e-01 4.991370328659639616e-03 -9.999999999000000000e+09
1.256112841370504611e+03 9.968268686473221729e-01 4.991386150360240317e-03 -9.999999999000000000e+09
1.256123316224089876e+03 9.989147647623638493e-01 4.991401917909867383e-03 -9.999999999000000000e+09
1.256133791165025514e+03 9.990189970972928046e-01 4.991417631584428583e-03 -9.999999999000000000e+09
1.256144266193313115e+03 9.888173428761212191e-01 4.991433291657945172e-03 -9.999999999000000000e+09
1.256154741308952907e+03 1.000102009592350960e+00 4.991448898402568377e-03 -9.999999999000000000e+09
1.256165216511945800e+03 9.976633211552448088e-01 4.991464452088596737e-03 -9.999999999000000000e+09
1.256175691802292249e+03 9.919540035855219928e-01 4.991479952984488253e-03 -9.999999999000000000e+09
1.256186167179993390e+03 9.934791100474296144e-01 4.991495401356880329e-03 -9.999999999000000000e+09
1.256196642645049906e+03 1.006006359712176224e+00 4.991510797470599323e-03 -9.999999999000000000e+09
1.256207118197462478e+03 9.938588899605449445e-01 4.991526141588679619e-03 -9.999999999000000000e+09
1.256217593837231334e+03 9.933915209140167235e-01 4.991541433972381848e-03 -9.999999999000000000e+09
1.256228069564358066e+03 9.934391283477992385e-01 4.991556674881195491e-03 -9.999999999000000000e+09
1.256238545378842673e+03 9.915660001329317241e-01 4.991571864572867494e-03 -9.999999999000000000e+09
1.256249021280686293e+03 1.003290440240970360e+00 4.991587003303410083e-03 -9.999999999000000000e+09
1.256259497269889380e+03 9.931962401769295345e-01 4.991602091327112037e-03 -9.999999999000000000e+09
1.256269973346453071e+03 1.000808986677515611e+00 4.991617128896562103e-03 -9.999999999000000000e+09
1.256280449510377366e+03 9.893435725676691384e-01 4.991632116262649001e-03 -9.999999999000000000e+09
1.256290925761663857e+03 1.002741964977079681e+00 4.991647053674590911e-03 -9.999999999000000000e+09
1.256301402100312771e+03 9.895261059167569373e-01 4.991661941379937212e-03 -9.999999999000000000e+09
1.256311878526325017e+03 9.897909916082818782e-01 4.991676779624591893e-03 -9.999999999000000000e+09
1.256322355039701279e+03 9.982599185295625288e-01 4.991691568652816165e-03 -9.999999999000000000e+09
1.256332831640442009e+03 9.987499470195376761e-01 4.991706308707248400e-03 -9.999999999000000000e+09
1.256343308328548574e+03 9.999212108590258552e-01 4.991721000028920621e-03 -9.999999999000000000e+09
1.256353785104020972e+03 1.003282267911389525e+00 4.991735642857260229e-03 -9.999999999000000000e+09
1.256364261966860568e+03 9.988370660092757980e-01 4.991750237430115159e-03 -9.999999999000000000e+09
1.256374738917067589e+03 9.992876706227952210e-01 4.991764783983761687e-03 -9.999999999000000000e+09
1.256385215954642945e+03 9.941530001693577034e-01 4.991779282752912238e-03 -9.999999999000000000e+09
1.256395693079587545e+03 1.008837367391883344e+00 4.991793733970735329e-03 -9.999999999000000000e+09
1.256406170291901844e+03 9.997071166228862493e-01 4.991808137868864251e-03 -9.999999999000000000e+09
1.256416647591586752e+03 1.002721732082582085e+00 4.991822494677412674e-03 -9.999999999000000000e+09
1.256427124978642951e+03 1.000351449612020938e+00 4.991836804624978120e-03 -9.999999999000000000e+09
1.256437602453071122e+03 9.998464915926581487e-01 4.991851067938666252e-03 -9.999999999000000000e+09
1.256448080014871948e+03 9.909653258660493513e-01 4.991865284844095203e-03 -9.999999999000000000e+09
1.256458557664046339e+03 1.002302939756299471e+00 4.991879455565405993e-03 -9.999999999000000000e+09
1.256469035400594748e+03 1.003450520102002974e+00 4.991893580325277267e-03 -9.999999999000000000e+09
1.256479513224518314e+03 9.861630446464375588e-01 4.991907659344941781e-03 -9.999999999000000000e+09
1.256489991135817490e+03 9.903336041528058020e-01 4.991921692844187262e-03 -9.999999999000000000e+09
1.256500469134492732e+03 9.970536042731900084e-01 4.991935681041372898e-03 -9.999999999000000000e+09
1.256510947220545404e+03 1.000105448230190097e+00 4.991949624153443205e-03 -9.999999999000000000e+09
1.256521425393975733e+03 1.006917440007349285e+00 4.991963522395934105e-03 -9.999999999000000000e+09
1.256531903654784855e+03 9.919041966126901366e-01 4.991977375982989407e-03 -9.999999999000000000e+09
1.256542382002973000e+03 1.003317146294446349e+00 4.991991185127366004e-03 -9.999999999000000000e+09
1.256552860438541529e+03 1.008575162760468213e+00 4.992004950040448627e-03 -9.999999999000000000e+09
1.256563338961490217e+03 1.008507642806257820e+00 4.992018670932259379e-03 -9.999999999000000000e+09
1.256573817571820882e+03 1.002314029174095511e+00 4.992032348011464678e-03 -9.999999999000000000e+09
1.256584296269533752e+03 1.002569972861167669e+00 4.992045981485395204e-03 -9.999999999000000000e+09
1.256594775054629054e+03 1.003891136530949080e+00 4.992059571560044165e-03 -9.999999999000000000e+09
1.256605253927108606e+03 9.979414671024211536e-01 4.992073118440083779e-03 -9.999999999000000000e+09
1.256615732886972410e+03 1.003339306375050644e+00 4.992086622328880015e-03 -9.999999999000000000e+09
1.256626211934221146e+03 9.986054798405842314e-01 4.992100083428491729e-03 -9.999999999000000000e+09
1.256636691068855725e+03 9.910048747087892851e-01 4.992113501939689744e-03 -9.999999999000000000e+09
1.256647170290876829e+03 9.930509782948677699e-01 4.992126878061964659e-03 -9.999999999000000000e+09
1.256657649600285367e+03 9.984198719517302090e-01 4.992140211993531182e-03 -9.999999999000000000e+09
1.256668128997082022e+03 9.977373969526482922e-01 4.992153503931343744e-03 -9.999999999000000000e+09
1.256678608481267474e+03 9.997714214579024317e-01 4.992166754071103441e-03 -9.999999999000000000e+09
1.256689088052842180e+03 1.002426931853170000e+00 4.992179962607271038e-03 -9.999999999000000000e+09
1.256699567711807276e+03 9.926818879079211122e-01 4.992193129733072179e-03 -9.999999999000000000e+09
1.256710047458163217e+03 1.002824932619126086e+00 4.992206255640503458e-03 -9.999999999000000000e+09
1.256720527291911139e+03 9.984755196475230132e-01 4.992219340520352364e-03 -9.999999999000000000e+09
1.256731007213051043e+03 9.993869763790791394e-01 4.992232384562196416e-03 -9.999999999000000000e+09
1.256741487221584293e+03 1.000474248965251833e+00 4.992245387954414443e-03 -9.999999999000000000e+09
1.256751967317511571e+03 9.973568958422689423e-01 4.992258350884201321e-03 -9.999999999000000000e+09
1.256762447500833105e+03 9.932352021868176006e-01 4.992271273537567979e-03 -9.999999999000000000e+09
1.256772927771550030e+03 1.006557786878928384e+00 4.992284156099354407e-03 -9.999999999000000000e+09
1.256783408129663030e+03 1.003502319753192262e+00 4.992296998753241802e-03 -9.999999999000000000e+09
1.256793888575172787e+03 1.000014116946241094e+00 4.992309801681751695e-03 -9.999999999000000000e+09
1.256804369108080209e+03 9.999418233113835930e-01 4.992322565066264171e-03 -9.999999999000000000e+09
1.256814849728385980e+03 9.935933398211714840e-01 4.992335289087020470e-03 -9.999999999000000000e+09
1.256825330436090553e+03 1.004689224352870225e+00 4.992347973923134258e-03 -9.999999999000000000e+09
1.256835811231194839e+03 1.001561426257484788e+00 4.992360619752595104e-03 -9.999999999000000000e+09
1.256846292113699519e+03 9.967956771810951855e-01 4.992373226752284954e-03 -9.999999999000000000e+09
1.256856773083605049e+03 9.903205860300468011e-01 4.992385795097974664e-03 -9.999999999000000000e+09
1.256867254140912792e+03 9.949670603453789619e-01 4.992398324964343950e-03 -9.999999999000000000e+09
1.256877735285622975e+03 9.879939722407840019e-01 4.992410816524979651e-03 -9.999999999000000000e+09
1.256888216517736737e+03 1.001257307230313032e+00 4.992423269952389608e-03 -9.999999999000000000e+09
1.256898697837254531e+03 1.005190900352946448e+00 4.992435685418007869e-03 -9.999999999000000000e+09
1.256909179244177039e+03 9.967490630854131117e-01 4.992448063092199025e-03 -9.999999999000000000e+09
1.256919660738504945e+03 9.972811888709658401e-01 4.992460403144278157e-03 -9.999999999000000000e+09
1.256930142320239156e+03 1.000132836637352307e+00 4.992472705742496096e-03 -9.999999999000000000e+09
1.256940623989380356e+03 1.001228160661374433e+00 4.992484971054070644e-03 -9.999999999000000000e+09
1.256951105745929453e+03 9.889355931489967055e-01 4.992497199245177902e-03 -9.999999999000000000e+09
1.256961587589887131e+03 1.004135151238403578e+00 4.992509390480971351e-03 -9.999999999000000000e+09
1.256972069521253616e+03 9.985910438548667445e-01 4.992521544925571444e-03 -9.999999999000000000e+09
1.256982551540030045e+03 9.854480811361771009e-01 4.992533662742093363e-03 -9.999999999000000000e+09
1.256993033646217100e+03 9.940908021303258568e-01 4.992545744092638342e-03 -9.999999999000000000e+09
1.257003515839815691e+03 9.950784823795718603e-01 4.992557789138311886e-03 -9.999999999000000000e+09
1.257013998120826045e+03 1.002685073592136433e+00 4.992569798039218562e-03 -9.999999999000000000e+09
1.257024480489249754e+03 1.007718133497864876e+00 4.992581770954480219e-03 -9.999999999000000000e+09
1.257034962945086363e+03 9.939923018856036130e-01 4.992593708042234249e-03 -9.999999999000000000e+09
1.257045445488337464e+03 1.003053876311353676e+00 4.992605609459649200e-03 -9.999999999000000000e+09
1.257055928119003738e+03 9.939212199878186826e-01 4.992617475362919575e-03 -9.999999999000000000e+09
1.257066410837085868e+03 1.007107062489027038e+00 4.992629305907280574e-03 -9.999999999000000000e+09
1.257076893642584082e+03 9.986372400393029869e-01 4.992641101247014164e-03 -9.999999999000000000e+09
1.257087376535499743e+03 9.992995568152999164e-01 4.992652861535452555e-03 -9.999999999000000000e+09
1.257097859515833306e+03 1.000259772028660787e+00 4.992664586924982530e-03 -9.999999999000000000e+09
1.257108342583585227e+03 9.965121248293360434e-01 4.992676277567061061e-03 -9.999999999000000000e+09
1.257118825738756868e+03 1.002948290207620996e+00 4.992687933612208369e-03 -9.999999999000000000e+09
1.257129308981348458e+03 1.005478778384633953e+00 4.992699555210024405e-03 -9.999999999000000000e+09
1.257139792311360907e+03 9.997534634470839343e-01 4.992711142509187981e-03 -9.999999999000000000e+09
1.257150275728794895e+03 9.966583180186200375e-01 4.992722695657468915e-03 -9.999999999000000000e+09
1.257160759233651106e+03 1.000473054409143581e+00 4.992734214801728028e-03 -9.999999999000000000e+09
1.257171242825930449e+03 9.964436922439515731e-01 4.992745700087923219e-03 -9.999999999000000000e+09
1.257181726505633605e+03 1.003616668166566583e+00 4.992757151661122474e-03 -9.999999999000000000e+09
1.257192210272761258e+03 9.975945408536300851e-01 4.992768569665501262e-03 -9.999999999000000000e+09
1.257202694127314089e+03 9.981652802855345286e-01 4.992779954244348610e-03 -9.999999999000000000e+09
1.257213178069292780e+03 9.964248354556756171e-01 4.992791305540080979e-03 -9.999999999000000000e+09
1.257223662098698014e+03 1.006340934533180631e+00 4.992802623694235324e-03 -9.999999999000000000e+09
1.257234146215530700e+03 1.004926157431869749e+00 4.992813908847482107e-03 -9.999999999000000000e+09
1.257244630419791520e+03 1.001805967206343295e+00 4.992825161139631367e-03 -9.999999999000000000e+09
1.257255114711481383e+03 9.968309612704334688e-01 4.992836380709637055e-03 -9.999999999000000000e+09
1.257265599090600745e+03 1.000061973870777443e+00 4.992847567695593569e-03 -9.999999999000000000e+09
1.257276083557150287e+03 9.946244405424946589e-01 4.992858722234753098e-03 -9.999999999000000000e+09
1.257286568111130919e+03 9.947207509082723886e-01 4.992869844463527357e-03 -9.999999999000000000e+09
1.257297052752543550e+03 9.884559045417539158e-01 4.992880934517484985e-03 -9.999999999000000000e+09
1.257307537481388181e+03 9.997059605979522479e-01 4.992891992531366292e-03 -9.999999999000000000e+09
1.257318022297666630e+03 1.003888072858877711e+00 4.992903018639080655e-03 -9.999999999000000000e+09
1.257328507201378443e+03 9.968562990966296500e-01 4.992914012973716925e-03 -9.999999999000000000e+09
1.257338992192525438e+03 1.002753113254019057e+00 4.992924975667540829e-03 -9.999999999000000000e+09
1.257349477271107389e+03 9.898853998986429925e-01 4.992935906852009713e-03 -9.999999999000000000e+09
1.257359962437125887e+03 1.002426250053037871e+00 4.992946806657767335e-03 -9.999999999000000000e+09
1.257370447690581159e+03 9.949312759706309128e-01 4.992957675214654278e-03 -9.999999999000000000e+09
1.257380933031473887e+03 9.972662290150307030e-01 4.992968512651707949e-03 -9.999999999000000000e+09
1.257391418459804981e+03 9.967663594207392119e-01 4.992979319097172117e-03 -9.999999999000000000e+09
1.257401903975575351e+03 1.000687137961300488e+00 4.992990094678496915e-03 -9.999999999000000000e+09
1.257412389578785223e+03 9.966363573126231223e-01 4.993000839522341444e-03 -9.999999999000000000e+09
1.257422875269435735e+03 9.942052525980658029e-01 4.993011553754585045e-03 -9.999999999000000000e+09
1.257433361047527796e+03 9.968978557556658071e-01 4.993022237500323833e-03 -9.999999999000000000e+09
1.257443846913061407e+03 9.990483579868904007e-01 4.993032890883878500e-03 -9.999999999000000000e+09
1.257454332866037930e+03 9.984468917087233608e-01 4.993043514028798653e-03 -9.999999999000000000e+09
1.257464818906457822e+03 9.957196046369181097e-01 4.993054107057860215e-03 -9.999999999000000000e+09
1.257475305034321764e+03 9.999228908959753026e-01 4.993064670093080165e-03 -9.999999999000000000e+09
1.257485791249630665e+03 9.978533034632487420e-01 4.993075203255713072e-03 -9.999999999000000000e+09
1.257496277552385436e+03 9.990521042677777963e-01 4.993085706666249360e-03 -9.999999999000000000e+09
1.257506763942586304e+03 1.007952010529903353e+00 4.993096180444432652e-03 -9.999999999000000000e+09
1.257517250420234177e+03 9.879416572513238792e-01 4.993106624709251103e-03 -9.999999999000000000e+09
1.257527736985330193e+03 9.973558430439400935e-01 4.993117039578947799e-03 -9.999999999000000000e+09
1.257538223637874580e+03 1.000938657371276630e+00 4.993127425171019901e-03 -9.999999999000000000e+09
1.257548710377868247e+03 9.940789882051795923e-01 4.993137781602222103e-03 -9.999999999000000000e+09
1.257559197205311875e+03 9.965537366044886491e-01 4.993148108988573579e-03 -9.999999999000000000e+09
1.257569684120206148e+03 9.960324966717422068e-01 4.993158407445356245e-03 -9.999999999000000000e+09
1.257580171122551974e+03 9.912357198956833759e-01 4.993168677087120831e-03 -9.999999999000000000e+09
1.257590658212350036e+03 9.943684951786802007e-01 4.993178918027687749e-03 -9.999999999000000000e+09
1.257601145389600788e+03 9.928520984430677654e-01 4.993189130380148825e-03 -9.999999999000000000e+09
1.257611632654305367e+03 9.884955262446581958e-01 4.993199314256878581e-03 -9.999999999000000000e+09
1.257622120006464456e+03 1.002527283489961230e+00 4.993209469769523817e-03 -9.999999999000000000e+09
1.257632607446078282e+03 1.002863232094001633e+00 4.993219597029011428e-03 -9.999999999000000000e+09
1.257643094973148209e+03 1.004347462922459577e+00 4.993229696145557069e-03 -9.999999999000000000e+09
1.257653582587674691e+03 9.956686509811893959e-01 4.993239767228659955e-03 -9.999999999000000000e+09
1.257664070289658639e+03 9.978779557701995540e-01 4.993249810387106330e-03 -9.999999999000000000e+09
1.257674558079100279e+03 9.963043192953654481e-01 4.993259825728973804e-03 -9.999999999000000000e+09
1.257685045956000749e+03 9.962097635367275217e-01 4.993269813361632219e-03 -9.999999999000000000e+09
1.257695533920360504e+03 1.003799152749538459e+00 4.993279773391745384e-03 -9.999999999000000000e+09
1.257706021972180906e+03 9.919501377550961063e-01 4.993289705925269342e-03 -9.999999999000000000e+09
1.257716510111461730e+03 9.929695199744478229e-01 4.993299611067467114e-03 -9.999999999000000000e+09
1.257726998338204794e+03 9.927674494970846197e-01 4.993309488922894820e-03 -9.999999999000000000e+09
1.257737486652409871e+03 1.006781767607695999e+00 4.993319339595409488e-03 -9.999999999000000000e+09
1.257747975054078097e+03 1.001614572414973869e+00 4.993329163188173388e-03 -9.999999999000000000e+09
1.257758463543210382e+03 9.970231688976129991e-01 4.993338959803652298e-03 -9.999999999000000000e+09
1.257768952119807182e+03 1.001588379986505739e+00 4.993348729543613772e-03 -9.999999999000000000e+09
1.257779440783869177e+03 9.995184030748124338e-01 4.993358472509136677e-03 -9.999999999000000000e+09
1.257789929535397278e+03 1.002576435559976886e+00 4.993368188800606858e-03 -9.999999999000000000e+09
1.257800418374392166e+03 9.986245007712686306e-01 4.993377878517714537e-03 -9.999999999000000000e+09
1.257810907300854524e+03 9.966923130932043851e-01 4.993387541759462117e-03 -9.999999999000000000e+09
1.257821396314785261e+03 1.002322975489196910e+00 4.993397178624162450e-03 -9.999999999000000000e+09
1.257831885416184605e+03 1.002286446910116036e+00 4.993406789209438833e-03 -9.999999999000000000e+09
1.257842374605054147e+03 9.915849342815823420e-01 4.993416373612223277e-03 -9.999999999000000000e+09
1.257852863881393887e+03 1.008247741325456470e+00 4.993425931928760844e-03 -9.999999999000000000e+09
1.257863353245204735e+03 1.004525592741863704e+00 4.993435464254607908e-03 -9.999999999000000000e+09
1.257873842696487145e+03 1.007982455397292254e+00 4.993444970684632160e-03 -9.999999999000000000e+09
1.257884332235242709e+03 1.001407620248983887e+00 4.993454451313014339e-03 -9.999999999000000000e+09
1.257894821861471428e+03 1.005041886399029583e+00 4.993463906233245632e-03 -9.999999999000000000e+09
1.257905311575173982e+03 9.955346179909821958e-01 4.993473335538127673e-03 -9.999999999000000000e+09
1.257915801376351283e+03 9.779316818094405672e-01 4.993482739319770811e-03 -9.999999999000000000e+09
1.257926291265004693e+03 9.956912782488653857e-01 4.993492117669601910e-03 -9.999999999000000000e+09
1.257936781241133758e+03 1.002380537005062022e+00 4.993501470678349610e-03 -9.999999999000000000e+09
1.257947271304740070e+03 9.981944496457966221e-01 4.993510798436054735e-03 -9.999999999000000000e+09
1.257957761455824084e+03 1.000632462326786154e+00 4.993520101032064215e-03 -9.999999999000000000e+09
1.257968251694386481e+03 9.885639366712664078e-01 4.993529378555032830e-03 -9.999999999000000000e+09
1.257978742020428399e+03 1.006144517779794967e+00 4.993538631092914529e-03 -9.999999999000000000e+09
1.257989232433949837e+03 9.957948156694534925e-01 4.993547858732971974e-03 -9.999999999000000000e+09
1.257999722934951933e+03 9.963419046984897109e-01 4.993557061561766999e-03 -9.999999999000000000e+09
1.258010213523435368e+03 1.000097037028470304e+00 4.993566239665157142e-03 -9.999999999000000000e+09
1.258020704199401052e+03 1.007388919667604910e+00 4.993575393128301711e-03 -9.999999999000000000e+09
1.258031194962849440e+03 9.961661267836224853e-01 4.993584522035651382e-03 -9.999999999000000000e+09
1.258041685813781442e+03 9.949485894382877893e-01 4.993593626470950800e-03 -9.999999999000000000e+09
1.258052176752197738e+03 9.971456559446143508e-01 4.993602706517232502e-03 -9.999999999000000000e+09
1.258062667778099012e+03 9.963404335683493374e-01 4.993611762256816057e-03 -9.999999999000000000e+09
1.258073158891485946e+03 1.005101415781240126e+00 4.993620793771301990e-03 -9.999999999000000000e+09
1.258083650092359449e+03 9.903992222700307435e-01 4.993629801141572649e-03 -9.999999999000000000e+09
1.258094141380719975e+03 9.966105871551365070e-01 4.993638784447786139e-03 -9.999999999000000000e+09
1.258104632756568662e+03 9.951184823938075130e-01 4.993647743769368506e-03 -9.999999999000000000e+09
1.258115124219905965e+03 9.962055297244968299e-01 4.993656679185021555e-03 -9.999999999000000000e+09
1.258125615770732566e+03 9.966769123413896647e-01 4.993665590772702889e-03 -9.999999999000000000e+09
1.258136107409049373e+03 1.000374630521605246e+00 4.993674478609631991e-03 -9.999999999000000000e+09
1.258146599134857070e+03 9.905612282205447094e-01 4.993683342772280674e-03 -9.999999999000000000e+09
1.258157090948156338e+03 9.975960198425212200e-01 4.993692183336369619e-03 -9.999999999000000000e+09
1.258167582848947859e+03 9.980028408269711049e-01 4.993701000376863167e-03 -9.999999999000000000e+09
1.258178074837232316e+03 1.000772467075981664e+00 4.993709793967961511e-03 -9.999999999000000000e+09
1.258188566913010618e+03 1.006631822842535717e+00 4.993718564183094628e-03 -9.999999999000000000e+09
1.258199059076283220e+03 9.986270453213245135e-01 4.993727311094920546e-03 -9.999999999000000000e+09
1.258209551327051258e+03 9.966718688604420118e-01 4.993736034775307989e-03 -9.999999999000000000e+09
1.258220043665315188e+03 1.007389467564601127e+00 4.993744735295339854e-03 -9.999999999000000000e+09
1.258230536091075919e+03 9.951746935372766112e-01 4.993753412725301065e-03 -9.999999999000000000e+09
1.258241028604333906e+03 1.006074263436086635e+00 4.993762067134669032e-03 -9.999999999000000000e+09
1.258251521205090057e+03 9.963025454755369825e-01 4.993770698592111049e-03 -9.999999999000000000e+09
1.258262013893345284e+03 9.930227250758708601e-01 4.993779307165467814e-03 -9.999999999000000000e+09
1.258272506669100039e+03 1.004685136634936304e+00 4.993787892921745623e-03 -9.999999999000000000e+09
1.258282999532355007e+03 9.973529670637502065e-01 4.993796455927115505e-03 -9.999999999000000000e+09
1.258293492483111095e+03 9.967188570848718454e-01 4.993804996246893266e-03 -9.999999999000000000e+09
1.258303985521368759e+03 9.964617590942518310e-01 4.993813513945528221e-03 -9.999999999000000000e+09
1.258314478647129363e+03 9.905744255758416328e-01 4.993822009086600587e-03 -9.999999999000000000e+09
1.258324971860392907e+03 1.006782059465578971e+00 4.993830481732805873e-03 -9.999999999000000000e+09
1.258335465161160300e+03 9.963599072828811520e-01 4.993838931945937532e-03 -9.999999999000000000e+09
1.258345958549432680e+03 1.009928716124506298e+00 4.993847359786880886e-03 -9.999999999000000000e+09
1.258356452025210501e+03 9.965333717303891392e-01 4.993855765315596655e-03 -9.999999999000000000e+09
1.258366945588494445e+03 1.000052402656541384e+00 4.993864148591108804e-03 -9.999999999000000000e+09
1.258377439239285195e+03 1.003326706247928302e+00 4.993872509671488068e-03 -9.999999999000000000e+09
1.258387932977583887e+03 9.963908092710275222e-01 4.993880848613836340e-03 -9.999999999000000000e+09
1.258398426803390521e+03 1.003038053031940269e+00 4.993889165474274527e-03 -9.999999999000000000e+09
1.258408920716706461e+03 9.995920309858876696e-01 4.993897460307919998e-03 -9.999999999000000000e+09
1.258419414717531936e+03 9.878436506168035702e-01 4.993905733168870972e-03 -9.999999999000000000e+09
1.258429908805868308e+03 1.000370658821387426e+00 4.993913984110196110e-03 -9.999999999000000000e+09
1.258440402981715806e+03 9.898395900671150827e-01 4.993922213183902420e-03 -9.999999999000000000e+09
1.258450897245075566e+03 9.937653793970774307e-01 4.993930420440922252e-03 -9.999999999000000000e+09
1.258461391595947816e+03 1.003340639033299730e+00 4.993938605931095946e-03 -9.999999999000000000e+09
1.258471886034333465e+03 9.976294987528571134e-01 4.993946769703143211e-03 -9.999999999000000000e+09
1.258482380560233651e+03 1.001418745963657653e+00 4.993954911804642308e-03 -9.999999999000000000e+09
1.258492875173648144e+03 9.904504136674534553e-01 4.993963032282008364e-03 -9.999999999000000000e+09
1.258503369874578766e+03 9.840259791472218964e-01 4.993971131180469092e-03 -9.999999999000000000e+09
1.258513864663025515e+03 1.002239404963140457e+00 4.993979208544032690e-03 -9.999999999000000000e+09
1.258524359538989756e+03 1.001373162933304028e+00 4.993987264415471368e-03 -9.999999999000000000e+09
1.258534854502471489e+03 1.002187935775976424e+00 4.993995298836281446e-03 -9.999999999000000000e+09
1.258545349553472079e+03 9.977575181874464016e-01 4.994003311846661672e-03 -9.999999999000000000e+09
1.258555844691991751e+03 1.000383211730201616e+00 4.994011303485477657e-03 -9.999999999000000000e+09
1.258566339918031645e+03 1.000791477376136385e+00 4.994019273790234123e-03 -9.999999999000000000e+09
1.258576835231591986e+03 1.003905469315208743e+00 4.994027222797036737e-03 -9.999999999000000000e+09
1.258587330632674139e+03 1.004250795970766941e+00 4.994035150540560887e-03 -9.999999999000000000e+09
1.258597826121278558e+03 9.974415037614337010e-01 4.994043057054010047e-03 -9.999999999000000000e+09
1.258608321697405700e+03 9.998272989150989165e-01 4.994050942369075881e-03 -9.999999999000000000e+09
1.258618817361056472e+03 9.958614393436885370e-01 4.994058806515909617e-03 -9.999999999000000000e+09
1.258629313112232012e+03 1.000614301740134104e+00 4.994066649523063936e-03 -9.999999999000000000e+09
1.258639808950932320e+03 9.976485823822274224e-01 4.994074471417456543e-03 -9.999999999000000000e+09
1.258650304877158760e+03 9.946630462493121216e-01 4.994082272224330266e-03 -9.999999999000000000e+09
1.258660800890911787e+03 9.938527213332434274e-01 4.994090051967188006e-03 -9.999999999000000000e+09
1.258671296992192083e+03 1.000026427021494690e+00 4.994097810667757174e-03 -9.999999999000000000e+09
1.258681793181000103e+03 1.001732529378492442e+00 4.994105548345925509e-03 -9.999999999000000000e+09
1.258692289457337438e+03 9.950135387137598597e-01 4.994113265019695103e-03 -9.999999999000000000e+09
1.258702785821204088e+03 9.939950632806444641e-01 4.994120960705118219e-03 -9.999999999000000000e+09
1.258713282272600964e+03 9.959862933699353826e-01 4.994128635416231372e-03 -9.999999999000000000e+09
1.258723778811528746e+03 9.974746132237189977e-01 4.994136289165002421e-03 -9.999999999000000000e+09
1.258734275437988572e+03 1.002949053027640813e+00 4.994143921961256838e-03 -9.999999999000000000e+09
1.258744772151980442e+03 9.983766788101122724e-01 4.994151533812603988e-03 -9.999999999000000000e+09
1.258755268953505492e+03 1.000522359000330042e+00 4.994159124724370340e-03 -9.999999999000000000e+09
1.258765765842564861e+03 1.002624229110454124e+00 4.994166694699512729e-03 -9.999999999000000000e+09
1.258776262819158774e+03 1.002982104620125936e+00 4.994174243738545502e-03 -9.999999999000000000e+09
1.258786759883287687e+03 9.990927967110803110e-01 4.994181771839452909e-03 -9.999999999000000000e+09
1.258797257034952963e+03 9.938597633846398827e-01 4.994189278997591963e-03 -9.999999999000000000e+09
1.258807754274154831e+03 1.002949877471037254e+00 4.994196765205606570e-03 -9.999999999000000000e+09
1.258818251600894428e+03 9.939915869384944314e-01 4.994204230453320840e-03 -9.999999999000000000e+09
1.258828749015172207e+03 9.922962425866481695e-01 4.994211674727643685e-03 -9.999999999000000000e+09
1.258839246516989306e+03 9.959013429342915558e-01 4.994219098012448246e-03 -9.999999999000000000e+09
1.258849744106345952e+03 9.962131330871848434e-01 4.994226500288461747e-03 -9.999999999000000000e+09
1.258860241783242827e+03 1.000744564366497391e+00 4.994233881533145791e-03 -9.999999999000000000e+09
1.258870739547681069e+03 9.989428765847651048e-01 4.994241241720560193e-03 -9.999999999000000000e+09
1.258881237399661586e+03 9.979070218218843991e-01 4.994248580821235468e-03 -9.999999999000000000e+09
1.258891735339184379e+03 9.940346248215565783e-01 4.994255898802030594e-03 -9.999999999000000000e+09
1.258902233366250584e+03 1.001134411815441716e+00 4.994263195625972540e-03 -9.999999999000000000e+09
1.258912731480860884e+03 9.968992493020026879e-01 4.994270471252110558e-03 -9.999999999000000000e+09
1.258923229683016416e+03 9.991564773025544133e-01 4.994277725635339234e-03 -9.999999999000000000e+09
1.258933727972717179e+03 9.994315949251307840e-01 4.994284958726230225e-03 -9.999999999000000000e+09
1.258944226349964310e+03 1.005496035304836111e+00 4.994292170470837969e-03 -9.999999999000000000e+09
1.258954724814758492e+03 9.961887212421504101e-01 4.994299360810507994e-03 -9.999999999000000000e+09
1.258965223367100634e+03 1.002741377004790380e+00 4.994306529681666156e-03 -9.999999999000000000e+09
1.258975722006990736e+03 9.897293031173411970e-01 4.994313677015595719e-03 -9.999999999000000000e+09
1.258986220734430617e+03 1.001436751290355920e+00 4.994320802738211849e-03 -9.999999999000000000e+09
1.258996719549420277e+03 9.967511096349457311e-01 4.994327906769806605e-03 -9.999999999000000000e+09
1.259007218451960625e+03 9.966327655576030509e-01 4.994334989024789596e-03 -9.999999999000000000e+09
1.259017717442052572e+03 9.953016077481451340e-01 4.994342049411412167e-03 -9.999999999000000000e+09
1.259028216519696343e+03 9.947210226716393100e-01 4.994349087831468151e-03 -9.999999999000000000e+09
1.259038715684893077e+03 9.973102540881515488e-01 4.994356104179988563e-03 -9.999999999000000000e+09
1.259049214937643683e+03 1.004500404574070194e+00 4.994363098344901594e-03 -9.999999999000000000e+09
1.259059714277948387e+03 1.001105808657047236e+00 4.994370070206683061e-03 -9.999999999000000000e+09
1.259070213705808328e+03 1.008428800196804698e+00 4.994377019637985179e-03 -9.999999999000000000e+09
1.259080713221223959e+03 9.960031032095939540e-01 4.994383946503225431e-03 -9.999999999000000000e+09
1.259091212824195964e+03 9.896626881670835818e-01 4.994390850658173703e-03 -9.999999999000000000e+09
1.259101712514725477e+03 9.994370070929133876e-01 4.994397731949488245e-03 -9.999999999000000000e+09
1.259112212292812956e+03 1.001218825813205315e+00 4.994404590214236890e-03 -9.999999999000000000e+09
1.259122712158459080e+03 9.957116650443041950e-01 4.994411425279380971e-03 -9.999999999000000000e+09
1.259133212111664761e+03 1.003823531646309108e+00 4.994418236961214140e-03 -9.999999999000000000e+09
1.259143712152430680e+03 1.000065020896404588e+00 4.994425025064782100e-03 -9.999999999000000000e+09
1.259154212280757292e+03 9.984075109937085024e-01 4.994431789383243364e-03 -9.999999999000000000e+09
1.259164712496645734e+03 9.874159010243133139e-01 4.994438529697190973e-03 -9.999999999000000000e+09
1.259175212800096233e+03 9.979408553021302808e-01 4.994445245773930855e-03 -9.999999999000000000e+09
1.259185713191110153e+03 1.002587013155888274e+00 4.994451937366694259e-03 -9.999999999000000000e+09
1.259196213669687950e+03 9.991296496890159640e-01 4.994458604213803353e-03 -9.999999999000000000e+09
1.259206714235830077e+03 1.007787180695768781e+00 4.994465246037764830e-03 -9.999999999000000000e+09
1.259217214889537900e+03 1.002048064982494324e+00 4.994471862544297598e-03 -9.999999999000000000e+09
1.259227715630811190e+03 9.934880374897696598e-01 4.994478453421286740e-03 -9.999999999000000000e+09
1.259238216459651539e+03 1.000310747020881852e+00 4.994485018337648137e-03 -9.999999999000000000e+09
1.259248717376059403e+03 9.993031100766792685e-01 4.994491556942099418e-03 -9.999999999000000000e+09
1.259259218380035463e+03 9.983780288530598179e-01 4.994498068861842437e-03 -9.999999999000000000e+09
1.259269719471580402e+03 1.005892386598608690e+00 4.994504553701115644e-03 -9.999999999000000000e+09
1.259280220650695128e+03 9.940726004279302197e-01 4.994511011039635441e-03 -9.999999999000000000e+09
1.259290721917380097e+03 9.933808162960439114e-01 4.994517440430895280e-03 -9.999999999000000000e+09
1.259301223271636445e+03 9.970304635123674597e-01 4.994523841400317320e-03 -9.999999999000000000e+09
1.259311724713464400e+03 9.929137653021876675e-01 4.994530213443227999e-03 -9.999999999000000000e+09
1.259322226242865327e+03 1.009277540543680685e+00 4.994536556022644534e-03 -9.999999999000000000e+09
1.259332727859839224e+03 1.004899315156493556e+00 4.994542868566861915e-03 -9.999999999000000000e+09
1.259343229564387229e+03 9.960507193580645513e-01 4.994549150466785770e-03 -9.999999999000000000e+09
1.259353731356510025e+03 1.007971909836695490e+00 4.994555401073007619e-03 -9.999999999000000000e+09
1.259364233236208520e+03 1.000135861679893878e+00 4.994561619692583498e-03 -9.999999999000000000e+09
1.259374735203483169e+03 9.940223687923006590e-01 4.994567805585459555e-03 -9.999999999000000000e+09
1.259385237258334655e+03 1.000920518259617698e+00 4.994573957960516883e-03 -9.999999999000000000e+09
1.259395739400764114e+03 9.993997902255913335e-01 4.994580075971183537e-03 -9.999999999000000000e+09
1.259406241630771547e+03 1.003151993791575380e+00 4.994586158710523534e-03 -9.999999999000000000e+09
1.259416743948358544e+03 9.970998454351761575e-01 4.994592205205762928e-03 -9.999999999000000000e+09
1.259427246353525561e+03 1.001359491974898264e+00 4.994598214412134148e-03 -9.999999999000000000e+09
1.259437748846273053e+03 1.003617271412602152e+00 4.994604185205954450e-03 -9.999999999000000000e+09
1.259448251426601701e+03 1.005639292516965488e+00 4.994610116376791906e-03 -9.999999999000000000e+09
1.259458754094512642e+03 9.994013941986236160e-01 4.994616006618590558e-03 -9.999999999000000000e+09
1.259469256850006559e+03 9.979699223877178671e-01 4.994621854519529225e-03 -9.999999999000000000e+09
1.259479759693083679e+03 9.953654348349955105e-01 4.994627658550425744e-03 -9.999999999000000000e+09
1.259490262623745366e+03 1.000231118987133128e+00 4.994633417051386540e-03 -9.999999999000000000e+09
1.259500765641991848e+03 1.007630356324224374e+00 4.994639128216360642e-03 -9.999999999000000000e+09
1.259511268747824033e+03 9.971349827126853027e-01 4.994644790075138466e-03 -9.999999999000000000e+09
1.259521771941243060e+03 9.952874878478051857e-01 4.994650400472307877e-03 -9.999999999000000000e+09
1.259532275222248927e+03 1.004535872926992424e+00 4.994655957042412088e-03 -9.999999999000000000e+09
1.259542778590843000e+03 9.955694259441945082e-01 4.994661457180459355e-03 -9.999999999000000000e+09
1.259553282047025732e+03 9.977675256690216044e-01 4.994666898006625694e-03 -9.999999999000000000e+09
1.259563785590797579e+03 9.996309382887483830e-01 4.994672276323656145e-03 -9.999999999000000000e+09
1.259574289222159905e+03 9.944793666159417178e-01 4.994677588564973118e-03 -9.999999999000000000e+09
1.259584792941112710e+03 9.999654317360552325e-01 4.994682830730835972e-03 -9.999999999000000000e+09
1.259595296747657358e+03 1.010317175549119151e+00 4.994687998308972206e-03 -9.999999999000000000e+09
1.259605800641794303e+03 1.003293902729607279e+00 4.994693086174712901e-03 -9.999999999000000000e+09
1.259616304623524002e+03 1.009707887365475232e+00 4.994698088463719529e-03 -9.999999999000000000e+09
1.259626808692847817e+03 9.987690407961944405e-01 4.994702998407501808e-03 -9.999999999000000000e+09
1.259637312849765976e+03 1.001025404005781105e+00 4.994707808117508814e-03 -9.999999999000000000e+09
1.259647817094279617e+03 1.000680804328079931e+00 4.994712508296771970e-03 -9.999999999000000000e+09
1.259658321426388966e+03 9.962466104364098296e-01 4.994717087847386564e-03 -9.999999999000000000e+09
1.259668825846094933e+03 9.927973796754482327e-01 4.994721533324481509e-03 -9.999999999000000000e+09
1.259679330353398655e+03 1.003057787376592014e+00 4.994725828157820305e-03 -9.999999999000000000e+09
1.259689834948300359e+03 9.969268176803979253e-01 4.994729951510394617e-03 -9.999999999000000000e+09
1.259700339630800954e+03 9.974444185253756867e-01 4.994733876548643030e-03 -9.999999999000000000e+09
1.259710844400901351e+03 1.005210596742149631e+00 4.994737567715863864e-03 -9.999999999000000000e+09
1.259721349258601776e+03 1.002332919464752337e+00 4.994740976221249788e-03 -9.999999999000000000e+09
1.259731854203903595e+03 9.997928989782104425e-01 4.994744032073859807e-03 -9.999999999000000000e+09
1.259742359236807033e+03 9.854169561473664629e-01 4.994746627811338067e-03 -9.999999999000000000e+09
1.259752864357313001e+03 1.003814445084926676e+00 4.994748557936981581e-03 -9.999999999000000000e+09
1.259763369565422636e+03 9.982664362433358862e-01 4.994748963508731376e-03 -9.999999999000000000e+09
1.259773874861135937e+03 9.932312824221467551e-01 4.994740932523001643e-03 -9.999999999000000000e+09
1.259784380244453814e+03 1.006587593211480280e+00 4.994676912978882576e-03 -9.999999999000000000e+09
1.259794885715377404e+03 9.985162229347269713e-01 4.994361839971777142e-03 -9.999999999000000000e+09
1.259805391273907162e+03 9.998080355583156553e-01 4.993460538313224638e-03 -9.999999999000000000e+09
1.259815896920043770e+03 1.003407843893544982e+00 4.991959459619838523e-03 -9.999999999000000000e+09
1.259826402653788136e+03 9.970651932885902236e-01 4.990179476589905530e-03 -9.999999999000000000e+09
1.259836908475140945e+03 1.001553518678122812e+00 4.988298318192858731e-03 -9.999999999000000000e+09
1.259847414384102649e+03 9.922949702396808291e-01 4.986402125011815158e-03 -9.999999999000000000e+09
1.259857920380674159e+03 9.948316626300874876e-01 4.984724619062926194e-03 -9.999999999000000000e+09
1.259868426464856611e+03 9.931694177086121122e-01 4.983592257502124888e-03 -9.999999999000000000e+09
1.259878932636650234e+03 9.868778115238636683e-01 4.982921091996011034e-03 -9.999999999000000000e+09
1.259889438896055708e+03 1.000792894303875524e+00 4.982402829322528544e-03 -9.999999999000000000e+09
1.259899945243074171e+03 9.982501674722032980e-01 4.981891032259743064e-03 -9.999999999000000000e+09
1.259910451677706078e+03 9.993626302360067992e-01 4.981352383251524789e-03 -9.999999999000000000e+09
1.259920958199952111e+03 9.931678986165335399e-01 4.980780033782173863e-03 -9.999999999000000000e+09
1.259931464809813406e+03 9.884942795310143193e-01 4.980170455024856245e-03 -9.999999999000000000e+09
1.259941971507290191e+03 9.945519234485702409e-01 4.979520163362873009e-03 -9.999999999000000000e+09
1.259952478292383148e+03 9.915986851379396949e-01 4.978825359877868048e-03 -9.999999999000000000e+09
1.259962985165093642e+03 9.897598476507424303e-01 4.978081839159266900e-03 -9.999999999000000000e+09
1.259973492125421899e+03 9.958208736108197234e-01 4.977284915318958003e-03 -9.999999999000000000e+09
1.259983999173368829e+03 1.010298442034448074e+00 4.976429343267946281e-03 -9.999999999000000000e+09
1.259994506308934888e+03 9.935599039618275841e-01 4.975509229812261590e-03 -9.999999999000000000e+09
1.260005013532121438e+03 1.001360029799361451e+00 4.974517930687596783e-03 -9.999999999000000000e+09
1.260015520842928481e+03 9.994739567724876261e-01 4.973447929677933359e-03 -9.999999999000000000e+09
1.260026028241356926e+03 9.982594884073530128e-01 4.972290695453722258e-03 -9.999999999000000000e+09
1.260036535727407909e+03 9.988070320845796601e-01 4.971036510885824822e-03 -9.999999999000000000e+09
1.260047043301081885e+03 9.899430065585439475e-01 4.969674268352768272e-03 -9.999999999000000000e+09
1.260057550962379537e+03 9.905778832549846369e-01 4.968191222900158674e-03 -9.999999999000000000e+09
1.260068058711301774e+03 9.935846619754600262e-01 4.966572692918447274e-03 -9.999999999000000000e+09
1.260078566547849050e+03 9.847527444046924039e-01 4.964801695108408790e-03 -9.999999999000000000e+09
1.260089074472022276e+03 9.841471600500808492e-01 4.962858496659281089e-03 -9.999999999000000000e+09
1.260099582483822132e+03 9.912995052397356455e-01 4.960720062428811312e-03 -9.999999999000000000e+09
1.260110090583249303e+03 9.912453582938665075e-01 4.958359368000047826e-03 -9.999999999000000000e+09
1.260120598770304923e+03 9.873093206603439365e-01 4.955744540100478872e-03 -9.999999999000000000e+09
1.260131107044989221e+03 9.790925460700972138e-01 4.952837773002180359e-03 -9.999999999000000000e+09
1.260141615407302879e+03 9.878893491878611988e-01 4.949593951717209776e-03 -9.999999999000000000e+09
1.260152123857246806e+03 9.876200106265432543e-01 4.945958887914796674e-03 -9.999999999000000000e+09
1.260162632394822367e+03 9.869377011278267497e-01 4.941867039327941906e-03 -9.999999999000000000e+09
1.260173141020029334e+03 9.908029924785102249e-01 4.937238533204427703e-03 -9.999999999000000000e+09
1.260183649732868616e+03 9.762005185865331169e-01 4.931975241849891577e-03 -9.999999999000000000e+09
1.260194158533341124e+03 9.906244309226541755e-01 4.925955552466777278e-03 -9.999999999000000000e+09
1.260204667421447766e+03 9.848222447317759309e-01 4.919027317417536127e-03 -9.999999999000000000e+09
1.260215176397189225e+03 9.820711121609353444e-01 4.910998238978858156e-03 -9.999999999000000000e+09
1.260225685460565956e+03 9.781701991604735413e-01 4.901622596050032692e-03 -9.999999999000000000e+09
1.260236194611578867e+03 9.721289455776377375e-01 4.890582704156869187e-03 -9.999999999000000000e+09
1.260246703850228869e+03 9.724466474300290653e-01 4.877462745389690019e-03 -9.999999999000000000e+09
1.260257213176515961e+03 9.675908087211441133e-01 4.861711555553240895e-03 -9.999999999000000000e+09
1.260267722590441736e+03 9.564681965228276628e-01 4.842589673864686715e-03 -9.999999999000000000e+09
1.260278232092006647e+03 9.599209484401693970e-01 4.819094937116557426e-03 -9.999999999000000000e+09
1.260288741681211377e+03 9.459025899802468995e-01 4.789861804758426857e-03 -9.999999999000000000e+09
1.260299251358056608e+03 9.444557217152536044e-01 4.753036672038485171e-03 -9.999999999000000000e+09
1.260309761122543023e+03 9.367582177178828129e-01 4.706152964754467191e-03 -9.999999999000000000e+09
1.260320270974671303e+03 9.106384913734550945e-01 4.646076821597211991e-03 -9.999999999000000000e+09
1.260330780914442585e+03 9.022936358190363215e-01 4.569169573398353633e-03 -9.999999999000000000e+09
1.260341290941857324e+03 8.764413626990903428e-01 4.471886248075912680e-03 -9.999999999000000000e+09
1.260351801056916202e+03 8.461459014134866674e-01 4.352009071019053918e-03 -9.999999999000000000e+09
1.260362311259619901e+03 8.045513406460493844e-01 4.210474702609653258e-03 -9.999999999000000000e+09
1.260372821549969331e+03 7.754559549315017675e-01 4.053262669255912158e-03 -9.999999999000000000e+09
1.260383331927965401e+03 7.300693541569672762e-01 3.892316527032791372e-03 -9.999999999000000000e+09
1.260393842393608111e+03 6.877467263566455768e-01 3.744478866401440911e-03 -9.999999999000000000e+09
1.260404352946898825e+03 6.598494228844750120e-01 3.628276443687738183e-03 -9.999999999000000000e+09
1.260414863587838454e+03 6.444737683730171751e-01 3.559664625231498229e-03 -9.999999999000000000e+09
1.260425374316426996e+03 6.419919854074677135e-01 3.548415370879111786e-03 -9.999999999000000000e+09
1.260435885132665817e+03 6.527936196388596235e-01 3.596146923871149439e-03 -9.999999999000000000e+09
1.260446396036555370e+03 6.705187752074751595e-01 3.696026006736872170e-03 -9.999999999000000000e+09
1.260456907028096339e+03 7.143158215190663629e-01 3.834083823301422111e-03 -9.999999999000000000e+09
1.260467418107289404e+03 7.574950790100194453e-01 3.992262847679944361e-03 -9.999999999000000000e+09
1.260477929274135931e+03 7.950623015282409778e-01 4.152614923339655387e-03 -9.999999999000000000e+09
1.260488440528635692e+03 8.317672714243685705e-01 4.301097523736518817e-03 -9.999999999000000000e+09
1.260498951870789824e+03 8.576837413481401828e-01 4.429500178617598420e-03 -9.999999999000000000e+09
1.260509463300599464e+03 8.927632211631655323e-01 4.535180287236537273e-03 -9.999999999000000000e+09
1.260519974818064838e+03 9.044566116886849638e-01 4.619402209618714630e-03 -9.999999999000000000e+09
1.260530486423186630e+03 9.272103183583577657e-01 4.685392941179872782e-03 -9.999999999000000000e+09
1.260540998115966204e+03 9.330740803394408367e-01 4.736857719881164795e-03 -9.999999999000000000e+09
1.260551509896403559e+03 9.406607850959605166e-01 4.777158407521165349e-03 -9.999999999000000000e+09
1.260562021764499605e+03 9.563733399567003746e-01 4.809014612074982188e-03 -9.999999999000000000e+09
1.260572533720255478e+03 9.631869523601287453e-01 4.834498093518306387e-03 -9.999999999000000000e+09
1.260583045763671635e+03 9.683729122332315198e-01 4.855142946191471319e-03 -9.999999999000000000e+09
1.260593557894748756e+03 9.746403367011470253e-01 4.872075060775710870e-03 -9.999999999000000000e+09
1.260604070113487296e+03 9.696930075416135830e-01 4.886122868461422256e-03 -9.999999999000000000e+09
1.260614582419888848e+03 9.790015854757796454e-01 4.897901277017337532e-03 -9.999999999000000000e+09
1.260625094813953183e+03 9.761791593869817429e-01 4.907872022541194361e-03 -9.999999999000000000e+09
1.260635607295681666e+03 9.742768558515737531e-01 4.916386196809741267e-03 -9.999999999000000000e+09
1.260646119865074752e+03 9.808166522256185349e-01 4.923714115250023109e-03 -9.999999999000000000e+09
1.260656632522133350e+03 9.772077472336668791e-01 4.930066406903218026e-03 -9.999999999000000000e+09
1.260667145266857688e+03 9.817587789960985356e-01 4.935609050017624247e-03 -9.999999999000000000e+09
1.260677658099249356e+03 9.819875863631803981e-01 4.940474214782034426e-03 -9.999999999000000000e+09
1.260688171019308356e+03 9.924531553568458619e-01 4.944768177001777378e-03 -9.999999999000000000e+09
1.260698684027035597e+03 9.954459505277686304e-01 4.948577163347685215e-03 -9.999999999000000000e+09
1.260709197122431760e+03 9.863357834099931720e-01 4.951971718890705101e-03 -9.999999999000000000e+09
1.260719710305498211e+03 9.872593564725723470e-01 4.955010006518772644e-03 -9.999999999000000000e+09
1.260730223576234721e+03 9.891848191000164325e-01 4.957740325428252465e-03 -9.999999999000000000e+09
1.260740736934642655e+03 9.858341942751335241e-01 4.960203052360869815e-03 -9.999999999000000000e+09
1.260751250380722468e+03 9.964203669400840679e-01 4.962432151656264931e-03 -9.999999999000000000e+09
1.260761763914475296e+03 9.935354012061262674e-01 4.964456360025726149e-03 -9.999999999000000000e+09
1.260772277535901139e+03 9.927478145154737810e-01 4.966300123637055336e-03 -9.999999999000000000e+09
1.260782791245001590e+03 9.921316517984464234e-01 4.967984344923242687e-03 -9.999999999000000000e+09
1.260793305041776648e+03 9.976205182162932728e-01 4.969526982000202660e-03 -9.999999999000000000e+09
1.260803818926227223e+03 9.942461618302559367e-01 4.970943533015095839e-03 -9.999999999000000000e+09
1.260814332898354223e+03 9.926795715551507415e-01 4.972247429992198917e-03 -9.999999999000000000e+09
1.260824846958158332e+03 9.934288583526436067e-01 4.973450360999611200e-03 -9.999999999000000000e+09
1.260835361105640459e+03 9.957079634295195047e-01 4.974562535169006414e-03 -9.999999999000000000e+09
1.260845875340800831e+03 9.980872409619496732e-01 4.975592901868918991e-03 -9.999999999000000000e+09
1.260856389663640812e+03 9.955882837672080932e-01 4.976549332879006728e-03 -9.999999999000000000e+09
1.260866904074160402e+03 9.905786368309873469e-01 4.977438774537314321e-03 -9.999999999000000000e+09
1.260877418572361194e+03 9.965961510100429521e-01 4.978267375388415426e-03 -9.999999999000000000e+09
1.260887933158243186e+03 9.971945074744026360e-01 4.979040593741082023e-03 -9.999999999000000000e+09
1.260898447831807516e+03 1.000411897107671422e+00 4.979763288671113820e-03 -9.999999999000000000e+09
1.260908962593054639e+03 9.993071570260986247e-01 4.980439797319878223e-03 -9.999999999000000000e+09
1.260919477441985464e+03 9.999971513895929975e-01 4.981074000798411949e-03 -9.999999999000000000e+09
1.260929992378600673e+03 1.005902399096168409e+00 4.981669380577885380e-03 -9.999999999000000000e+09
1.260940507402901176e+03 9.982034899045401088e-01 4.982229066904920317e-03 -9.999999999000000000e+09
1.260951022514887654e+03 9.933547975615909520e-01 4.982755880505805590e-03 -9.999999999000000000e+09
1.260961537714560563e+03 9.996093128883174472e-01 4.983252368622593902e-03 -9.999999999000000000e+09
1.260972053001920585e+03 9.897094557715653274e-01 4.983720836245107526e-03 -9.999999999000000000e+09
1.260982568376968857e+03 1.002712358236865553e+00 4.984163373257416950e-03 -9.999999999000000000e+09
1.260993083839706060e+03 9.998117243180700831e-01 4.984581878098650297e-03 -9.999999999000000000e+09
1.261003599390132422e+03 9.986129450142207098e-01 4.984978078440629144e-03 -9.999999999000000000e+09
1.261014115028249080e+03 1.001434212489715314e+00 4.985353549304768865e-03 -9.999999999000000000e+09
1.261024630754057171e+03 1.002256371907525923e+00 4.985709728974514060e-03 -9.999999999000000000e+09
1.261035146567556467e+03 9.927862820917492392e-01 4.986047933004749376e-03 -9.999999999000000000e+09
1.261045662468748560e+03 9.911115808605558408e-01 4.986369366584045282e-03 -9.999999999000000000e+09
1.261056178457633905e+03 9.968527508522682101e-01 4.986675135467473485e-03 -9.999999999000000000e+09
1.261066694534212729e+03 9.966378672701362573e-01 4.986966255665920521e-03 -9.999999999000000000e+09
1.261077210698486397e+03 9.996871838213637895e-01 4.987243662050996201e-03 -9.999999999000000000e+09
1.261087726950455590e+03 9.877266298804880940e-01 4.987508216012123859e-03 -9.999999999000000000e+09
1.261098243290120536e+03 9.923600941378940554e-01 4.987760712283311262e-03 -9.999999999000000000e+09
1.261108759717482599e+03 1.002388086518403387e+00 4.988001885040976857e-03 -9.999999999000000000e+09
1.261119276232542006e+03 9.940303247123642993e-01 4.988232413360496435e-03 -9.999999999000000000e+09
1.261129792835299895e+03 9.971516656595851291e-01 4.988452926107380878e-03 -9.999999999000000000e+09
1.261140309525756720e+03 9.995836027578501870e-01 4.988664006329149303e-03 -9.999999999000000000e+09
1.261150826303913391e+03 1.000112563491698081e+00 4.988866195205274474e-03 -9.999999999000000000e+09
1.261161343169770817e+03 9.977815582737168398e-01 4.989059995605346978e-03 -9.999999999000000000e+09
1.261171860123328997e+03 1.001125726028773810e+00 4.989245875299257345e-03 -9.999999999000000000e+09
1.261182377164589070e+03 9.967060801058393871e-01 4.989424269857758651e-03 -9.999999999000000000e+09
1.261192894293552172e+03 1.001392378091781721e+00 4.989595585277096200e-03 -9.999999999000000000e+09
1.261203411510218530e+03 9.973131922200675348e-01 4.989760200357306469e-03 -9.999999999000000000e+09
1.261213928814589053e+03 9.949412175188965257e-01 4.989918468860259949e-03 -9.999999999000000000e+09
1.261224446206664652e+03 1.000105170281635036e+00 4.990070721470472002e-03 -9.999999999000000000e+09
1.261234963686445553e+03 9.917425863872253444e-01 4.990217267579014418e-03 -9.999999999000000000e+09
1.261245481253933121e+03 1.001401677557531178e+00 4.990358396908544519e-03 -9.999999999000000000e+09
1.261255998909127356e+03 9.975847504974205693e-01 4.990494380995431217e-03 -9.999999999000000000e+09
1.261266516652029622e+03 9.993572808950303976e-01 4.990625474543145500e-03 -9.999999999000000000e+09
1.261277034482640374e+03 9.870650055156676705e-01 4.990751916659573635e-03 -9.999999999000000000e+09
1.261287552400960294e+03 9.965656735614994988e-01 4.990873931989456801e-03 -9.999999999000000000e+09
1.261298070406990746e+03 9.919590901944106420e-01 4.990991731752035011e-03 -9.999999999000000000e+09
1.261308588500731275e+03 9.922442248085135974e-01 4.991105514692833513e-03 -9.999999999000000000e+09
1.261319106682183474e+03 1.000098247193892842e+00 4.991215467957627744e-03 -9.999999999000000000e+09
1.261329624951348023e+03 1.005373571184349890e+00 4.991321767895779034e-03 -9.999999999000000000e+09
1.261340143308225151e+03 9.966291151473140042e-01 4.991424580799382928e-03 -9.999999999000000000e+09
1.261350661752816450e+03 1.001767993297844939e+00 4.991524063584029322e-03 -9.999999999000000000e+09
1.261361180285121463e+03 1.002781181274393862e+00 4.991620364416402000e-03 -9.999999999000000000e+09
1.261371698905142011e+03 1.002676320863890691e+00 4.991713623293381370e-03 -9.999999999000000000e+09
1.261382217612878549e+03 9.993845905832406951e-01 4.991803972576927366e-03 -9.999999999000000000e+09
1.261392736408331530e+03 1.003100627325496985e+00 4.991891537488507731e-03 -9.999999999000000000e+09
1.261403255291501637e+03 1.009018017482170126e+00 4.991976436566593171e-03 -9.999999999000000000e+09
1.261413774262390234e+03 9.874382552576146388e-01 4.992058782090289838e-03 -9.999999999000000000e+09
1.261424293320997094e+03 9.990548694877104952e-01 4.992138680471967099e-03 -9.999999999000000000e+09
1.261434812467323582e+03 1.000916374585069102e+00 4.992216232621447987e-03 -9.999999999000000000e+09
1.261445331701370378e+03 9.886680384143050615e-01 4.992291534284080783e-03 -9.999999999000000000e+09
1.261455851023138393e+03 1.001346984603909585e+00 4.992364676354829785e-03 -9.999999999000000000e+09
1.261466370432627855e+03 9.976808755802751838e-01 4.992435745170283913e-03 -9.999999999000000000e+09
1.261476889929839899e+03 1.000173897046482407e+00 4.992504822780374253e-03 -9.999999999000000000e+09
1.261487409514774981e+03 9.995221302509946781e-01 4.992571987201352250e-03 -9.999999999000000000e+09
1.261497929187433783e+03 9.947908705968320220e-01 4.992637312651549038e-03 -9.999999999000000000e+09
1.261508448947817442e+03 1.004324051164506182e+00 4.992700869771175311e-03 -9.999999999000000000e+09
1.261518968795926412e+03 9.996275241402906575e-01 4.992762725827454111e-03 -9.999999999000000000e+09
1.261529488731761376e+03 9.903435206623772968e-01 4.992822944906123023e-03 -9.999999999000000000e+09
1.261540008755323242e+03 1.000718095746095937e+00 4.992881588090408197e-03 -9.999999999000000000e+09
1.261550528866612694e+03 9.908033614095084207e-01 4.992938713628327155e-03 -9.999999999000000000e+09
1.261561049065630414e+03 1.002844532068115413e+00 4.992994377089231967e-03 -9.999999999000000000e+09
1.261571569352377082e+03 1.002115242780898585e+00 4.993048631510347418e-03 -9.999999999000000000e+09
1.261582089726853610e+03 9.992834358462109323e-01 4.993101527534050954e-03 -9.999999999000000000e+09
1.261592610189060679e+03 9.924660127286937250e-01 4.993153113536535383e-03 -9.999999999000000000e+09
1.261603130738998743e+03 1.004016993832921534e+00 4.993203435748477977e-03 -9.999999999000000000e+09
1.261613651376668713e+03 9.964891831784635778e-01 4.993252538368290160e-03 -9.999999999000000000e+09
1.261624172102071498e+03 9.973631568233636280e-01 4.993300463668442178e-03 -9.999999999000000000e+09
1.261634692915207779e+03 9.909607717450775732e-01 4.993347252095344142e-03 -9.999999999000000000e+09
1.261645213816078012e+03 1.002109336795953931e+00 4.993392942363256148e-03 -9.999999999000000000e+09
1.261655734804683334e+03 9.998064630522096596e-01 4.993437571542598714e-03 -9.999999999000000000e+09
1.261666255881023972e+03 9.970419958127211268e-01 4.993481175143047769e-03 -9.999999999000000000e+09
1.261676777045101289e+03 9.940077509037281711e-01 4.993523787191786294e-03 -9.999999999000000000e+09
1.261687298296915515e+03 1.000362565599952624e+00 4.993565440307197976e-03 -9.999999999000000000e+09
1.261697819636467557e+03 9.986483718324414838e-01 4.993606165768330746e-03 -9.999999999000000000e+09
1.261708341063758098e+03 1.004480312284934396e+00 4.993645993580397326e-03 -9.999999999000000000e+09
1.261718862578787821e+03 1.002022504710750272e+00 4.993684952536568689e-03 -9.999999999000000000e+09
1.261729384181557407e+03 1.003397262859849981e+00 4.993723070276285918e-03 -9.999999999000000000e+09
1.261739905872067993e+03 9.975821432703976255e-01 4.993760373340342881e-03 -9.999999999000000000e+09
1.261750427650320034e+03 9.962924592693961356e-01 4.993796887222909722e-03 -9.999999999000000000e+09
1.261760949516313985e+03 9.976952994329575386e-01 4.993832636420714871e-03 -9.999999999000000000e+09
1.261771471470051210e+03 1.002826752703770641e+00 4.993867644479535635e-03 -9.999999999000000000e+09
1.261781993511531709e+03 9.900520345527210608e-01 4.993901934038207265e-03 -9.999999999000000000e+09
1.261792515640756847e+03 1.007012455105435578e+00 4.993935526870241573e-03 -9.999999999000000000e+09
1.261803037857727077e+03 9.971304618234843042e-01 4.993968443923253731e-03 -9.999999999000000000e+09
1.261813560162443309e+03 9.952037748866283673e-01 4.994000705356310861e-03 -9.999999999000000000e+09
1.261824082554905999e+03 1.000489431960877029e+00 4.994032330575309993e-03 -9.999999999000000000e+09
1.261834605035115601e+03 1.007366163133385895e+00 4.994063338266525875e-03 -9.999999999000000000e+09
1.261845127603073706e+03 1.002160698612150291e+00 4.994093746428430146e-03 -9.999999999000000000e+09
1.261855650258780543e+03 9.954166719761436966e-01 4.994123572401880720e-03 -9.999999999000000000e+09
1.261866173002236792e+03 9.999265376683248441e-01 4.994152832898769885e-03 -9.999999999000000000e+09
1.261876695833443137e+03 1.002143199075320679e+00 4.994181544029228231e-03 -9.999999999000000000e+09
1.261887218752400486e+03 9.954353134480772303e-01 4.994209721327475503e-03 -9.999999999000000000e+09
1.261897741759109749e+03 9.905346993104774400e-01 4.994237379776368668e-03 -9.999999999000000000e+09
1.261908264853571154e+03 1.001963248471521295e+00 4.994264533830750433e-03 -9.999999999000000000e+09
1.261918788035786065e+03 9.955980456504591736e-01 4.994291197439649360e-03 -9.999999999000000000e+09
1.261929311305754709e+03 9.976520320658757157e-01 4.994317384067392326e-03 -9.999999999000000000e+09
1.261939834663477995e+03 9.913718166165801371e-01 4.994343106713700423e-03 -9.999999999000000000e+09
1.261950358108956607e+03 1.000424761710382970e+00 4.994368377932824690e-03 -9.999999999000000000e+09
1.261960881642191225e+03 1.008901301849544074e+00 4.994393209851754646e-03 -9.999999999000000000e+09
1.261971405263182760e+03 9.981539324906789634e-01 4.994417614187575925e-03 -9.999999999000000000e+09
1.261981928971931893e+03 9.983577898429579767e-01 4.994441602264011737e-03 -9.999999999000000000e+09
1.261992452768439307e+03 9.948314580998515178e-01 4.994465185027177623e-03 -9.999999999000000000e+09
1.262002976652705456e+03 9.939162860967053481e-01 4.994488373060616306e-03 -9.999999999000000000e+09
1.262013500624731932e+03 1.001637369674518663e+00 4.994511176599636046e-03 -9.999999999000000000e+09
1.262024024684518281e+03 1.003169682381866545e+00 4.994533605544991539e-03 -9.999999999000000000e+09
1.262034548832066093e+03 9.940418364156727860e-01 4.994555669475941179e-03 -9.999999999000000000e+09
1.262045073067376052e+03 1.005346599504957750e+00 4.994577377662705840e-03 -9.999999999000000000e+09
1.262055597390448156e+03 1.001010169725833565e+00 4.994598739078388167e-03 -9.999999999000000000e+09
1.262066121801283998e+03 9.926415148447753634e-01 4.994619762410334139e-03 -9.999999999000000000e+09
1.262076646299884260e+03 1.003087867933811994e+00 4.994640456071011529e-03 -9.999999999000000000e+09
1.262087170886249169e+03 9.942382616437336340e-01 4.994660828208393084e-03 -9.999999999000000000e+09
1.262097695560379407e+03 1.001565044169549612e+00 4.994680886715894760e-03 -9.999999999000000000e+09
1.262108220322276338e+03 9.986067640243683208e-01 4.994700639241875934e-03 -9.999999999000000000e+09
1.262118745171940191e+03 9.988485158134301489e-01 4.994720093198729352e-03 -9.999999999000000000e+09
1.262129270109371646e+03 1.006715849465774859e+00 4.994739255771583376e-03 -9.999999999000000000e+09
1.262139795134572068e+03 9.963478555043231433e-01 4.994758133926620845e-03 -9.999999999000000000e+09
1.262150320247541458e+03 9.982075483568045859e-01 4.994776734419064876e-03 -9.999999999000000000e+09
1.262160845448280725e+03 9.967382039806095273e-01 4.994795063800806442e-03 -9.999999999000000000e+09
1.262171370736791005e+03 9.985972276511319023e-01 4.994813128427720572e-03 -9.999999999000000000e+09
1.262181896113072526e+03 9.983635313479328754e-01 4.994830934466679834e-03 -9.999999999000000000e+09
1.262192421577126652e+03 9.918736593864623252e-01 4.994848487902276389e-03 -9.999999999000000000e+09
1.262202947128953156e+03 1.001268705577794460e+00 4.994865794543256951e-03 -9.999999999000000000e+09
1.262213472768553629e+03 9.993962851805816561e-01 4.994882860028706205e-03 -9.999999999000000000e+09
1.262223998495928527e+03 9.993991046137044032e-01 4.994899689833972624e-03 -9.999999999000000000e+09
1.262234524311078303e+03 9.966861521111761713e-01 4.994916289276357495e-03 -9.999999999000000000e+09
1.262245050214003868e+03 9.960877757896857698e-01 4.994932663520561082e-03 -9.999999999000000000e+09
1.262255576204706358e+03 9.988180032119996499e-01 4.994948817583935372e-03 -9.999999999000000000e+09
1.262266102283186001e+03 1.003822406759962593e+00 4.994964756341508695e-03 -9.999999999000000000e+09
1.262276628449443933e+03 1.005608391347492692e+00 4.994980484530805662e-03 -9.999999999000000000e+09
1.262287154703480383e+03 9.948040185635934618e-01 4.994996006756505756e-03 -9.999999999000000000e+09
1.262297681045296258e+03 1.001384805902535646e+00 4.995011327494891171e-03 -9.999999999000000000e+09
1.262308207474892242e+03 1.010865872231467621e+00 4.995026451098128102e-03 -9.999999999000000000e+09
1.262318733992269472e+03 1.000496623119564665e+00 4.995041381798394527e-03 -9.999999999000000000e+09
1.262329260597428402e+03 1.000756168952879221e+00 4.995056123711839706e-03 -9.999999999000000000e+09
1.262339787290369941e+03 1.002143595379073826e+00 4.995070680842381497e-03 -9.999999999000000000e+09
1.262350314071094317e+03 9.973179556159874615e-01 4.995085057085384833e-03 -9.999999999000000000e+09
1.262360840939602895e+03 1.004259517072694896e+00 4.995099256231177141e-03 -9.999999999000000000e+09
1.262371367895895901e+03 1.002332377096427418e+00 4.995113281968440594e-03 -9.999999999000000000e+09
1.262381894939974245e+03 9.891729058397218388e-01 4.995127137887481195e-03 -9.999999999000000000e+09
1.262392422071838837e+03 9.960497732194029119e-01 4.995140827483365159e-03 -9.999999999000000000e+09
1.262402949291490131e+03 1.003138997123622422e+00 4.995154354158953813e-03 -9.999999999000000000e+09
1.262413476598929037e+03 9.887755601694541152e-01 4.995167721227808388e-03 -9.999999999000000000e+09
1.262424003994156237e+03 9.966616418798251997e-01 4.995180931917004609e-03 -9.999999999000000000e+09
1.262434531477172413e+03 9.993057494975206012e-01 4.995193989369835393e-03 -9.999999999000000000e+09
1.262445059047978475e+03 9.937774762648495797e-01 4.995206896648417272e-03 -9.999999999000000000e+09
1.262455586706574877e+03 9.926687286993824966e-01 4.995219656736206611e-03 -9.999999999000000000e+09
1.262466114452962529e+03 1.001147630370638586e+00 4.995232272540416074e-03 -9.999999999000000000e+09
1.262476642287142340e+03 1.001115654202006988e+00 4.995244746894353903e-03 -9.999999999000000000e+09
1.262487170209114538e+03 1.004978952776103718e+00 4.995257082559677320e-03 -9.999999999000000000e+09
1.262497698218880487e+03 9.991565119058869460e-01 4.995269282228564402e-03 -9.999999999000000000e+09
1.262508226316440187e+03 9.978915905111011009e-01 4.995281348525810496e-03 -9.999999999000000000e+09
1.262518754501795229e+03 9.955478689671634074e-01 4.995293284010848302e-03 -9.999999999000000000e+09
1.262529282774945386e+03 9.986936624860911493e-01 4.995305091179702908e-03 -9.999999999000000000e+09
1.262539811135892478e+03 9.898990843887414126e-01 4.995316772466881772e-03 -9.999999999000000000e+09
1.262550339584636049e+03 1.000448012537226372e+00 4.995328330247181432e-03 -9.999999999000000000e+09
1.262560868121177691e+03 1.002018059327954180e+00 4.995339766837456931e-03 -9.999999999000000000e+09
1.262571396745517859e+03 9.945944779404739533e-01 4.995351084498312298e-03 -9.999999999000000000e+09
1.262581925457657235e+03 9.949838521080472953e-01 4.995362285435738132e-03 -9.999999999000000000e+09
1.262592454257596955e+03 9.910704914036644331e-01 4.995373371802701475e-03 -9.999999999000000000e+09
1.262602983145337248e+03 1.011293877367112293e+00 4.995384345700673231e-03 -9.999999999000000000e+09
1.262613512120878795e+03 1.006505426134947978e+00 4.995395209181105294e-03 -9.999999999000000000e+09
1.262624041184222733e+03 9.950442158288580474e-01 4.995405964246862549e-03 -9.999999999000000000e+09
1.262634570335369517e+03 1.004308682710504330e+00 4.995416612853602854e-03 -9.999999999000000000e+09
1.262645099574320284e+03 1.002570371344696509e+00 4.995427156911117980e-03 -9.999999999000000000e+09
1.262655628901074806e+03 9.956161274492687507e-01 4.995437598284619037e-03 -9.999999999000000000e+09
1.262666158315635130e+03 9.937456752929302306e-01 4.995447938795995017e-03 -9.999999999000000000e+09
1.262676687818001028e+03 1.003444024769360343e+00 4.995458180225014963e-03 -9.999999999000000000e+09
1.262687217408173410e+03 9.997173071877005768e-01 4.995468324310501501e-03 -9.999999999000000000e+09
1.262697747086153413e+03 9.965206323321411652e-01 4.995478372751463621e-03 -9.999999999000000000e+09
1.262708276851941264e+03 1.007684427725148879e+00 4.995488327208193018e-03 -9.999999999000000000e+09
1.262718806705537872e+03 9.924107325427181658e-01 4.995498189303320541e-03 -9.999999999000000000e+09
1.262729336646944148e+03 1.000604506622589485e+00 4.995507960622850956e-03 -9.999999999000000000e+09
1.262739866676160545e+03 1.000936265269861236e+00 4.995517642717150000e-03 -9.999999999000000000e+09
1.262750396793187974e+03 1.003306586596560024e+00 4.995527237101911495e-03 -9.999999999000000000e+09
1.262760926998027116e+03 9.931237169888995631e-01 4.995536745259088890e-03 -9.999999999000000000e+09
1.262771457290678882e+03 9.988154647310013567e-01 4.995546168637805123e-03 -9.999999999000000000e+09
1.262781987671143725e+03 9.939897163915155653e-01 4.995555508655213917e-03 -9.999999999000000000e+09
1.262792518139422555e+03 9.895662830069688054e-01 4.995564766697361929e-03 -9.999999999000000000e+09
1.262803048695515827e+03 9.954549746049456971e-01 4.995573944120009283e-03 -9.999999999000000000e+09
1.262813579339424678e+03 9.941693129211885971e-01 4.995583042249416260e-03 -9.999999999000000000e+09
1.262824110071149562e+03 1.003317618126954303e+00 4.995592062383126530e-03 -9.999999999000000000e+09
1.262834640890691162e+03 9.980485388236207678e-01 4.995601005790713950e-03 -9.999999999000000000e+09
1.262845171798050615e+03 9.999548258145761759e-01 4.995609873714505940e-03 -9.999999999000000000e+09
1.262855702793228375e+03 9.985605533727524019e-01 4.995618667370290387e-03 -9.999999999000000000e+09
1.262866233876225124e+03 9.924766844750723127e-01 4.995627387947995657e-03 -9.999999999000000000e+09
1.262876765047041545e+03 9.992702556258543645e-01 4.995636036612360192e-03 -9.999999999000000000e+09
1.262887296305678547e+03 9.913984848020196416e-01 4.995644614503565693e-03 -9.999999999000000000e+09
1.262897827652136812e+03 9.917654144390527504e-01 4.995653122737868553e-03 -9.999999999000000000e+09
1.262908359086417022e+03 9.946689810853774905e-01 4.995661562408206142e-03 -9.999999999000000000e+09
1.262918890608520087e+03 9.968867608977621808e-01 4.995669934584777080e-03 -9.999999999000000000e+09
1.262929422218446462e+03 1.001443921737113607e+00 4.995678240315615422e-03 -9.999999999000000000e+09
1.262939953916197055e+03 9.999563564076098254e-01 4.995686480627150108e-03 -9.999999999000000000e+09
1.262950485701772322e+03 9.951608554034823140e-01 4.995694656524734059e-03 -9.999999999000000000e+09
1.262961017575173400e+03 9.998723989262093825e-01 4.995702768993168924e-03 -9.999999999000000000e+09
1.262971549536400744e+03 9.930225314603291498e-01 4.995710818997215093e-03 -9.999999999000000000e+09
1.262982081585455717e+03 9.924558710635813519e-01 4.995718807482077417e-03 -9.999999999000000000e+09
1.262992613722337865e+03 9.990499775323717913e-01 4.995726735373894403e-03 -9.999999999000000000e+09
1.263003145947049006e+03 1.000462215292206913e+00 4.995734603580194444e-03 -9.999999999000000000e+09
1.263013678259589142e+03 9.983268899340473901e-01 4.995742412990348581e-03 -9.999999999000000000e+09
1.263024210659959181e+03 1.009755144142612027e+00 4.995750164476009392e-03 -9.999999999000000000e+09
1.263034743148160260e+03 9.970354769189379018e-01 4.995757858891542932e-03 -9.999999999000000000e+09
1.263045275724193061e+03 1.007096614502348775e+00 4.995765497074433799e-03 -9.999999999000000000e+09
1.263055808388057812e+03 1.010406449265163209e+00 4.995773079845696255e-03 -9.999999999000000000e+09
1.263066341139755423e+03 1.004042211641517302e+00 4.995780608010263676e-03 -9.999999999000000000e+09
1.263076873979287029e+03 9.992477150525241880e-01 4.995788082357366724e-03 -9.999999999000000000e+09
1.263087406906652859e+03 9.933386800224439650e-01 4.995795503660905440e-03 -9.999999999000000000e+09
1.263097939921853822e+03 1.013134519018427326e+00 4.995802872679811803e-03 -9.999999999000000000e+09
1.263108473024890827e+03 1.007550065024122254e+00 4.995810190158400145e-03 -9.999999999000000000e+09
1.263119006215764330e+03 1.003198586309204332e+00 4.995817456826696749e-03 -9.999999999000000000e+09
1.263129539494475239e+03 1.007240081186000280e+00 4.995824673400792865e-03 -9.999999999000000000e+09
1.263140072861024237e+03 1.006214978378411340e+00 4.995831840583147415e-03 -9.999999999000000000e+09
1.263150606315412233e+03 9.961166659050552097e-01 4.995838959062911394e-03 -9.999999999000000000e+09
1.263161139857639455e+03 1.007928290486041822e+00 4.995846029516227971e-03 -9.999999999000000000e+09
1.263171673487707039e+03 9.939454934247665685e-01 4.995853052606538669e-03 -9.999999999000000000e+09
1.263182207205615896e+03 9.943154060632442004e-01 4.995860028984859189e-03 -9.999999999000000000e+09
1.263192741011366252e+03 9.988366685709774151e-01 4.995866959290070838e-03 -9.999999999000000000e+09
1.263203274904959244e+03 1.003230962824120498e+00 4.995873844149198093e-03 -9.999999999000000000e+09
1.263213808886395327e+03 9.942068349078937439e-01 4.995880684177662727e-03 -9.999999999000000000e+09
1.263224342955675638e+03 9.944108841892287387e-01 4.995887479979554437e-03 -9.999999999000000000e+09
1.263234877112800177e+03 9.933185540540508951e-01 4.995894232147878901e-03 -9.999999999000000000e+09
1.263245411357770308e+03 9.919027447051439461e-01 4.995900941264813655e-03 -9.999999999000000000e+09
1.263255945690586714e+03 9.919986805247779094e-01 4.995907607901931002e-03 -9.999999999000000000e+09
1.263266480111250075e+03 9.995862033591502716e-01 4.995914232620449549e-03 -9.999999999000000000e+09
1.263277014619760848e+03 9.941696118928634585e-01 4.995920815971451913e-03 -9.999999999000000000e+09
1.263287549216119942e+03 9.998183622566340079e-01 4.995927358496111102e-03 -9.999999999000000000e+09
1.263298083900328265e+03 9.929954188397450698e-01 4.995933860725905624e-03 -9.999999999000000000e+09
1.263308618672386274e+03 1.002140363091878150e+00 4.995940323182832855e-03 -9.999999999000000000e+09
1.263319153532294877e+03 9.984334962742485997e-01 4.995946746379608533e-03 -9.999999999000000000e+09
1.263329688480054529e+03 9.983163126208897120e-01 4.995953130819872322e-03 -9.999999999000000000e+09
1.263340223515666594e+03 9.976524839100375797e-01 4.995959476998385572e-03 -9.999999999000000000e+09
1.263350758639131300e+03 1.005811963405055520e+00 4.995965785401216067e-03 -9.999999999000000000e+09
1.263361293850449329e+03 9.983848261651526723e-01 4.995972056505923638e-03 -9.999999999000000000e+09
1.263371829149621590e+03 1.001753250124684191e+00 4.995978290781749251e-03 -9.999999999000000000e+09
1.263382364536648765e+03 9.972639609916407188e-01 4.995984488689783273e-03 -9.999999999000000000e+09
1.263392900011531765e+03 1.005322970370409186e+00 4.995990650683138946e-03 -9.999999999000000000e+09
1.263403435574271043e+03 9.977906158384008961e-01 4.995996777207122388e-03 -9.999999999000000000e+09
1.263413971224867282e+03 9.993586522754467349e-01 4.996002868699400863e-03 -9.999999999000000000e+09
1.263424506963321846e+03 9.984538891477576783e-01 4.996008925590150231e-03 -9.999999999000000000e+09
1.263435042789634508e+03 1.000016075713520136e+00 4.996014948302225818e-03 -9.999999999000000000e+09
1.263445578703807087e+03 9.908266787723175595e-01 4.996020937251302932e-03 -9.999999999000000000e+09
1.263456114705839354e+03 9.927661027507701519e-01 4.996026892846030382e-03 -9.999999999000000000e+09
1.263466650795732448e+03 1.000670986000028906e+00 4.996032815488172726e-03 -9.999999999000000000e+09
1.263477186973487051e+03 9.976591532761790448e-01 4.996038705572759461e-03 -9.999999999000000000e+09
1.263487723239104071e+03 9.978699089125042665e-01 4.996044563488209918e-03 -9.999999999000000000e+09
1.263498259592583963e+03 9.957141011348824566e-01 4.996050389616482450e-03 -9.999999999000000000e+09
1.263508796033927410e+03 9.925033309187746289e-01 4.996056184333194129e-03 -9.999999999000000000e+09
1.263519332563135549e+03 9.995152853008553162e-01 4.996061948007751718e-03 -9.999999999000000000e+09
1.263529869180208834e+03 9.960291613771160568e-01 4.996067681003484376e-03 -9.999999999000000000e+09
1.263540405885148175e+03 1.001003156092420188e+00 4.996073383677760750e-03 -9.999999999000000000e+09
1.263550942677954026e+03 1.015382651401068426e+00 4.996079056382101737e-03 -9.999999999000000000e+09
1.263561479558627298e+03 1.002321734149832055e+00 4.996084699462310583e-03 -9.999999999000000000e+09
1.263572016527168898e+03 9.971523442531183834e-01 4.996090313258577838e-03 -9.999999999000000000e+09
1.263582553583579056e+03 1.002768566178964926e+00 4.996095898105596712e-03 -9.999999999000000000e+09
1.263593090727858907e+03 9.941401733502195359e-01 4.996101454332665427e-03 -9.999999999000000000e+09
1.263603627960009135e+03 1.002867587969139773e+00 4.996106982263805174e-03 -9.999999999000000000e+09
1.263614165280030420e+03 9.949443742199759466e-01 4.996112482217852056e-03 -9.999999999000000000e+09
1.263624702687923445e+03 1.001893574483029736e+00 4.996117954508563774e-03 -9.999999999000000000e+09
1.263635240183688893e+03 9.945903698187400499e-01 4.996123399444722842e-03 -9.999999999000000000e+09
1.263645777767327672e+03 1.000429067647404358e+00 4.996128817330225923e-03 -9.999999999000000000e+09
1.263656315438840466e+03 9.949485702207728766e-01 4.996134208464179244e-03 -9.999999999000000000e+09
1.263666853198228182e+03 1.005186641484391297e+00 4.996139573140998338e-03 -9.999999999000000000e+09
1.263677391045491049e+03 1.001210246281119876e+00 4.996144911650490447e-03 -9.999999999000000000e+09
1.263687928980630204e+03 9.980727760448313557e-01 4.996150224277946458e-03 -9.999999999000000000e+09
1.263698467003646329e+03 9.962625429581875025e-01 4.996155511304227644e-03 -9.999999999000000000e+09
1.263709005114539877e+03 1.000435019902785383e+00 4.996160773005849792e-03 -9.999999999000000000e+09
1.263719543313312215e+03 1.002071136295899167e+00 4.996166009655065611e-03 -9.999999999000000000e+09
1.263730081599963569e+03 9.994109652485136941e-01 4.996171221519942786e-03 -9.999999999000000000e+09
1.263740619974494621e+03 1.001535980390054315e+00 4.996176408864448117e-03 -9.999999999000000000e+09
1.263751158436906280e+03 1.003946020961779872e+00 4.996181571948521243e-03 -9.999999999000000000e+09
1.263761696987199230e+03 1.008431044280251321e+00 4.996186711028150103e-03 -9.999999999000000000e+09
1.263772235625374378e+03 1.004566521699064019e+00 4.996191826355448132e-03 -9.999999999000000000e+09
1.263782774351432181e+03 9.934763307043856795e-01 4.996196918178722780e-03 -9.999999999000000000e+09
1.263793313165373547e+03 9.907613337255809505e-01 4.996201986742544038e-03 -9.999999999000000000e+09
1.263803852067198932e+03 9.944930535178834186e-01 4.996207032287822494e-03 -9.999999999000000000e+09
1.263814391056909699e+03 1.002874925573484788e+00 4.996212055051869189e-03 -9.999999999000000000e+09
1.263824930134505848e+03 1.006530589411987808e+00 4.996217055268463263e-03 -9.999999999000000000e+09
1.263835469299988745e+03 9.963850919389182215e-01 4.996222033167917881e-03 -9.999999999000000000e+09
1.263846008553358615e+03 9.968846496060009832e-01 4.996226988977147884e-03 -9.999999999000000000e+09
1.263856547894616597e+03 9.928679676667537812e-01 4.996231922919719230e-03 -9.999999999000000000e+09
1.263867087323762917e+03 9.982865299746973564e-01 4.996236835215922718e-03 -9.999999999000000000e+09
1.263877626840798939e+03 9.983758054185953856e-01 4.996241726082826032e-03 -9.999999999000000000e+09
1.263888166445724664e+03 9.959106658886270891e-01 4.996246595734338790e-03 -9.999999999000000000e+09
1.263898706138541456e+03 1.001533332189282754e+00 4.996251444381258518e-03 -9.999999999000000000e+09
1.263909245919249997e+03 1.002713610667998800e+00 4.996256272231335699e-03 -9.999999999000000000e+09
1.263919785787850742e+03 9.969228641190233109e-01 4.996261079489327551e-03 -9.999999999000000000e+09
1.263930325744344373e+03 1.005817653384479371e+00 4.996265866357046601e-03 -9.999999999000000000e+09
1.263940865788731799e+03 9.981308149334418012e-01 4.996270633033416189e-03 -9.999999999000000000e+09
1.263951405921013929e+03 9.933721979654472900e-01 4.996275379714518183e-03 -9.999999999000000000e+09
1.263961946141191447e+03 9.967454882545770944e-01 4.996280106593650218e-03 -9.999999999000000000e+09
1.263972486449264352e+03 9.987135071232198236e-01 4.996284813861369932e-03 -9.999999999000000000e+09
1.263983026845234463e+03 9.952980578545115309e-01 4.996289501705542674e-03 -9.999999999000000000e+09
1.263993567329102007e+03 9.923432968049676894e-01 4.996294170311389206e-03 -9.999999999000000000e+09
1.264004107900867439e+03 1.002656734507346714e+00 4.996298819861532542e-03 -9.999999999000000000e+09
1.264014648560531896e+03 9.988931751340659471e-01 4.996303450536043918e-03 -9.999999999000000000e+09
1.264025189308095833e+03 9.888768001860269719e-01 4.996308062512486159e-03 -9.999999999000000000e+09
1.264035730143560613e+03 1.005736592958068165e+00 4.996312655965952712e-03 -9.999999999000000000e+09
1.264046271066926238e+03 1.007554215408572595e+00 4.996317231069121421e-03 -9.999999999000000000e+09
1.264056812078193616e+03 9.948877163067972873e-01 4.996321787992281417e-03 -9.999999999000000000e+09
1.264067353177363657e+03 1.001062869472397088e+00 4.996326326903387759e-03 -9.999999999000000000e+09
1.264077894364436816e+03 1.002860661375085227e+00 4.996330847968092660e-03 -9.999999999000000000e+09
1.264088435639414229e+03 1.001736614591423491e+00 4.996335351349784522e-03 -9.999999999000000000e+09
1.264098977002296351e+03 1.002441260854171956e+00 4.996339837209635634e-03 -9.999999999000000000e+09
1.264109518453084092e+03 9.995772236489405271e-01 4.996344305706625598e-03 -9.999999999000000000e+09
1.264120059991777907e+03 1.004317319903324623e+00 4.996348756997593364e-03 -9.999999999000000000e+09
1.264130601618378705e+03 1.005290552593961051e+00 4.996353191237258053e-03 -9.999999999000000000e+09
1.264141143332887168e+03 1.000709703712560961e+00 4.996357608578266656e-03 -9.999999999000000000e+09
1.264151685135303978e+03 9.968073421700317516e-01 4.996362009171224396e-03 -9.999999999000000000e+09
1.264162227025630273e+03 9.955548431680084631e-01 4.996366393164727686e-03 -9.999999999000000000e+09
1.264172769003866506e+03 9.962345488934124527e-01 4.996370760705397956e-03 -9.999999999000000000e+09
1.264183311070012905e+03 1.004737120117924043e+00 4.996375111937915482e-03 -9.999999999000000000e+09
1.264193853224071063e+03 9.955617587846214978e-01 4.996379447005051475e-03 -9.999999999000000000e+09
1.264204395466041206e+03 1.003601025415961745e+00 4.996383766047694970e-03 -9.999999999000000000e+09
1.264214937795924243e+03 9.929415797059132354e-01 4.996388069204896198e-03 -9.999999999000000000e+09
1.264225480213720630e+03 9.970058482439780878e-01 4.996392356613878726e-03 -9.999999999000000000e+09
1.264236022719431503e+03 1.006344015316432472e+00 4.996396628410085423e-03 -9.999999999000000000e+09
1.264246565313057545e+03 9.948526706817913956e-01 4.996400884727198420e-03 -9.999999999000000000e+09
1.264257107994599210e+03 9.966835118908209390e-01 4.996405125697171191e-03 -9.999999999000000000e+09
1.264267650764057407e+03 9.992735683631586152e-01 4.996409351450253715e-03 -9.999999999000000000e+09
1.264278193621432820e+03 1.004660170547977405e+00 4.996413562115022827e-03 -9.999999999000000000e+09
1.264288736566726129e+03 9.972290297240706813e-01 4.996417757818409980e-03 -9.999999999000000000e+09
1.264299279599938245e+03 1.001643041025724656e+00 4.996421938685721188e-03 -9.999999999000000000e+09
1.264309822721069622e+03 9.980981631518823782e-01 4.996426104840673461e-03 -9.999999999000000000e+09
1.264320365930121397e+03 1.000716668135094523e+00 4.996430256405412149e-03 -9.999999999000000000e+09
1.264330909227093798e+03 1.007005887297218516e+00 4.996434393500535226e-03 -9.999999999000000000e+09
1.264341452611988188e+03 1.001502777851270620e+00 4.996438516245123654e-03 -9.999999999000000000e+09
1.264351996084804568e+03 9.997808634501114122e-01 4.996442624756764796e-03 -9.999999999000000000e+09
1.264362539645544302e+03 9.974869426020015473e-01 4.996446719151569765e-03 -9.999999999000000000e+09
1.264373083294207845e+03 1.006424421546225689e+00 4.996450799544202917e-03 -9.999999999000000000e+09
1.264383627030795878e+03 9.885145415172592598e-01 4.996454866047902663e-03 -9.999999999000000000e+09
1.264394170855309085e+03 1.005059914691633027e+00 4.996458918774502288e-03 -9.999999999000000000e+09
1.264404714767748601e+03 1.001933550737493794e+00 4.996462957834450769e-03 -9.999999999000000000e+09
1.264415258768114882e+03 9.987693818877014795e-01 4.996466983336843130e-03 -9.999999999000000000e+09
1.264425802856408382e+03 9.946870965853582547e-01 4.996470995389431721e-03 -9.999999999000000000e+09
1.264436347032630238e+03 9.973292591298467125e-01 4.996474994098646163e-03 -9.999999999000000000e+09
1.264446891296781359e+03 1.004769204152322848e+00 4.996478979569623710e-03 -9.999999999000000000e+09
1.264457435648861747e+03 1.005539025040671053e+00 4.996482951906222256e-03 -9.999999999000000000e+09
1.264467980088872764e+03 9.998584520809788989e-01 4.996486911211036816e-03 -9.999999999000000000e+09
1.264478524616814639e+03 9.986944704372030523e-01 4.996490857585429018e-03 -9.999999999000000000e+09
1.264489069232688735e+03 1.007355859623415562e+00 4.996494791129534908e-03 -9.999999999000000000e+09
1.264499613936495507e+03 9.970156113628809713e-01 4.996498711942290970e-03 -9.999999999000000000e+09
1.264510158728235638e+03 9.985285659186248219e-01 4.996502620121450605e-03 -9.999999999000000000e+09
1.264520703607909809e+03 1.006423655794430605e+00 4.996506515763600616e-03 -9.999999999000000000e+09
1.264531248575518703e+03 1.004790258338618347e+00 4.996510398964178548e-03 -9.999999999000000000e+09
1.264541793631063229e+03 1.001348569587855231e+00 4.996514269817492644e-03 -9.999999999000000000e+09
1.264552338774544069e+03 9.988255272032379173e-01 4.996518128416738320e-03 -9.999999999000000000e+09
1.264562884005961905e+03 1.005832877544490689e+00 4.996521974854011179e-03 -9.999999999000000000e+09
1.264573429325317420e+03 9.949315027358250907e-01 4.996525809220326957e-03 -9.999999999000000000e+09
1.264583974732611523e+03 1.001528037920811576e+00 4.996529631605636269e-03 -9.999999999000000000e+09
1.264594520227844896e+03 1.005727942425552524e+00 4.996533442098842828e-03 -9.999999999000000000e+09
1.264605065811018449e+03 9.958130928845949636e-01 4.996537240787814714e-03 -9.999999999000000000e+09
1.264615611482132408e+03 1.002394353352813017e+00 4.996541027759402592e-03 -9.999999999000000000e+09
1.264626157241187911e+03 9.949717266497055679e-01 4.996544803099454458e-03 -9.999999999000000000e+09
1.264636703088185641e+03 9.903177169105853439e-01 4.996548566892827781e-03 -9.999999999000000000e+09
1.264647249023125823e+03 9.949996763937768440e-01 4.996552319223411184e-03 -9.999999999000000000e+09
1.264657795046010051e+03 1.000553073737274312e+00 4.996556060174128788e-03 -9.999999999000000000e+09
1.264668341156838551e+03 9.977211900495089880e-01 4.996559789826961022e-03 -9.999999999000000000e+09
1.264678887355612233e+03 9.977938350123730649e-01 4.996563508262955033e-03 -9.999999999000000000e+09
1.264689433642331778e+03 9.974910138516881464e-01 4.996567215562242037e-03 -9.999999999000000000e+09
1.264699980016997415e+03 9.924500114066866496e-01 4.996570911804045119e-03 -9.999999999000000000e+09
1.264710526479610962e+03 9.957539498542423706e-01 4.996574597066695718e-03 -9.999999999000000000e+09
1.264721073030172192e+03 9.987862376370816309e-01 4.996578271427650972e-03 -9.999999999000000000e+09
1.264731619668682242e+03 9.921958023239856317e-01 4.996581934963493718e-03 -9.999999999000000000e+09
1.264742166395142021e+03 1.008357226659496897e+00 4.996585587749957647e-03 -9.999999999000000000e+09
1.264752713209551757e+03 9.985421398167053653e-01 4.996589229861931637e-03 -9.999999999000000000e+09
1.264763260111912359e+03 9.993992247798865192e-01 4.996592861373477974e-03 -9.999999999000000000e+09
1.264773807102224964e+03 9.991903386084124428e-01 4.996596482357836683e-03 -9.999999999000000000e+09
1.264784354180489800e+03 1.001677759116891275e+00 4.996600092887443743e-03 -9.999999999000000000e+09
1.264794901346708002e+03 1.000555206014096754e+00 4.996603693033937164e-03 -9.999999999000000000e+09
1.264805448600880027e+03 1.007187762766470929e+00 4.996607282868174328e-03 -9.999999999000000000e+09
1.264815995943006556e+03 9.881329940603383877e-01 4.996610862460237196e-03 -9.999999999000000000e+09
1.264826543373088498e+03 9.906452995828760599e-01 4.996614431879444450e-03 -9.999999999000000000e+09
1.264837090891126536e+03 1.003605454815235998e+00 4.996617991194365373e-03 -9.999999999000000000e+09
1.264847638497121579e+03 9.962413359394332035e-01 4.996621540472828520e-03 -9.999999999000000000e+09
1.264858186191074083e+03 1.008723979972693696e+00 4.996625079781927790e-03 -9.999999999000000000e+09
1.264868733972984955e+03 9.984648203334803851e-01 4.996628609188039777e-03 -9.999999999000000000e+09
1.264879281842854652e+03 9.971826522662031733e-01 4.996632128756828967e-03 -9.999999999000000000e+09
1.264889829800684083e+03 9.965216840736457193e-01 4.996635638553258152e-03 -9.999999999000000000e+09
1.264900377846474385e+03 1.003183623199126018e+00 4.996639138641601439e-03 -9.999999999000000000e+09
1.264910925980225784e+03 1.005943052174073760e+00 4.996642629085448588e-03 -9.999999999000000000e+09
1.264921474201938963e+03 1.003635943136128139e+00 4.996646109947718017e-03 -9.999999999000000000e+09
1.264932022511614832e+03 1.003792266302881098e+00 4.996649581290662882e-03 -9.999999999000000000e+09
1.264942570909254300e+03 1.001159800026009572e+00 4.996653043175884081e-03 -9.999999999000000000e+09
1.264953119394858049e+03 9.862819623410485903e-01 4.996656495664336325e-03 -9.999999999000000000e+09
1.264963667968426535e+03 1.003957850682692721e+00 4.996659938816338555e-03 -9.999999999000000000e+09
1.264974216629960438e+03 9.952817406653376997e-01 4.996663372691577398e-03 -9.999999999000000000e+09
1.264984765379461123e+03 9.985148932521166198e-01 4.996666797349127130e-03 -9.999999999000000000e+09
1.264995314216928818e+03 1.006920395677379787e+00 4.996670212847444462e-03 -9.999999999000000000e+09
1.265005863142364205e+03 9.974996265111183424e-01 4.996673619244385023e-03 -9.999999999000000000e+09
1.265016412155767966e+03 9.979468105920346055e-01 4.996677016597209434e-03 -9.999999999000000000e+09
1.265026961257141238e+03 9.941451617232101023e-01 4.996680404962593712e-03 -9.999999999000000000e+09
1.265037510446484703e+03 1.004828062296737601e+00 4.996683784396628407e-03 -9.999999999000000000e+09
1.265048059723798588e+03 9.982645785279674611e-01 4.996687154954835945e-03 -9.999999999000000000e+09
1.265058609089084484e+03 9.962634222359681990e-01 4.996690516692177571e-03 -9.999999999000000000e+09
1.265069158542342166e+03 1.005220802486505471e+00 4.996693869663055079e-03 -9.999999999000000000e+09
1.265079708083572996e+03 1.000851122186285691e+00 4.996697213921317757e-03 -9.999999999000000000e+09
1.265090257712777657e+03 9.998719359435339626e-01 4.996700549520277992e-03 -9.999999999000000000e+09
1.265100807429956603e+03 1.006792356824252943e+00 4.996703876512711279e-03 -9.999999999000000000e+09
1.265111357235110518e+03 9.963779153745361272e-01 4.996707194950864017e-03 -9.999999999000000000e+09
1.265121907128240764e+03 9.927986793144917277e-01 4.996710504886463927e-03 -9.999999999000000000e+09
1.265132457109347342e+03 1.006414167636733747e+00 4.996713806370721780e-03 -9.999999999000000000e+09
1.265143007178431390e+03 1.000935783009768931e+00 4.996717099454340942e-03 -9.999999999000000000e+09
1.265153557335493588e+03 1.001332533195498531e+00 4.996720384187525177e-03 -9.999999999000000000e+09
1.265164107580534392e+03 1.001374291635920732e+00 4.996723660619984721e-03 -9.999999999000000000e+09
1.265174657913554938e+03 9.974281289286356378e-01 4.996726928800935413e-03 -9.999999999000000000e+09
1.265185208334556137e+03 1.001573099970248570e+00 4.996730188779119515e-03 -9.999999999000000000e+09
1.265195758843537760e+03 1.001876849956000459e+00 4.996733440602797900e-03 -9.999999999000000000e+09
1.265206309440501627e+03 9.923594948767354706e-01 4.996736684319762201e-03 -9.999999999000000000e+09
1.265216860125447965e+03 1.000277835207434851e+00 4.996739919977343479e-03 -9.999999999000000000e+09
1.265227410898377229e+03 1.001241021108294271e+00 4.996743147622409627e-03 -9.999999999000000000e+09
1.265237961759290783e+03 9.980754475839663797e-01 4.996746367301381844e-03 -9.999999999000000000e+09
1.265248512708188855e+03 9.983268574553325614e-01 4.996749579060230304e-03 -9.999999999000000000e+09
1.265259063745072353e+03 9.975092974646401212e-01 4.996752782944488894e-03 -9.999999999000000000e+09
1.265269614869942188e+03 9.958514595424736715e-01 4.996755978999254354e-03 -9.999999999000000000e+09
1.265280166082798587e+03 1.007593702882360720e+00 4.996759167269191476e-03 -9.999999999000000000e+09
1.265290717383643141e+03 1.007333378718526573e+00 4.996762347798542649e-03 -9.999999999000000000e+09
1.265301268772475623e+03 9.995801571144291575e-01 4.996765520631133925e-03 -9.999999999000000000e+09
1.265311820249297398e+03 9.939407711695285030e-01 4.996768685810372423e-03 -9.999999999000000000e+09
1.265322371814109147e+03 9.984713527309126979e-01 4.996771843379260204e-03 -9.999999999000000000e+09
1.265332923466911325e+03 9.931736081598530053e-01 4.996774993380396004e-03 -9.999999999000000000e+09
1.265343475207705069e+03 1.002203358392041777e+00 4.996778135855976972e-03 -9.999999999000000000e+09
1.265354027036490379e+03 9.964610338339805473e-01 4.996781270847808210e-03 -9.999999999000000000e+09
1.265364578953268847e+03 1.002077258275555049e+00 4.996784398397307106e-03 -9.999999999000000000e+09
1.265375130958040700e+03 1.001103073314889791e+00 4.996787518545502474e-03 -9.999999999000000000e+09
1.265385683050806620e+03 1.002537924566293981e+00 4.996790631333052762e-03 -9.999999999000000000e+09
1.265396235231567744e+03 9.964266526869416385e-01 4.996793736800231311e-03 -9.999999999000000000e+09
1.265406787500324754e+03 9.929189796798447709e-01 4.996796834986949772e-03 -9.999999999000000000e+09
1.265417339857078105e+03 9.981539344410476078e-01 4.996799925932746828e-03 -9.999999999000000000e+09
1.265427892301828251e+03 1.005165692251041021e+00 4.996803009676806413e-03 -9.999999999000000000e+09
1.265438444834576785e+03 9.950176004764693660e-01 4.996806086257952507e-03 -9.999999999000000000e+09
1.265448997455323706e+03 1.003108886856430182e+00 4.996809155714656073e-03 -9.999999999000000000e+09
1.265459550164070379e+03 9.939158315578133784e-01 4.996812218085041127e-03 -9.999999999000000000e+09
1.265470102960816803e+03 1.002762658521219263e+00 4.996815273406886478e-03 -9.999999999000000000e+09
1.265480655845564115e+03 1.007544405314530822e+00 4.996818321717631795e-03 -9.999999999000000000e+09
1.265491208818313225e+03 9.938601843420390436e-01 4.996821363054380211e-03 -9.999999999000000000e+09
1.265501761879064361e+03 9.980454361067702118e-01 4.996824397453904394e-03 -9.999999999000000000e+09
1.265512315027818659e+03 9.928213135443496595e-01 4.996827424952647416e-03 -9.999999999000000000e+09
1.265522868264576573e+03 1.002059337528708349e+00 4.996830445586727086e-03 -9.999999999000000000e+09
1.265533421589339241e+03 9.972751373856902912e-01 4.996833459391947230e-03 -9.999999999000000000e+09
1.265543975002107118e+03 1.005516863666898519e+00 4.996836466403785544e-03 -9.999999999000000000e+09
1.265554528502881340e+03 9.979328847947062098e-01 4.996839466657414415e-03 -9.999999999000000000e+09
1.265565082091661679e+03 1.001020638627660331e+00 4.996842460187697448e-03 -9.999999999000000000e+09
1.265575635768449956e+03 9.965465953416449141e-01 4.996845447029185996e-03 -9.999999999000000000e+09
1.265586189533246170e+03 9.973029607005922115e-01 4.996848427216135646e-03 -9.999999999000000000e+09
1.265596743386051230e+03 1.001547440354418672e+00 4.996851400782502742e-03 -9.999999999000000000e+09
1.265607297326866274e+03 9.987237787560085955e-01 4.996854367761948724e-03 -9.999999999000000000e+09
1.265617851355691528e+03 9.986322297038856544e-01 4.996857328187841001e-03 -9.999999999000000000e+09
1.265628405472527902e+03 9.992491336613994468e-01 4.996860282093260747e-03 -9.999999999000000000e+09
1.265638959677375851e+03 9.997900183590100465e-01 4.996863229511006380e-03 -9.999999999000000000e+09
1.265649513970236740e+03 1.002835321446178485e+00 4.996866170473591821e-03 -9.999999999000000000e+09
1.265660068351111022e+03 9.869362812033418697e-01 4.996869105013254306e-03 -9.999999999000000000e+09
1.265670622819998925e+03 1.001470866106716873e+00 4.996872033161957848e-03 -9.999999999000000000e+09
1.265681177376902269e+03 9.997300864757222572e-01 4.996874954951388038e-03 -9.999999999000000000e+09
1.265691732021820599e+03 9.981356838464436887e-01 4.996877870412968527e-03 -9.999999999000000000e+09
1.265702286754755505e+03 9.916650635793327062e-01 4.996880779577857548e-03 -9.999999999000000000e+09
1.265712841575707444e+03 9.934417804796767948e-01 4.996883682476944456e-03 -9.999999999000000000e+09
1.265723396484676641e+03 9.927675025699085332e-01 4.996886579140864468e-03 -9.999999999000000000e+09
1.265733951481664917e+03 1.000256914830017552e+00 4.996889469599994325e-03 -9.999999999000000000e+09
1.265744506566672044e+03 1.004438279890301988e+00 4.996892353884456635e-03 -9.999999999000000000e+09
1.265755061739699158e+03 9.959234276992569024e-01 4.996895232024121600e-03 -9.999999999000000000e+09
1.265765617000746943e+03 1.000770265241396340e+00 4.996898104048614828e-03 -9.999999999000000000e+09
1.265776172349816306e+03 1.000672871653029761e+00 4.996900969987314728e-03 -9.999999999000000000e+09
1.265786727786907477e+03 9.999650973014558852e-01 4.996903829869355981e-03 -9.999999999000000000e+09
1.265797283312021818e+03 9.959505442104796824e-01 4.996906683723635612e-03 -9.999999999000000000e+09
1.265807838925159558e+03 9.974274296581228105e-01 4.996909531578812118e-03 -9.999999999000000000e+09
1.265818394626321606e+03 1.005381405936349282e+00 4.996912373463307210e-03 -9.999999999000000000e+09
1.265828950415509098e+03 9.911084312574696131e-01 4.996915209405313613e-03 -9.999999999000000000e+09
1.265839506292721808e+03 1.004269006954155996e+00 4.996918039432797672e-03 -9.999999999000000000e+09
1.265850062257961554e+03 1.008521106066895712e+00 4.996920863573489809e-03 -9.999999999000000000e+09
1.265860618311228336e+03 1.000672050682110736e+00 4.996923681854902738e-03 -9.999999999000000000e+09
1.265871174452523292e+03 9.988871469789760704e-01 4.996926494304327129e-03 -9.999999999000000000e+09
1.265881730681846875e+03 1.000872134236767685e+00 4.996929300948831608e-03 -9.999999999000000000e+09
1.265892286999199769e+03 9.948989521628733845e-01 4.996932101815267958e-03 -9.999999999000000000e+09
1.265902843404583336e+03 9.922144601583761103e-01 4.996934896930275462e-03 -9.999999999000000000e+09
1.265913399897997351e+03 9.907323958608703629e-01 4.996937686320278293e-03 -9.999999999000000000e+09
1.265923956479443405e+03 9.891891483628721948e-01 4.996940470011492462e-03 -9.999999999000000000e+09
1.265934513148921724e+03 1.001030457436780541e+00 4.996943248029924074e-03 -9.999999999000000000e+09
1.265945069906433218e+03 1.004649853444515850e+00 4.996946020401376275e-03 -9.999999999000000000e+09
1.265955626751978571e+03 9.982600497401475925e-01 4.996948787151445776e-03 -9.999999999000000000e+09
1.265966183685558462e+03 1.002665600318505712e+00 4.996951548305530663e-03 -9.999999999000000000e+09
1.265976740707173803e+03 9.931193523341953489e-01 4.996954303888832133e-03 -9.999999999000000000e+09
1.265987297816825276e+03 9.962203355370122804e-01 4.996957053926346683e-03 -9.999999999000000000e+09
1.265997855014513561e+03 9.990574909409087878e-01 4.996959798442881726e-03 -9.999999999000000000e+09
1.266008412300239343e+03 1.000543623546405581e+00 4.996962537463053855e-03 -9.999999999000000000e+09
1.266018969674003074e+03 9.914709178815959145e-01 4.996965271011284508e-03 -9.999999999000000000e+09
1.266029527135806347e+03 1.002742597058644769e+00 4.996967999111805170e-03 -9.999999999000000000e+09
1.266040084685649163e+03 9.946594425729168298e-01 4.996970721788667781e-03 -9.999999999000000000e+09
1.266050642323532657e+03 1.003977884694644329e+00 4.996973439065734331e-03 -9.999999999000000000e+09
1.266061200049457057e+03 1.003684135947993772e+00 4.996976150966682927e-03 -9.999999999000000000e+09
1.266071757863423727e+03 1.001132507987012366e+00 4.996978857515014735e-03 -9.999999999000000000e+09
1.266082315765432668e+03 1.002876771327648520e+00 4.996981558734050512e-03 -9.999999999000000000e+09
1.266092873755485471e+03 9.922600257045984806e-01 4.996984254646931467e-03 -9.999999999000000000e+09
1.266103431833582363e+03 9.873912782063021254e-01 4.996986945276629677e-03 -9.999999999000000000e+09
1.266113989999724026e+03 9.905849361263249220e-01 4.996989630645936806e-03 -9.999999999000000000e+09
1.266124548253911371e+03 9.966778447746920122e-01 4.996992310777476250e-03 -9.999999999000000000e+09
1.266135106596144851e+03 1.004111559433430001e+00 4.996994985693704004e-03 -9.999999999000000000e+09
1.266145665026425831e+03 9.939473170809713931e-01 4.996997655416902592e-03 -9.999999999000000000e+09
1.266156223544754312e+03 9.955434729714834896e-01 4.997000319969190606e-03 -9.999999999000000000e+09
1.266166782151131429e+03 1.004158275101602493e+00 4.997002979372525307e-03 -9.999999999000000000e+09
1.266177340845557865e+03 1.005877730980678342e+00 4.997005633648696557e-03 -9.999999999000000000e+09
1.266187899628034302e+03 1.002905855173053418e+00 4.997008282819333756e-03 -9.999999999000000000e+09
1.266198458498561649e+03 9.951780977924714611e-01 4.997010926905909312e-03 -9.999999999000000000e+09
1.266209017457140590e+03 1.002744553240324743e+00 4.997013565929735168e-03 -9.999999999000000000e+09
1.266219576503771577e+03 9.992302765345509874e-01 4.997016199911967146e-03 -9.999999999000000000e+09
1.266230135638455295e+03 9.945623712274981321e-01 4.997018828873607543e-03 -9.999999999000000000e+09
1.266240694861193106e+03 1.003646420762215108e+00 4.997021452835503398e-03 -9.999999999000000000e+09
1.266251254171985238e+03 9.943562721028654794e-01 4.997024071818351697e-03 -9.999999999000000000e+09
1.266261813570832601e+03 1.003871247245419207e+00 4.997026685842699371e-03 -9.999999999000000000e+09
1.266272373057735877e+03 1.003713650809088476e+00 4.997029294928943301e-03 -9.999999999000000000e+09
1.266282932632695520e+03 1.004472611349622957e+00 4.997031899097336381e-03 -9.999999999000000000e+09
1.266293492295712895e+03 1.004042784042711078e+00 4.997034498367980589e-03 -9.999999999000000000e+09
1.266304052046788001e+03 9.975073557716641615e-01 4.997037092760839121e-03 -9.999999999000000000e+09
1.266314611885922204e+03 9.964593133816154191e-01 4.997039682295731193e-03 -9.999999999000000000e+09
1.266325171813115958e+03 1.009336806981483869e+00 4.997042266992327703e-03 -9.999999999000000000e+09
1.266335731828370172e+03 1.000504249087106334e+00 4.997044846870171177e-03 -9.999999999000000000e+09
1.266346291931685300e+03 1.000973931800693828e+00 4.997047421948658426e-03 -9.999999999000000000e+09
1.266356852123062254e+03 9.926864230905695363e-01 4.997049992247048350e-03 -9.999999999000000000e+09
1.266367412402501486e+03 1.003219358483077306e+00 4.997052557784469745e-03 -9.999999999000000000e+09
1.266377972770004135e+03 1.002091811134339094e+00 4.997055118579909160e-03 -9.999999999000000000e+09
1.266388533225570882e+03 9.979359531687017615e-01 4.997057674652226507e-03 -9.999999999000000000e+09
1.266399093769202182e+03 9.959162244463736213e-01 4.997060226020146392e-03 -9.999999999000000000e+09
1.266409654400898944e+03 9.963280519047782446e-01 4.997062772702265052e-03 -9.999999999000000000e+09
1.266420215120662078e+03 1.001298824177793811e+00 4.997065314717048616e-03 -9.999999999000000000e+09
1.266430775928492039e+03 9.988124104977891271e-01 4.997067852082831378e-03 -9.999999999000000000e+09
1.266441336824389509e+03 9.952556049569982743e-01 4.997070384817827067e-03 -9.999999999000000000e+09
1.266451897808355625e+03 1.005218126098060605e+00 4.997072912940119307e-03 -9.999999999000000000e+09
1.266462458880390841e+03 9.952058754473398494e-01 4.997075436467671161e-03 -9.999999999000000000e+09
1.266473020040495840e+03 9.982153411665014575e-01 4.997077955418316453e-03 -9.999999999000000000e+09
1.266483581288671303e+03 9.894901408553923305e-01 4.997080469809774515e-03 -9.999999999000000000e+09
1.266494142624918140e+03 1.005506381162944329e+00 4.997082979659638914e-03 -9.999999999000000000e+09
1.266504704049237262e+03 1.004238587357005441e+00 4.997085484985382652e-03 -9.999999999000000000e+09
1.266515265561629121e+03 9.957446483806429161e-01 4.997087985804366840e-03 -9.999999999000000000e+09
1.266525827162094402e+03 9.947893380937746777e-01 4.997090482133826825e-03 -9.999999999000000000e+09
1.266536388850634012e+03 9.957032316877113542e-01 4.997092973990886061e-03 -9.999999999000000000e+09
1.266546950627248407e+03 9.929644473040053487e-01 4.997095461392554380e-03 -9.999999999000000000e+09
1.266557512491938724e+03 9.902032350035916419e-01 4.997097944355723652e-03 -9.999999999000000000e+09
1.266568074444705644e+03 1.001416481947805970e+00 4.997100422897176458e-03 -9.999999999000000000e+09
1.266578636485549396e+03 1.001878185228665119e+00 4.997102897033578288e-03 -9.999999999000000000e+09
1.266589198614471343e+03 9.834983762528080042e-01 4.997105366781488811e-03 -9.999999999000000000e+09
1.266599760831471940e+03 1.000818314901284589e+00 4.997107832157355808e-03 -9.999999999000000000e+09
1.266610323136551870e+03 1.001859806062492142e+00 4.997110293177519508e-03 -9.999999999000000000e+09
1.266620885529712268e+03 9.981360954824946008e-01 4.997112749858209982e-03 -9.999999999000000000e+09
1.266631448010953363e+03 1.003527882234023005e+00 4.997115202215552353e-03 -9.999999999000000000e+09
1.266642010580275837e+03 1.001421111727847757e+00 4.997117650265565057e-03 -9.999999999000000000e+09
1.266652573237680599e+03 9.990618413676387588e-01 4.997120094024163316e-03 -9.999999999000000000e+09
1.266663135983169013e+03 1.002549389005721325e+00 4.997122533507155663e-03 -9.999999999000000000e+09
1.266673698816740625e+03 9.933095393673235796e-01 4.997124968730246551e-03 -9.999999999000000000e+09
1.266684261738397254e+03 9.977063436008318797e-01 4.997127399709047624e-03 -9.999999999000000000e+09
1.266694824748139126e+03 1.003399155388315700e+00 4.997129826459059503e-03 -9.999999999000000000e+09
1.266705387845966698e+03 1.001088286601181876e+00 4.997132248995685665e-03 -9.999999999000000000e+09
1.266715951031881332e+03 9.964236761738415327e-01 4.997134667334232443e-03 -9.999999999000000000e+09
1.266726514305883029e+03 9.937019755044255165e-01 4.997137081489906422e-03 -9.999999999000000000e+09
1.266737077667973381e+03 9.922439531326823214e-01 4.997139491477816178e-03 -9.999999999000000000e+09
1.266747641118152387e+03 1.004822033542490223e+00 4.997141897312974874e-03 -9.999999999000000000e+09
1.266758204656421412e+03 9.942077942508574795e-01 4.997144299010300265e-03 -9.999999999000000000e+09
1.266768768282780684e+03 1.009220066874327859e+00 4.997146696584613829e-03 -9.999999999000000000e+09
1.266779331997231111e+03 9.920345413104658672e-01 4.997149090050645968e-03 -9.999999999000000000e+09
1.266789895799773603e+03 9.901901767103432617e-01 4.997151479423030812e-03 -9.999999999000000000e+09
1.266800459690408388e+03 1.003500768112300934e+00 4.997153864716311414e-03 -9.999999999000000000e+09
1.266811023669136830e+03 9.953151906166487484e-01 4.997156245944940622e-03 -9.999999999000000000e+09
1.266821587735959156e+03 1.002482053159995390e+00 4.997158623123281081e-03 -9.999999999000000000e+09
1.266832151890876503e+03 1.001908670538043999e+00 4.997160996265602624e-03 -9.999999999000000000e+09
1.266842716133889326e+03 9.985650887916915908e-01 4.997163365386089219e-03 -9.999999999000000000e+09
1.266853280464998534e+03 1.001562486559466114e+00 4.997165730498834627e-03 -9.999999999000000000e+09
1.266863844884204809e+03 9.905635308374896031e-01 4.997168091617846739e-03 -9.999999999000000000e+09
1.266874409391508834e+03 1.002279669929422745e+00 4.997170448757045844e-03 -9.999999999000000000e+09
1.266884973986911291e+03 1.001245768063846908e+00 4.997172801930268096e-03 -9.999999999000000000e+09
1.266895538670412861e+03 1.002129582010393483e+00 4.997175151151260312e-03 -9.999999999000000000e+09
1.266906103442014455e+03 1.000412667639587472e+00 4.997177496433691246e-03 -9.999999999000000000e+09
1.266916668301716982e+03 9.914758262013484424e-01 4.997179837791141180e-03 -9.999999999000000000e+09
1.266927233249520668e+03 1.004232636679851298e+00 4.997182175237108864e-03 -9.999999999000000000e+09
1.266937798285426879e+03 9.987238082278344642e-01 4.997184508785013253e-03 -9.999999999000000000e+09
1.266948363409435842e+03 1.003758006371609834e+00 4.997186838448187431e-03 -9.999999999000000000e+09
1.266958928621548239e+03 1.000492840071785405e+00 4.997189164239887287e-03 -9.999999999000000000e+09
1.266969493921765434e+03 9.989746842453816056e-01 4.997191486173287178e-03 -9.999999999000000000e+09
1.266980059310087427e+03 9.997937834627060871e-01 4.997193804261482533e-03 -9.999999999000000000e+09
1.266990624786515355e+03 9.918036632214380921e-01 4.997196118517492451e-03 -9.999999999000000000e+09
1.267001190351050127e+03 1.004535202461609655e+00 4.997198428954251898e-03 -9.999999999000000000e+09
1.267011756003691744e+03 1.000049974743587144e+00 4.997200735584626449e-03 -9.999999999000000000e+09
1.267022321744441797e+03 9.906937083670794841e-01 4.997203038421398416e-03 -9.999999999000000000e+09
1.267032887573300513e+03 1.008494929284224906e+00 4.997205337477278117e-03 -9.999999999000000000e+09
1.267043453490268803e+03 9.974220505682839244e-01 4.997207632764897808e-03 -9.999999999000000000e+09
1.267054019495347347e+03 9.918331216881922652e-01 4.997209924296820358e-03 -9.999999999000000000e+09
1.267064585588536829e+03 9.997512941319781632e-01 4.997212212085527100e-03 -9.999999999000000000e+09
1.267075151769838158e+03 9.969849168157340902e-01 4.997214496143431717e-03 -9.999999999000000000e+09
1.267085718039251788e+03 1.009761311853672350e+00 4.997216776482872429e-03 -9.999999999000000000e+09
1.267096284396778628e+03 1.011008742239072999e+00 4.997219053116117200e-03 -9.999999999000000000e+09
1.267106850842419362e+03 9.970825074258971021e-01 4.997221326055358535e-03 -9.999999999000000000e+09
1.267117417376175126e+03 9.960363770203625178e-01 4.997223595312724753e-03 -9.999999999000000000e+09
1.267127983998045920e+03 1.000984738513201133e+00 4.997225860900266978e-03 -9.999999999000000000e+09
1.267138550708032881e+03 9.917490595900538830e-01 4.997228122829968679e-03 -9.999999999000000000e+09
1.267149117506136918e+03 9.939326146705151910e-01 4.997230381113747406e-03 -9.999999999000000000e+09
1.267159684392358486e+03 1.001854358774287634e+00 4.997232635763450455e-03 -9.999999999000000000e+09
1.267170251366698494e+03 9.874795703714459583e-01 4.997234886790852260e-03 -9.999999999000000000e+09
1.267180818429157398e+03 9.932119133272392375e-01 4.997237134207668276e-03 -9.999999999000000000e+09
1.267191385579736107e+03 9.970972229743852999e-01 4.997239378025539365e-03 -9.999999999000000000e+09
1.267201952818435529e+03 9.982590343360417950e-01 4.997241618256044807e-03 -9.999999999000000000e+09
1.267212520145256349e+03 9.984959670973443391e-01 4.997243854910694491e-03 -9.999999999000000000e+09
1.267223087560199019e+03 1.000465311473374808e+00 4.997246088000939328e-03 -9.999999999000000000e+09
1.267233655063264223e+03 1.000071684840439179e+00 4.997248317538158235e-03 -9.999999999000000000e+09
1.267244222654453324e+03 1.005398050375042818e+00 4.997250543533668550e-03 -9.999999999000000000e+09
1.267254790333766323e+03 9.976902098191100521e-01 4.997252765998725157e-03 -9.999999999000000000e+09
1.267265358101204356e+03 9.966206165798661143e-01 4.997254984944519626e-03 -9.999999999000000000e+09
1.267275925956768106e+03 9.963594408157316895e-01 4.997257200382181942e-03 -9.999999999000000000e+09
1.267286493900458481e+03 9.962042463429481298e-01 4.997259412322776172e-03 -9.999999999000000000e+09
1.267297061932275710e+03 1.004335098586829123e+00 4.997261620777305666e-03 -9.999999999000000000e+09
1.267307630052220929e+03 9.978890348635287566e-01 4.997263825756717397e-03 -9.999999999000000000e+09
1.267318198260294821e+03 9.995206063702589683e-01 4.997266027271891550e-03 -9.999999999000000000e+09
1.267328766556498294e+03 1.009022672640863538e+00 4.997268225333654536e-03 -9.999999999000000000e+09
1.267339334940831577e+03 9.934344792812702662e-01 4.997270419952764241e-03 -9.999999999000000000e+09
1.267349903413296033e+03 9.911804356955423723e-01 4.997272611139929981e-03 -9.999999999000000000e+09
1.267360471973891890e+03 9.992347690966565388e-01 4.997274798905794284e-03 -9.999999999000000000e+09
1.267371040622619830e+03 1.006633876554879681e+00 4.997276983260944168e-03 -9.999999999000000000e+09
1.267381609359480763e+03 9.990752099438729994e-01 4.997279164215910272e-03 -9.999999999000000000e+09
1.267392178184475824e+03 9.845971583856272247e-01 4.997281341781164253e-03 -9.999999999000000000e+09
1.267402747097605470e+03 1.002442317378701597e+00 4.997283515967120525e-03 -9.999999999000000000e+09
1.267413316098870155e+03 1.001214143036335269e+00 4.997285686784138856e-03 -9.999999999000000000e+09
1.267423885188270788e+03 1.001044477818561429e+00 4.997287854242522635e-03 -9.999999999000000000e+09
1.267434454365808051e+03 9.983521079142473331e-01 4.997290018352518876e-03 -9.999999999000000000e+09
1.267445023631483082e+03 1.001416697017355251e+00 4.997292179124319944e-03 -9.999999999000000000e+09
1.267455592985295880e+03 1.001242129363660638e+00 4.997294336568062698e-03 -9.999999999000000000e+09
1.267466162427247809e+03 1.010333149210579817e+00 4.997296490693831951e-03 -9.999999999000000000e+09
1.267476731957339553e+03 1.010635686434936842e+00 4.997298641511656141e-03 -9.999999999000000000e+09
1.267487301575571564e+03 9.960191591922992194e-01 4.997300789031514263e-03 -9.999999999000000000e+09
1.267497871281944526e+03 9.992410630332853039e-01 4.997302933263328070e-03 -9.999999999000000000e+09
1.267508441076459803e+03 1.004325359332918444e+00 4.997305074216967270e-03 -9.999999999000000000e+09
1.267519010959117168e+03 1.005039238813704827e+00 4.997307211902253000e-03 -9.999999999000000000e+09
1.267529580929918438e+03 1.004423625166829703e+00 4.997309346328952621e-03 -9.999999999000000000e+09
1.267540150988863161e+03 9.998668318682802925e-01 4.997311477506778850e-03 -9.999999999000000000e+09
1.267550721135952926e+03 9.962245905795867884e-01 4.997313605445399300e-03 -9.999999999000000000e+09
1.267561291371188418e+03 1.002959353571036827e+00 4.997315730154428676e-03 -9.999999999000000000e+09
1.267571861694570089e+03 9.917631137147904230e-01 4.997317851643429641e-03 -9.999999999000000000e+09
1.267582432106098622e+03 1.002421882824708232e+00 4.997319969921917154e-03 -9.999999999000000000e+09
1.267593002605774927e+03 9.977839571335247459e-01 4.997322084999357601e-03 -9.999999999000000000e+09
1.267603573193599914e+03 9.972254475633243187e-01 4.997324196885165326e-03 -9.999999999000000000e+09
1.267614143869574036e+03 9.994306803322767774e-01 4.997326305588707836e-03 -9.999999999000000000e+09
1.267624714633697977e+03 9.928486493866710560e-01 4.997328411119305799e-03 -9.999999999000000000e+09
1.267635285485972645e+03 9.999872790617383433e-01 4.997330513486232181e-03 -9.999999999000000000e+09
1.267645856426398723e+03 1.003236890793919311e+00 4.997332612698706170e-03 -9.999999999000000000e+09
1.267656427454977120e+03 1.000319123185496650e+00 4.997334708765907921e-03 -9.999999999000000000e+09
1.267666998571708064e+03 1.006099198774648595e+00 4.997336801696966417e-03 -9.999999999000000000e+09
1.267677569776592918e+03 9.935682267255991906e-01 4.997338891500964671e-03 -9.999999999000000000e+09
1.267688141069632138e+03 1.001138956409843406e+00 4.997340978186940591e-03 -9.999999999000000000e+09
1.267698712450826179e+03 9.987854082929656929e-01 4.997343061763886984e-03 -9.999999999000000000e+09
1.267709283920176404e+03 1.004166648297363684e+00 4.997345142240747218e-03 -9.999999999000000000e+09
1.267719855477683041e+03 9.978626858633443675e-01 4.997347219626425627e-03 -9.999999999000000000e+09
1.267730427123346999e+03 1.000372577193746837e+00 4.997349293929774505e-03 -9.999999999000000000e+09
1.267740998857168961e+03 1.002840467310673001e+00 4.997351365159609718e-03 -9.999999999000000000e+09
1.267751570679149836e+03 9.901363023328589863e-01 4.997353433324695088e-03 -9.999999999000000000e+09
1.267762142589290079e+03 9.976911775155998807e-01 4.997355498433759743e-03 -9.999999999000000000e+09
1.267772714587590599e+03 9.984818364219355535e-01 4.997357560495480772e-03 -9.999999999000000000e+09
1.267783286674052079e+03 1.008439011795305484e+00 4.997359619518496228e-03 -9.999999999000000000e+09
1.267793858848674972e+03 9.946658049830394699e-01 4.997361675511402535e-03 -9.999999999000000000e+09
1.267804431111460872e+03 9.961901830148063297e-01 4.997363728482747541e-03 -9.999999999000000000e+09
1.267815003462409777e+03 9.995544191909326859e-01 4.997365778441047873e-03 -9.999999999000000000e+09
1.267825575901522143e+03 1.005504687820177656e+00 4.997367825394766379e-03 -9.999999999000000000e+09
1.267836148428799788e+03 1.001131734541629070e+00 4.997369869352332947e-03 -9.999999999000000000e+09
1.267846721044242258e+03 9.948364962097651087e-01 4.997371910322130628e-03 -9.999999999000000000e+09
1.267857293747851372e+03 9.894023055401959255e-01 4.997373948312506045e-03 -9.999999999000000000e+09
1.267867866539627130e+03 9.996110049763160532e-01 4.997375983331761584e-03 -9.999999999000000000e+09
1.267878439419570441e+03 1.007169834280693621e+00 4.997378015388161468e-03 -9.999999999000000000e+09
1.267889012387681987e+03 1.002373047531425421e+00 4.997380044489927418e-03 -9.999999999000000000e+09
1.267899585443962906e+03 9.953267300774881754e-01 4.997382070645246463e-03 -9.999999999000000000e+09
1.267910158588413424e+03 1.004783534264921618e+00 4.997384093862257924e-03 -9.999999999000000000e+09
1.267920731821034451e+03 9.847610542687607049e-01 4.997386114149070767e-03 -9.999999999000000000e+09
1.267931305141826670e+03 9.926734830712625746e-01 4.997388131513748853e-03 -9.999999999000000000e+09
1.267941878550791216e+03 9.964870349353557311e-01 4.997390145964320483e-03 -9.999999999000000000e+09
1.267952452047928318e+03 1.001985651661647436e+00 4.997392157508773192e-03 -9.999999999000000000e+09
1.267963025633238658e+03 9.986958001174210953e-01 4.997394166155059818e-03 -9.999999999000000000e+09
1.267973599306723372e+03 9.982610720345932442e-01 4.997396171911091568e-03 -9.999999999000000000e+09
1.267984173068383370e+03 9.963866388519212469e-01 4.997398174784743220e-03 -9.999999999000000000e+09
1.267994746918218425e+03 1.001296990842846402e+00 4.997400174783854856e-03 -9.999999999000000000e+09
1.268005320856230355e+03 1.002600933000500794e+00 4.997402171916228396e-03 -9.999999999000000000e+09
1.268015894882419389e+03 9.997770592188426342e-01 4.997404166189624991e-03 -9.999999999000000000e+09
1.268026468996786207e+03 1.007839101279111915e+00 4.997406157611771968e-03 -9.999999999000000000e+09
1.268037043199331492e+03 1.005981874175090995e+00 4.997408146190365427e-03 -9.999999999000000000e+09
1.268047617490056609e+03 9.969942831553795237e-01 4.997410131933055499e-03 -9.999999999000000000e+09
1.268058191868961330e+03 1.001345585778806058e+00 4.997412114847466294e-03 -9.999999999000000000e+09
1.268068766336047020e+03 1.002204870114223656e+00 4.997414094941179420e-03 -9.999999999000000000e+09
1.268079340891314359e+03 1.005359400761824284e+00 4.997416072221743527e-03 -9.999999999000000000e+09
1.268089915534764032e+03 9.935265440091181066e-01 4.997418046696673437e-03 -9.999999999000000000e+09
1.268100490266396719e+03 1.001243360211966804e+00 4.997420018373448410e-03 -9.999999999000000000e+09
1.268111065086213102e+03 9.948716433260230696e-01 4.997421987259513879e-03 -9.999999999000000000e+09
1.268121639994214092e+03 1.003290343566474840e+00 4.997423953362277113e-03 -9.999999999000000000e+09
1.268132214990400144e+03 1.005832250153548824e+00 4.997425916689116759e-03 -9.999999999000000000e+09
1.268142790074772165e+03 1.003525596927414831e+00 4.997427877247374167e-03 -9.999999999000000000e+09
1.268153365247331294e+03 9.960690415207388293e-01 4.997429835044358594e-03 -9.999999999000000000e+09
1.268163940508077530e+03 1.003987069614209249e+00 4.997431790087346337e-03 -9.999999999000000000e+09
1.268174515857011784e+03 1.004711354179130822e+00 4.997433742383578133e-03 -9.999999999000000000e+09
1.268185091294135418e+03 9.938234471530938974e-01 4.997435691940263491e-03 -9.999999999000000000e+09
1.268195666819448206e+03 9.903481695357660985e-01 4.997437638764578964e-03 -9.999999999000000000e+09
1.268206242432951740e+03 9.985090269331292623e-01 4.997439582863671612e-03 -9.999999999000000000e+09
1.268216818134646246e+03 9.937076297733868913e-01 4.997441524244648596e-03 -9.999999999000000000e+09
1.268227393924532862e+03 9.922293941968680642e-01 4.997443462914592793e-03 -9.999999999000000000e+09
1.268237969802611588e+03 9.989841392171651124e-01 4.997445398880552385e-03 -9.999999999000000000e+09
1.268248545768884014e+03 1.002983419800371534e+00 4.997447332149543460e-03 -9.999999999000000000e+09
1.268259121823350597e+03 9.959586261175333854e-01 4.997449262728550015e-03 -9.999999999000000000e+09
1.268269697966011563e+03 1.001881152127260366e+00 4.997451190624528292e-03 -9.999999999000000000e+09
1.268280274196868504e+03 1.001307600387953078e+00 4.997453115844398969e-03 -9.999999999000000000e+09
1.268290850515921647e+03 1.003810153796634186e+00 4.997455038395054103e-03 -9.999999999000000000e+09
1.268301426923171448e+03 9.991542266594483079e-01 4.997456958283356260e-03 -9.999999999000000000e+09
1.268312003418619270e+03 1.007627493799718055e+00 4.997458875516136781e-03 -9.999999999000000000e+09
1.268322580002265340e+03 1.000273582212068302e+00 4.997460790100197517e-03 -9.999999999000000000e+09
1.268333156674111024e+03 9.972005815016354857e-01 4.997462702042309093e-03 -9.999999999000000000e+09
1.268343733434156320e+03 9.967891896387101047e-01 4.997464611349212646e-03 -9.999999999000000000e+09
1.268354310282402366e+03 9.991953490962424134e-01 4.997466518027619820e-03 -9.999999999000000000e+09
1.268364887218849844e+03 1.010483702706509890e+00 4.997468422084211902e-03 -9.999999999000000000e+09
1.268375464243499664e+03 1.001261963017629819e+00 4.997470323525645894e-03 -9.999999999000000000e+09
1.268386041356352280e+03 1.009084855122848401e+00 4.997472222358541501e-03 -9.999999999000000000e+09
1.268396618557408374e+03 9.982404940573290641e-01 4.997474118589497610e-03 -9.999999999000000000e+09
1.268407195846668856e+03 9.995807525867593801e-01 4.997476012225080151e-03 -9.999999999000000000e+09
1.268417773224134407e+03 1.006228791064748274e+00 4.997477903271827296e-03 -9.999999999000000000e+09
1.268428350689806166e+03 9.980757710091441304e-01 4.997479791736247727e-03 -9.999999999000000000e+09
1.268438928243683904e+03 1.003625651733031754e+00 4.997481677624826708e-03 -9.999999999000000000e+09
1.268449505885769440e+03 1.001327348932491201e+00 4.997483560944018278e-03 -9.999999999000000000e+09
1.268460083616062775e+03 9.941490809398407791e-01 4.997485441700247853e-03 -9.999999999000000000e+09
1.268470661434565045e+03 9.957166483511690203e-01 4.997487319899913960e-03 -9.999999999000000000e+09
1.268481239341276705e+03 9.984033504130519487e-01 4.997489195549389106e-03 -9.999999999000000000e+09
1.268491817336198665e+03 1.005087169805434888e+00 4.997491068655018909e-03 -9.999999999000000000e+09
1.268502395419331378e+03 9.955177475605661019e-01 4.997492939223119497e-03 -9.999999999000000000e+09
1.268512973590676211e+03 1.004483967450341630e+00 4.997494807259983580e-03 -9.999999999000000000e+09
1.268523551850233389e+03 1.002508503143747731e+00 4.997496672771873510e-03 -9.999999999000000000e+09
1.268534130198003595e+03 1.000044311475559722e+00 4.997498535765026485e-03 -9.999999999000000000e+09
1.268544708633987739e+03 9.995864625552288718e-01 4.997500396245658019e-03 -9.999999999000000000e+09
1.268555287158186502e+03 9.957020884118336079e-01 4.997502254219948065e-03 -9.999999999000000000e+09
1.268565865770600794e+03 1.000784531320666249e+00 4.997504109694058359e-03 -9.999999999000000000e+09
1.268576444471231071e+03 9.964432707572008496e-01 4.997505962674124620e-03 -9.999999999000000000e+09
1.268587023260078468e+03 1.003260209558877847e+00 4.997507813166250472e-03 -9.999999999000000000e+09
1.268597602137143440e+03 1.005476398337004973e+00 4.997509661176522192e-03 -9.999999999000000000e+09
1.268608181102426443e+03 1.006161195739399439e+00 4.997511506710993964e-03 -9.999999999000000000e+09
1.268618760155928840e+03 1.014680037070194274e+00 4.997513349775699158e-03 -9.999999999000000000e+09
1.268629339297650858e+03 1.002425530014466437e+00 4.997515190376645121e-03 -9.999999999000000000e+09
1.268639918527593409e+03 1.007438223237778985e+00 4.997517028519813179e-03 -9.999999999000000000e+09
1.268650497845757400e+03 1.002049388549356213e+00 4.997518864211159505e-03 -9.999999999000000000e+09
1.268661077252143286e+03 9.997335259346755709e-01 4.997520697456618588e-03 -9.999999999000000000e+09
1.268671656746751978e+03 1.000941841318689685e+00 4.997522528262098029e-03 -9.999999999000000000e+09
1.268682236329584157e+03 9.880874656072097251e-01 4.997524356633482878e-03 -9.999999999000000000e+09
1.268692816000640505e+03 9.964511400301142574e-01 4.997526182576632163e-03 -9.999999999000000000e+09
1.268703395759921932e+03 9.979001684586126242e-01 4.997528006097383228e-03 -9.999999999000000000e+09
1.268713975607428893e+03 9.975574840911457519e-01 4.997529827201546530e-03 -9.999999999000000000e+09
1.268724555543162296e+03 9.966774321023076366e-01 4.997531645894914311e-03 -9.999999999000000000e+09
1.268735135567123052e+03 9.981741983094910564e-01 4.997533462183247586e-03 -9.999999999000000000e+09
1.268745715679311616e+03 9.969716665048393711e-01 4.997535276072290027e-03 -9.999999999000000000e+09
1.268756295879728896e+03 9.961194594645493838e-01 4.997537087567761882e-03 -9.999999999000000000e+09
1.268766876168375347e+03 1.002168250435119701e+00 4.997538896675354780e-03 -9.999999999000000000e+09
1.268777456545251880e+03 9.968595137856496313e-01 4.997540703400746472e-03 -9.999999999000000000e+09
1.268788037010359631e+03 1.001866649381159435e+00 4.997542507749583481e-03 -9.999999999000000000e+09
1.268798617563698599e+03 1.001852050859831866e+00 4.997544309727494118e-03 -9.999999999000000000e+09
1.268809198205270150e+03 1.003617229142859557e+00 4.997546109340082407e-03 -9.999999999000000000e+09
1.268819778935074510e+03 9.969707114315267127e-01 4.997547906592930689e-03 -9.999999999000000000e+09
1.268830359753112816e+03 9.973073338534611532e-01 4.997549701491598752e-03 -9.999999999000000000e+09
1.268840940659385524e+03 1.004655775620258318e+00 4.997551494041625568e-03 -9.999999999000000000e+09
1.268851521653893769e+03 9.914852126164397372e-01 4.997553284248526691e-03 -9.999999999000000000e+09
1.268862102736637553e+03 9.940140073768368723e-01 4.997555072117796857e-03 -9.999999999000000000e+09
1.268872683907618466e+03 1.002405311038937707e+00 4.997556857654906516e-03 -9.999999999000000000e+09
1.268883265166836736e+03 1.003108519944083232e+00 4.997558640865307905e-03 -9.999999999000000000e+09
1.268893846514293273e+03 9.960718971630330154e-01 4.997560421754429841e-03 -9.999999999000000000e+09
1.268904427949988303e+03 9.931399366418195429e-01 4.997562200327681191e-03 -9.999999999000000000e+09
1.268915009473923419e+03 1.000152473511890738e+00 4.997563976590448272e-03 -9.999999999000000000e+09
1.268925591086099075e+03 9.983169395124144030e-01 4.997565750548096583e-03 -9.999999999000000000e+09
1.268936172786515499e+03 9.997010750601438289e-01 4.997567522205971675e-03 -9.999999999000000000e+09
1.268946754575174282e+03 1.004521682672901761e+00 4.997569291569396548e-03 -9.999999999000000000e+09
1.268957336452075424e+03 9.986701915207909508e-01 4.997571058643674249e-03 -9.999999999000000000e+09
1.268967918417219835e+03 1.005449163479196883e+00 4.997572823434087881e-03 -9.999999999000000000e+09
1.268978500470608424e+03 1.007221189814388129e+00 4.997574585945899726e-03 -9.999999999000000000e+09
1.268989082612241873e+03 9.999237383049107697e-01 4.997576346184353854e-03 -9.999999999000000000e+09
1.268999664842120637e+03 1.004104183483639279e+00 4.997578104154667446e-03 -9.999999999000000000e+09
1.269010247160246081e+03 1.002104567167658500e+00 4.997579859862044671e-03 -9.999999999000000000e+09
1.269020829566618431e+03 1.003521778637982642e+00 4.997581613311667149e-03 -9.999999999000000000e+09
1.269031412061238370e+03 1.002241433515226987e+00 4.997583364508693948e-03 -9.999999999000000000e+09
1.269041994644106808e+03 9.925724345492293876e-01 4.997585113458271125e-03 -9.999999999000000000e+09
1.269052577315224653e+03 9.983761090460461229e-01 4.997586860165518716e-03 -9.999999999000000000e+09
1.269063160074592361e+03 1.004638534076200962e+00 4.997588604635536808e-03 -9.999999999000000000e+09
1.269073742922211068e+03 1.008670120491043098e+00 4.997590346873413344e-03 -9.999999999000000000e+09
1.269084325858080774e+03 9.976089166881918491e-01 4.997592086884211117e-03 -9.999999999000000000e+09
1.269094908882203072e+03 1.001519696845768248e+00 4.997593824672971231e-03 -9.999999999000000000e+09
1.269105491994578188e+03 1.008027361810798661e+00 4.997595560244724386e-03 -9.999999999000000000e+09
1.269116075195206804e+03 9.992346148211475043e-01 4.997597293604473523e-03 -9.999999999000000000e+09
1.269126658484089830e+03 9.971458739451033448e-01 4.997599024757207707e-03 -9.999999999000000000e+09
1.269137241861228176e+03 1.001579042841781675e+00 4.997600753707897789e-03 -9.999999999000000000e+09
1.269147825326622296e+03 1.002259630950382840e+00 4.997602480461491199e-03 -9.999999999000000000e+09
1.269158408880272873e+03 9.972129084492575846e-01 4.997604205022921492e-03 -9.999999999000000000e+09
1.269168992522181043e+03 9.966000766291156499e-01 4.997605927397101404e-03 -9.999999999000000000e+09
1.269179576252347260e+03 9.973491315447126082e-01 4.997607647588926325e-03 -9.999999999000000000e+09
1.269190160070771981e+03 9.982605382741702726e-01 4.997609365603272562e-03 -9.999999999000000000e+09
1.269200743977456568e+03 9.945665897189552851e-01 4.997611081444999943e-03 -9.999999999000000000e+09
1.269211327972401250e+03 9.999850494715648574e-01 4.997612795118949215e-03 -9.999999999000000000e+09
1.269221912055606936e+03 1.003423188300910374e+00 4.997614506629941174e-03 -9.999999999000000000e+09
1.269232496227074535e+03 1.000587074147688549e+00 4.997616215982781003e-03 -9.999999999000000000e+09
1.269243080486804729e+03 1.003591623953298484e+00 4.997617923182257407e-03 -9.999999999000000000e+09
1.269253664834797746e+03 9.990174574121286621e-01 4.997619628233138274e-03 -9.999999999000000000e+09
1.269264249271055178e+03 1.007632926638886817e+00 4.997621331140179347e-03 -9.999999999000000000e+09
1.269274833795577024e+03 1.000026284723821712e+00 4.997623031908109484e-03 -9.999999999000000000e+09
1.269285418408364421e+03 1.001176580041557074e+00 4.997624730541649733e-03 -9.999999999000000000e+09
1.269296003109417825e+03 1.002159125048861732e+00 4.997626427045499461e-03 -9.999999999000000000e+09
1.269306587898738144e+03 9.899911407601978963e-01 4.997628121424341555e-03 -9.999999999000000000e+09
1.269317172776326061e+03 1.002356732301180386e+00 4.997629813682838949e-03 -9.999999999000000000e+09
1.269327757742182712e+03 1.002137843652497029e+00 4.997631503825645041e-03 -9.999999999000000000e+09
1.269338342796308098e+03 1.002870067101354401e+00 4.997633191857389807e-03 -9.999999999000000000e+09
1.269348927938703582e+03 9.941033293597577591e-01 4.997634877782686745e-03 -9.999999999000000000e+09
1.269359513169369393e+03 9.978262450955975860e-01 4.997636561606136341e-03 -9.999999999000000000e+09
1.269370098488306894e+03 9.980490590123031192e-01 4.997638243332318264e-03 -9.999999999000000000e+09
1.269380683895516313e+03 1.004465284619430410e+00 4.997639922965800043e-03 -9.999999999000000000e+09
1.269391269390998332e+03 9.964917835464510709e-01 4.997641600511132723e-03 -9.999999999000000000e+09
1.269401854974754087e+03 9.985160629442531022e-01 4.997643275972843066e-03 -9.999999999000000000e+09
1.269412440646783807e+03 9.988125472142770356e-01 4.997644949355452629e-03 -9.999999999000000000e+09
1.269423026407088855e+03 9.970271652170181742e-01 4.997646620663458682e-03 -9.999999999000000000e+09
1.269433612255669686e+03 1.000109957105302705e+00 4.997648289901347220e-03 -9.999999999000000000e+09
1.269444198192526756e+03 1.010953144752196442e+00 4.997649957073585156e-03 -9.999999999000000000e+09
1.269454784217661199e+03 1.003863925730722695e+00 4.997651622184626392e-03 -9.999999999000000000e+09
1.269465370331073473e+03 9.944860282404235363e-01 4.997653285238905750e-03 -9.999999999000000000e+09
1.269475956532764485e+03 1.009699007440212570e+00 4.997654946240845039e-03 -9.999999999000000000e+09
1.269486542822734691e+03 9.967296689607674232e-01 4.997656605194847855e-03 -9.999999999000000000e+09
1.269497129200985455e+03 9.911898175498834451e-01 4.997658262105307385e-03 -9.999999999000000000e+09
1.269507715667517004e+03 1.001609347474262446e+00 4.997659916976594265e-03 -9.999999999000000000e+09
1.269518302222330021e+03 1.000990930827938552e+00 4.997661569813067854e-03 -9.999999999000000000e+09
1.269528888865425415e+03 9.953564561264600652e-01 4.997663220619074503e-03 -9.999999999000000000e+09
1.269539475596803868e+03 9.966791291134226016e-01 4.997664869398938878e-03 -9.999999999000000000e+09
1.269550062416466517e+03 9.998960230102056368e-01 4.997666516156977837e-03 -9.999999999000000000e+09
1.269560649324413589e+03 1.000791954386307525e+00 4.997668160897485688e-03 -9.999999999000000000e+09
1.269571236320645767e+03 1.003478214825981762e+00 4.997669803624746332e-03 -9.999999999000000000e+09
1.269581823405163959e+03 1.000896127671170532e+00 4.997671444343030657e-03 -9.999999999000000000e+09
1.269592410577969076e+03 9.938499222956482804e-01 4.997673083056588736e-03 -9.999999999000000000e+09
1.269602997839061800e+03 9.930252220308428690e-01 4.997674719769661968e-03 -9.999999999000000000e+09
1.269613585188442585e+03 9.967671359755483351e-01 4.997676354486471802e-03 -9.999999999000000000e+09
1.269624172626112568e+03 9.885930012822941038e-01 4.997677987211230147e-03 -9.999999999000000000e+09
1.269634760152072204e+03 9.939008544979296422e-01 4.997679617948128962e-03 -9.999999999000000000e+09
1.269645347766322175e+03 9.975543141663734126e-01 4.997681246701349798e-03 -9.999999999000000000e+09
1.269655935468863618e+03 9.984694827834280639e-01 4.997682873475061197e-03 -9.999999999000000000e+09
1.269666523259696760e+03 1.007413714285331663e+00 4.997684498273411748e-03 -9.999999999000000000e+09
1.269677111138822511e+03 9.996967535961900353e-01 4.997686121100540502e-03 -9.999999999000000000e+09
1.269687699106242007e+03 9.939050316393722717e-01 4.997687741960569162e-03 -9.999999999000000000e+09
1.269698287161955250e+03 9.947681926832827592e-01 4.997689360857609890e-03 -9.999999999000000000e+09
1.269708875305963602e+03 1.002401086867335200e+00 4.997690977795754899e-03 -9.999999999000000000e+09
1.269719463538267519e+03 9.957943982104798808e-01 4.997692592779089463e-03 -9.999999999000000000e+09
1.269730051858867682e+03 1.000132462273143785e+00 4.997694205811678038e-03 -9.999999999000000000e+09
1.269740640267765230e+03 1.001480591302221335e+00 4.997695816897573806e-03 -9.999999999000000000e+09
1.269751228764960388e+03 9.994457457082142060e-01 4.997697426040817806e-03 -9.999999999000000000e+09
1.269761817350454066e+03 1.005453867095292830e+00 4.997699033245438932e-03 -9.999999999000000000e+09
1.269772406024247175e+03 9.952009398290433406e-01 4.997700638515447866e-03 -9.999999999000000000e+09
1.269782994786340396e+03 1.001543279036898104e+00 4.997702241854843144e-03 -9.999999999000000000e+09
1.269793583636734184e+03 1.003163431386989046e+00 4.997703843267611162e-03 -9.999999999000000000e+09
1.269804172575429448e+03 1.004602943144622396e+00 4.997705442757727039e-03 -9.999999999000000000e+09
1.269814761602427097e+03 9.999394639019774100e-01 4.997707040329145943e-03 -9.999999999000000000e+09
1.269825350717727588e+03 9.905196974836295576e-01 4.997708635985816106e-03 -9.999999999000000000e+09
1.269835939921331828e+03 1.003403221774803011e+00 4.997710229731671012e-03 -9.999999999000000000e+09
1.269846529213240728e+03 9.988139912834428369e-01 4.997711821570628536e-03 -9.999999999000000000e+09
1.269857118593454516e+03 1.000522824218601725e+00 4.997713411506596141e-03 -9.999999999000000000e+09
1.269867708061974781e+03 9.976523953414609958e-01 4.997714999543468282e-03 -9.999999999000000000e+09
1.269878297618801071e+03 1.004197654925544247e+00 4.997716585685126403e-03 -9.999999999000000000e+09
1.269888887263934976e+03 9.907705436510917396e-01 4.997718169935436335e-03 -9.999999999000000000e+09
1.269899476997376951e+03 1.010202553919641533e+00 4.997719752298253500e-03 -9.999999999000000000e+09
1.269910066819127906e+03 1.004980496954553937e+00 4.997721332777422046e-03 -9.999999999000000000e+09
1.269920656729188522e+03 1.002277897425156494e+00 4.997722911376771375e-03 -9.999999999000000000e+09
1.269931246727559483e+03 1.002378945096095153e+00 4.997724488100118746e-03 -9.999999999000000000e+09
1.269941836814241469e+03 9.975542275811624116e-01 4.997726062951267541e-03 -9.999999999000000000e+09
1.269952426989235391e+03 1.010749991521439739e+00 4.997727635934012466e-03 -9.999999999000000000e+09
1.269963017252541704e+03 9.963680040924474124e-01 4.997729207052130883e-03 -9.999999999000000000e+09
1.269973607604161316e+03 1.003966001853855206e+00 4.997730776309392345e-03 -9.999999999000000000e+09
1.269984198044094910e+03 9.951349390370415327e-01 4.997732343709551661e-03 -9.999999999000000000e+09
1.269994788572343396e+03 9.994425651669919253e-01 4.997733909256351498e-03 -9.999999999000000000e+09
1.270005379188907000e+03 9.925099246057746960e-01 4.997735472953523245e-03 -9.999999999000000000e+09
1.270015969893787315e+03 1.007060499690610511e+00 4.997737034804783547e-03 -9.999999999000000000e+09
1.270026560686984567e+03 1.008937391600853939e+00 4.997738594813842979e-03 -9.999999999000000000e+09
1.270037151568499439e+03 1.001786045264990932e+00 4.997740152984395633e-03 -9.999999999000000000e+09
1.270047742538332841e+03 1.005221297669469882e+00 4.997741709320120858e-03 -9.999999999000000000e+09
1.270058333596485227e+03 1.000239347866002548e+00 4.997743263824691064e-03 -9.999999999000000000e+09
1.270068924742957506e+03 9.983544841126461566e-01 4.997744816501768252e-03 -9.999999999000000000e+09
1.270079515977750589e+03 1.004783392345458770e+00 4.997746367354996208e-03 -9.999999999000000000e+09
1.270090107300864929e+03 9.931641087134619461e-01 4.997747916388015250e-03 -9.999999999000000000e+09
1.270100698712301437e+03 1.003992369013078090e+00 4.997749463604444879e-03 -9.999999999000000000e+09
1.270111290212061022e+03 9.969208828917023313e-01 4.997751009007899391e-03 -9.999999999000000000e+09
1.270121881800143910e+03 1.001113538771409628e+00 4.997752552601980071e-03 -9.999999999000000000e+09
1.270132473476551240e+03 1.005011456898665889e+00 4.997754094390276063e-03 -9.999999999000000000e+09
1.270143065241283693e+03 1.001292303713357645e+00 4.997755634376366100e-03 -9.999999999000000000e+09
1.270153657094341952e+03 9.896073166117090869e-01 4.997757172563817643e-03 -9.999999999000000000e+09
1.270164249035726698e+03 9.952849530739636963e-01 4.997758708956183404e-03 -9.999999999000000000e+09
1.270174841065439068e+03 9.959152149155642286e-01 4.997760243557010026e-03 -9.999999999000000000e+09
1.270185433183478835e+03 1.010618771654863357e+00 4.997761776369831141e-03 -9.999999999000000000e+09
1.270196025389847819e+03 9.971350153206551825e-01 4.997763307398164767e-03 -9.999999999000000000e+09
1.270206617684546018e+03 1.000383585188665325e+00 4.997764836645526322e-03 -9.999999999000000000e+09
1.270217210067574797e+03 9.991995458212590275e-01 4.997766364115412141e-03 -9.999999999000000000e+09
1.270227802538934384e+03 9.996742128992945897e-01 4.997767889811312488e-03 -9.999999999000000000e+09
1.270238395098625460e+03 9.966441539850432463e-01 4.997769413736705482e-03 -9.999999999000000000e+09
1.270248987746649163e+03 9.990058712742014846e-01 4.997770935895057103e-03 -9.999999999000000000e+09
1.270259580483006175e+03 1.005147083247011297e+00 4.997772456289823785e-03 -9.999999999000000000e+09
1.270270173307696723e+03 9.991483640274051448e-01 4.997773974924451558e-03 -9.999999999000000000e+09
1.270280766220722171e+03 1.002955470799601567e+00 4.997775491802374306e-03 -9.999999999000000000e+09
1.270291359222082974e+03 9.974434729069721062e-01 4.997777006927016374e-03 -9.999999999000000000e+09
1.270301952311780042e+03 9.925036338888386656e-01 4.997778520301790831e-03 -9.999999999000000000e+09
1.270312545489813601e+03 9.978821780169409017e-01 4.997780031930098600e-03 -9.999999999000000000e+09
1.270323138756185244e+03 9.985587258132964106e-01 4.997781541815334537e-03 -9.999999999000000000e+09
1.270333732110894744e+03 1.008381961987605990e+00 4.997783049960878750e-03 -9.999999999000000000e+09
1.270344325553943690e+03 9.941637102045934871e-01 4.997784556370105276e-03 -9.999999999000000000e+09
1.270354919085332313e+03 1.001729420151696415e+00 4.997786061046370805e-03 -9.999999999000000000e+09
1.270365512705061519e+03 1.002663333434388182e+00 4.997787563993027690e-03 -9.999999999000000000e+09
1.270376106413131993e+03 9.993775995709406335e-01 4.997789065213417876e-03 -9.999999999000000000e+09
1.270386700209544188e+03 1.004078444502535250e+00 4.997790564710866829e-03 -9.999999999000000000e+09
1.270397294094299468e+03 9.947452017957598702e-01 4.997792062488699144e-03 -9.999999999000000000e+09
1.270407888067398289e+03 1.001332820807244062e+00 4.997793558550222941e-03 -9.999999999000000000e+09
1.270418482128841106e+03 1.002698905935861307e+00 4.997795052898736795e-03 -9.999999999000000000e+09
1.270429076278628827e+03 9.936507366847459055e-01 4.997796545537532345e-03 -9.999999999000000000e+09
1.270439670516762590e+03 9.953932890097800801e-01 4.997798036469886483e-03 -9.999999999000000000e+09
1.270450264843242621e+03 9.947683741401108781e-01 4.997799525699069163e-03 -9.999999999000000000e+09
1.270460859258069604e+03 9.981378734263366415e-01 4.997801013228339931e-03 -9.999999999000000000e+09
1.270471453761244902e+03 9.999908412396547597e-01 4.997802499060949658e-03 -9.999999999000000000e+09
1.270482048352768516e+03 1.001596082142570232e+00 4.997803983200138807e-03 -9.999999999000000000e+09
1.270492643032641581e+03 1.000141631875722803e+00 4.997805465649134832e-03 -9.999999999000000000e+09
1.270503237800864781e+03 9.944028243170112136e-01 4.997806946411159981e-03 -9.999999999000000000e+09
1.270513832657438797e+03 9.991576150350345298e-01 4.997808425489423494e-03 -9.999999999000000000e+09
1.270524427602364767e+03 9.926237314866961370e-01 4.997809902887128536e-03 -9.999999999000000000e+09
1.270535022635642690e+03 1.004526669580201981e+00 4.997811378607465264e-03 -9.999999999000000000e+09
1.270545617757273703e+03 9.974881503798614935e-01 4.997812852653615162e-03 -9.999999999000000000e+09
1.270556212967258716e+03 1.001928382633068937e+00 4.997814325028750171e-03 -9.999999999000000000e+09
1.270566808265597956e+03 1.006122046910840950e+00 4.997815795736034426e-03 -9.999999999000000000e+09
1.270577403652293015e+03 9.998803741079909102e-01 4.997817264778620788e-03 -9.999999999000000000e+09
1.270587999127343664e+03 9.960520819734757225e-01 4.997818732159652576e-03 -9.999999999000000000e+09
1.270598594690751042e+03 9.993334516562015768e-01 4.997820197882263567e-03 -9.999999999000000000e+09
1.270609190342516058e+03 1.005084200789104987e+00 4.997821661949584070e-03 -9.999999999000000000e+09
1.270619786082638939e+03 9.989508472646650983e-01 4.997823124364723577e-03 -9.999999999000000000e+09
1.270630381911121503e+03 1.000478880184328290e+00 4.997824585130793314e-03 -9.999999999000000000e+09
1.270640977827963070e+03 1.003520068123395115e+00 4.997826044250888028e-03 -9.999999999000000000e+09
1.270651573833165230e+03 9.948083437194522594e-01 4.997827501728097262e-03 -9.999999999000000000e+09
1.270662169926728893e+03 1.004783296340094445e+00 4.997828957565501017e-03 -9.999999999000000000e+09
1.270672766108654287e+03 1.003304078039224168e+00 4.997830411766168886e-03 -9.999999999000000000e+09
1.270683362378942320e+03 9.953719266296021662e-01 4.997831864333162656e-03 -9.999999999000000000e+09
1.270693958737593675e+03 1.001490556117898389e+00 4.997833315269534574e-03 -9.999999999000000000e+09
1.270704555184609035e+03 9.975054814833427264e-01 4.997834764578326476e-03 -9.999999999000000000e+09
1.270715151719989308e+03 1.003180682962645065e+00 4.997836212262576731e-03 -9.999999999000000000e+09
1.270725748343735404e+03 9.991600221126017978e-01 4.997837658325303758e-03 -9.999999999000000000e+09
1.270736345055847778e+03 1.002504512283846294e+00 4.997839102769531180e-03 -9.999999999000000000e+09
1.270746941856327112e+03 1.002070244665528742e+00 4.997840545598264406e-03 -9.999999999000000000e+09
1.270757538745174088e+03 1.003247039829079368e+00 4.997841986814502771e-03 -9.999999999000000000e+09
1.270768135722389843e+03 9.980235144718888618e-01 4.997843426421233470e-03 -9.999999999000000000e+09
1.270778732787974832e+03 1.000636000166018613e+00 4.997844864421442830e-03 -9.999999999000000000e+09
1.270789329941930191e+03 9.947528877820261961e-01 4.997846300818101564e-03 -9.999999999000000000e+09
1.270799927184255694e+03 1.000105623259920584e+00 4.997847735614175183e-03 -9.999999999000000000e+09
1.270810524514952931e+03 1.006316570188847459e+00 4.997849168812619654e-03 -9.999999999000000000e+09
1.270821121934022358e+03 9.944394750970845243e-01 4.997850600416382273e-03 -9.999999999000000000e+09
1.270831719441464884e+03 1.000730195224977415e+00 4.997852030428399928e-03 -9.999999999000000000e+09
1.270842317037280964e+03 9.976784991190797980e-01 4.997853458851603432e-03 -9.999999999000000000e+09
1.270852914721471507e+03 9.913816279476146409e-01 4.997854885688918399e-03 -9.999999999000000000e+09
1.270863512494037423e+03 1.000613730892291553e+00 4.997856310943255692e-03 -9.999999999000000000e+09
1.270874110354978939e+03 1.007720993500151208e+00 4.997857734617519240e-03 -9.999999999000000000e+09
1.270884708304297419e+03 9.958757222691366762e-01 4.997859156714609501e-03 -9.999999999000000000e+09
1.270895306341992864e+03 1.001346474722175417e+00 4.997860577237412186e-03 -9.999999999000000000e+09
1.270905904468066865e+03 9.994667599172543104e-01 4.997861996188808671e-03 -9.999999999000000000e+09
1.270916502682519422e+03 1.002398762750982275e+00 4.997863413571672526e-03 -9.999999999000000000e+09
1.270927100985351444e+03 9.980837434691967047e-01 4.997864829388865178e-03 -9.999999999000000000e+09
1.270937699376564296e+03 9.954333308424049287e-01 4.997866243643243715e-03 -9.999999999000000000e+09
1.270948297856157978e+03 1.001417893591413533e+00 4.997867656337656554e-03 -9.999999999000000000e+09
1.270958896424133400e+03 1.001542743552466641e+00 4.997869067474942570e-03 -9.999999999000000000e+09
1.270969495080491242e+03 9.972696959505038539e-01 4.997870477057931964e-03 -9.999999999000000000e+09
1.270980093825232416e+03 9.994267377462038304e-01 4.997871885089452335e-03 -9.999999999000000000e+09
1.270990692658357830e+03 1.000973652320084950e+00 4.997873291572317404e-03 -9.999999999000000000e+09
1.271001291579867939e+03 9.986858182967051079e-01 4.997874696509332221e-03 -9.999999999000000000e+09
1.271011890589763652e+03 1.000292261276477968e+00 4.997876099903300964e-03 -9.999999999000000000e+09
1.271022489688045425e+03 1.003978031368710555e+00 4.997877501757014805e-03 -9.999999999000000000e+09
1.271033088874713940e+03 9.949845211277872359e-01 4.997878902073255372e-03 -9.999999999000000000e+09
1.271043688149770560e+03 1.003517301308679999e+00 4.997880300854800825e-03 -9.999999999000000000e+09
1.271054287513215286e+03 9.928476991870164303e-01 4.997881698104418915e-03 -9.999999999000000000e+09
1.271064886965049482e+03 1.002777659036639069e+00 4.997883093824871323e-03 -9.999999999000000000e+09
1.271075486505273375e+03 1.001282867214658534e+00 4.997884488018910186e-03 -9.999999999000000000e+09
1.271086086133887875e+03 9.984283308284795933e-01 4.997885880689282440e-03 -9.999999999000000000e+09
1.271096685850894119e+03 1.007566372617342720e+00 4.997887271838724610e-03 -9.999999999000000000e+09
1.271107285656292106e+03 1.007666528340690482e+00 4.997888661469966284e-03 -9.999999999000000000e+09
1.271117885550083201e+03 9.942678861966790516e-01 4.997890049585732714e-03 -9.999999999000000000e+09
1.271128485532267632e+03 1.000144003084981748e+00 4.997891436188734403e-03 -9.999999999000000000e+09
1.271139085602846762e+03 1.007950061658188678e+00 4.997892821281682725e-03 -9.999999999000000000e+09
1.271149685761820592e+03 9.956996037617856787e-01 4.997894204867277777e-03 -9.999999999000000000e+09
1.271160286009190486e+03 9.924221445162155764e-01 4.997895586948208381e-03 -9.999999999000000000e+09
1.271170886344956898e+03 9.924893283759858020e-01 4.997896967527165092e-03 -9.999999999000000000e+09
1.271181486769120738e+03 9.965001717277990334e-01 4.997898346606820252e-03 -9.999999999000000000e+09
1.271192087281682234e+03 1.002262714868004778e+00 4.997899724189848805e-03 -9.999999999000000000e+09
1.271202687882642749e+03 9.957617907783822275e-01 4.997901100278910082e-03 -9.999999999000000000e+09
1.271213288572002512e+03 9.995509938084374824e-01 4.997902474876661678e-03 -9.999999999000000000e+09
1.271223889349762885e+03 1.004972056775931932e+00 4.997903847985752518e-03 -9.999999999000000000e+09
1.271234490215923870e+03 9.927215746137874053e-01 4.997905219608822849e-03 -9.999999999000000000e+09
1.271245091170486830e+03 9.976271644524846716e-01 4.997906589748505983e-03 -9.999999999000000000e+09
1.271255692213452221e+03 9.889547578656250337e-01 4.997907958407430025e-03 -9.999999999000000000e+09
1.271266293344820497e+03 9.986219728120876438e-01 4.997909325588215275e-03 -9.999999999000000000e+09
1.271276894564593022e+03 9.924390531624680545e-01 4.997910691293470757e-03 -9.999999999000000000e+09
1.271287495872769796e+03 9.986538674799411153e-01 4.997912055525806363e-03 -9.999999999000000000e+09
1.271298097269352411e+03 9.926925247525240081e-01 4.997913418287816371e-03 -9.999999999000000000e+09
1.271308698754340867e+03 1.002003045276152138e+00 4.997914779582095061e-03 -9.999999999000000000e+09
1.271319300327736528e+03 1.000374187879924381e+00 4.997916139411225436e-03 -9.999999999000000000e+09
1.271329901989539621e+03 1.002525329880481486e+00 4.997917497777783560e-03 -9.999999999000000000e+09
1.271340503739751057e+03 9.945787953606020082e-01 4.997918854684343763e-03 -9.999999999000000000e+09
1.271351105578371289e+03 9.995965577532148760e-01 4.997920210133463027e-03 -9.999999999000000000e+09
1.271361707505401682e+03 9.994820651064360018e-01 4.997921564127702672e-03 -9.999999999000000000e+09
1.271372309520842691e+03 9.956429498210351836e-01 4.997922916669611006e-03 -9.999999999000000000e+09
1.271382911624694771e+03 9.930213664026410481e-01 4.997924267761729399e-03 -9.999999999000000000e+09
1.271393513816958830e+03 1.007158979897225581e+00 4.997925617406597486e-03 -9.999999999000000000e+09
1.271404116097635779e+03 1.004479501844595335e+00 4.997926965606739290e-03 -9.999999999000000000e+09
1.271414718466726299e+03 9.951211192155500207e-01 4.997928312364680568e-03 -9.999999999000000000e+09
1.271425320924231073e+03 1.000687663569252761e+00 4.997929657682936670e-03 -9.999999999000000000e+09
1.271435923470150556e+03 9.980393228893876811e-01 4.997931001564014271e-03 -9.999999999000000000e+09
1.271446526104486111e+03 1.003274144383617283e+00 4.997932344010418311e-03 -9.999999999000000000e+09
1.271457128827237739e+03 1.004380905898878629e+00 4.997933685024642456e-03 -9.999999999000000000e+09
1.271467731638406804e+03 9.902912399209770067e-01 4.997935024609175166e-03 -9.999999999000000000e+09
1.271478334537993760e+03 1.005577758146286360e+00 4.997936362766499697e-03 -9.999999999000000000e+09
1.271488937525999290e+03 1.007780514476704470e+00 4.997937699499093236e-03 -9.999999999000000000e+09
1.271499540602424304e+03 9.947984774496745342e-01 4.997939034809421692e-03 -9.999999999000000000e+09
1.271510143767269710e+03 9.988823300609994682e-01 4.997940368699947504e-03 -9.999999999000000000e+09
1.271520747020535509e+03 9.982559110782120992e-01 4.997941701173128776e-03 -9.999999999000000000e+09
1.271531350362223293e+03 9.965278400822187299e-01 4.997943032231415804e-03 -9.999999999000000000e+09
1.271541953792333288e+03 9.926279110279103701e-01 4.997944361877249345e-03 -9.999999999000000000e+09
1.271552557310866405e+03 1.000303184694709691e+00 4.997945690113067552e-03 -9.999999999000000000e+09
1.271563160917823325e+03 1.000274476527973189e+00 4.997947016941301640e-03 -9.999999999000000000e+09
1.271573764613204730e+03 1.005084610597201333e+00 4.997948342364369814e-03 -9.999999999000000000e+09
1.271584368397011531e+03 9.995671886839536668e-01 4.997949666384696350e-03 -9.999999999000000000e+09
1.271594972269244408e+03 1.000976461170044685e+00 4.997950989004689044e-03 -9.999999999000000000e+09
1.271605576229903818e+03 9.971447986957697740e-01 4.997952310226753091e-03 -9.999999999000000000e+09
1.271616180278991123e+03 9.978488705490062838e-01 4.997953630053288479e-03 -9.999999999000000000e+09
1.271626784416506325e+03 1.005520256661033951e+00 4.997954948486685658e-03 -9.999999999000000000e+09
1.271637388642451015e+03 1.002681172126091314e+00 4.997956265529330741e-03 -9.999999999000000000e+09
1.271647992956824737e+03 9.986014512143821520e-01 4.997957581183604635e-03 -9.999999999000000000e+09
1.271658597359629539e+03 9.974447320930029948e-01 4.997958895451878707e-03 -9.999999999000000000e+09
1.271669201850865193e+03 9.989579740515514006e-01 4.997960208336523456e-03 -9.999999999000000000e+09
1.271679806430532835e+03 1.000400654194702366e+00 4.997961519839897240e-03 -9.999999999000000000e+09
1.271690411098633149e+03 1.007216569193721378e+00 4.997962829964359283e-03 -9.999999999000000000e+09
1.271701015855167043e+03 1.002626877412439166e+00 4.997964138712254929e-03 -9.999999999000000000e+09
1.271711620700134972e+03 9.931518837989334880e-01 4.997965446085927792e-03 -9.999999999000000000e+09
1.271722225633537619e+03 9.967064206648560409e-01 4.997966752087716277e-03 -9.999999999000000000e+09
1.271732830655376119e+03 9.902479124785856790e-01 4.997968056719950120e-03 -9.999999999000000000e+09
1.271743435765650929e+03 9.936816776979033872e-01 4.997969359984954715e-03 -9.999999999000000000e+09
1.271754040964362730e+03 9.977494211962848469e-01 4.997970661885048523e-03 -9.999999999000000000e+09
1.271764646251512431e+03 1.005868039303843720e+00 4.997971962422543928e-03 -9.999999999000000000e+09
1.271775251627100715e+03 1.000141294007103498e+00 4.997973261599750715e-03 -9.999999999000000000e+09
1.271785857091128264e+03 1.006118682939534326e+00 4.997974559418966525e-03 -9.999999999000000000e+09
1.271796462643596215e+03 9.925104830982476312e-01 4.997975855882489868e-03 -9.999999999000000000e+09
1.271807068284504567e+03 1.009349360017197439e+00 4.997977150992606241e-03 -9.999999999000000000e+09
1.271817674013854457e+03 1.002133291897819412e+00 4.997978444751602009e-03 -9.999999999000000000e+09
1.271828279831646796e+03 9.979502300251463787e-01 4.997979737161753998e-03 -9.999999999000000000e+09
1.271838885737882038e+03 9.954779371204484084e-01 4.997981028225335562e-03 -9.999999999000000000e+09
1.271849491732560864e+03 1.002292537990612908e+00 4.997982317944608781e-03 -9.999999999000000000e+09
1.271860097815684412e+03 9.993007753525171566e-01 4.997983606321837469e-03 -9.999999999000000000e+09
1.271870703987253137e+03 9.969374687287511083e-01 4.997984893359275031e-03 -9.999999999000000000e+09
1.271881310247267947e+03 1.001132970222242902e+00 4.997986179059169670e-03 -9.999999999000000000e+09
1.271891916595729072e+03 9.974246935399582181e-01 4.997987463423765250e-03 -9.999999999000000000e+09
1.271902523032637873e+03 9.975392719604881941e-01 4.997988746455300432e-03 -9.999999999000000000e+09
1.271913129557994580e+03 9.946689059011908363e-01 4.997990028156005203e-03 -9.999999999000000000e+09
1.271923736171800556e+03 1.000312581769749354e+00 4.997991308528104346e-03 -9.999999999000000000e+09
1.271934342874056028e+03 1.007393953637183426e+00 4.997992587573821775e-03 -9.999999999000000000e+09
1.271944949664761680e+03 1.002185473631371337e+00 4.997993865295370999e-03 -9.999999999000000000e+09
1.271955556543918647e+03 9.896867880851271115e-01 4.997995141694960321e-03 -9.999999999000000000e+09
1.271966163511527611e+03 9.915908986138275427e-01 4.997996416774794573e-03 -9.999999999000000000e+09
1.271976770567588801e+03 9.977864233061285448e-01 4.997997690537072518e-03 -9.999999999000000000e+09
1.271987377712103580e+03 9.958966396080650707e-01 4.997998962983985979e-03 -9.999999999000000000e+09
1.271997984945072403e+03 9.991582709735664647e-01 4.998000234117721575e-03 -9.999999999000000000e+09
1.272008592266495953e+03 1.000142892298132358e+00 4.998001503940462456e-03 -9.999999999000000000e+09
1.272019199676374910e+03 1.002953287795195658e+00 4.998002772454383964e-03 -9.999999999000000000e+09
1.272029807174710413e+03 1.003724137441506459e+00 4.998004039661657107e-03 -9.999999999000000000e+09
1.272040414761502689e+03 1.004860674371698570e+00 4.998005305564446818e-03 -9.999999999000000000e+09
1.272051022436752874e+03 9.959053126451781202e-01 4.998006570164916298e-03 -9.999999999000000000e+09
1.272061630200461423e+03 1.003878453409902116e+00 4.998007833465216605e-03 -9.999999999000000000e+09
1.272072238052629473e+03 9.916422956160549917e-01 4.998009095467498795e-03 -9.999999999000000000e+09
1.272082845993257251e+03 1.003333138462657370e+00 4.998010356173905253e-03 -9.999999999000000000e+09
1.272093454022345895e+03 1.003377311192402921e+00 4.998011615586575758e-03 -9.999999999000000000e+09
1.272104062139895632e+03 9.964764775679963993e-01 4.998012873707646624e-03 -9.999999999000000000e+09
1.272114670345908053e+03 1.002574042589221337e+00 4.998014130539239416e-03 -9.999999999000000000e+09
1.272125278640383158e+03 9.998165369885918530e-01 4.998015386083480907e-03 -9.999999999000000000e+09
1.272135887023321857e+03 1.002174085138956228e+00 4.998016640342488326e-03 -9.999999999000000000e+09
1.272146495494724832e+03 9.992342171699650777e-01 4.998017893318374566e-03 -9.999999999000000000e+09
1.272157104054593219e+03 1.007106685455741113e+00 4.998019145013246449e-03 -9.999999999000000000e+09
1.272167712702927020e+03 9.990173515380207370e-01 4.998020395429205592e-03 -9.999999999000000000e+09
1.272178321439727824e+03 9.942853091064823845e-01 4.998021644568348409e-03 -9.999999999000000000e+09
1.272188930264995861e+03 1.005729961765222891e+00 4.998022892432766109e-03 -9.999999999000000000e+09
1.272199539178731811e+03 9.942180377483431641e-01 4.998024139024547299e-03 -9.999999999000000000e+09
1.272210148180937040e+03 9.959775530334754601e-01 4.998025384345771913e-03 -9.999999999000000000e+09
1.272220757271611546e+03 9.857659381899461781e-01 4.998026628398516413e-03 -9.999999999000000000e+09
1.272231366450756241e+03 9.952218708080400322e-01 4.998027871184850326e-03 -9.999999999000000000e+09
1.272241975718372032e+03 1.003852153443693718e+00 4.998029112706844045e-03 -9.999999999000000000e+09
1.272252585074459830e+03 9.944046846006044937e-01 4.998030352966554950e-03 -9.999999999000000000e+09
1.272263194519019862e+03 1.003088905541712927e+00 4.998031591966040424e-03 -9.999999999000000000e+09
1.272273804052053038e+03 9.929514238721687258e-01 4.998032829707351778e-03 -9.999999999000000000e+09
1.272284413673560493e+03 9.982742136262834354e-01 4.998034066192534250e-03 -9.999999999000000000e+09
1.272295023383542457e+03 1.002112232674307934e+00 4.998035301423629610e-03 -9.999999999000000000e+09
1.272305633182000065e+03 1.001275769606618793e+00 4.998036535402675291e-03 -9.999999999000000000e+09
1.272316243068933773e+03 1.002456432740786108e+00 4.998037768131700052e-03 -9.999999999000000000e+09
1.272326853044344261e+03 9.862983324909322391e-01 4.998038999612730050e-03 -9.999999999000000000e+09
1.272337463108232669e+03 9.919956992194102208e-01 4.998040229847790575e-03 -9.999999999000000000e+09
1.272348073260599449e+03 9.962100207993648260e-01 4.998041458838892170e-03 -9.999999999000000000e+09
1.272358683501445284e+03 1.006246895626503823e+00 4.998042686588053188e-03 -9.999999999000000000e+09
1.272369293830770857e+03 1.001237329628228423e+00 4.998043913097275498e-03 -9.999999999000000000e+09
1.272379904248577532e+03 9.946918041484527073e-01 4.998045138368564441e-03 -9.999999999000000000e+09
1.272390514754865308e+03 9.995834072727830533e-01 4.998046362403913215e-03 -9.999999999000000000e+09
1.272401125349635095e+03 1.006313113149669869e+00 4.998047585205317618e-03 -9.999999999000000000e+09
1.272411736032887575e+03 9.947975750992255062e-01 4.998048806774763909e-03 -9.999999999000000000e+09
1.272422346804623885e+03 1.009437273516124334e+00 4.998050027114234878e-03 -9.999999999000000000e+09
1.272432957664844480e+03 1.000086190935089991e+00 4.998051246225708108e-03 -9.999999999000000000e+09
1.272443568613550269e+03 9.975639237200557563e-01 4.998052464111158583e-03 -9.999999999000000000e+09
1.272454179650741480e+03 9.984971494436487571e-01 4.998053680772553478e-03 -9.999999999000000000e+09
1.272464790776419477e+03 1.002306061338431808e+00 4.998054896211855634e-03 -9.999999999000000000e+09
1.272475401990584487e+03 9.963978704784229867e-01 4.998056110431027890e-03 -9.999999999000000000e+09
1.272486013293237875e+03 9.962606700979367291e-01 4.998057323432020943e-03 -9.999999999000000000e+09
1.272496624684379640e+03 1.006361211233685271e+00 4.998058535216786356e-03 -9.999999999000000000e+09
1.272507236164011147e+03 9.931085461578420537e-01 4.998059745787270490e-03 -9.999999999000000000e+09
1.272517847732132850e+03 1.006407530668533168e+00 4.998060955145413632e-03 -9.999999999000000000e+09
1.272528459388745432e+03 9.982227893238939664e-01 4.998062163293149132e-03 -9.999999999000000000e+09
1.272539071133849347e+03 1.003148882990259283e+00 4.998063370232411207e-03 -9.999999999000000000e+09
1.272549682967446188e+03 9.952784751156448229e-01 4.998064575965124531e-03 -9.999999999000000000e+09
1.272560294889536181e+03 9.989605925632204508e-01 4.998065780493214649e-03 -9.999999999000000000e+09
1.272570906900119780e+03 9.995213483570285495e-01 4.998066983818595828e-03 -9.999999999000000000e+09
1.272581518999198124e+03 9.997687766533592812e-01 4.998068185943184069e-03 -9.999999999000000000e+09
1.272592131186771894e+03 1.008786405028059052e+00 4.998069386868885834e-03 -9.999999999000000000e+09
1.272602743462842000e+03 9.922617611994922759e-01 4.998070586597607584e-03 -9.999999999000000000e+09
1.272613355827408668e+03 1.009009431382474231e+00 4.998071785131247974e-03 -9.999999999000000000e+09
1.272623968280473036e+03 1.004312542501899941e+00 4.998072982471699587e-03 -9.999999999000000000e+09
1.272634580822035787e+03 9.880931165011715978e-01 4.998074178620857608e-03 -9.999999999000000000e+09
1.272645193452097374e+03 1.003924252007638795e+00 4.998075373580606814e-03 -9.999999999000000000e+09
1.272655806170659162e+03 9.942311563002532715e-01 4.998076567352828514e-03 -9.999999999000000000e+09
1.272666418977721150e+03 9.988480158236053841e-01 4.998077759939401413e-03 -9.999999999000000000e+09
1.272677031873284477e+03 9.958372279518183934e-01 4.998078951342198144e-03 -9.999999999000000000e+09
1.272687644857349824e+03 9.999246367060977692e-01 4.998080141563085270e-03 -9.999999999000000000e+09
1.272698257929918100e+03 1.005364611504631522e+00 4.998081330603931088e-03 -9.999999999000000000e+09
1.272708871090989760e+03 9.958423950230936850e-01 4.998082518466593488e-03 -9.999999999000000000e+09
1.272719484340565714e+03 9.966710479938118983e-01 4.998083705152928623e-03 -9.999999999000000000e+09
1.272730097678646644e+03 9.951569592480774551e-01 4.998084890664787443e-03 -9.999999999000000000e+09
1.272740711105233231e+03 1.003555640697645135e+00 4.998086075004017428e-03 -9.999999999000000000e+09
1.272751324620326159e+03 9.925151104662995882e-01 4.998087258172462591e-03 -9.999999999000000000e+09
1.272761938223926336e+03 9.944862172236337283e-01 4.998088440171958267e-03 -9.999999999000000000e+09
1.272772551916034672e+03 1.003622904408752348e+00 4.998089621004340663e-03 -9.999999999000000000e+09
1.272783165696651395e+03 9.976362687885539371e-01 4.998090800671441646e-03 -9.999999999000000000e+09
1.272793779565777641e+03 1.002711068157293939e+00 4.998091979175083542e-03 -9.999999999000000000e+09
1.272804393523414092e+03 9.887860364914162759e-01 4.998093156517090414e-03 -9.999999999000000000e+09
1.272815007569561203e+03 1.000736917168378870e+00 4.998094332699279385e-03 -9.999999999000000000e+09
1.272825621704220339e+03 9.943809095873664683e-01 4.998095507723462373e-03 -9.999999999000000000e+09
1.272836235927391499e+03 9.971973081068429279e-01 4.998096681591447828e-03 -9.999999999000000000e+09
1.272846850239075820e+03 9.939115325990321992e-01 4.998097854305044198e-03 -9.999999999000000000e+09
1.272857464639273985e+03 1.009314816847495022e+00 4.998099025866048657e-03 -9.999999999000000000e+09
1.272868079127986675e+03 9.977526882206217973e-01 4.998100196276258379e-03 -9.999999999000000000e+09
1.272878693705214801e+03 1.002918730105233580e+00 4.998101365537466201e-03 -9.999999999000000000e+09
1.272889308370958815e+03 1.000096425118166543e+00 4.998102533651462356e-03 -9.999999999000000000e+09
1.272899923125219630e+03 9.955015031541403214e-01 4.998103700620027540e-03 -9.999999999000000000e+09
1.272910537967998152e+03 1.007718325952081884e+00 4.998104866444942444e-03 -9.999999999000000000e+09
1.272921152899294839e+03 1.002737291892750848e+00 4.998106031127987764e-03 -9.999999999000000000e+09
1.272931767919110371e+03 9.978183871982666542e-01 4.998107194670929447e-03 -9.999999999000000000e+09
1.272942383027445885e+03 9.980696995661477722e-01 4.998108357075537779e-03 -9.999999999000000000e+09
1.272952998224301609e+03 9.927210812743529900e-01 4.998109518343577841e-03 -9.999999999000000000e+09
1.272963613509678680e+03 9.990371670145187233e-01 4.998110678476807775e-03 -9.999999999000000000e+09
1.272974228883577780e+03 9.966745900651203804e-01 4.998111837476984856e-03 -9.999999999000000000e+09
1.272984844345999363e+03 1.002652444667181397e+00 4.998112995345860288e-03 -9.999999999000000000e+09
1.272995459896944567e+03 1.003275668640295271e+00 4.998114152085181804e-03 -9.999999999000000000e+09
1.273006075536413846e+03 9.907396141730461236e-01 4.998115307696692801e-03 -9.999999999000000000e+09
1.273016691264408109e+03 1.003502040927976235e+00 4.998116462182134942e-03 -9.999999999000000000e+09
1.273027307080927812e+03 9.978907775062300090e-01 4.998117615543242950e-03 -9.999999999000000000e+09
1.273037922985974319e+03 9.978852265707491842e-01 4.998118767781749815e-03 -9.999999999000000000e+09
1.273048538979547629e+03 1.005618493066269936e+00 4.998119918899382452e-03 -9.999999999000000000e+09
1.273059155061648880e+03 1.005374616979761271e+00 4.998121068897868648e-03 -9.999999999000000000e+09
1.273069771232278526e+03 9.944964337254497133e-01 4.998122217778924910e-03 -9.999999999000000000e+09
1.273080387491437705e+03 9.938063508068586405e-01 4.998123365544267747e-03 -9.999999999000000000e+09
1.273091003839126870e+03 1.003655351046565336e+00 4.998124512195612802e-03 -9.999999999000000000e+09
1.273101620275346704e+03 9.993576686374645579e-01 4.998125657734667909e-03 -9.999999999000000000e+09
1.273112236800098572e+03 1.003286613299815722e+00 4.998126802163135700e-03 -9.999999999000000000e+09
1.273122853413382245e+03 9.988261532311820678e-01 4.998127945482720540e-03 -9.999999999000000000e+09
1.273133470115199088e+03 1.003911312522094201e+00 4.998129087695118121e-03 -9.999999999000000000e+09
1.273144086905550012e+03 1.001529260172313140e+00 4.998130228802021534e-03 -9.999999999000000000e+09
1.273154703784434787e+03 1.009291915353515590e+00 4.998131368805121266e-03 -9.999999999000000000e+09
1.273165320751855234e+03 9.973891392363311015e-01 4.998132507706104337e-03 -9.999999999000000000e+09
1.273175937807811579e+03 1.001628787298985523e+00 4.998133645506649958e-03 -9.999999999000000000e+09
1.273186554952304732e+03 9.969352698811364544e-01 4.998134782208441679e-03 -9.999999999000000000e+09
1.273197172185335148e+03 1.004465133290509904e+00 4.998135917813150038e-03 -9.999999999000000000e+09
1.273207789506904192e+03 9.995858114213446166e-01 4.998137052322445574e-03 -9.999999999000000000e+09
1.273218406917011862e+03 1.000226267755965903e+00 4.998138185737997959e-03 -9.999999999000000000e+09
1.273229024415659069e+03 9.951966265411772428e-01 4.998139318061469057e-03 -9.999999999000000000e+09
1.273239642002846949e+03 9.997071180516534650e-01 4.998140449294518999e-03 -9.999999999000000000e+09
1.273250259678575731e+03 9.967131123515760027e-01 4.998141579438805313e-03 -9.999999999000000000e+09
1.273260877442846322e+03 9.916734375705142934e-01 4.998142708495979455e-03 -9.999999999000000000e+09
1.273271495295659861e+03 1.002509619217627490e+00 4.998143836467690282e-03 -9.999999999000000000e+09
1.273282113237016802e+03 9.974896244135900147e-01 4.998144963355582310e-03 -9.999999999000000000e+09
1.273292731266917599e+03 1.000818954096109659e+00 4.998146089161298322e-03 -9.999999999000000000e+09
1.273303349385363163e+03 9.995826049651109768e-01 4.998147213886475031e-03 -9.999999999000000000e+09
1.273313967592354402e+03 9.937096418910995599e-01 4.998148337532746545e-03 -9.999999999000000000e+09
1.273324585887891999e+03 9.911386538272571878e-01 4.998149460101746107e-03 -9.999999999000000000e+09
1.273335204271976636e+03 1.004990669208815524e+00 4.998150581595098285e-03 -9.999999999000000000e+09
1.273345822744608995e+03 9.960961705776921749e-01 4.998151702014426781e-03 -9.999999999000000000e+09
1.273356441305790213e+03 1.004927713665172417e+00 4.998152821361353561e-03 -9.999999999000000000e+09
1.273367059955520290e+03 1.003163653773707864e+00 4.998153939637491050e-03 -9.999999999000000000e+09
1.273377678693800590e+03 1.001110141524357511e+00 4.998155056844456011e-03 -9.999999999000000000e+09
1.273388297520631568e+03 1.005066554672070067e+00 4.998156172983854797e-03 -9.999999999000000000e+09
1.273398916436014133e+03 9.929501200509985859e-01 4.998157288057296366e-03 -9.999999999000000000e+09
1.273409535439948741e+03 9.963858628018833485e-01 4.998158402066380131e-03 -9.999999999000000000e+09
1.273420154532436300e+03 1.001560854072990558e+00 4.998159515012705507e-03 -9.999999999000000000e+09
1.273430773713477947e+03 1.001738893958535881e+00 4.998160626897869309e-03 -9.999999999000000000e+09
1.273441392983073456e+03 1.001106453515113515e+00 4.998161737723460542e-03 -9.999999999000000000e+09
1.273452012341224417e+03 9.866360150005281104e-01 4.998162847491068213e-03 -9.999999999000000000e+09
1.273462631787931286e+03 9.877906003274604663e-01 4.998163956202279594e-03 -9.999999999000000000e+09
1.273473251323194972e+03 1.001241080818519258e+00 4.998165063858675018e-03 -9.999999999000000000e+09
1.273483870947015930e+03 1.000156056190948606e+00 4.998166170461829615e-03 -9.999999999000000000e+09
1.273494490659394842e+03 9.935510770543602987e-01 4.998167276013320247e-03 -9.999999999000000000e+09
1.273505110460332844e+03 1.003492554053517560e+00 4.998168380514718574e-03 -9.999999999000000000e+09
1.273515730349830392e+03 1.000388419863755596e+00 4.998169483967591052e-03 -9.999999999000000000e+09
1.273526350327888167e+03 1.007777300263206444e+00 4.998170586373501534e-03 -9.999999999000000000e+09
1.273536970394507080e+03 9.925907192546693514e-01 4.998171687734012138e-03 -9.999999999000000000e+09
1.273547590549687811e+03 9.907108364933200351e-01 4.998172788050679778e-03 -9.999999999000000000e+09
1.273558210793431272e+03 1.002505877368619291e+00 4.998173887325057900e-03 -9.999999999000000000e+09
1.273568831125737915e+03 9.930279524093735821e-01 4.998174985558699081e-03 -9.999999999000000000e+09
1.273579451546608652e+03 9.976816709773865810e-01 4.998176082753147224e-03 -9.999999999000000000e+09
1.273590072056044164e+03 1.001130647484708147e+00 4.998177178909949704e-03 -9.999999999000000000e+09
1.273600692654044906e+03 1.007182222442124742e+00 4.998178274030648689e-03 -9.999999999000000000e+09
1.273611313340612469e+03 9.949194646717424151e-01 4.998179368116775941e-03 -9.999999999000000000e+09
1.273621934115746399e+03 9.904484451906527820e-01 4.998180461169870158e-03 -9.999999999000000000e+09
1.273632554979448514e+03 9.942372912021573139e-01 4.998181553191461367e-03 -9.999999999000000000e+09
1.273643175931719043e+03 1.007415996450130358e+00 4.998182644183075257e-03 -9.999999999000000000e+09
1.273653796972558666e+03 1.002325155622650898e+00 4.998183734146237518e-03 -9.999999999000000000e+09
1.273664418101968295e+03 1.004763201335925116e+00 4.998184823082470370e-03 -9.999999999000000000e+09
1.273675039319948382e+03 9.913479516472180064e-01 4.998185910993287358e-03 -9.999999999000000000e+09
1.273685660626500066e+03 9.984186774816105059e-01 4.998186997880208100e-03 -9.999999999000000000e+09
1.273696282021623801e+03 1.000915091175036187e+00 4.998188083744740072e-03 -9.999999999000000000e+09
1.273706903505320497e+03 1.000156901688140865e+00 4.998189168588395084e-03 -9.999999999000000000e+09
1.273717525077591063e+03 9.958966810264562319e-01 4.998190252412671938e-03 -9.999999999000000000e+09
1.273728146738435953e+03 9.947915552555540719e-01 4.998191335219076374e-03 -9.999999999000000000e+09
1.273738768487855623e+03 9.964090782310671690e-01 4.998192417009109795e-03 -9.999999999000000000e+09
1.273749390325851437e+03 9.970059989152543212e-01 4.998193497784259726e-03 -9.999999999000000000e+09
1.273760012252424076e+03 1.006492680915290983e+00 4.998194577546022366e-03 -9.999999999000000000e+09
1.273770634267573541e+03 1.005308944544060612e+00 4.998195656295888710e-03 -9.999999999000000000e+09
1.273781256371301424e+03 1.003400013649807132e+00 4.998196734035339345e-03 -9.999999999000000000e+09
1.273791878563607952e+03 9.998496093169222387e-01 4.998197810765861795e-03 -9.999999999000000000e+09
1.273802500844494034e+03 9.999828931488268235e-01 4.998198886488931444e-03 -9.999999999000000000e+09
1.273813123213960353e+03 9.944065373852520873e-01 4.998199961206028011e-03 -9.999999999000000000e+09
1.273823745672007817e+03 9.984671013505174164e-01 4.998201034918620805e-03 -9.999999999000000000e+09
1.273834368218637110e+03 1.004309985270407823e+00 4.998202107628183476e-03 -9.999999999000000000e+09
1.273844990853848458e+03 1.006202282993915675e+00 4.998203179336179261e-03 -9.999999999000000000e+09
1.273855613577643453e+03 9.952990892977613413e-01 4.998204250044074003e-03 -9.999999999000000000e+09
1.273866236390022550e+03 1.001740974006007479e+00 4.998205319753329205e-03 -9.999999999000000000e+09
1.273876859290985976e+03 9.968328102266408308e-01 4.998206388465401169e-03 -9.999999999000000000e+09
1.273887482280535096e+03 9.999662250070460168e-01 4.998207456181745327e-03 -9.999999999000000000e+09
1.273898105358670364e+03 1.004858208557613652e+00 4.998208522903811908e-03 -9.999999999000000000e+09
1.273908728525392689e+03 9.998403434178246840e-01 4.998209588633051141e-03 -9.999999999000000000e+09
1.273919351780702755e+03 9.932395398505418083e-01 4.998210653370905449e-03 -9.999999999000000000e+09
1.273929975124600787e+03 1.005766610168134623e+00 4.998211717118821590e-03 -9.999999999000000000e+09
1.273940598557088379e+03 9.929599704557495743e-01 4.998212779878235049e-03 -9.999999999000000000e+09
1.273951222078165756e+03 9.964219840562268393e-01 4.998213841650583043e-03 -9.999999999000000000e+09
1.273961845687833829e+03 1.001535782481901782e+00 4.998214902437300190e-03 -9.999999999000000000e+09
1.273972469386093280e+03 9.892278875268906146e-01 4.998215962239815902e-03 -9.999999999000000000e+09
1.273983093172944564e+03 1.005582626038554084e+00 4.998217021059557855e-03 -9.999999999000000000e+09
1.273993717048388817e+03 1.000720663754784745e+00 4.998218078897948523e-03 -9.999999999000000000e+09
1.274004341012426949e+03 9.991158739416472478e-01 4.998219135756412114e-03 -9.999999999000000000e+09
1.274014965065058959e+03 1.000626100540939145e+00 4.998220191636365897e-03 -9.999999999000000000e+09
1.274025589206286213e+03 9.965909976118216829e-01 4.998221246539225407e-03 -9.999999999000000000e+09
1.274036213436109392e+03 9.954372796995408779e-01 4.998222300466401841e-03 -9.999999999000000000e+09
1.274046837754528951e+03 9.996634129923300804e-01 4.998223353419306396e-03 -9.999999999000000000e+09
1.274057462161545800e+03 9.999821956383636579e-01 4.998224405399344199e-03 -9.999999999000000000e+09
1.274068086657160848e+03 1.000128522353554317e+00 4.998225456407920375e-03 -9.999999999000000000e+09
1.274078711241374549e+03 9.934533727326858576e-01 4.998226506446436582e-03 -9.999999999000000000e+09
1.274089335914187586e+03 1.003121065079564334e+00 4.998227555516287536e-03 -9.999999999000000000e+09
1.274099960675600869e+03 1.002575010631262753e+00 4.998228603618870558e-03 -9.999999999000000000e+09
1.274110585525615534e+03 9.988316612935606020e-01 4.998229650755576896e-03 -9.999999999000000000e+09
1.274121210464231581e+03 9.936790725694720772e-01 4.998230696927795196e-03 -9.999999999000000000e+09
1.274131835491449920e+03 1.002167533756647799e+00 4.998231742136913236e-03 -9.999999999000000000e+09
1.274142460607271914e+03 1.004058162001653098e+00 4.998232786384316194e-03 -9.999999999000000000e+09
1.274153085811697565e+03 1.003492773348475975e+00 4.998233829671380572e-03 -9.999999999000000000e+09
1.274163711104727781e+03 1.001602735087966600e+00 4.998234871999485476e-03 -9.999999999000000000e+09
1.274174336486363245e+03 9.953835709244325258e-01 4.998235913370008277e-03 -9.999999999000000000e+09
1.274184961956605321e+03 1.007142490219757214e+00 4.998236953784316802e-03 -9.999999999000000000e+09
1.274195587515454235e+03 9.926660285463273503e-01 4.998237993243784955e-03 -9.999999999000000000e+09
1.274206213162910672e+03 9.983010956578327599e-01 4.998239031749775359e-03 -9.999999999000000000e+09
1.274216838898975311e+03 9.990059297897625479e-01 4.998240069303654977e-03 -9.999999999000000000e+09
1.274227464723649064e+03 1.003696479841173606e+00 4.998241105906781230e-03 -9.999999999000000000e+09
1.274238090636932611e+03 1.005568834371171505e+00 4.998242141560515876e-03 -9.999999999000000000e+09
1.274248716638827318e+03 1.001776534422642362e+00 4.998243176266212000e-03 -9.999999999000000000e+09
1.274259342729332730e+03 9.988468405240594761e-01 4.998244210025220950e-03 -9.999999999000000000e+09
1.274269968908450210e+03 9.995054332616193360e-01 4.998245242838894944e-03 -9.999999999000000000e+09
1.274280595176180668e+03 1.012713437998339350e+00 4.998246274708580995e-03 -9.999999999000000000e+09
1.274291221532524787e+03 9.999382604253591600e-01 4.998247305635622646e-03 -9.999999999000000000e+09
1.274301847977482794e+03 1.002845168539167942e+00 4.998248335621359971e-03 -9.999999999000000000e+09
1.274312474511056280e+03 9.940854325267780567e-01 4.998249364667133043e-03 -9.999999999000000000e+09
1.274323101133245473e+03 9.940861205373257015e-01 4.998250392774277601e-03 -9.999999999000000000e+09
1.274333727844050827e+03 1.002551606439646692e+00 4.998251419944127645e-03 -9.999999999000000000e+09
1.274344354643473480e+03 1.002888900101238434e+00 4.998252446178014577e-03 -9.999999999000000000e+09
1.274354981531514113e+03 1.001801547439122864e+00 4.998253471477263725e-03 -9.999999999000000000e+09
1.274365608508173636e+03 9.991341382940988058e-01 4.998254495843202153e-03 -9.999999999000000000e+09
1.274376235573452504e+03 1.000351665190061912e+00 4.998255519277152586e-03 -9.999999999000000000e+09
1.274386862727351399e+03 9.945322981579349797e-01 4.998256541780432549e-03 -9.999999999000000000e+09
1.274397489969871458e+03 9.910979596056433971e-01 4.998257563354361298e-03 -9.999999999000000000e+09
1.274408117301012908e+03 9.936583722062435342e-01 4.998258584000252885e-03 -9.999999999000000000e+09
1.274418744720777113e+03 9.994372768997483725e-01 4.998259603719420498e-03 -9.999999999000000000e+09
1.274429372229164073e+03 1.006425894925824238e+00 4.998260622513170381e-03 -9.999999999000000000e+09
1.274439999826175153e+03 1.001677189464711848e+00 4.998261640382811385e-03 -9.999999999000000000e+09
1.274450627511810808e+03 9.866915706742622749e-01 4.998262657329647154e-03 -9.999999999000000000e+09
1.274461255286072173e+03 9.903189184601358663e-01 4.998263673354976129e-03 -9.999999999000000000e+09
1.274471883148959023e+03 9.903964017165947098e-01 4.998264688460101954e-03 -9.999999999000000000e+09
1.274482511100473175e+03 1.004070362308492559e+00 4.998265702646317865e-03 -9.999999999000000000e+09
1.274493139140614630e+03 9.980870317376397960e-01 4.998266715914916232e-03 -9.999999999000000000e+09
1.274503767269384525e+03 9.968440725203696617e-01 4.998267728267190291e-03 -9.999999999000000000e+09
1.274514395486783314e+03 9.982902610281352285e-01 4.998268739704425472e-03 -9.999999999000000000e+09
1.274525023792812135e+03 9.982458054749331344e-01 4.998269750227910674e-03 -9.999999999000000000e+09
1.274535652187471214e+03 9.960754833574188005e-01 4.998270759838925256e-03 -9.999999999000000000e+09
1.274546280670761917e+03 9.925534076539643813e-01 4.998271768538753781e-03 -9.999999999000000000e+09
1.274556909242684242e+03 9.985946923676780607e-01 4.998272776328671271e-03 -9.999999999000000000e+09
1.274567537903239554e+03 9.962460401373651742e-01 4.998273783209954482e-03 -9.999999999000000000e+09
1.274578166652428308e+03 1.010866686714247509e+00 4.998274789183875834e-03 -9.999999999000000000e+09
1.274588795490251186e+03 1.004560229783457270e+00 4.998275794251705144e-03 -9.999999999000000000e+09
1.274599424416709098e+03 9.981762848237167862e-01 4.998276798414712230e-03 -9.999999999000000000e+09
1.274610053431802726e+03 1.007934830328339748e+00 4.998277801674158236e-03 -9.999999999000000000e+09
1.274620682535532978e+03 1.002405631806285280e+00 4.998278804031309509e-03 -9.999999999000000000e+09
1.274631311727900311e+03 9.979539295762001050e-01 4.998279805487425460e-03 -9.999999999000000000e+09
1.274641941008905405e+03 9.993749046216237053e-01 4.998280806043761161e-03 -9.999999999000000000e+09
1.274652570378549399e+03 1.001178750890860503e+00 4.998281805701576021e-03 -9.999999999000000000e+09
1.274663199836832746e+03 9.995560744960871880e-01 4.998282804462119908e-03 -9.999999999000000000e+09
1.274673829383755901e+03 9.985691971506391873e-01 4.998283802326642690e-03 -9.999999999000000000e+09
1.274684459019320457e+03 1.002548252839866372e+00 4.998284799296395103e-03 -9.999999999000000000e+09
1.274695088743526185e+03 9.981240110638185392e-01 4.998285795372619210e-03 -9.999999999000000000e+09
1.274705718556374450e+03 1.003893541216334562e+00 4.998286790556557939e-03 -9.999999999000000000e+09
1.274716348457865706e+03 1.004138165041417174e+00 4.998287784849454220e-03 -9.999999999000000000e+09
1.274726978448001091e+03 9.863216714831869458e-01 4.998288778252542308e-03 -9.999999999000000000e+09
1.274737608526780832e+03 9.976269480937817180e-01 4.998289770767060797e-03 -9.999999999000000000e+09
1.274748238694206066e+03 9.889058332233319204e-01 4.998290762394240472e-03 -9.999999999000000000e+09
1.274758868950277019e+03 9.986465033537439417e-01 4.998291753135312120e-03 -9.999999999000000000e+09
1.274769499294995057e+03 1.000589903374503375e+00 4.998292742991507394e-03 -9.999999999000000000e+09
1.274780129728360407e+03 1.006009097568303368e+00 4.998293731964045805e-03 -9.999999999000000000e+09
1.274790760250374205e+03 1.000163798383640890e+00 4.998294720054154670e-03 -9.999999999000000000e+09
1.274801390861036907e+03 1.003182159413210428e+00 4.998295707263054367e-03 -9.999999999000000000e+09
1.274812021560349422e+03 9.947580575275143389e-01 4.998296693591961805e-03 -9.999999999000000000e+09
1.274822652348312431e+03 1.011666345178374504e+00 4.998297679042095626e-03 -9.999999999000000000e+09
1.274833283224926845e+03 9.925356334194040953e-01 4.998298663614666668e-03 -9.999999999000000000e+09
1.274843914190192891e+03 9.898447822137050878e-01 4.998299647310888369e-03 -9.999999999000000000e+09
1.274854545244111705e+03 9.941217305549528982e-01 4.998300630131968098e-03 -9.999999999000000000e+09
1.274865176386684197e+03 9.993717850818428783e-01 4.998301612079113221e-03 -9.999999999000000000e+09
1.274875807617910596e+03 9.983962395629977227e-01 4.998302593153527637e-03 -9.999999999000000000e+09
1.274886438937792263e+03 9.951273722304034841e-01 4.998303573356415244e-03 -9.999999999000000000e+09
1.274897070346329429e+03 9.951779497957542464e-01 4.998304552688970399e-03 -9.999999999000000000e+09
1.274907701843522773e+03 9.975171879288269317e-01 4.998305531152394399e-03 -9.999999999000000000e+09
1.274918333429373433e+03 9.975449864294900770e-01 4.998306508747881599e-03 -9.999999999000000000e+09
1.274928965103882092e+03 1.004702608980011957e+00 4.998307485476622888e-03 -9.999999999000000000e+09
1.274939596867049431e+03 1.002822489928445915e+00 4.998308461339809154e-03 -9.999999999000000000e+09
1.274950228718875678e+03 1.002391998117935001e+00 4.998309436338627815e-03 -9.999999999000000000e+09
1.274960860659362424e+03 9.953082852172809858e-01 4.998310410474266288e-03 -9.999999999000000000e+09
1.274971492688509898e+03 1.007123978832769495e+00 4.998311383747905921e-03 -9.999999999000000000e+09
1.274982124806319007e+03 1.003820568755395159e+00 4.998312356160728061e-03 -9.999999999000000000e+09
1.274992757012790207e+03 1.000076029499290531e+00 4.998313327713908849e-03 -9.999999999000000000e+09
1.275003389307924863e+03 9.942794496678569738e-01 4.998314298408629633e-03 -9.999999999000000000e+09
1.275014021691722974e+03 9.966130005758337962e-01 4.998315268246060483e-03 -9.999999999000000000e+09
1.275024654164185677e+03 9.983262098931567907e-01 4.998316237227374940e-03 -9.999999999000000000e+09
1.275035286725313881e+03 9.980706397393493967e-01 4.998317205353740474e-03 -9.999999999000000000e+09
1.275045919375107815e+03 1.001134964397946137e+00 4.998318172626326286e-03 -9.999999999000000000e+09
1.275056552113568614e+03 1.000816522922676866e+00 4.998319139046297245e-03 -9.999999999000000000e+09
1.275067184940696961e+03 9.961084626603503578e-01 4.998320104614815615e-03 -9.999999999000000000e+09
1.275077817856493766e+03 1.000841172690274616e+00 4.998321069333041926e-03 -9.999999999000000000e+09
1.275088450860959256e+03 1.005295061248701938e+00 4.998322033202133238e-03 -9.999999999000000000e+09
1.275099083954094340e+03 1.007003182602056901e+00 4.998322996223248348e-03 -9.999999999000000000e+09
1.275109717135899928e+03 1.003199934521835868e+00 4.998323958397535641e-03 -9.999999999000000000e+09
1.275120350406376929e+03 1.006781288633602056e+00 4.998324919726152178e-03 -9.999999999000000000e+09
1.275130983765525798e+03 9.970866151180917125e-01 4.998325880210245480e-03 -9.999999999000000000e+09
1.275141617213347217e+03 9.965253896726061766e-01 4.998326839850961330e-03 -9.999999999000000000e+09
1.275152250749842324e+03 1.002732313750648308e+00 4.998327798649445514e-03 -9.999999999000000000e+09
1.275162884375011345e+03 1.000226812122991804e+00 4.998328756606840347e-03 -9.999999999000000000e+09
1.275173518088855189e+03 9.954429922709340239e-01 4.998329713724289011e-03 -9.999999999000000000e+09
1.275184151891374540e+03 1.006367829072556841e+00 4.998330670002925150e-03 -9.999999999000000000e+09
1.275194785782570534e+03 1.001505753148171474e+00 4.998331625443888475e-03 -9.999999999000000000e+09
1.275205419762443398e+03 9.888611633014318114e-01 4.998332580048310894e-03 -9.999999999000000000e+09
1.275216053830994497e+03 9.975670781266573472e-01 4.998333533817325182e-03 -9.999999999000000000e+09
1.275226687988224057e+03 1.001597241604024635e+00 4.998334486752060643e-03 -9.999999999000000000e+09
1.275237322234132989e+03 1.002633595665411548e+00 4.998335438853644848e-03 -9.999999999000000000e+09
1.275247956568721747e+03 9.940170297764364671e-01 4.998336390123203632e-03 -9.999999999000000000e+09
1.275258590991991468e+03 1.001991142588976036e+00 4.998337340561858494e-03 -9.999999999000000000e+09
1.275269225503942380e+03 1.001980056831631938e+00 4.998338290170731800e-03 -9.999999999000000000e+09
1.275279860104575846e+03 1.004910023642599626e+00 4.998339238950942447e-03 -9.999999999000000000e+09
1.275290494793892549e+03 9.953397117186204568e-01 4.998340186903607596e-03 -9.999999999000000000e+09
1.275301129571892716e+03 9.945336017255579364e-01 4.998341134029840073e-03 -9.999999999000000000e+09
1.275311764438577484e+03 9.971467831845434171e-01 4.998342080330752703e-03 -9.999999999000000000e+09
1.275322399393947535e+03 1.008789997757572721e+00 4.998343025807456576e-03 -9.999999999000000000e+09
1.275333034438003551e+03 1.008943194872873095e+00 4.998343970461061048e-03 -9.999999999000000000e+09
1.275343669570746215e+03 1.005783661082419567e+00 4.998344914292669403e-03 -9.999999999000000000e+09
1.275354304792176436e+03 9.941660041492502708e-01 4.998345857303387527e-03 -9.999999999000000000e+09
1.275364940102294895e+03 9.946449415645089998e-01 4.998346799494319571e-03 -9.999999999000000000e+09
1.275375575501102276e+03 1.003114187754535758e+00 4.998347740866561015e-03 -9.999999999000000000e+09
1.275386210988599032e+03 1.000398561206841563e+00 4.998348681421210804e-03 -9.999999999000000000e+09
1.275396846564786529e+03 1.004690996715584594e+00 4.998349621159367887e-03 -9.999999999000000000e+09
1.275407482229665220e+03 9.937819764691245839e-01 4.998350560082121669e-03 -9.999999999000000000e+09
1.275418117983235788e+03 1.001668439916049813e+00 4.998351498190565893e-03 -9.999999999000000000e+09
1.275428753825498916e+03 9.985051567453619992e-01 4.998352435485789100e-03 -9.999999999000000000e+09
1.275439389756455284e+03 1.004001417594250212e+00 4.998353371968881562e-03 -9.999999999000000000e+09
1.275450025776105804e+03 9.979326968004316178e-01 4.998354307640924879e-03 -9.999999999000000000e+09
1.275460661884451383e+03 9.978917307602442888e-01 4.998355242503003254e-03 -9.999999999000000000e+09
1.275471298081492478e+03 1.008445466249995315e+00 4.998356176556200021e-03 -9.999999999000000000e+09
1.275481934367229996e+03 1.005275504099044204e+00 4.998357109801592445e-03 -9.999999999000000000e+09
1.275492570741664167e+03 9.968894425732717224e-01 4.998358042240260389e-03 -9.999999999000000000e+09
1.275503207204796809e+03 9.954193672776709967e-01 4.998358973873275914e-03 -9.999999999000000000e+09
1.275513843756627466e+03 1.004151111079486069e+00 4.998359904701713680e-03 -9.999999999000000000e+09
1.275524480397157731e+03 1.004422252459234333e+00 4.998360834726644011e-03 -9.999999999000000000e+09
1.275535117126387831e+03 1.000993161500680850e+00 4.998361763949137233e-03 -9.999999999000000000e+09
1.275545753944318903e+03 1.003577430281555882e+00 4.998362692370260200e-03 -9.999999999000000000e+09
1.275556390850951175e+03 9.952991918065734467e-01 4.998363619991077166e-03 -9.999999999000000000e+09
1.275567027846286010e+03 9.994560453529282018e-01 4.998364546812654116e-03 -9.999999999000000000e+09
1.275577664930323863e+03 9.950304286424909161e-01 4.998365472836048366e-03 -9.999999999000000000e+09
1.275588302103064962e+03 1.003398608366782740e+00 4.998366398062321567e-03 -9.999999999000000000e+09
1.275598939364511125e+03 9.992605655301611822e-01 4.998367322492531899e-03 -9.999999999000000000e+09
1.275609576714662126e+03 1.007642002122852043e+00 4.998368246127731472e-03 -9.999999999000000000e+09
1.275620214153519100e+03 9.969149119505490431e-01 4.998369168968974999e-03 -9.999999999000000000e+09
1.275630851681082959e+03 9.883827261691878752e-01 4.998370091017315456e-03 -9.999999999000000000e+09
1.275641489297354155e+03 1.000880992981496131e+00 4.998371012273800616e-03 -9.999999999000000000e+09
1.275652127002333600e+03 9.963944598820021481e-01 4.998371932739477386e-03 -9.999999999000000000e+09
1.275662764796021975e+03 1.000820109387880796e+00 4.998372852415392670e-03 -9.999999999000000000e+09
1.275673402678419734e+03 9.946509338988408500e-01 4.998373771302588170e-03 -9.999999999000000000e+09
1.275684040649528242e+03 9.932965335036261223e-01 4.998374689402107322e-03 -9.999999999000000000e+09
1.275694678709347500e+03 1.000026848643624122e+00 4.998375606714988359e-03 -9.999999999000000000e+09
1.275705316857878870e+03 1.001485780817668703e+00 4.998376523242270379e-03 -9.999999999000000000e+09
1.275715955095123036e+03 9.911712331792719155e-01 4.998377438984987278e-03 -9.999999999000000000e+09
1.275726593421080224e+03 1.001479163375253556e+00 4.998378353944175553e-03 -9.999999999000000000e+09
1.275737231835751572e+03 1.004123731210183390e+00 4.998379268120863896e-03 -9.999999999000000000e+09
1.275747870339137762e+03 1.001658836390105334e+00 4.998380181516086200e-03 -9.999999999000000000e+09
1.275758508931239476e+03 9.998155701778265181e-01 4.998381094130867688e-03 -9.999999999000000000e+09
1.275769147612057395e+03 1.002429893596825217e+00 4.998382005966235317e-03 -9.999999999000000000e+09
1.275779786381592885e+03 9.939907438523603034e-01 4.998382917023214307e-03 -9.999999999000000000e+09
1.275790425239845717e+03 9.986728924433583288e-01 4.998383827302826411e-03 -9.999999999000000000e+09
1.275801064186817257e+03 9.928904490653280845e-01 4.998384736806090779e-03 -9.999999999000000000e+09
1.275811703222507731e+03 9.900795931941754890e-01 4.998385645534027429e-03 -9.999999999000000000e+09
1.275822342346918731e+03 1.007814827200201213e+00 4.998386553487655509e-03 -9.999999999000000000e+09
1.275832981560050030e+03 9.994390132163063489e-01 4.998387460667985498e-03 -9.999999999000000000e+09
1.275843620861903219e+03 1.004499152131195228e+00 4.998388367076033942e-03 -9.999999999000000000e+09
1.275854260252478298e+03 1.000771871709322580e+00 4.998389272712809583e-03 -9.999999999000000000e+09
1.275864899731776404e+03 9.976020982999869169e-01 4.998390177579324634e-03 -9.999999999000000000e+09
1.275875539299798447e+03 9.978766425098570814e-01 4.998391081676583497e-03 -9.999999999000000000e+09
1.275886178956544654e+03 1.006805616107891321e+00 4.998391985005593181e-03 -9.999999999000000000e+09
1.275896818702016162e+03 9.911440578492153319e-01 4.998392887567358958e-03 -9.999999999000000000e+09
1.275907458536213426e+03 1.001129858841102616e+00 4.998393789362880896e-03 -9.999999999000000000e+09
1.275918098459137582e+03 9.970849180073766416e-01 4.998394690393158195e-03 -9.999999999000000000e+09
1.275928738470789085e+03 9.967378643059024990e-01 4.998395590659190924e-03 -9.999999999000000000e+09
1.275939378571168618e+03 9.882948321863780361e-01 4.998396490161976548e-03 -9.999999999000000000e+09
1.275950018760277317e+03 9.962023647966121720e-01 4.998397388902507330e-03 -9.999999999000000000e+09
1.275960659038115409e+03 1.003150897968656530e+00 4.998398286881778133e-03 -9.999999999000000000e+09
1.275971299404684032e+03 1.000010637840988537e+00 4.998399184100776882e-03 -9.999999999000000000e+09
1.275981939859983640e+03 9.936139462013391377e-01 4.998400080560497574e-03 -9.999999999000000000e+09
1.275992580404015143e+03 1.001844893746904885e+00 4.998400976261922930e-03 -9.999999999000000000e+09
1.276003221036779223e+03 1.002795967485572426e+00 4.998401871206040875e-03 -9.999999999000000000e+09
1.276013861758276335e+03 1.000363608335177235e+00 4.998402765393835864e-03 -9.999999999000000000e+09
1.276024502568508069e+03 9.973009804231219855e-01 4.998403658826286282e-03 -9.999999999000000000e+09
1.276035143467474199e+03 1.006777724168431254e+00 4.998404551504376583e-03 -9.999999999000000000e+09
1.276045784455175863e+03 1.008737088237627200e+00 4.998405443429084286e-03 -9.999999999000000000e+09
1.276056425531613968e+03 1.010301238403989554e+00 4.998406334601385170e-03 -9.999999999000000000e+09
1.276067066696789198e+03 1.003207622482430006e+00 4.998407225022252418e-03 -9.999999999000000000e+09
1.276077707950702234e+03 1.000237581819138466e+00 4.998408114692662677e-03 -9.999999999000000000e+09
1.276088349293353303e+03 9.985623062097147562e-01 4.998409003613585658e-03 -9.999999999000000000e+09
1.276098990724744226e+03 1.004318905529888672e+00 4.998409891785991072e-03 -9.999999999000000000e+09
1.276109632244874774e+03 1.007854132909096867e+00 4.998410779210846026e-03 -9.999999999000000000e+09
1.276120273853746085e+03 1.000437440394455368e+00 4.998411665889118498e-03 -9.999999999000000000e+09
1.276130915551358839e+03 1.000672111240033635e+00 4.998412551821771257e-03 -9.999999999000000000e+09
1.276141557337713948e+03 1.005922369581997211e+00 4.998413437009765342e-03 -9.999999999000000000e+09
1.276152199212811865e+03 1.007584590237402322e+00 4.998414321454065258e-03 -9.999999999000000000e+09
1.276162841176653501e+03 9.862473174822167232e-01 4.998415205155627705e-03 -9.999999999000000000e+09
1.276173483229239537e+03 1.001088467302033713e+00 4.998416088115411986e-03 -9.999999999000000000e+09
1.276184125370570882e+03 9.988169498241343813e-01 4.998416970334371330e-03 -9.999999999000000000e+09
1.276194767600647992e+03 9.957344163257320080e-01 4.998417851813460704e-03 -9.999999999000000000e+09
1.276205409919471776e+03 9.986961956485013170e-01 4.998418732553634204e-03 -9.999999999000000000e+09
1.276216052327042917e+03 9.955072937785673926e-01 4.998419612555839858e-03 -9.999999999000000000e+09
1.276226694823362095e+03 1.000904471070330315e+00 4.998420491821026559e-03 -9.999999999000000000e+09
1.276237337408430449e+03 9.942632631258762066e-01 4.998421370350142334e-03 -9.999999999000000000e+09
1.276247980082248205e+03 1.003616495425043498e+00 4.998422248144133474e-03 -9.999999999000000000e+09
1.276258622844816500e+03 1.003262060379570775e+00 4.998423125203942802e-03 -9.999999999000000000e+09
1.276269265696135562e+03 1.005187489567039183e+00 4.998424001530511404e-03 -9.999999999000000000e+09
1.276279908636206528e+03 9.936444002007202014e-01 4.998424877124780369e-03 -9.999999999000000000e+09
1.276290551665030307e+03 1.008223635709254440e+00 4.998425751987688181e-03 -9.999999999000000000e+09
1.276301194782606899e+03 9.981324083792444402e-01 4.998426626120171593e-03 -9.999999999000000000e+09
1.276311837988937896e+03 1.003574834097876733e+00 4.998427499523167353e-03 -9.999999999000000000e+09
1.276322481284023752e+03 1.000182119979857953e+00 4.998428372197607876e-03 -9.999999999000000000e+09
1.276333124667864922e+03 9.927955192318365096e-01 4.998429244144423841e-03 -9.999999999000000000e+09
1.276343768140462771e+03 9.995397571268144210e-01 4.998430115364547663e-03 -9.999999999000000000e+09
1.276354411701817071e+03 9.915747117742542693e-01 4.998430985858906550e-03 -9.999999999000000000e+09
1.276365055351929641e+03 1.005552477052525040e+00 4.998431855628428580e-03 -9.999999999000000000e+09
1.276375699090800026e+03 1.002826813724113197e+00 4.998432724674039228e-03 -9.999999999000000000e+09
1.276386342918430273e+03 1.008480375058734779e+00 4.998433592996661366e-03 -9.999999999000000000e+09
1.276396986834820154e+03 1.000283018631657805e+00 4.998434460597216134e-03 -9.999999999000000000e+09
1.276407630839970807e+03 9.979072915249959097e-01 4.998435327476625535e-03 -9.999999999000000000e+09
1.276418274933883140e+03 1.001317451067911923e+00 4.998436193635806372e-03 -9.999999999000000000e+09
1.276428919116557381e+03 1.004136185290221306e+00 4.998437059075678049e-03 -9.999999999000000000e+09
1.276439563387994667e+03 9.937815181432894107e-01 4.998437923797153896e-03 -9.999999999000000000e+09
1.276450207748195680e+03 1.007087298143489518e+00 4.998438787801148114e-03 -9.999999999000000000e+09
1.276460852197160875e+03 9.923301005963386379e-01 4.998439651088575769e-03 -9.999999999000000000e+09
1.276471496734891389e+03 1.006669539001231684e+00 4.998440513660344121e-03 -9.999999999000000000e+09
1.276482141361387676e+03 1.000776807442778527e+00 4.998441375517363033e-03 -9.999999999000000000e+09
1.276492786076650646e+03 1.007502461713077890e+00 4.998442236660539766e-03 -9.999999999000000000e+09
1.276503430880680980e+03 9.990709007512610373e-01 4.998443097090780711e-03 -9.999999999000000000e+09
1.276514075773479590e+03 9.901582222063305405e-01 4.998443956808991395e-03 -9.999999999000000000e+09
1.276524720755046928e+03 9.960753891509129820e-01 4.998444815816071272e-03 -9.999999999000000000e+09
1.276535365825383906e+03 1.009929730102791412e+00 4.998445674112922399e-03 -9.999999999000000000e+09
1.276546010984491204e+03 1.009021620196662195e+00 4.998446531700445096e-03 -9.999999999000000000e+09
1.276556656232369278e+03 1.001908950192726522e+00 4.998447388579537083e-03 -9.999999999000000000e+09
1.276567301569019492e+03 9.969892126502224450e-01 4.998448244751093478e-03 -9.999999999000000000e+09
1.276577946994442527e+03 9.923645809921163297e-01 4.998449100216010264e-03 -9.999999999000000000e+09
1.276588592508638385e+03 9.982975565673376517e-01 4.998449954975179091e-03 -9.999999999000000000e+09
1.276599238111608429e+03 1.006293191537106946e+00 4.998450809029491605e-03 -9.999999999000000000e+09
1.276609883803353114e+03 9.950917668434189345e-01 4.998451662379838588e-03 -9.999999999000000000e+09
1.276620529583873349e+03 9.936133421307462577e-01 4.998452515027108217e-03 -9.999999999000000000e+09
1.276631175453170044e+03 9.911744906407428113e-01 4.998453366972186070e-03 -9.999999999000000000e+09
1.276641821411243427e+03 1.001566779905551652e+00 4.998454218215958589e-03 -9.999999999000000000e+09
1.276652467458094861e+03 9.992751626779160512e-01 4.998455068759310484e-03 -9.999999999000000000e+09
1.276663113593724574e+03 1.000142813787328944e+00 4.998455918603122126e-03 -9.999999999000000000e+09
1.276673759818133476e+03 9.905320791761105248e-01 4.998456767748273889e-03 -9.999999999000000000e+09
1.276684406131322703e+03 9.891992785995156190e-01 4.998457616195646144e-03 -9.999999999000000000e+09
1.276695052533292028e+03 1.001655876989308469e+00 4.998458463946115794e-03 -9.999999999000000000e+09
1.276705699024043270e+03 9.911886572593737732e-01 4.998459311000557140e-03 -9.999999999000000000e+09
1.276716345603576656e+03 9.928454207328426540e-01 4.998460157359847084e-03 -9.999999999000000000e+09
1.276726992271892641e+03 9.972287118296561115e-01 4.998461003024859059e-03 -9.999999999000000000e+09
1.276737639028992589e+03 9.946595246921442479e-01 4.998461847996462162e-03 -9.999999999000000000e+09
1.276748285874876501e+03 9.993667181814375189e-01 4.998462692275525490e-03 -9.999999999000000000e+09
1.276758932809545968e+03 1.000059304004061067e+00 4.998463535862919006e-03 -9.999999999000000000e+09
1.276769579833001217e+03 1.000480126363716415e+00 4.998464378759510073e-03 -9.999999999000000000e+09
1.276780226945242930e+03 9.968121070289946983e-01 4.998465220966165183e-03 -9.999999999000000000e+09
1.276790874146272245e+03 1.001946781496046546e+00 4.998466062483743894e-03 -9.999999999000000000e+09
1.276801521436089388e+03 9.936264415728778276e-01 4.998466903313112698e-03 -9.999999999000000000e+09
1.276812168814695724e+03 1.003403103195333435e+00 4.998467743455129418e-03 -9.999999999000000000e+09
1.276822816282091253e+03 9.894276312382260796e-01 4.998468582910652741e-03 -9.999999999000000000e+09
1.276833463838277567e+03 9.967681072353843375e-01 4.998469421680544825e-03 -9.999999999000000000e+09
1.276844111483254665e+03 1.003838964493366959e+00 4.998470259765657418e-03 -9.999999999000000000e+09
1.276854759217023457e+03 9.989141147855491454e-01 4.998471097166848343e-03 -9.999999999000000000e+09
1.276865407039584852e+03 1.007659370622811412e+00 4.998471933884971949e-03 -9.999999999000000000e+09
1.276876054950939761e+03 9.993929297832417902e-01 4.998472769920873915e-03 -9.999999999000000000e+09
1.276886702951088637e+03 1.004904296387783003e+00 4.998473605275410327e-03 -9.999999999000000000e+09
1.276897351040031936e+03 1.005349871989383193e+00 4.998474439949430331e-03 -9.999999999000000000e+09
1.276907999217771021e+03 9.959827870656037252e-01 4.998475273943777004e-03 -9.999999999000000000e+09
1.276918647484306348e+03 1.004448621782853879e+00 4.998476107259298626e-03 -9.999999999000000000e+09
1.276929295839638598e+03 1.005754478088998649e+00 4.998476939896841741e-03 -9.999999999000000000e+09
1.276939944283768455e+03 1.003664982665735117e+00 4.998477771857246822e-03 -9.999999999000000000e+09
1.276950592816696826e+03 9.925961879255097431e-01 4.998478603141356079e-03 -9.999999999000000000e+09
1.276961241438424622e+03 1.010691652793499928e+00 4.998479433750009984e-03 -9.999999999000000000e+09
1.276971890148952070e+03 1.004045692549420332e+00 4.998480263684046410e-03 -9.999999999000000000e+09
1.276982538948280535e+03 1.003444966800766336e+00 4.998481092944303227e-03 -9.999999999000000000e+09
1.276993187836410243e+03 1.008055002764477903e+00 4.998481921531616572e-03 -9.999999999000000000e+09
1.277003836813342105e+03 1.005747307495408194e+00 4.998482749446819980e-03 -9.999999999000000000e+09
1.277014485879076801e+03 9.881427149576451630e-01 4.998483576690746985e-03 -9.999999999000000000e+09
1.277025135033615470e+03 1.007310816549762400e+00 4.998484403264229388e-03 -9.999999999000000000e+09
1.277035784276958111e+03 9.960347041771695498e-01 4.998485229168096386e-03 -9.999999999000000000e+09
1.277046433609106089e+03 1.005150449925097833e+00 4.998486054403176310e-03 -9.999999999000000000e+09
1.277057083030059857e+03 9.963101895234667271e-01 4.998486878970298357e-03 -9.999999999000000000e+09
1.277067732539820327e+03 9.936624566074974130e-01 4.998487702870286521e-03 -9.999999999000000000e+09
1.277078382138388179e+03 9.996176709446503716e-01 4.998488526103965664e-03 -9.999999999000000000e+09
1.277089031825764096e+03 9.990191037860135514e-01 4.998489348672158043e-03 -9.999999999000000000e+09
1.277099681601948532e+03 9.968203731488083363e-01 4.998490170575685919e-03 -9.999999999000000000e+09
1.277110331466943080e+03 9.873419402027256986e-01 4.998490991815370682e-03 -9.999999999000000000e+09
1.277120981420747739e+03 9.981850907260062522e-01 4.998491812392027653e-03 -9.999999999000000000e+09
1.277131631463363192e+03 1.002704922026109058e+00 4.998492632306477355e-03 -9.999999999000000000e+09
1.277142281594790802e+03 9.995297220367957980e-01 4.998493451559535110e-03 -9.999999999000000000e+09
1.277152931815030797e+03 9.938435383514807597e-01 4.998494270152014501e-03 -9.999999999000000000e+09
1.277163582124084087e+03 9.929853676519992955e-01 4.998495088084729115e-03 -9.999999999000000000e+09
1.277174232521951581e+03 1.002107295140665544e+00 4.998495905358491670e-03 -9.999999999000000000e+09
1.277184883008633506e+03 9.958793128948824069e-01 4.998496721974110546e-03 -9.999999999000000000e+09
1.277195533584130999e+03 1.010097801098475356e+00 4.998497537932396727e-03 -9.999999999000000000e+09
1.277206184248444742e+03 1.006735220296409494e+00 4.998498353234156859e-03 -9.999999999000000000e+09
1.277216835001575646e+03 9.935754506642661132e-01 4.998499167880196721e-03 -9.999999999000000000e+09
1.277227485843523937e+03 1.004590628824841181e+00 4.998499981871321225e-03 -9.999999999000000000e+09
1.277238136774290979e+03 1.002283131649907455e+00 4.998500795208337018e-03 -9.999999999000000000e+09
1.277248787793877000e+03 9.992814943006798067e-01 4.998501607892040337e-03 -9.999999999000000000e+09
1.277259438902283136e+03 1.007817209537295478e+00 4.998502419923237829e-03 -9.999999999000000000e+09
1.277270090099509844e+03 9.994405625055891029e-01 4.998503231302724864e-03 -9.999999999000000000e+09
1.277280741385558258e+03 9.967171214753606234e-01 4.998504042031302885e-03 -9.999999999000000000e+09
1.277291392760428380e+03 1.001465860008710518e+00 4.998504852109764661e-03 -9.999999999000000000e+09
1.277302044224121801e+03 9.994105488254491076e-01 4.998505661538909031e-03 -9.999999999000000000e+09
1.277312695776638748e+03 9.969184835307036696e-01 4.998506470319526163e-03 -9.999999999000000000e+09
1.277323347417980131e+03 9.871731533807898140e-01 4.998507278452412293e-03 -9.999999999000000000e+09
1.277333999148146404e+03 9.996290222356282174e-01 4.998508085938358457e-03 -9.999999999000000000e+09
1.277344650967138705e+03 9.996736751489507800e-01 4.998508892778153953e-03 -9.999999999000000000e+09
1.277355302874957715e+03 1.004565285355946802e+00 4.998509698972586346e-03 -9.999999999000000000e+09
1.277365954871604117e+03 9.901130408696094953e-01 4.998510504522444067e-03 -9.999999999000000000e+09
1.277376606957078366e+03 9.973021349897349674e-01 4.998511309428512080e-03 -9.999999999000000000e+09
1.277387259131381370e+03 1.002769257232518418e+00 4.998512113691575345e-03 -9.999999999000000000e+09
1.277397911394514040e+03 9.963152732383571131e-01 4.998512917312418827e-03 -9.999999999000000000e+09
1.277408563746477512e+03 9.953738634423568987e-01 4.998513720291824017e-03 -9.999999999000000000e+09
1.277419216187271331e+03 9.974684773764511680e-01 4.998514522630568939e-03 -9.999999999000000000e+09
1.277429868716897317e+03 9.896835892142775704e-01 4.998515324329437688e-03 -9.999999999000000000e+09
1.277440521335355697e+03 9.941249104851834772e-01 4.998516125389201349e-03 -9.999999999000000000e+09
1.277451174042647608e+03 9.992832147474255411e-01 4.998516925810644884e-03 -9.999999999000000000e+09
1.277461826838773277e+03 1.002710866270143386e+00 4.998517725594536776e-03 -9.999999999000000000e+09
1.277472479723733841e+03 1.008824294941974342e+00 4.998518524741656782e-03 -9.999999999000000000e+09
1.277483132697529754e+03 9.989609020410209483e-01 4.998519323252773386e-03 -9.999999999000000000e+09
1.277493785760161927e+03 1.001649345177759720e+00 4.998520121128662008e-03 -9.999999999000000000e+09
1.277504438911631269e+03 9.923452068239996260e-01 4.998520918370088530e-03 -9.999999999000000000e+09
1.277515092151938234e+03 9.892993437678595514e-01 4.998521714977825769e-03 -9.999999999000000000e+09
1.277525745481083732e+03 9.935021280561404655e-01 4.998522510952637873e-03 -9.999999999000000000e+09
1.277536398899068217e+03 9.985784323167944398e-01 4.998523306295293324e-03 -9.999999999000000000e+09
1.277547052405892600e+03 1.001913731423743403e+00 4.998524101006558869e-03 -9.999999999000000000e+09
1.277557706001558017e+03 1.002493239146021731e+00 4.998524895087196919e-03 -9.999999999000000000e+09
1.277568359686064468e+03 1.010410578679482363e+00 4.998525688537968151e-03 -9.999999999000000000e+09
1.277579013459413318e+03 1.003626015826698969e+00 4.998526481359634975e-03 -9.999999999000000000e+09
1.277589667321605248e+03 9.965820837142342903e-01 4.998527273552957201e-03 -9.999999999000000000e+09
1.277600321272640485e+03 1.008031182184776053e+00 4.998528065118695504e-03 -9.999999999000000000e+09
1.277610975312520395e+03 1.001137556100195836e+00 4.998528856057606225e-03 -9.999999999000000000e+09
1.277621629441245204e+03 1.001968796753796687e+00 4.998529646370443967e-03 -9.999999999000000000e+09
1.277632283658816050e+03 1.007288012109734510e+00 4.998530436057965938e-03 -9.999999999000000000e+09
1.277642937965233386e+03 9.971612723396577893e-01 4.998531225120923273e-03 -9.999999999000000000e+09
1.277653592360498124e+03 1.002662848924577910e+00 4.998532013560071444e-03 -9.999999999000000000e+09
1.277664246844610943e+03 1.005175722037541020e+00 4.998532801376159851e-03 -9.999999999000000000e+09
1.277674901417572528e+03 1.004883630574859854e+00 4.998533588569937895e-03 -9.999999999000000000e+09
1.277685556079383787e+03 9.974353970017355575e-01 4.998534375142156712e-03 -9.999999999000000000e+09
1.277696210830045175e+03 9.993633695045237575e-01 4.998535161093560497e-03 -9.999999999000000000e+09
1.277706865669557828e+03 9.975431605054164708e-01 4.998535946424896917e-03 -9.999999999000000000e+09
1.277717520597922430e+03 1.001144645770974950e+00 4.998536731136911035e-03 -9.999999999000000000e+09
1.277728175615139207e+03 9.961458136133863883e-01 4.998537515230347915e-03 -9.999999999000000000e+09
1.277738830721209524e+03 9.997415503166734441e-01 4.998538298705947416e-03 -9.999999999000000000e+09
1.277749485916133608e+03 1.009230731468633957e+00 4.998539081564453736e-03 -9.999999999000000000e+09
1.277760141199912596e+03 1.001264900222211596e+00 4.998539863806603263e-03 -9.999999999000000000e+09
1.277770796572547169e+03 9.976627435651465037e-01 4.998540645433138460e-03 -9.999999999000000000e+09
1.277781452034038011e+03 1.001545095647742079e+00 4.998541426444794850e-03 -9.999999999000000000e+09
1.277792107584385576e+03 9.986224248128942049e-01 4.998542206842308822e-03 -9.999999999000000000e+09
1.277802763223591000e+03 1.005377208301543979e+00 4.998542986626415031e-03 -9.999999999000000000e+09
1.277813418951655194e+03 1.002825970188602422e+00 4.998543765797849002e-03 -9.999999999000000000e+09
1.277824074768578157e+03 9.987335737055695883e-01 4.998544544357341052e-03 -9.999999999000000000e+09
1.277834730674361253e+03 9.933373405547143431e-01 4.998545322305626704e-03 -9.999999999000000000e+09
1.277845386669005165e+03 9.950172001077365325e-01 4.998546099643433674e-03 -9.999999999000000000e+09
1.277856042752510120e+03 9.988772496562079439e-01 4.998546876371490547e-03 -9.999999999000000000e+09
1.277866698924877710e+03 9.998076481710539420e-01 4.998547652490525905e-03 -9.999999999000000000e+09
1.277877355186107707e+03 1.005730305686673320e+00 4.998548428001265732e-03 -9.999999999000000000e+09
1.277888011536201702e+03 9.924552149613881102e-01 4.998549202904437744e-03 -9.999999999000000000e+09
1.277898667975159924e+03 9.992245455194158632e-01 4.998549977200762717e-03 -9.999999999000000000e+09
1.277909324502983509e+03 9.994467859114137820e-01 4.998550750890966635e-03 -9.999999999000000000e+09
1.277919981119672912e+03 9.979996536932596030e-01 4.998551523975771141e-03 -9.999999999000000000e+09
1.277930637825228814e+03 1.004975043949257740e+00 4.998552296455896146e-03 -9.999999999000000000e+09
1.277941294619652126e+03 9.981341392332971907e-01 4.998553068332060693e-03 -9.999999999000000000e+09
1.277951951502943530e+03 9.971674948832095486e-01 4.998553839604984693e-03 -9.999999999000000000e+09
1.277962608475103934e+03 9.999247795037683462e-01 4.998554610275384585e-03 -9.999999999000000000e+09
1.277973265536133567e+03 9.990902021423369028e-01 4.998555380343977679e-03 -9.999999999000000000e+09
1.277983922686033793e+03 9.984794038824884588e-01 4.998556149811476078e-03 -9.999999999000000000e+09
1.277994579924805294e+03 1.000746827089625590e+00 4.998556918678593620e-03 -9.999999999000000000e+09
1.278005237252448069e+03 1.002967014747212948e+00 4.998557686946045880e-03 -9.999999999000000000e+09
1.278015894668963711e+03 1.010732315746981635e+00 4.998558454614540625e-03 -9.999999999000000000e+09
1.278026552174352446e+03 9.949752287183404320e-01 4.998559221684792560e-03 -9.999999999000000000e+09
1.278037209768615412e+03 9.985640546467995371e-01 4.998559988157505983e-03 -9.999999999000000000e+09
1.278047867451753064e+03 9.904518078672448489e-01 4.998560754033391264e-03 -9.999999999000000000e+09
1.278058525223766310e+03 9.992238652704369395e-01 4.998561519313155302e-03 -9.999999999000000000e+09
1.278069183084655833e+03 1.014111353735020815e+00 4.998562283997501528e-03 -9.999999999000000000e+09
1.278079841034422088e+03 9.896678093623543226e-01 4.998563048087135974e-03 -9.999999999000000000e+09
1.278090499073066212e+03 1.001907974038689142e+00 4.998563811582762938e-03 -9.999999999000000000e+09
1.278101157200588659e+03 9.985342955731506542e-01 4.998564574485082380e-03 -9.999999999000000000e+09
1.278111815416990794e+03 9.947965210535560932e-01 4.998565336794796865e-03 -9.999999999000000000e+09
1.278122473722272616e+03 9.988169557817955235e-01 4.998566098512604618e-03 -9.999999999000000000e+09
1.278133132116435036e+03 9.936748867725749834e-01 4.998566859639205599e-03 -9.999999999000000000e+09
1.278143790599478962e+03 1.003862363057235862e+00 4.998567620175296301e-03 -9.999999999000000000e+09
1.278154449171405076e+03 1.010227667356610404e+00 4.998568380121574083e-03 -9.999999999000000000e+09
1.278165107832214289e+03 1.003590669631191590e+00 4.998569139478735435e-03 -9.999999999000000000e+09
1.278175766581906828e+03 1.000149251896370384e+00 4.998569898247470777e-03 -9.999999999000000000e+09
1.278186425420483829e+03 1.003120763178657615e+00 4.998570656428478337e-03 -9.999999999000000000e+09
1.278197084347946202e+03 1.001301014113297638e+00 4.998571414022445064e-03 -9.999999999000000000e+09
1.278207743364294402e+03 1.001000164556085315e+00 4.998572171030063113e-03 -9.999999999000000000e+09
1.278218402469529337e+03 9.958081809285488362e-01 4.998572927452023772e-03 -9.999999999000000000e+09
1.278229061663651237e+03 1.005177719559807281e+00 4.998573683289015725e-03 -9.999999999000000000e+09
1.278239720946661464e+03 9.940970339086532270e-01 4.998574438541723321e-03 -9.999999999000000000e+09
1.278250380318560701e+03 1.012747010022431393e+00 4.998575193210836980e-03 -9.999999999000000000e+09
1.278261039779349176e+03 9.923333488903008925e-01 4.998575947297038448e-03 -9.999999999000000000e+09
1.278271699329028252e+03 9.987761461532258522e-01 4.998576700801012941e-03 -9.999999999000000000e+09
1.278282358967598384e+03 9.979054435812219070e-01 4.998577453723444808e-03 -9.999999999000000000e+09
1.278293018695060255e+03 9.964621598492483523e-01 4.998578206065014060e-03 -9.999999999000000000e+09
1.278303678511415001e+03 1.002262213867159524e+00 4.998578957826403310e-03 -9.999999999000000000e+09
1.278314338416662622e+03 9.965624564866014667e-01 4.998579709008289969e-03 -9.999999999000000000e+09
1.278324998410804483e+03 1.003232763316024068e+00 4.998580459611354915e-03 -9.999999999000000000e+09
1.278335658493841038e+03 9.963699787388052842e-01 4.998581209636274690e-03 -9.999999999000000000e+09
1.278346318665773424e+03 9.933195879843723652e-01 4.998581959083725837e-03 -9.999999999000000000e+09
1.278356978926601641e+03 1.001254170911467734e+00 4.998582707954381428e-03 -9.999999999000000000e+09
1.278367639276327054e+03 9.992436013755040536e-01 4.998583456248920608e-03 -9.999999999000000000e+09
1.278378299714950344e+03 9.992960027387762789e-01 4.998584203968013846e-03 -9.999999999000000000e+09
1.278388960242471967e+03 9.947156651193070909e-01 4.998584951112331615e-03 -9.999999999000000000e+09
1.278399620858892604e+03 9.950558719323971957e-01 4.998585697682546986e-03 -9.999999999000000000e+09
1.278410281564213619e+03 9.972090325293875290e-01 4.998586443679330429e-03 -9.999999999000000000e+09
1.278420942358435241e+03 1.001019234707218653e+00 4.998587189103348080e-03 -9.999999999000000000e+09
1.278431603241558150e+03 1.002767532455614008e+00 4.998587933955270408e-03 -9.999999999000000000e+09
1.278442264213583485e+03 9.946981396853484814e-01 4.998588678235762681e-03 -9.999999999000000000e+09
1.278452925274511699e+03 9.964907038708581410e-01 4.998589421945491898e-03 -9.999999999000000000e+09
1.278463586424343475e+03 9.986334049567974214e-01 4.998590165085120725e-03 -9.999999999000000000e+09
1.278474247663079495e+03 1.004158453312398391e+00 4.998590907655314428e-03 -9.999999999000000000e+09
1.278484908990721124e+03 1.000232791266452814e+00 4.998591649656733069e-03 -9.999999999000000000e+09
1.278495570407268360e+03 9.984328277811505004e-01 4.998592391090041047e-03 -9.999999999000000000e+09
1.278506231912722114e+03 9.902375177937663420e-01 4.998593131955898425e-03 -9.999999999000000000e+09
1.278516893507083751e+03 9.980913271398270670e-01 4.998593872254961795e-03 -9.999999999000000000e+09
1.278527555190353041e+03 1.000169791922443707e+00 4.998594611987891220e-03 -9.999999999000000000e+09
1.278538216962531351e+03 1.008566981719163591e+00 4.998595351155343293e-03 -9.999999999000000000e+09
1.278548878823619361e+03 9.943789376649277978e-01 4.998596089757974606e-03 -9.999999999000000000e+09
1.278559540773617755e+03 9.952316095776798655e-01 4.998596827796439150e-03 -9.999999999000000000e+09
1.278570202812526986e+03 9.878907916828374436e-01 4.998597565271395253e-03 -9.999999999000000000e+09
1.278580864940348192e+03 9.998975903666335041e-01 4.998598302183489966e-03 -9.999999999000000000e+09
1.278591527157082282e+03 9.942159291788312814e-01 4.998599038533377281e-03 -9.999999999000000000e+09
1.278602189462729257e+03 9.987409420242554514e-01 4.998599774321711188e-03 -9.999999999000000000e+09
1.278612851857290252e+03 1.007068884248812024e+00 4.998600509549137871e-03 -9.999999999000000000e+09
1.278623514340766178e+03 9.931224353071474997e-01 4.998601244216306118e-03 -9.999999999000000000e+09
1.278634176913157944e+03 1.000916726815514579e+00 4.998601978323867316e-03 -9.999999999000000000e+09
1.278644839574465777e+03 1.004133365724888316e+00 4.998602711872464181e-03 -9.999999999000000000e+09
1.278655502324690360e+03 9.973967010838651337e-01 4.998603444862746367e-03 -9.999999999000000000e+09
1.278666165163833057e+03 9.899381484874049120e-01 4.998604177295354854e-03 -9.999999999000000000e+09
1.278676828091894095e+03 9.932913854389407993e-01 4.998604909170934960e-03 -9.999999999000000000e+09
1.278687491108874383e+03 9.968067697532793092e-01 4.998605640490130265e-03 -9.999999999000000000e+09
1.278698154214774831e+03 9.958645197551203587e-01 4.998606371253580018e-03 -9.999999999000000000e+09
1.278708817409595895e+03 9.949606556678767255e-01 4.998607101461929533e-03 -9.999999999000000000e+09
1.278719480693338255e+03 1.005100993950969412e+00 4.998607831115812854e-03 -9.999999999000000000e+09
1.278730144066003049e+03 1.002554632298026549e+00 4.998608560215873561e-03 -9.999999999000000000e+09
1.278740807527590732e+03 1.001039780462722906e+00 4.998609288762745698e-03 -9.999999999000000000e+09
1.278751471078102213e+03 1.003041517955708173e+00 4.998610016757065906e-03 -9.999999999000000000e+09
1.278762134717538174e+03 1.002138564710824298e+00 4.998610744199471698e-03 -9.999999999000000000e+09
1.278772798445899070e+03 9.983456770821595994e-01 4.998611471090599716e-03 -9.999999999000000000e+09
1.278783462263186038e+03 1.004505512305293724e+00 4.998612197431079665e-03 -9.999999999000000000e+09
1.278794126169399760e+03 9.971713253976790536e-01 4.998612923221543852e-03 -9.999999999000000000e+09
1.278804790164540691e+03 9.972085692203674911e-01 4.998613648462625451e-03 -9.999999999000000000e+09
1.278815454248609967e+03 1.009435921168536643e+00 4.998614373154955902e-03 -9.999999999000000000e+09
1.278826118421607816e+03 9.972336838745625709e-01 4.998615097299164041e-03 -9.999999999000000000e+09
1.278836782683535603e+03 9.998331329292953207e-01 4.998615820895877838e-03 -9.999999999000000000e+09
1.278847447034393781e+03 1.002549130453816550e+00 4.998616543945726999e-03 -9.999999999000000000e+09
1.278858111474182806e+03 9.958250968594755115e-01 4.998617266449336891e-03 -9.999999999000000000e+09
1.278868776002903815e+03 1.002590795930235368e+00 4.998617988407331146e-03 -9.999999999000000000e+09
1.278879440620557489e+03 9.991839097351487009e-01 4.998618709820338603e-03 -9.999999999000000000e+09
1.278890105327144511e+03 9.969769435295912086e-01 4.998619430688978557e-03 -9.999999999000000000e+09
1.278900770122665563e+03 9.986559854269347891e-01 4.998620151013878112e-03 -9.999999999000000000e+09
1.278911435007121554e+03 1.001783428192127623e+00 4.998620870795655695e-03 -9.999999999000000000e+09
1.278922099980512940e+03 9.965177499021410368e-01 4.998621590034934073e-03 -9.999999999000000000e+09
1.278932765042840629e+03 9.992764856753040270e-01 4.998622308732331675e-03 -9.999999999000000000e+09
1.278943430194105304e+03 9.911031646183329213e-01 4.998623026888468664e-03 -9.999999999000000000e+09
1.278954095434307874e+03 1.003129032559303413e+00 4.998623744503959999e-03 -9.999999999000000000e+09
1.278964760763449021e+03 9.965211209758245703e-01 4.998624461579427580e-03 -9.999999999000000000e+09
1.278975426181529429e+03 9.975120707785610774e-01 4.998625178115483764e-03 -9.999999999000000000e+09
1.278986091688549777e+03 1.003880247258387204e+00 4.998625894112744376e-03 -9.999999999000000000e+09
1.278996757284510977e+03 9.968505406636196664e-01 4.998626609571823511e-03 -9.999999999000000000e+09
1.279007422969413483e+03 1.005124661286624033e+00 4.998627324493332656e-03 -9.999999999000000000e+09
1.279018088743258431e+03 9.921352532983435113e-01 4.998628038877886773e-03 -9.999999999000000000e+09
1.279028754606046277e+03 1.002236698763897316e+00 4.998628752726095616e-03 -9.999999999000000000e+09
1.279039420557777930e+03 1.001049328772824376e+00 4.998629466038568073e-03 -9.999999999000000000e+09
1.279050086598453845e+03 1.004646648720061597e+00 4.998630178815917369e-03 -9.999999999000000000e+09
1.279060752728075158e+03 1.000700304612309299e+00 4.998630891058744585e-03 -9.999999999000000000e+09
1.279071418946642325e+03 9.878375936252293821e-01 4.998631602767663815e-03 -9.999999999000000000e+09
1.279082085254156254e+03 1.007504257786664192e+00 4.998632313943281343e-03 -9.999999999000000000e+09
1.279092751650617629e+03 9.960665604857400490e-01 4.998633024586198251e-03 -9.999999999000000000e+09
1.279103418136026903e+03 1.007060710672500470e+00 4.998633734697020825e-03 -9.999999999000000000e+09
1.279114084710385441e+03 1.002016932475948030e+00 4.998634444276355351e-03 -9.999999999000000000e+09
1.279124751373693471e+03 1.001597300182176298e+00 4.998635153324802044e-03 -9.999999999000000000e+09
1.279135418125951674e+03 1.010404031847264239e+00 4.998635861842961985e-03 -9.999999999000000000e+09
1.279146084967161642e+03 9.995666213731939642e-01 4.998636569831436255e-03 -9.999999999000000000e+09
1.279156751897322920e+03 9.978631186682934695e-01 4.998637277290825069e-03 -9.999999999000000000e+09
1.279167418916437100e+03 9.959773666857170138e-01 4.998637984221729509e-03 -9.999999999000000000e+09
1.279178086024504410e+03 9.918013054081109559e-01 4.998638690624742850e-03 -9.999999999000000000e+09
1.279188753221525985e+03 1.005138481094788094e+00 4.998639396500467041e-03 -9.999999999000000000e+09
1.279199420507502509e+03 9.982408805371995042e-01 4.998640101849495358e-03 -9.999999999000000000e+09
1.279210087882434436e+03 9.989774807542883828e-01 4.998640806672422811e-03 -9.999999999000000000e+09
1.279220755346322903e+03 9.943796947054783786e-01 4.998641510969845277e-03 -9.999999999000000000e+09
1.279231422899168365e+03 1.001218746052967790e+00 4.998642214742355164e-03 -9.999999999000000000e+09
1.279242090540971503e+03 1.001458005455012401e+00 4.998642917990544880e-03 -9.999999999000000000e+09
1.279252758271733001e+03 9.987315554190242528e-01 4.998643620715007702e-03 -9.999999999000000000e+09
1.279263426091454221e+03 9.958270549371154301e-01 4.998644322916329964e-03 -9.999999999000000000e+09
1.279274094000135392e+03 9.974465817218477470e-01 4.998645024595106678e-03 -9.999999999000000000e+09
1.279284761997777423e+03 1.001370669461908669e+00 4.998645725751924181e-03 -9.999999999000000000e+09
1.279295430084380541e+03 1.004048457239058667e+00 4.998646426387367940e-03 -9.999999999000000000e+09
1.279306098259946339e+03 1.000635087842886461e+00 4.998647126502027763e-03 -9.999999999000000000e+09
1.279316766524475042e+03 1.004786541040646908e+00 4.998647826096489985e-03 -9.999999999000000000e+09
1.279327434877967562e+03 1.007640664313613765e+00 4.998648525171340076e-03 -9.999999999000000000e+09
1.279338103320424580e+03 9.967789235777453349e-01 4.998649223727160036e-03 -9.999999999000000000e+09
1.279348771851846777e+03 1.001328212859324385e+00 4.998649921764535334e-03 -9.999999999000000000e+09
1.279359440472234610e+03 9.949515430213745626e-01 4.998650619284047102e-03 -9.999999999000000000e+09
1.279370109181589442e+03 9.964407592829974680e-01 4.998651316286275605e-03 -9.999999999000000000e+09
1.279380777979912182e+03 1.000347411479585835e+00 4.998652012771807179e-03 -9.999999999000000000e+09
1.279391446867202376e+03 1.016191559124512089e+00 4.998652708741215152e-03 -9.999999999000000000e+09
1.279402115843462070e+03 9.960439380890107053e-01 4.998653404195082389e-03 -9.999999999000000000e+09
1.279412784908691037e+03 9.965313535482976937e-01 4.998654099133985687e-03 -9.999999999000000000e+09
1.279423454062890642e+03 1.005838709447645529e+00 4.998654793558501841e-03 -9.999999999000000000e+09
1.279434123306061565e+03 9.977094603946653484e-01 4.998655487469206779e-03 -9.999999999000000000e+09
1.279444792638204035e+03 1.005762873842697802e+00 4.998656180866674695e-03 -9.999999999000000000e+09
1.279455462059319643e+03 1.006074914956597954e+00 4.998656873751485853e-03 -9.999999999000000000e+09
1.279466131569408162e+03 1.003925427682313298e+00 4.998657566124208376e-03 -9.999999999000000000e+09
1.279476801168470956e+03 9.982995961291710740e-01 4.998658257985415590e-03 -9.999999999000000000e+09
1.279487470856508708e+03 9.992918658817835365e-01 4.998658949335680821e-03 -9.999999999000000000e+09
1.279498140633522098e+03 1.001618769144591470e+00 4.998659640175573925e-03 -9.999999999000000000e+09
1.279508810499512037e+03 9.967751893242202677e-01 4.998660330505666494e-03 -9.999999999000000000e+09
1.279519480454478753e+03 1.006880540751251329e+00 4.998661020326525782e-03 -9.999999999000000000e+09
1.279530150498423382e+03 9.910648513981401564e-01 4.998661709638723381e-03 -9.999999999000000000e+09
1.279540820631346605e+03 9.984470559502605091e-01 4.998662398442822209e-03 -9.999999999000000000e+09
1.279551490853249334e+03 1.008478027709972524e+00 4.998663086739392122e-03 -9.999999999000000000e+09
1.279562161164132021e+03 9.968241594325439880e-01 4.998663774528998641e-03 -9.999999999000000000e+09
1.279572831563995351e+03 9.963328941360093394e-01 4.998664461812205549e-03 -9.999999999000000000e+09
1.279583502052840458e+03 9.985180535746909225e-01 4.998665148589576633e-03 -9.999999999000000000e+09
1.279594172630667572e+03 1.006452559220124554e+00 4.998665834861678280e-03 -9.999999999000000000e+09
1.279604843297478055e+03 1.001646524850571929e+00 4.998666520629069070e-03 -9.999999999000000000e+09
1.279615514053272136e+03 9.955511613653688086e-01 4.998667205892311054e-03 -9.999999999000000000e+09
1.279626184898050951e+03 9.971781977756073445e-01 4.998667890651966282e-03 -9.999999999000000000e+09
1.279636855831814728e+03 9.933180245825126153e-01 4.998668574908595071e-03 -9.999999999000000000e+09
1.279647526854564831e+03 1.005823757950254915e+00 4.998669258662753398e-03 -9.999999999000000000e+09
1.279658197966301486e+03 1.000845781926445577e+00 4.998669941915001580e-03 -9.999999999000000000e+09
1.279668869167025832e+03 1.005677987409815843e+00 4.998670624665898198e-03 -9.999999999000000000e+09
1.279679540456738096e+03 9.997770159335772622e-01 4.998671306915996627e-03 -9.999999999000000000e+09
1.279690211835439413e+03 1.003413869683007942e+00 4.998671988665853716e-03 -9.999999999000000000e+09
1.279700883303130695e+03 9.969496879931331046e-01 4.998672669916023707e-03 -9.999999999000000000e+09
1.279711554859812395e+03 1.007522798276472065e+00 4.998673350667060845e-03 -9.999999999000000000e+09
1.279722226505484969e+03 9.960492964292514406e-01 4.998674030919517640e-03 -9.999999999000000000e+09
1.279732898240149780e+03 9.924267934385252454e-01 4.998674710673949202e-03 -9.999999999000000000e+09
1.279743570063807056e+03 9.972884065677748433e-01 4.998675389930902838e-03 -9.999999999000000000e+09
1.279754241976458161e+03 1.001607534994163773e+00 4.998676068690931923e-03 -9.999999999000000000e+09
1.279764913978103095e+03 1.002708835915333552e+00 4.998676746954582029e-03 -9.999999999000000000e+09
1.279775586068742996e+03 1.000827566206825336e+00 4.998677424722407399e-03 -9.999999999000000000e+09
1.279786258248378772e+03 1.001680542384032480e+00 4.998678101994952737e-03 -9.999999999000000000e+09
1.279796930517010651e+03 9.988239525652755635e-01 4.998678778772766215e-03 -9.999999999000000000e+09
1.279807602874639770e+03 9.986845866470259736e-01 4.998679455056393404e-03 -9.999999999000000000e+09
1.279818275321266583e+03 9.930000719980085488e-01 4.998680130846381610e-03 -9.999999999000000000e+09
1.279828947856892455e+03 9.975371392022905903e-01 4.998680806143272932e-03 -9.999999999000000000e+09
1.279839620481517386e+03 9.999611481069732299e-01 4.998681480947615545e-03 -9.999999999000000000e+09
1.279850293195142513e+03 1.002223918436750960e+00 4.998682155259946344e-03 -9.999999999000000000e+09
1.279860965997768517e+03 9.992658098713894654e-01 4.998682829080812635e-03 -9.999999999000000000e+09
1.279871638889396081e+03 9.949502568217488685e-01 4.998683502410754785e-03 -9.999999999000000000e+09
1.279882311870026115e+03 9.934519955866827345e-01 4.998684175250312292e-03 -9.999999999000000000e+09
1.279892984939659073e+03 9.927335772707583939e-01 4.998684847600026390e-03 -9.999999999000000000e+09
1.279903658098295864e+03 1.000999636053090835e+00 4.998685519460434844e-03 -9.999999999000000000e+09
1.279914331345937171e+03 9.985492894137192321e-01 4.998686190832074550e-03 -9.999999999000000000e+09
1.279925004682583904e+03 9.986209792921507677e-01 4.998686861715486741e-03 -9.999999999000000000e+09
1.279935678108236516e+03 9.984939102495412611e-01 4.998687532111205714e-03 -9.999999999000000000e+09
1.279946351622896145e+03 9.952370279812623455e-01 4.998688202019767497e-03 -9.999999999000000000e+09
1.279957025226563246e+03 1.001901000692952293e+00 4.998688871441706386e-03 -9.999999999000000000e+09
1.279967698919238501e+03 1.002378881867317162e+00 4.998689540377559276e-03 -9.999999999000000000e+09
1.279978372700922819e+03 1.004769969133108898e+00 4.998690208827854392e-03 -9.999999999000000000e+09
1.279989046571616882e+03 1.001600965532823073e+00 4.998690876793128630e-03 -9.999999999000000000e+09
1.279999720531321600e+03 9.959540301674818519e-01 4.998691544273914551e-03 -9.999999999000000000e+09
1.280010394580037200e+03 1.003910344598928361e+00 4.998692211270739510e-03 -9.999999999000000000e+09
1.280021068717765274e+03 1.006892433966180223e+00 4.998692877784134334e-03 -9.999999999000000000e+09
1.280031742944505822e+03 9.988323621608715674e-01 4.998693543814631580e-03 -9.999999999000000000e+09
1.280042417260259754e+03 1.005463437826323636e+00 4.998694209362757740e-03 -9.999999999000000000e+09
1.280053091665027978e+03 9.983484870673454692e-01 4.998694874429039300e-03 -9.999999999000000000e+09
1.280063766158810949e+03 9.949098632444360879e-01 4.998695539014005353e-03 -9.999999999000000000e+09
1.280074440741610033e+03 1.000773028530040687e+00 4.998696203118181518e-03 -9.999999999000000000e+09
1.280085115413425456e+03 1.001491434945396275e+00 4.998696866742093417e-03 -9.999999999000000000e+09
1.280095790174257900e+03 1.004553732185950343e+00 4.998697529886264937e-03 -9.999999999000000000e+09
1.280106465024108047e+03 9.982519937418505851e-01 4.998698192551221699e-03 -9.999999999000000000e+09
1.280117139962977490e+03 9.980644633736187599e-01 4.998698854737484119e-03 -9.999999999000000000e+09
1.280127814990865772e+03 1.001389520258030075e+00 4.998699516445576953e-03 -9.999999999000000000e+09
1.280138490107774487e+03 9.967856420169671772e-01 4.998700177676020616e-03 -9.999999999000000000e+09
1.280149165313704088e+03 1.002998764225793149e+00 4.998700838429337261e-03 -9.999999999000000000e+09
1.280159840608655031e+03 1.003570772162418079e+00 4.998701498706044702e-03 -9.999999999000000000e+09
1.280170515992628907e+03 9.981551793058387467e-01 4.998702158506664224e-03 -9.999999999000000000e+09
1.280181191465625488e+03 1.006512770877403096e+00 4.998702817831711907e-03 -9.999999999000000000e+09
1.280191867027646140e+03 9.925383255954888240e-01 4.998703476681708169e-03 -9.999999999000000000e+09
1.280202542678691088e+03 9.934687658423025924e-01 4.998704135057169089e-03 -9.999999999000000000e+09
1.280213218418761471e+03 9.972002214380539797e-01 4.998704792958610747e-03 -9.999999999000000000e+09
1.280223894247857970e+03 9.945804189982703214e-01 4.998705450386546623e-03 -9.999999999000000000e+09
1.280234570165981495e+03 9.945326845786698344e-01 4.998706107341494530e-03 -9.999999999000000000e+09
1.280245246173132500e+03 9.958948127409819051e-01 4.998706763823967079e-03 -9.999999999000000000e+09
1.280255922269311895e+03 9.967274690777171431e-01 4.998707419834476015e-03 -9.999999999000000000e+09
1.280266598454520363e+03 9.987794981116773219e-01 4.998708075373533948e-03 -9.999999999000000000e+09
1.280277274728758357e+03 1.003571531743744361e+00 4.998708730441656957e-03 -9.999999999000000000e+09
1.280287951092027015e+03 1.004230772596889754e+00 4.998709385039349848e-03 -9.999999999000000000e+09
1.280298627544327019e+03 1.001660672706966348e+00 4.998710039167124364e-03 -9.999999999000000000e+09
1.280309304085658823e+03 9.935730131036104584e-01 4.998710692825492248e-03 -9.999999999000000000e+09
1.280319980716023792e+03 1.001050999601799329e+00 4.998711346014960907e-03 -9.999999999000000000e+09
1.280330657435421926e+03 9.931411713611696390e-01 4.998711998736036013e-03 -9.999999999000000000e+09
1.280341334243854590e+03 9.823860769507936075e-01 4.998712650989227575e-03 -9.999999999000000000e+09
1.280352011141322237e+03 9.975756707806147094e-01 4.998713302775040397e-03 -9.999999999000000000e+09
1.280362688127825550e+03 9.971060454324661704e-01 4.998713954093980151e-03 -9.999999999000000000e+09
1.280373365203365211e+03 9.950219355415178546e-01 4.998714604946552509e-03 -9.999999999000000000e+09
1.280384042367942357e+03 9.974340921253648240e-01 4.998715255333261408e-03 -9.999999999000000000e+09
1.280394719621557215e+03 9.971563419765977487e-01 4.998715905254608183e-03 -9.999999999000000000e+09
1.280405396964210922e+03 1.007291657269323126e+00 4.998716554711097639e-03 -9.999999999000000000e+09
1.280416074395904161e+03 1.001411168627591719e+00 4.998717203703231977e-03 -9.999999999000000000e+09
1.280426751916637386e+03 9.991609017138189941e-01 4.998717852231510800e-03 -9.999999999000000000e+09
1.280437429526411734e+03 9.979155192880736491e-01 4.998718500296435441e-03 -9.999999999000000000e+09
1.280448107225227659e+03 9.985283786905315706e-01 4.998719147898504633e-03 -9.999999999000000000e+09
1.280458785013086072e+03 9.976723598944715610e-01 4.998719795038216243e-03 -9.999999999000000000e+09
1.280469462889987653e+03 1.003413622826753171e+00 4.998720441716074207e-03 -9.999999999000000000e+09
1.280480140855933087e+03 1.006454488970218053e+00 4.998721087932569453e-03 -9.999999999000000000e+09
1.280490818910923281e+03 9.912426123271170786e-01 4.998721733688203314e-03 -9.999999999000000000e+09
1.280501497054958691e+03 9.976420276762222317e-01 4.998722378983467586e-03 -9.999999999000000000e+09
1.280512175288040225e+03 1.003307781529304554e+00 4.998723023818860134e-03 -9.999999999000000000e+09
1.280522853610168795e+03 9.933928692808730032e-01 4.998723668194876221e-03 -9.999999999000000000e+09
1.280533532021344854e+03 9.943108857495160935e-01 4.998724312112006775e-03 -9.999999999000000000e+09
1.280544210521569539e+03 9.955826252071708904e-01 4.998724955570747926e-03 -9.999999999000000000e+09
1.280554889110843078e+03 1.007035788839583779e+00 4.998725598571591468e-03 -9.999999999000000000e+09
1.280565567789166380e+03 9.971839815259024853e-01 4.998726241115027460e-03 -9.999999999000000000e+09
1.280576246556540582e+03 9.982125356980842135e-01 4.998726883201547698e-03 -9.999999999000000000e+09
1.280586925412965911e+03 9.990072509942760082e-01 4.998727524831642240e-03 -9.999999999000000000e+09
1.280597604358443505e+03 1.006938281869172336e+00 4.998728166005802012e-03 -9.999999999000000000e+09
1.280608283392973590e+03 9.989461806545274491e-01 4.998728806724513606e-03 -9.999999999000000000e+09
1.280618962516557531e+03 1.001347459920799432e+00 4.998729446988267079e-03 -9.999999999000000000e+09
1.280629641729195782e+03 9.973056719044435248e-01 4.998730086797548156e-03 -9.999999999000000000e+09
1.280640321030889027e+03 1.003337147190824119e+00 4.998730726152846027e-03 -9.999999999000000000e+09
1.280651000421637946e+03 1.001008443685010407e+00 4.998731365054642946e-03 -9.999999999000000000e+09
1.280661679901443449e+03 9.982254786353735865e-01 4.998732003503427238e-03 -9.999999999000000000e+09
1.280672359470306219e+03 9.958994897736669349e-01 4.998732641499682022e-03 -9.999999999000000000e+09
1.280683039128226937e+03 1.006914366622311263e+00 4.998733279043891288e-03 -9.999999999000000000e+09
1.280693718875206514e+03 1.002772116141958048e+00 4.998733916136539890e-03 -9.999999999000000000e+09
1.280704398711245631e+03 1.001252249675682826e+00 4.998734552778108346e-03 -9.999999999000000000e+09
1.280715078636344970e+03 9.999104208168465568e-01 4.998735188969077176e-03 -9.999999999000000000e+09
1.280725758650505213e+03 9.925792458418437603e-01 4.998735824709929498e-03 -9.999999999000000000e+09
1.280736438753727271e+03 9.987950668887436434e-01 4.998736460001146700e-03 -9.999999999000000000e+09
1.280747118946011824e+03 1.001083528562895841e+00 4.998737094843205830e-03 -9.999999999000000000e+09
1.280757799227359328e+03 1.005752471371369916e+00 4.998737729236587407e-03 -9.999999999000000000e+09
1.280768479597771147e+03 1.001231907643309382e+00 4.998738363181769347e-03 -9.999999999000000000e+09
1.280779160057247736e+03 1.002514871234246208e+00 4.998738996679227831e-03 -9.999999999000000000e+09
1.280789840605789323e+03 1.005951275675534662e+00 4.998739629729442510e-03 -9.999999999000000000e+09
1.280800521243397498e+03 1.007129887882151742e+00 4.998740262332887832e-03 -9.999999999000000000e+09
1.280811201970072261e+03 1.004868093005422791e+00 4.998740894490037376e-03 -9.999999999000000000e+09
1.280821882785814978e+03 1.007118440127753756e+00 4.998741526201370793e-03 -9.999999999000000000e+09
1.280832563690626102e+03 1.008695976426688512e+00 4.998742157467358192e-03 -9.999999999000000000e+09
1.280843244684506317e+03 9.991681097953204471e-01 4.998742788288474022e-03 -9.999999999000000000e+09
1.280853925767456531e+03 9.956449007060163003e-01 4.998743418665191861e-03 -9.999999999000000000e+09
1.280864606939477198e+03 9.954240955278691461e-01 4.998744048597982687e-03 -9.999999999000000000e+09
1.280875288200569457e+03 9.851131672581009413e-01 4.998744678087318344e-03 -9.999999999000000000e+09
1.280885969550733535e+03 1.000976892024160625e+00 4.998745307133668943e-03 -9.999999999000000000e+09
1.280896650989970794e+03 1.004443786785479853e+00 4.998745935737507196e-03 -9.999999999000000000e+09
1.280907332518281464e+03 9.988819253885826699e-01 4.998746563899298008e-03 -9.999999999000000000e+09
1.280918014135666681e+03 9.901506946393237030e-01 4.998747191619513225e-03 -9.999999999000000000e+09
1.280928695842126672e+03 1.001079378971522216e+00 4.998747818898620354e-03 -9.999999999000000000e+09
1.280939377637662801e+03 1.001196532766068348e+00 4.998748445737085169e-03 -9.999999999000000000e+09
1.280950059522275524e+03 1.001271107468316934e+00 4.998749072135375178e-03 -9.999999999000000000e+09
1.280960741495965522e+03 9.978075868480339450e-01 4.998749698093958756e-03 -9.999999999000000000e+09
1.280971423558733477e+03 9.957058547340230659e-01 4.998750323613297339e-03 -9.999999999000000000e+09
1.280982105710580527e+03 1.006943086637556162e+00 4.998750948693856701e-03 -9.999999999000000000e+09
1.280992787951506671e+03 1.003740929406540250e+00 4.998751573336102615e-03 -9.999999999000000000e+09
1.281003470281513501e+03 1.002407025404702390e+00 4.998752197540496517e-03 -9.999999999000000000e+09
1.281014152700601471e+03 9.907820393609091392e-01 4.998752821307501579e-03 -9.999999999000000000e+09
1.281024835208770810e+03 1.001230792121307722e+00 4.998753444637580971e-03 -9.999999999000000000e+09
1.281035517806022881e+03 9.925935569774471112e-01 4.998754067531192662e-03 -9.999999999000000000e+09
1.281046200492358366e+03 1.004387430867262010e+00 4.998754689988800688e-03 -9.999999999000000000e+09
1.281056883267777721e+03 9.900625030592471454e-01 4.998755312010864753e-03 -9.999999999000000000e+09
1.281067566132281854e+03 9.989602061020887991e-01 4.998755933597841088e-03 -9.999999999000000000e+09
1.281078249085871221e+03 9.999646310840143437e-01 4.998756554750191997e-03 -9.999999999000000000e+09
1.281088932128547413e+03 9.938398552816845033e-01 4.998757175468372844e-03 -9.999999999000000000e+09
1.281099615260310202e+03 1.011777130416163573e+00 4.998757795752844200e-03 -9.999999999000000000e+09
1.281110298481160726e+03 1.003250889814365721e+00 4.998758415604057960e-03 -9.999999999000000000e+09
1.281120981791099894e+03 9.944473257517615350e-01 4.998759035022474692e-03 -9.999999999000000000e+09
1.281131665190128160e+03 9.997329043335447807e-01 4.998759654008548894e-03 -9.999999999000000000e+09
1.281142348678246435e+03 9.977902790327702887e-01 4.998760272562730728e-03 -9.999999999000000000e+09
1.281153032255455173e+03 1.001823964260366795e+00 4.998760890685479893e-03 -9.999999999000000000e+09
1.281163715921755738e+03 9.989633970427063137e-01 4.998761508377249155e-03 -9.999999999000000000e+09
1.281174399677148358e+03 9.997282616031279989e-01 4.998762125638487805e-03 -9.999999999000000000e+09
1.281185083521633715e+03 1.004221912936108518e+00 4.998762742469651209e-03 -9.999999999000000000e+09
1.281195767455212717e+03 1.002365626776301255e+00 4.998763358871189527e-03 -9.999999999000000000e+09
1.281206451477886503e+03 1.001952303441073555e+00 4.998763974843553788e-03 -9.999999999000000000e+09
1.281217135589655072e+03 9.956070630581425052e-01 4.998764590387194152e-03 -9.999999999000000000e+09
1.281227819790519789e+03 1.003844794060756218e+00 4.998765205502559913e-03 -9.999999999000000000e+09
1.281238504080481107e+03 1.001545407927627362e+00 4.998765820190102099e-03 -9.999999999000000000e+09
1.281249188459539710e+03 1.000150889989996461e+00 4.998766434450266534e-03 -9.999999999000000000e+09
1.281259872927696733e+03 9.939167533076850303e-01 4.998767048283500776e-03 -9.999999999000000000e+09
1.281270557484952178e+03 9.982459066581630402e-01 4.998767661690253251e-03 -9.999999999000000000e+09
1.281281242131307408e+03 9.944355426762208072e-01 4.998768274670969784e-03 -9.999999999000000000e+09
1.281291926866763333e+03 9.964407630385374581e-01 4.998768887226096198e-03 -9.999999999000000000e+09
1.281302611691319726e+03 1.003462651121032057e+00 4.998769499356078318e-03 -9.999999999000000000e+09
1.281313296604978632e+03 1.005424783414649470e+00 4.998770111061358497e-03 -9.999999999000000000e+09
1.281323981607739825e+03 1.001871941325438886e+00 4.998770722342383427e-03 -9.999999999000000000e+09
1.281334666699604213e+03 9.969784415682666490e-01 4.998771333199593728e-03 -9.999999999000000000e+09
1.281345351880572935e+03 9.966583302899884034e-01 4.998771943633432621e-03 -9.999999999000000000e+09
1.281356037150646443e+03 9.940130339445919505e-01 4.998772553644343329e-03 -9.999999999000000000e+09
1.281366722509825195e+03 1.000818479958338392e+00 4.998773163232766471e-03 -9.999999999000000000e+09
1.281377407958110552e+03 1.006320604106304639e+00 4.998773772399143535e-03 -9.999999999000000000e+09
1.281388093495502972e+03 9.964232230838463433e-01 4.998774381143913405e-03 -9.999999999000000000e+09
1.281398779122002907e+03 1.003087013681912110e+00 4.998774989467515834e-03 -9.999999999000000000e+09
1.281409464837611722e+03 9.980970662560344486e-01 4.998775597370388839e-03 -9.999999999000000000e+09
1.281420150642329418e+03 9.938418408833007422e-01 4.998776204852972173e-03 -9.999999999000000000e+09
1.281430836536157585e+03 9.894974304984494040e-01 4.998776811915702986e-03 -9.999999999000000000e+09
1.281441522519096225e+03 1.001700729497462028e+00 4.998777418559019296e-03 -9.999999999000000000e+09
1.281452208591146473e+03 9.995995607993769516e-01 4.998778024783353917e-03 -9.999999999000000000e+09
1.281462894752309012e+03 1.006379443061610646e+00 4.998778630589146600e-03 -9.999999999000000000e+09
1.281473581002584297e+03 1.002359050362139570e+00 4.998779235976831027e-03 -9.999999999000000000e+09
1.281484267341973464e+03 9.925279746597346353e-01 4.998779840946841746e-03 -9.999999999000000000e+09
1.281494953770477196e+03 1.003284905342688216e+00 4.998780445499609836e-03 -9.999999999000000000e+09
1.281505640288096174e+03 1.001810653091523395e+00 4.998781049635573313e-03 -9.999999999000000000e+09
1.281516326894831082e+03 1.002989388589878850e+00 4.998781653355163258e-03 -9.999999999000000000e+09
1.281527013590682600e+03 1.000699920268760756e+00 4.998782256658810749e-03 -9.999999999000000000e+09
1.281537700375651639e+03 1.004081156160649080e+00 4.998782859546945997e-03 -9.999999999000000000e+09
1.281548387249738880e+03 1.009401697516515428e+00 4.998783462020004419e-03 -9.999999999000000000e+09
1.281559074212945234e+03 9.960543203580560778e-01 4.998784064078411020e-03 -9.999999999000000000e+09
1.281569761265270699e+03 9.976027537556703129e-01 4.998784665722601217e-03 -9.999999999000000000e+09
1.281580448406716869e+03 9.954919575010705568e-01 4.998785266952996548e-03 -9.999999999000000000e+09
1.281591135637284424e+03 1.005719154890536204e+00 4.998785867770034162e-03 -9.999999999000000000e+09
1.281601822956974047e+03 9.964767289123621641e-01 4.998786468174134731e-03 -9.999999999000000000e+09
1.281612510365785738e+03 9.988595826195841854e-01 4.998787068165728466e-03 -9.999999999000000000e+09
1.281623197863721316e+03 9.994903089704658683e-01 4.998787667745242108e-03 -9.999999999000000000e+09
1.281633885450780781e+03 9.964037183933043273e-01 4.998788266913101533e-03 -9.999999999000000000e+09
1.281644573126965270e+03 1.004274673297129716e+00 4.998788865669732615e-03 -9.999999999000000000e+09
1.281655260892275237e+03 1.001666655074130441e+00 4.998789464015557758e-03 -9.999999999000000000e+09
1.281665948746711592e+03 9.964374601414265342e-01 4.998790061951003706e-03 -9.999999999000000000e+09
1.281676636690275245e+03 9.972528511800123896e-01 4.998790659476493731e-03 -9.999999999000000000e+09
1.281687324722966423e+03 1.001337098241887658e+00 4.998791256592450237e-03 -9.999999999000000000e+09
1.281698012844786263e+03 1.004817272944323214e+00 4.998791853299296498e-03 -9.999999999000000000e+09
1.281708701055735673e+03 9.954057037685688503e-01 4.998792449597454050e-03 -9.999999999000000000e+09
1.281719389355815110e+03 9.994665967795588468e-01 4.998793045487344433e-03 -9.999999999000000000e+09
1.281730077745025255e+03 9.996709396225195166e-01 4.998793640969387449e-03 -9.999999999000000000e+09
1.281740766223367018e+03 1.000123623736865586e+00 4.998794236044003768e-03 -9.999999999000000000e+09
1.281751454790841308e+03 1.002022616964065582e+00 4.998794830711613194e-03 -9.999999999000000000e+09
1.281762143447448352e+03 9.939014365696062780e-01 4.998795424972634661e-03 -9.999999999000000000e+09
1.281772832193189288e+03 9.977202668971520971e-01 4.998796018827485373e-03 -9.999999999000000000e+09
1.281783521028064797e+03 1.000601869040557812e+00 4.998796612276585997e-03 -9.999999999000000000e+09
1.281794209952075789e+03 9.967885026809678584e-01 4.998797205320349400e-03 -9.999999999000000000e+09
1.281804898965222492e+03 9.978146105331151539e-01 4.998797797959196251e-03 -9.999999999000000000e+09
1.281815588067506042e+03 9.939528724309342200e-01 4.998798390193540282e-03 -9.999999999000000000e+09
1.281826277258927348e+03 1.006260003629285693e+00 4.998798982023796959e-03 -9.999999999000000000e+09
1.281836966539486639e+03 1.000942270033913895e+00 4.998799573450382616e-03 -9.999999999000000000e+09
1.281847655909184823e+03 1.001869139580830570e+00 4.998800164473712719e-03 -9.999999999000000000e+09
1.281858345368023265e+03 1.000229783546198847e+00 4.998800755094194928e-03 -9.999999999000000000e+09
1.281869034916001738e+03 9.993849005222740223e-01 4.998801345312248179e-03 -9.999999999000000000e+09
1.281879724553121605e+03 9.953548716133006069e-01 4.998801935128284468e-03 -9.999999999000000000e+09
1.281890414279383549e+03 1.004905846886912313e+00 4.998802524542712324e-03 -9.999999999000000000e+09
1.281901104094788025e+03 9.959995042556073486e-01 4.998803113555948079e-03 -9.999999999000000000e+09
1.281911793999335941e+03 1.009846538666832494e+00 4.998803702168398526e-03 -9.999999999000000000e+09
1.281922483993028209e+03 1.000758335908953800e+00 4.998804290380474795e-03 -9.999999999000000000e+09
1.281933174075865509e+03 1.000913602795512558e+00 4.998804878192588015e-03 -9.999999999000000000e+09
1.281943864247848296e+03 9.994768698083698055e-01 4.998805465605146714e-03 -9.999999999000000000e+09
1.281954554508977708e+03 1.002604797163939576e+00 4.998806052618558551e-03 -9.999999999000000000e+09
1.281965244859254199e+03 9.998176309213598900e-01 4.998806639233232055e-03 -9.999999999000000000e+09
1.281975935298678678e+03 1.003024243112678571e+00 4.998807225449575752e-03 -9.999999999000000000e+09
1.281986625827251601e+03 9.971223118843799416e-01 4.998807811267997302e-03 -9.999999999000000000e+09
1.281997316444974331e+03 1.000191703622278272e+00 4.998808396688898294e-03 -9.999999999000000000e+09
1.282008007151846869e+03 1.001205531773055490e+00 4.998808981712688990e-03 -9.999999999000000000e+09
1.282018697947870578e+03 9.989748682200921825e-01 4.998809566339772713e-03 -9.999999999000000000e+09
1.282029388833045914e+03 9.986006946969022691e-01 4.998810150570554521e-03 -9.999999999000000000e+09
1.282040079807373331e+03 9.993865922709445071e-01 4.998810734405437738e-03 -9.999999999000000000e+09
1.282050770870853967e+03 9.920398340209447552e-01 4.998811317844828288e-03 -9.999999999000000000e+09
1.282061462023488730e+03 9.980367098132213455e-01 4.998811900889127760e-03 -9.999999999000000000e+09
1.282072153265277848e+03 1.006187922352957065e+00 4.998812483538737743e-03 -9.999999999000000000e+09
1.282082844596222458e+03 9.953599453030443911e-01 4.998813065794061559e-03 -9.999999999000000000e+09
1.282093536016323242e+03 9.857911938752381698e-01 4.998813647655498196e-03 -9.999999999000000000e+09
1.282104227525580654e+03 1.000308806203240586e+00 4.998814229123449242e-03 -9.999999999000000000e+09
1.282114919123995833e+03 9.969257554118641229e-01 4.998814810198316284e-03 -9.999999999000000000e+09
1.282125610811569231e+03 9.999204368821889011e-01 4.998815390880498311e-03 -9.999999999000000000e+09
1.282136302588301760e+03 9.963603134151740592e-01 4.998815971170394307e-03 -9.999999999000000000e+09
1.282146994454194100e+03 9.989710630701621463e-01 4.998816551068402392e-03 -9.999999999000000000e+09
1.282157686409247162e+03 9.965841962396387865e-01 4.998817130574922420e-03 -9.999999999000000000e+09
1.282168378453461173e+03 9.896501581827171767e-01 4.998817709690348172e-03 -9.999999999000000000e+09
1.282179070586837497e+03 1.000502330084834801e+00 4.998818288415079504e-03 -9.999999999000000000e+09
1.282189762809376361e+03 1.003174392096590539e+00 4.998818866749512799e-03 -9.999999999000000000e+09
1.282200455121079131e+03 9.997366533029662383e-01 4.998819444694042706e-03 -9.999999999000000000e+09
1.282211147521946032e+03 9.918250612257847321e-01 4.998820022249063875e-03 -9.999999999000000000e+09
1.282221840011977974e+03 9.991172504043553948e-01 4.998820599414972692e-03 -9.999999999000000000e+09
1.282232532591175641e+03 9.967825783294456121e-01 4.998821176192161202e-03 -9.999999999000000000e+09
1.282243225259539713e+03 1.006100302189564255e+00 4.998821752581024923e-03 -9.999999999000000000e+09
1.282253918017071328e+03 9.968154293916122732e-01 4.998822328581958505e-03 -9.999999999000000000e+09
1.282264610863770940e+03 9.968504434635203637e-01 4.998822904195351392e-03 -9.999999999000000000e+09
1.282275303799639005e+03 1.005440684192348444e+00 4.998823479421597368e-03 -9.999999999000000000e+09
1.282285996824676658e+03 9.957356751838314368e-01 4.998824054261085011e-03 -9.999999999000000000e+09
1.282296689938884583e+03 9.993179631990486422e-01 4.998824628714209836e-03 -9.999999999000000000e+09
1.282307383142263461e+03 9.938929608132589522e-01 4.998825202781357821e-03 -9.999999999000000000e+09
1.282318076434814202e+03 1.001883983901282971e+00 4.998825776462921880e-03 -9.999999999000000000e+09
1.282328769816537260e+03 9.970525164537359375e-01 4.998826349759292326e-03 -9.999999999000000000e+09
1.282339463287433546e+03 1.004342759347320868e+00 4.998826922670853400e-03 -9.999999999000000000e+09
1.282350156847503740e+03 1.001780381072285842e+00 4.998827495197996282e-03 -9.999999999000000000e+09
1.282360850496748526e+03 1.001195189593369061e+00 4.998828067341109550e-03 -9.999999999000000000e+09
1.282371544235168813e+03 9.969980707210680526e-01 4.998828639100579181e-03 -9.999999999000000000e+09
1.282382238062765282e+03 1.007463956848891673e+00 4.998829210476792018e-03 -9.999999999000000000e+09
1.282392931979538844e+03 1.005673240831371107e+00 4.998829781470134036e-03 -9.999999999000000000e+09
1.282403625985489953e+03 9.972337850931749514e-01 4.998830352080991211e-03 -9.999999999000000000e+09
1.282414320080619518e+03 1.000673163111987174e+00 4.998830922309749521e-03 -9.999999999000000000e+09
1.282425014264928222e+03 9.961499736560484042e-01 4.998831492156790603e-03 -9.999999999000000000e+09
1.282435708538416748e+03 9.938218893265930998e-01 4.998832061622503035e-03 -9.999999999000000000e+09
1.282446402901086003e+03 1.001709854305621539e+00 4.998832630707265856e-03 -9.999999999000000000e+09
1.282457097352936671e+03 1.002620166594463624e+00 4.998833199411465041e-03 -9.999999999000000000e+09
1.282467791893969206e+03 1.003160542774656605e+00 4.998833767735482228e-03 -9.999999999000000000e+09
1.282478486524184973e+03 1.001956505782019002e+00 4.998834335679699058e-03 -9.999999999000000000e+09
1.282489181243583971e+03 9.948717768321181376e-01 4.998834903244496301e-03 -9.999999999000000000e+09
1.282499876052167792e+03 1.007737381493690743e+00 4.998835470430257333e-03 -9.999999999000000000e+09
1.282510570949936437e+03 1.000830304184408881e+00 4.998836037237359455e-03 -9.999999999000000000e+09
1.282521265936890813e+03 9.966664817828186917e-01 4.998836603666186908e-03 -9.999999999000000000e+09
1.282531961013032060e+03 1.006352427473883981e+00 4.998837169717115260e-03 -9.999999999000000000e+09
1.282542656178360630e+03 9.992963224717631432e-01 4.998837735390522681e-03 -9.999999999000000000e+09
1.282553351432877207e+03 1.006804527386242487e+00 4.998838300686790810e-03 -9.999999999000000000e+09
1.282564046776582472e+03 9.999114974850609183e-01 4.998838865606296950e-03 -9.999999999000000000e+09
1.282574742209477336e+03 1.002313150312803547e+00 4.998839430149414932e-03 -9.999999999000000000e+09
1.282585437731562706e+03 9.999868561159769298e-01 4.998839994316525530e-03 -9.999999999000000000e+09
1.282596133342839039e+03 1.000111607211199960e+00 4.998840558108004310e-03 -9.999999999000000000e+09
1.282606829043307016e+03 1.006475596392033767e+00 4.998841121524226841e-03 -9.999999999000000000e+09
1.282617524832967774e+03 1.003586877592218318e+00 4.998841684565565220e-03 -9.999999999000000000e+09
1.282628220711821314e+03 9.949872291511532296e-01 4.998842247232399352e-03 -9.999999999000000000e+09
1.282638916679869453e+03 9.950357837476473399e-01 4.998842809525101336e-03 -9.999999999000000000e+09
1.282649612737112420e+03 1.000483928590500504e+00 4.998843371444044135e-03 -9.999999999000000000e+09
1.282660308883550215e+03 1.008664038783598338e+00 4.998843932989603320e-03 -9.999999999000000000e+09
1.282671005119185111e+03 9.999122245752735116e-01 4.998844494162147517e-03 -9.999999999000000000e+09
1.282681701444016426e+03 9.976783996131941556e-01 4.998845054962053162e-03 -9.999999999000000000e+09
1.282692397858045751e+03 9.992570707578116718e-01 4.998845615389690619e-03 -9.999999999000000000e+09
1.282703094361273315e+03 9.987479104245644557e-01 4.998846175445431118e-03 -9.999999999000000000e+09
1.282713790953700254e+03 9.956049229294134939e-01 4.998846735129643289e-03 -9.999999999000000000e+09
1.282724487635327250e+03 1.000628083712618688e+00 4.998847294442700095e-03 -9.999999999000000000e+09
1.282735184406154985e+03 9.898983124936915345e-01 4.998847853384971035e-03 -9.999999999000000000e+09
1.282745881266184142e+03 9.986048661226341050e-01 4.998848411956825603e-03 -9.999999999000000000e+09
1.282756578215415402e+03 9.919682233735035437e-01 4.998848970158630695e-03 -9.999999999000000000e+09
1.282767275253849903e+03 9.986097401597437972e-01 4.998849527990757539e-03 -9.999999999000000000e+09
1.282777972381487871e+03 9.987024041519370066e-01 4.998850085453568695e-03 -9.999999999000000000e+09
1.282788669598330443e+03 1.009676730364632125e+00 4.998850642547436260e-03 -9.999999999000000000e+09
1.282799366904378076e+03 1.007071343264852814e+00 4.998851199272726260e-03 -9.999999999000000000e+09
1.282810064299631449e+03 1.005493260769730002e+00 4.998851755629804723e-03 -9.999999999000000000e+09
1.282820761784091701e+03 9.927641695667556165e-01 4.998852311619036808e-03 -9.999999999000000000e+09
1.282831459357759513e+03 9.987453129190692058e-01 4.998852867240786806e-03 -9.999999999000000000e+09
1.282842157020635341e+03 1.001370648347192249e+00 4.998853422495422479e-03 -9.999999999000000000e+09
1.282852854772720093e+03 9.984680102232099674e-01 4.998853977383304649e-03 -9.999999999000000000e+09
1.282863552614014225e+03 1.003862558918532155e+00 4.998854531904800211e-03 -9.999999999000000000e+09
1.282874250544518873e+03 1.004773957707531196e+00 4.998855086060270854e-03 -9.999999999000000000e+09
1.282884948564234946e+03 9.945911644524265682e-01 4.998855639850079136e-03 -9.999999999000000000e+09
1.282895646673162901e+03 9.974510030662762095e-01 4.998856193274591082e-03 -9.999999999000000000e+09
1.282906344871303190e+03 1.003221279156467638e+00 4.998856746334163180e-03 -9.999999999000000000e+09
1.282917043158656952e+03 1.002619146302852204e+00 4.998857299029157986e-03 -9.999999999000000000e+09
1.282927741535224641e+03 9.952915502948715964e-01 4.998857851359940659e-03 -9.999999999000000000e+09
1.282938440001007621e+03 1.002099099049285069e+00 4.998858403326865950e-03 -9.999999999000000000e+09
1.282949138556006119e+03 9.880815773701023819e-01 4.998858954930299019e-03 -9.999999999000000000e+09
1.282959837200220818e+03 1.005604289208128499e+00 4.998859506170595483e-03 -9.999999999000000000e+09
1.282970535933652400e+03 9.984807058438884830e-01 4.998860057048116166e-03 -9.999999999000000000e+09
1.282981234756302229e+03 1.004874249820245646e+00 4.998860607563220156e-03 -9.999999999000000000e+09
1.282991933668170304e+03 1.005300625739092402e+00 4.998861157716263069e-03 -9.999999999000000000e+09
1.283002632669257764e+03 9.985537407991972314e-01 4.998861707507603128e-03 -9.999999999000000000e+09
1.283013331759565517e+03 1.009734174025352482e+00 4.998862256937600286e-03 -9.999999999000000000e+09
1.283024030939093791e+03 1.007946349365842487e+00 4.998862806006608428e-03 -9.999999999000000000e+09
1.283034730207843722e+03 9.928690264766890650e-01 4.998863354714983172e-03 -9.999999999000000000e+09
1.283045429565815766e+03 9.952566481025388878e-01 4.998863903063081870e-03 -9.999999999000000000e+09
1.283056129013011287e+03 1.011916039303031534e+00 4.998864451051259275e-03 -9.999999999000000000e+09
1.283066828549430284e+03 1.000458192108312439e+00 4.998864998679869269e-03 -9.999999999000000000e+09
1.283077528175073894e+03 1.001082752836302214e+00 4.998865545949267471e-03 -9.999999999000000000e+09
1.283088227889942800e+03 1.000764108179203582e+00 4.998866092859806896e-03 -9.999999999000000000e+09
1.283098927694037684e+03 1.001843577896183612e+00 4.998866639411841430e-03 -9.999999999000000000e+09
1.283109627587359455e+03 1.004196959171774539e+00 4.998867185605721485e-03 -9.999999999000000000e+09
1.283120327569908568e+03 9.969476336976573760e-01 4.998867731441802680e-03 -9.999999999000000000e+09
1.283131027641685932e+03 9.936217702268932417e-01 4.998868276920435429e-03 -9.999999999000000000e+09
1.283141727802692458e+03 1.001469286628866806e+00 4.998868822041971013e-03 -9.999999999000000000e+09
1.283152428052928599e+03 1.000662561562003949e+00 4.998869366806760715e-03 -9.999999999000000000e+09
1.283163128392395265e+03 1.001757357704276430e+00 4.998869911215154081e-03 -9.999999999000000000e+09
1.283173828821093139e+03 1.004978406415693248e+00 4.998870455267503260e-03 -9.999999999000000000e+09
1.283184529339022902e+03 9.988445863279608039e-01 4.998870998964154329e-03 -9.999999999000000000e+09
1.283195229946185464e+03 9.895049602488353857e-01 4.998871542305460304e-03 -9.999999999000000000e+09
1.283205930642581279e+03 1.003306166239957387e+00 4.998872085291767263e-03 -9.999999999000000000e+09
1.283216631428211485e+03 9.988628361919421605e-01 4.998872627923424752e-03 -9.999999999000000000e+09
1.283227332303076764e+03 9.947973847564850480e-01 4.998873170200779717e-03 -9.999999999000000000e+09
1.283238033267177570e+03 1.003962541447929180e+00 4.998873712124178234e-03 -9.999999999000000000e+09
1.283248734320514814e+03 1.006943164826474613e+00 4.998874253693969850e-03 -9.999999999000000000e+09
1.283259435463089403e+03 1.007002176519416148e+00 4.998874794910498909e-03 -9.999999999000000000e+09
1.283270136694901794e+03 1.011861963367173045e+00 4.998875335774111486e-03 -9.999999999000000000e+09
1.283280838015952668e+03 1.010380815898948459e+00 4.998875876285151926e-03 -9.999999999000000000e+09
1.283291539426243162e+03 1.002824722996643825e+00 4.998876416443969774e-03 -9.999999999000000000e+09
1.283302240925773731e+03 1.006868308509425436e+00 4.998876956250904169e-03 -9.999999999000000000e+09
1.283312942514545284e+03 1.000596916164129935e+00 4.998877495706301188e-03 -9.999999999000000000e+09
1.283323644192558504e+03 1.003026556900244337e+00 4.998878034810505175e-03 -9.999999999000000000e+09
1.283334345959814073e+03 9.920627453139583274e-01 4.998878573563858736e-03 -9.999999999000000000e+09
1.283345047816312672e+03 1.000223910354744561e+00 4.998879111966703613e-03 -9.999999999000000000e+09
1.283355749762055439e+03 9.961903945900741908e-01 4.998879650019384148e-03 -9.999999999000000000e+09
1.283366451797042600e+03 9.934225388889894592e-01 4.998880187722237745e-03 -9.999999999000000000e+09
1.283377153921274839e+03 9.989835557039081770e-01 4.998880725075611348e-03 -9.999999999000000000e+09
1.283387856134753747e+03 9.978648291279664795e-01 4.998881262079843228e-03 -9.999999999000000000e+09
1.283398558437479096e+03 9.970977607882406391e-01 4.998881798735272525e-03 -9.999999999000000000e+09
1.283409260829452251e+03 1.002570215876745552e+00 4.998882335042240978e-03 -9.999999999000000000e+09
1.283419963310673893e+03 1.001950723845189684e+00 4.998882871001087726e-03 -9.999999999000000000e+09
1.283430665881144250e+03 9.982202369702025679e-01 4.998883406612152774e-03 -9.999999999000000000e+09
1.283441368540864687e+03 9.900143209097200803e-01 4.998883941875773528e-03 -9.999999999000000000e+09
1.283452071289835658e+03 1.006923081945836795e+00 4.998884476792286521e-03 -9.999999999000000000e+09
1.283462774128057617e+03 9.972744152577136534e-01 4.998885011362032629e-03 -9.999999999000000000e+09
1.283473477055531930e+03 9.988591343984971616e-01 4.998885545585347520e-03 -9.999999999000000000e+09
1.283484180072259278e+03 9.988681686082385713e-01 4.998886079462568598e-03 -9.999999999000000000e+09
1.283494883178240116e+03 9.984053021999264033e-01 4.998886612994032398e-03 -9.999999999000000000e+09
1.283505586373474898e+03 9.921181713981063188e-01 4.998887146180074591e-03 -9.999999999000000000e+09
1.283516289657964990e+03 9.965108580003171346e-01 4.998887679021029977e-03 -9.999999999000000000e+09
1.283526993031710845e+03 9.978442190040873738e-01 4.998888211517235093e-03 -9.999999999000000000e+09
1.283537696494713146e+03 9.958260776090273048e-01 4.998888743669024741e-03 -9.999999999000000000e+09
1.283548400046972574e+03 9.999817296095419028e-01 4.998889275476730253e-03 -9.999999999000000000e+09
1.283559103688490268e+03 1.006483288151335476e+00 4.998889806940689899e-03 -9.999999999000000000e+09
1.283569807419266681e+03 9.922733887963041122e-01 4.998890338061232411e-03 -9.999999999000000000e+09
1.283580511239302496e+03 1.000440592862794853e+00 4.998890868838694324e-03 -9.999999999000000000e+09
1.283591215148598621e+03 1.003162877079403437e+00 4.998891399273406103e-03 -9.999999999000000000e+09
1.283601919147155968e+03 1.001377357676479063e+00 4.998891929365700815e-03 -9.999999999000000000e+09
1.283612623234974762e+03 1.003009225970640683e+00 4.998892459115908057e-03 -9.999999999000000000e+09
1.283623327412056142e+03 1.006440351794475774e+00 4.998892988524362632e-03 -9.999999999000000000e+09
1.283634031678400561e+03 1.003190334461966371e+00 4.998893517591391535e-03 -9.999999999000000000e+09
1.283644736034009156e+03 1.003217771459523844e+00 4.998894046317327831e-03 -9.999999999000000000e+09
1.283655440478882838e+03 9.989155662247106715e-01 4.998894574702499385e-03 -9.999999999000000000e+09
1.283666145013021378e+03 1.000067220666854828e+00 4.998895102747238396e-03 -9.999999999000000000e+09
1.283676849636426141e+03 1.001043249228991128e+00 4.998895630451869257e-03 -9.999999999000000000e+09
1.283687554349098264e+03 1.001058814004300856e+00 4.998896157816724167e-03 -9.999999999000000000e+09
1.283698259151037973e+03 9.985597799994011536e-01 4.998896684842130990e-03 -9.999999999000000000e+09
1.283708964042245725e+03 9.998236526743933261e-01 4.998897211528416720e-03 -9.999999999000000000e+09
1.283719669022723110e+03 9.986174718106712866e-01 4.998897737875908354e-03 -9.999999999000000000e+09
1.283730374092470129e+03 9.980771488125044222e-01 4.998898263884934620e-03 -9.999999999000000000e+09
1.283741079251488145e+03 1.007720148990211673e+00 4.998898789555819046e-03 -9.999999999000000000e+09
1.283751784499777386e+03 1.007058121146645169e+00 4.998899314888888626e-03 -9.999999999000000000e+09
1.283762489837338762e+03 1.000869792857722596e+00 4.998899839884470356e-03 -9.999999999000000000e+09
1.283773195264172955e+03 1.002970677526470844e+00 4.998900364542888629e-03 -9.999999999000000000e+09
1.283783900780280874e+03 1.000311928926098437e+00 4.998900888864467838e-03 -9.999999999000000000e+09
1.283794606385663428e+03 1.002955892643783820e+00 4.998901412849531510e-03 -9.999999999000000000e+09
1.283805312080320846e+03 1.006780662681401317e+00 4.998901936498407507e-03 -9.999999999000000000e+09
1.283816017864254036e+03 9.960940130549591487e-01 4.998902459811414151e-03 -9.999999999000000000e+09
1.283826723737464363e+03 9.996794908292883086e-01 4.998902982788876702e-03 -9.999999999000000000e+09
1.283837429699951599e+03 9.936494904643907722e-01 4.998903505431119554e-03 -9.999999999000000000e+09
1.283848135751717109e+03 9.994386451193995047e-01 4.998904027738461028e-03 -9.999999999000000000e+09
1.283858841892761575e+03 1.003691028496173532e+00 4.998904549711226386e-03 -9.999999999000000000e+09
1.283869548123085451e+03 1.000048806529986622e+00 4.998905071349735683e-03 -9.999999999000000000e+09
1.283880254442689647e+03 9.996876857283033546e-01 4.998905592654309844e-03 -9.999999999000000000e+09
1.283890960851575073e+03 1.005479505586442723e+00 4.998906113625268925e-03 -9.999999999000000000e+09
1.283901667349742411e+03 1.003546925392460043e+00 4.998906634262936452e-03 -9.999999999000000000e+09
1.283912373937192115e+03 1.010213867684992106e+00 4.998907154567627277e-03 -9.999999999000000000e+09
1.283923080613925322e+03 9.995219016760517050e-01 4.998907674539662324e-03 -9.999999999000000000e+09
1.283933787379942487e+03 9.953025641869809315e-01 4.998908194179362517e-03 -9.999999999000000000e+09
1.283944494235244520e+03 1.005453267801716288e+00 4.998908713487043576e-03 -9.999999999000000000e+09
1.283955201179832102e+03 1.008082478837069251e+00 4.998909232463024689e-03 -9.999999999000000000e+09
1.283965908213706143e+03 9.992218827295150652e-01 4.998909751107624179e-03 -9.999999999000000000e+09
1.283976615336867098e+03 9.961866608508315180e-01 4.998910269421159500e-03 -9.999999999000000000e+09
1.283987322549315877e+03 1.009149985470648714e+00 4.998910787403947238e-03 -9.999999999000000000e+09
1.283998029851053161e+03 1.005938538378899683e+00 4.998911305056300512e-03 -9.999999999000000000e+09
1.284008737242079633e+03 9.950221182104683759e-01 4.998911822378541980e-03 -9.999999999000000000e+09
1.284019444722396429e+03 1.001641132841978532e+00 4.998912339370981291e-03 -9.999999999000000000e+09
1.284030152292004004e+03 1.004257704226887871e+00 4.998912856033935898e-03 -9.999999999000000000e+09
1.284040859950902814e+03 9.992895658976396200e-01 4.998913372367721521e-03 -9.999999999000000000e+09
1.284051567699093994e+03 9.925615403998816477e-01 4.998913888372651278e-03 -9.999999999000000000e+09
1.284062275536578227e+03 1.007329640888351419e+00 4.998914404049040021e-03 -9.999999999000000000e+09
1.284072983463355968e+03 1.007754168337396283e+00 4.998914919397200000e-03 -9.999999999000000000e+09
1.284083691479428580e+03 9.932165597844450078e-01 4.998915434417445201e-03 -9.999999999000000000e+09
1.284094399584796065e+03 1.000196033268650142e+00 4.998915949110088741e-03 -9.999999999000000000e+09
1.284105107779460013e+03 9.992018717713823106e-01 4.998916463475442003e-03 -9.999999999000000000e+09
1.284115816063420198e+03 1.003231636049368047e+00 4.998916977513820706e-03 -9.999999999000000000e+09
1.284126524436678210e+03 1.002156307747293917e+00 4.998917491225531029e-03 -9.999999999000000000e+09
1.284137232899234277e+03 1.004107566323480194e+00 4.998918004610886957e-03 -9.999999999000000000e+09
1.284147941451089309e+03 9.947702772267005278e-01 4.998918517670198139e-03 -9.999999999000000000e+09
1.284158650092244216e+03 9.922799352742421863e-01 4.998919030403776824e-03 -9.999999999000000000e+09
1.284169358822699223e+03 1.001296543885605406e+00 4.998919542811930058e-03 -9.999999999000000000e+09
1.284180067642455924e+03 9.955383813244944591e-01 4.998920054894971828e-03 -9.999999999000000000e+09
1.284190776551514318e+03 9.944297107301481864e-01 4.998920566653206575e-03 -9.999999999000000000e+09
1.284201485549875088e+03 9.994610650531124962e-01 4.998921078086945684e-03 -9.999999999000000000e+09
1.284212194637539824e+03 9.985204850330919868e-01 4.998921589196498802e-03 -9.999999999000000000e+09
1.284222903814508300e+03 9.938956711693525126e-01 4.998922099982169506e-03 -9.999999999000000000e+09
1.284233613080782106e+03 1.008338818232746847e+00 4.998922610444269179e-03 -9.999999999000000000e+09
1.284244322436361244e+03 1.001924011887175281e+00 4.998923120583104000e-03 -9.999999999000000000e+09
1.284255031881247078e+03 9.889859897460635541e-01 4.998923630398981882e-03 -9.999999999000000000e+09
1.284265741415439834e+03 1.000221307589459263e+00 4.998924139892207269e-03 -9.999999999000000000e+09
1.284276451038940650e+03 9.980748024963637111e-01 4.998924649063085472e-03 -9.999999999000000000e+09
1.284287160751749980e+03 1.003685689726942831e+00 4.998925157911924405e-03 -9.999999999000000000e+09
1.284297870553868734e+03 1.000643910249627178e+00 4.998925666439029379e-03 -9.999999999000000000e+09
1.284308580445297821e+03 9.963518236741131240e-01 4.998926174644704838e-03 -9.999999999000000000e+09
1.284319290426037469e+03 1.000528801484235064e+00 4.998926682529254359e-03 -9.999999999000000000e+09
1.284330000496088815e+03 9.967068348124187294e-01 4.998927190092982385e-03 -9.999999999000000000e+09
1.284340710655452767e+03 9.990843302538797710e-01 4.998927697336193361e-03 -9.999999999000000000e+09
1.284351420904129554e+03 1.001984886804185182e+00 4.998928204259189129e-03 -9.999999999000000000e+09
1.284362131242120313e+03 1.006443080358186748e+00 4.998928710862273264e-03 -9.999999999000000000e+09
1.284372841669425725e+03 9.987661275739216915e-01 4.998929217145748477e-03 -9.999999999000000000e+09
1.284383552186046472e+03 1.001637800520764676e+00 4.998929723109918344e-03 -9.999999999000000000e+09
1.284394262791983238e+03 1.009608762310125751e+00 4.998930228755082972e-03 -9.999999999000000000e+09
1.284404973487236930e+03 1.003086455885069395e+00 4.998930734081543335e-03 -9.999999999000000000e+09
1.284415684271808232e+03 9.952719365455942047e-01 4.998931239089601276e-03 -9.999999999000000000e+09
1.284426395145697825e+03 1.003385271320267336e+00 4.998931743779556902e-03 -9.999999999000000000e+09
1.284437106108906391e+03 9.968463654516026562e-01 4.998932248151711187e-03 -9.999999999000000000e+09
1.284447817161434841e+03 1.001985759080906702e+00 4.998932752206363371e-03 -9.999999999000000000e+09
1.284458528303283856e+03 1.002587010176184013e+00 4.998933255943812694e-03 -9.999999999000000000e+09
1.284469239534454346e+03 9.994538772537709947e-01 4.998933759364358395e-03 -9.999999999000000000e+09
1.284479950854946537e+03 9.971371348232307419e-01 4.998934262468300582e-03 -9.999999999000000000e+09
1.284490662264761795e+03 9.957945230329470210e-01 4.998934765255936760e-03 -9.999999999000000000e+09
1.284501373763900574e+03 1.009162982737258130e+00 4.998935267727562699e-03 -9.999999999000000000e+09
1.284512085352363329e+03 1.002870530639733859e+00 4.998935769883477639e-03 -9.999999999000000000e+09
1.284522797030151423e+03 9.933112486790400819e-01 4.998936271723981688e-03 -9.999999999000000000e+09
1.284533508797265313e+03 1.002702244718500779e+00 4.998936773249366278e-03 -9.999999999000000000e+09
1.284544220653705906e+03 1.002476601706248083e+00 4.998937274459932384e-03 -9.999999999000000000e+09
1.284554932599473432e+03 1.001493496764121138e+00 4.998937775355972307e-03 -9.999999999000000000e+09
1.284565644634569026e+03 1.004835233346082157e+00 4.998938275937783553e-03 -9.999999999000000000e+09
1.284576356758993597e+03 1.000722756205266739e+00 4.998938776205661891e-03 -9.999999999000000000e+09
1.284587068972747375e+03 1.000228051133772000e+00 4.998939276159902224e-03 -9.999999999000000000e+09
1.284597781275831267e+03 9.918323975414141680e-01 4.998939775800797722e-03 -9.999999999000000000e+09
1.284608493668246410e+03 1.004805106137744541e+00 4.998940275128645888e-03 -9.999999999000000000e+09
1.284619206149993261e+03 9.891634236241360068e-01 4.998940774143735555e-03 -9.999999999000000000e+09
1.284629918721072727e+03 1.004402068532762593e+00 4.998941272846362492e-03 -9.999999999000000000e+09
1.284640631381485264e+03 9.963782997943695374e-01 4.998941771236822471e-03 -9.999999999000000000e+09
1.284651344131231781e+03 9.972304146088745158e-01 4.998942269315403454e-03 -9.999999999000000000e+09
1.284662056970313188e+03 1.003602133432684562e+00 4.998942767082402081e-03 -9.999999999000000000e+09
1.284672769898729712e+03 1.005061231133249633e+00 4.998943264538107181e-03 -9.999999999000000000e+09
1.284683482916482717e+03 1.001642622815083872e+00 4.998943761682811057e-03 -9.999999999000000000e+09
1.284694196023572658e+03 1.000218090743788757e+00 4.998944258516806877e-03 -9.999999999000000000e+09
1.284704909220000218e+03 1.002608075278882849e+00 4.998944755040382604e-03 -9.999999999000000000e+09
1.284715622505766305e+03 1.001807234724808593e+00 4.998945251253831407e-03 -9.999999999000000000e+09
1.284726335880871602e+03 1.013429388645630924e+00 4.998945747157442984e-03 -9.999999999000000000e+09
1.284737049345316791e+03 9.975056900276628724e-01 4.998946242751502698e-03 -9.999999999000000000e+09
1.284747762899102554e+03 9.953461620375469998e-01 4.998946738036304585e-03 -9.999999999000000000e+09
1.284758476542229801e+03 9.997377933421849328e-01 4.998947233012138343e-03 -9.999999999000000000e+09
1.284769190274699213e+03 9.989532415941209109e-01 4.998947727679290201e-03 -9.999999999000000000e+09
1.284779904096511245e+03 9.914650928320937195e-01 4.998948222038048124e-03 -9.999999999000000000e+09
1.284790618007667263e+03 9.943242822751640064e-01 4.998948716088700943e-03 -9.999999999000000000e+09
1.284801332008167719e+03 1.001719673181701520e+00 4.998949209831537489e-03 -9.999999999000000000e+09
1.284812046098013298e+03 1.000025195762868302e+00 4.998949703266843993e-03 -9.999999999000000000e+09
1.284822760277204679e+03 9.897269990133260587e-01 4.998950196394905815e-03 -9.999999999000000000e+09
1.284833474545743002e+03 1.001215207975762356e+00 4.998950689216011788e-03 -9.999999999000000000e+09
1.284844188903628265e+03 1.005803913015190787e+00 4.998951181730446405e-03 -9.999999999000000000e+09
1.284854903350861832e+03 9.938661862451700912e-01 4.998951673938495897e-03 -9.999999999000000000e+09
1.284865617887444387e+03 1.010087411322456274e+00 4.998952165840447361e-03 -9.999999999000000000e+09
1.284876332513376383e+03 9.968552814813205210e-01 4.998952657436582687e-03 -9.999999999000000000e+09
1.284887047228658957e+03 1.000687986591457967e+00 4.998953148727188107e-03 -9.999999999000000000e+09
1.284897762033292111e+03 1.005617379380929766e+00 4.998953639712549850e-03 -9.999999999000000000e+09
1.284908476927277661e+03 9.988606982525480849e-01 4.998954130392948073e-03 -9.999999999000000000e+09
1.284919191910615609e+03 9.973714430454562185e-01 4.998954620768669005e-03 -9.999999999000000000e+09
1.284929906983307092e+03 9.990182950038016818e-01 4.998955110839997142e-03 -9.999999999000000000e+09
1.284940622145352336e+03 9.956018517965244952e-01 4.998955600607211773e-03 -9.999999999000000000e+09
1.284951337396752479e+03 9.947669096858833271e-01 4.998956090070596527e-03 -9.999999999000000000e+09
1.284962052737508202e+03 1.001031113081914725e+00 4.998956579230435897e-03 -9.999999999000000000e+09
1.284972768167620643e+03 1.003111655575586791e+00 4.998957068087010042e-03 -9.999999999000000000e+09
1.284983483687089574e+03 1.003544317778972017e+00 4.998957556640599986e-03 -9.999999999000000000e+09
1.284994199295916815e+03 9.995125816783512196e-01 4.998958044891488491e-03 -9.999999999000000000e+09
1.285004914994102364e+03 9.957366647281715721e-01 4.998958532839955712e-03 -9.999999999000000000e+09
1.285015630781647360e+03 9.997491127248870901e-01 4.998959020486280942e-03 -9.999999999000000000e+09
1.285026346658552029e+03 9.992163160063343152e-01 4.998959507830745205e-03 -9.999999999000000000e+09
1.285037062624817736e+03 1.003002270741539137e+00 4.998959994873628659e-03 -9.999999999000000000e+09
1.285047778680445163e+03 9.942236554950277805e-01 4.998960481615209728e-03 -9.999999999000000000e+09
1.285058494825434764e+03 9.986422698029691070e-01 4.998960968055767701e-03 -9.999999999000000000e+09
1.285069211059787449e+03 9.969258416422704938e-01 4.998961454195581869e-03 -9.999999999000000000e+09
1.285079927383503673e+03 9.949345117887835599e-01 4.998961940034930655e-03 -9.999999999000000000e+09
1.285090643796584573e+03 1.003535282596700773e+00 4.998962425574091616e-03 -9.999999999000000000e+09
1.285101360299030830e+03 9.960255089926974836e-01 4.998962910813341438e-03 -9.999999999000000000e+09
1.285112076890843127e+03 9.962328634144661521e-01 4.998963395752961149e-03 -9.999999999000000000e+09
1.285122793572021919e+03 9.926139886483106300e-01 4.998963880393221364e-03 -9.999999999000000000e+09
1.285133510342568115e+03 1.004050274905813334e+00 4.998964364734405710e-03 -9.999999999000000000e+09
1.285144227202482853e+03 1.000966631176177790e+00 4.998964848776785673e-03 -9.999999999000000000e+09
1.285154944151766585e+03 1.010404876206373981e+00 4.998965332520638807e-03 -9.999999999000000000e+09
1.285165661190419996e+03 1.003226094647057476e+00 4.998965815966240935e-03 -9.999999999000000000e+09
1.285176378318443994e+03 9.997645081680870405e-01 4.998966299113866141e-03 -9.999999999000000000e+09
1.285187095535839035e+03 9.984684048011667201e-01 4.998966781963791114e-03 -9.999999999000000000e+09
1.285197812842606254e+03 1.005468336356538428e+00 4.998967264516287340e-03 -9.999999999000000000e+09
1.285208530238745880e+03 9.997509348852320343e-01 4.998967746771634107e-03 -9.999999999000000000e+09
1.285219247724259048e+03 1.003389754984856053e+00 4.998968228730101167e-03 -9.999999999000000000e+09
1.285229965299146670e+03 1.004155271503631708e+00 4.998968710391962604e-03 -9.999999999000000000e+09
1.285240682963408972e+03 1.004099767595269199e+00 4.998969191757492506e-03 -9.999999999000000000e+09
1.285251400717047090e+03 9.981663954921544679e-01 4.998969672826964090e-03 -9.999999999000000000e+09
1.285262118560061481e+03 9.911109633733778956e-01 4.998970153600648843e-03 -9.999999999000000000e+09
1.285272836492453507e+03 1.002559149104567338e+00 4.998970634078819981e-03 -9.999999999000000000e+09
1.285283554514223169e+03 9.959860883686413313e-01 4.998971114261748123e-03 -9.999999999000000000e+09
1.285294272625371605e+03 9.918752093355699406e-01 4.998971594149705620e-03 -9.999999999000000000e+09
1.285304990825899267e+03 1.003667964713269800e+00 4.998972073742963956e-03 -9.999999999000000000e+09
1.285315709115807294e+03 9.971993646805931144e-01 4.998972553041792881e-03 -9.999999999000000000e+09
1.285326427495096141e+03 9.908880709207616988e-01 4.998973032046464746e-03 -9.999999999000000000e+09
1.285337145963766716e+03 1.004158712774972262e+00 4.998973510757245831e-03 -9.999999999000000000e+09
1.285347864521819702e+03 1.002345403646181632e+00 4.998973989174411089e-03 -9.999999999000000000e+09
1.285358583169255780e+03 9.971311188430127537e-01 4.998974467298226802e-03 -9.999999999000000000e+09
1.285369301906075862e+03 9.944025181817004455e-01 4.998974945128962719e-03 -9.999999999000000000e+09
1.285380020732280400e+03 1.004284623092133399e+00 4.998975422666889455e-03 -9.999999999000000000e+09
1.285390739647870532e+03 1.002896969160923524e+00 4.998975899912271557e-03 -9.999999999000000000e+09
1.285401458652846713e+03 1.005873849305864542e+00 4.998976376865381377e-03 -9.999999999000000000e+09
1.285412177747209626e+03 1.008834516298434014e+00 4.998976853526484326e-03 -9.999999999000000000e+09
1.285422896930960633e+03 9.984269181788468783e-01 4.998977329895847553e-03 -9.999999999000000000e+09
1.285433616204099508e+03 1.012784691912469892e+00 4.998977805973739939e-03 -9.999999999000000000e+09
1.285444335566627615e+03 1.009503314064399637e+00 4.998978281760430367e-03 -9.999999999000000000e+09
1.285455055018545636e+03 1.003110901316069503e+00 4.998978757256179045e-03 -9.999999999000000000e+09
1.285465774559854481e+03 1.000327919062558246e+00 4.998979232461257458e-03 -9.999999999000000000e+09
1.285476494190554376e+03 9.988336312549932483e-01 4.998979707375929282e-03 -9.999999999000000000e+09
1.285487213910646233e+03 9.990556753497090714e-01 4.998980182000461667e-03 -9.999999999000000000e+09
1.285497933720131414e+03 1.007299576421541110e+00 4.998980656335118289e-03 -9.999999999000000000e+09
1.285508653619009920e+03 1.003516651272521765e+00 4.998981130380163694e-03 -9.999999999000000000e+09
1.285519373607282887e+03 9.989828661524159381e-01 4.998981604135864162e-03 -9.999999999000000000e+09
1.285530093684950543e+03 1.000711506903438242e+00 4.998982077602482504e-03 -9.999999999000000000e+09
1.285540813852014480e+03 1.004230947440297728e+00 4.998982550780283265e-03 -9.999999999000000000e+09
1.285551534108474698e+03 9.907405789261348739e-01 4.998983023669530991e-03 -9.999999999000000000e+09
1.285562254454332333e+03 1.004559010237686234e+00 4.998983496270486757e-03 -9.999999999000000000e+09
1.285572974889588068e+03 1.000682564669322261e+00 4.998983968583415108e-03 -9.999999999000000000e+09
1.285583695414242811e+03 1.002210379439994581e+00 4.998984440608577988e-03 -9.999999999000000000e+09
1.285594416028296791e+03 1.006608625248188948e+00 4.998984912346237340e-03 -9.999999999000000000e+09
1.285605136731751145e+03 9.856112234504386116e-01 4.998985383796656842e-03 -9.999999999000000000e+09
1.285615857524606554e+03 9.980971202815061005e-01 4.998985854960095836e-03 -9.999999999000000000e+09
1.285626578406863700e+03 1.002537813945412859e+00 4.998986325836817998e-03 -9.999999999000000000e+09
1.285637299378523494e+03 9.942885669310194130e-01 4.998986796427082671e-03 -9.999999999000000000e+09
1.285648020439586389e+03 1.003586471601263019e+00 4.998987266731150930e-03 -9.999999999000000000e+09
1.285658741590053296e+03 1.001708938751696198e+00 4.998987736749283851e-03 -9.999999999000000000e+09
1.285669462829925351e+03 9.949913165335994014e-01 4.998988206481739041e-03 -9.999999999000000000e+09
1.285680184159202554e+03 1.007196512669979560e+00 4.998988675928779310e-03 -9.999999999000000000e+09
1.285690905577886269e+03 1.004211311981088706e+00 4.998989145090663999e-03 -9.999999999000000000e+09
1.285701627085976725e+03 9.978516131982928528e-01 4.998989613967648980e-03 -9.999999999000000000e+09
1.285712348683475057e+03 1.006724439256586834e+00 4.998990082559997064e-03 -9.999999999000000000e+09
1.285723070370381947e+03 9.961762240419148595e-01 4.998990550867964122e-03 -9.999999999000000000e+09
1.285733792146698079e+03 1.002318699217837672e+00 4.998991018891807761e-03 -9.999999999000000000e+09
1.285744514012424133e+03 9.989936354418433861e-01 4.998991486631788189e-03 -9.999999999000000000e+09
1.285755235967561248e+03 1.006965259297164739e+00 4.998991954088163013e-03 -9.999999999000000000e+09
1.285765958012109195e+03 9.949291923302708840e-01 4.998992421261186370e-03 -9.999999999000000000e+09
1.285776680146069793e+03 9.918765500640431831e-01 4.998992888151117600e-03 -9.999999999000000000e+09
1.285787402369443271e+03 1.004716851432190250e+00 4.998993354758212576e-03 -9.999999999000000000e+09
1.285798124682230537e+03 9.937734116227968650e-01 4.998993821082727169e-03 -9.999999999000000000e+09
1.285808847084432273e+03 1.007155225247895469e+00 4.998994287124917252e-03 -9.999999999000000000e+09
1.285819569576049162e+03 1.000536868510021327e+00 4.998994752885040430e-03 -9.999999999000000000e+09
1.285830292157081885e+03 9.883814848462051383e-01 4.998995218363350840e-03 -9.999999999000000000e+09
1.285841014827531581e+03 9.934376017715370599e-01 4.998995683560103487e-03 -9.999999999000000000e+09
1.285851737587398475e+03 1.000121766622949160e+00 4.998996148475551640e-03 -9.999999999000000000e+09
1.285862460436683932e+03 1.000294145590376882e+00 4.998996613109951172e-03 -9.999999999000000000e+09
1.285873183375387725e+03 1.004209967156013406e+00 4.998997077463556218e-03 -9.999999999000000000e+09
1.285883906403511673e+03 9.953089446523040174e-01 4.998997541536618315e-03 -9.999999999000000000e+09
1.285894629521056004e+03 9.904664682308123025e-01 4.998998005329396803e-03 -9.999999999000000000e+09
1.285905352728021398e+03 9.951535054931870405e-01 4.998998468842138013e-03 -9.999999999000000000e+09
1.285916076024408767e+03 9.988810594292552025e-01 4.998998932075098683e-03 -9.999999999000000000e+09
1.285926799410218564e+03 1.000908108830631971e+00 4.998999395028529483e-03 -9.999999999000000000e+09
1.285937522885452154e+03 9.940302669981337935e-01 4.998999857702683680e-03 -9.999999999000000000e+09
1.285948246450109536e+03 9.990863973737486026e-01 4.999000320097813678e-03 -9.999999999000000000e+09
1.285958970104192076e+03 9.913742064644752716e-01 4.999000782214171011e-03 -9.999999999000000000e+09
1.285969693847700228e+03 9.983546222140363691e-01 4.999001244052005480e-03 -9.999999999000000000e+09
1.285980417680634901e+03 1.000108492704275598e+00 4.999001705611569486e-03 -9.999999999000000000e+09
1.285991141602996549e+03 1.002034668230139314e+00 4.999002166893113698e-03 -9.999999999000000000e+09
1.286001865614786084e+03 1.004775363527813825e+00 4.999002627896887048e-03 -9.999999999000000000e+09
1.286012589716004413e+03 1.009833883022217549e+00 4.999003088623141938e-03 -9.999999999000000000e+09
1.286023313906651765e+03 9.973048757736472369e-01 4.999003549072126434e-03 -9.999999999000000000e+09
1.286034038186729504e+03 1.001250798745153103e+00 4.999004009244091204e-03 -9.999999999000000000e+09
1.286044762556237856e+03 9.975294396409405406e-01 4.999004469139283445e-03 -9.999999999000000000e+09
1.286055487015178187e+03 9.993848057137072471e-01 4.999004928757955560e-03 -9.999999999000000000e+09
1.286066211563550723e+03 1.001063250255417092e+00 4.999005388100353012e-03 -9.999999999000000000e+09
1.286076936201356375e+03 9.994607641351868077e-01 4.999005847166724734e-03 -9.999999999000000000e+09
1.286087660928596051e+03 9.931956129367042196e-01 4.999006305957319658e-03 -9.999999999000000000e+09
1.286098385745269752e+03 9.999697069083481882e-01 4.999006764472385851e-03 -9.999999999000000000e+09
1.286109110651379524e+03 9.938458426165646120e-01 4.999007222712167908e-03 -9.999999999000000000e+09
1.286119835646924912e+03 9.989907898135252928e-01 4.999007680676914762e-03 -9.999999999000000000e+09
1.286130560731907281e+03 9.923910754062228445e-01 4.999008138366874479e-03 -9.999999999000000000e+09
1.286141285906327312e+03 1.006707364492934964e+00 4.999008595782290787e-03 -9.999999999000000000e+09
1.286152011170185460e+03 9.924399471712140874e-01 4.999009052923412619e-03 -9.999999999000000000e+09
1.286162736523482863e+03 9.993623628446337559e-01 4.999009509790485438e-03 -9.999999999000000000e+09
1.286173461966219975e+03 1.006427817629381938e+00 4.999009966383753840e-03 -9.999999999000000000e+09
1.286184187498397932e+03 9.976031874402503385e-01 4.999010422703462422e-03 -9.999999999000000000e+09
1.286194913120016736e+03 1.001064899282834375e+00 4.999010878749857514e-03 -9.999999999000000000e+09
1.286205638831077749e+03 9.985486513905927897e-01 4.999011334523182845e-03 -9.999999999000000000e+09
1.286216364631581655e+03 9.950390680768369522e-01 4.999011790023683011e-03 -9.999999999000000000e+09
1.286227090521529135e+03 9.927479393425718834e-01 4.999012245251604342e-03 -9.999999999000000000e+09
1.286237816500920871e+03 1.003463995691648458e+00 4.999012700207187965e-03 -9.999999999000000000e+09
1.286248542569757774e+03 1.007882377449118794e+00 4.999013154890679343e-03 -9.999999999000000000e+09
1.286259268728040297e+03 9.993429698647092740e-01 4.999013609302319604e-03 -9.999999999000000000e+09
1.286269994975769350e+03 1.001227664369620296e+00 4.999014063442354210e-03 -9.999999999000000000e+09
1.286280721312945616e+03 1.002468153600820200e+00 4.999014517311023420e-03 -9.999999999000000000e+09
1.286291447739570003e+03 9.983059479540741243e-01 4.999014970908570964e-03 -9.999999999000000000e+09
1.286302174255643195e+03 9.997966225884058478e-01 4.999015424235237967e-03 -9.999999999000000000e+09
1.286312900861165872e+03 9.966595885037228264e-01 4.999015877291267292e-03 -9.999999999000000000e+09
1.286323627556138945e+03 9.995528866838734317e-01 4.999016330076900931e-03 -9.999999999000000000e+09
1.286334354340562868e+03 9.957633324272042730e-01 4.999016782592378277e-03 -9.999999999000000000e+09
1.286345081214438551e+03 1.001901272770129525e+00 4.999017234837942192e-03 -9.999999999000000000e+09
1.286355808177766903e+03 1.010370110326678006e+00 4.999017686813829464e-03 -9.999999999000000000e+09
1.286366535230548379e+03 1.003289590784823382e+00 4.999018138520285558e-03 -9.999999999000000000e+09
1.286377262372783662e+03 1.004190793304624352e+00 4.999018589957548130e-03 -9.999999999000000000e+09
1.286387989604473887e+03 9.939407515270337612e-01 4.999019041125857439e-03 -9.999999999000000000e+09
1.286398716925619738e+03 9.992444356220301360e-01 4.999019492025452011e-03 -9.999999999000000000e+09
1.286409444336221441e+03 1.007263227184081789e+00 4.999019942656571236e-03 -9.999999999000000000e+09
1.286420171836280360e+03 1.004517575934352314e+00 4.999020393019452772e-03 -9.999999999000000000e+09
1.286430899425796952e+03 9.996370902770109756e-01 4.999020843114339481e-03 -9.999999999000000000e+09
1.286441627104772124e+03 9.953790944977084498e-01 4.999021292941466417e-03 -9.999999999000000000e+09
1.286452354873206332e+03 9.996249303829678468e-01 4.999021742501072105e-03 -9.999999999000000000e+09
1.286463082731100485e+03 1.002740017614160539e+00 4.999022191793394201e-03 -9.999999999000000000e+09
1.286473810678455493e+03 9.991921020741247883e-01 4.999022640818671231e-03 -9.999999999000000000e+09
1.286484538715271810e+03 9.948936420634115763e-01 4.999023089577137383e-03 -9.999999999000000000e+09
1.286495266841550574e+03 9.943123693784192696e-01 4.999023538069033781e-03 -9.999999999000000000e+09
1.286505995057291784e+03 1.005618330697218843e+00 4.999023986294596350e-03 -9.999999999000000000e+09
1.286516723362497260e+03 9.959675484216962138e-01 4.999024434254056674e-03 -9.999999999000000000e+09
1.286527451757166773e+03 9.940542781161891828e-01 4.999024881947656748e-03 -9.999999999000000000e+09
1.286538180241301689e+03 9.925454281993937311e-01 4.999025329375628157e-03 -9.999999999000000000e+09
1.286548908814902461e+03 1.005595000358237456e+00 4.999025776538208558e-03 -9.999999999000000000e+09
1.286559637477969773e+03 1.005294024592623403e+00 4.999026223435634741e-03 -9.999999999000000000e+09
1.286570366230504760e+03 1.000051785523759396e+00 4.999026670068137425e-03 -9.999999999000000000e+09
1.286581095072507651e+03 9.989956314861752062e-01 4.999027116435954265e-03 -9.999999999000000000e+09
1.286591824003979809e+03 9.968809605706214771e-01 4.999027562539319451e-03 -9.999999999000000000e+09
1.286602553024921235e+03 9.915185734243101567e-01 4.999028008378465435e-03 -9.999999999000000000e+09
1.286613282135333293e+03 1.004667266243168156e+00 4.999028453953629006e-03 -9.999999999000000000e+09
1.286624011335216437e+03 9.934834501522563643e-01 4.999028899265039148e-03 -9.999999999000000000e+09
1.286634740624571577e+03 9.983541892533732698e-01 4.999029344312932652e-03 -9.999999999000000000e+09
1.286645470003399168e+03 1.006670513479232865e+00 4.999029789097543704e-03 -9.999999999000000000e+09
1.286656199471700120e+03 1.001498442683939283e+00 4.999030233619099553e-03 -9.999999999000000000e+09
1.286666929029475568e+03 1.003129198903181640e+00 4.999030677877838724e-03 -9.999999999000000000e+09
1.286677658676725287e+03 1.001130827239420151e+00 4.999031121873989333e-03 -9.999999999000000000e+09
1.286688388413451094e+03 9.961998742758354508e-01 4.999031565607783834e-03 -9.999999999000000000e+09
1.286699118239653444e+03 1.000892742034145133e+00 4.999032009079457280e-03 -9.999999999000000000e+09
1.286709848155332338e+03 9.970929278284500485e-01 4.999032452289236053e-03 -9.999999999000000000e+09
1.286720578160489595e+03 1.003490933272135566e+00 4.999032895237353474e-03 -9.999999999000000000e+09
1.286731308255125214e+03 1.000661138348876600e+00 4.999033337924041996e-03 -9.999999999000000000e+09
1.286742038439240332e+03 1.003067017733192401e+00 4.999033780349528000e-03 -9.999999999000000000e+09
1.286752768712835405e+03 9.954713562215196099e-01 4.999034222514045674e-03 -9.999999999000000000e+09
1.286763499075911341e+03 1.007084483563517763e+00 4.999034664417822266e-03 -9.999999999000000000e+09
1.286774229528469050e+03 1.000574511331907113e+00 4.999035106061089362e-03 -9.999999999000000000e+09
1.286784960070508987e+03 1.002519357798759891e+00 4.999035547444077680e-03 -9.999999999000000000e+09
1.286795690702032061e+03 1.007201836113558624e+00 4.999035988567011868e-03 -9.999999999000000000e+09
1.286806421423038728e+03 1.000258105767405370e+00 4.999036429430124377e-03 -9.999999999000000000e+09
1.286817152233530351e+03 9.998406433718297626e-01 4.999036870033641590e-03 -9.999999999000000000e+09
1.286827883133506930e+03 1.005337317302076539e+00 4.999037310377795092e-03 -9.999999999000000000e+09
1.286838614122969830e+03 1.000825886448415636e+00 4.999037750462808662e-03 -9.999999999000000000e+09
1.286849345201919505e+03 1.001367850826679673e+00 4.999038190288913885e-03 -9.999999999000000000e+09
1.286860076370356637e+03 1.006221494406199124e+00 4.999038629856335410e-03 -9.999999999000000000e+09
1.286870807628282364e+03 9.964052351310865863e-01 4.999039069165302218e-03 -9.999999999000000000e+09
1.286881538975696913e+03 9.987297570492447152e-01 4.999039508216040692e-03 -9.999999999000000000e+09
1.286892270412601192e+03 9.970465246468157572e-01 4.999039947008778080e-03 -9.999999999000000000e+09
1.286903001938996340e+03 1.001752677170843375e+00 4.999040385543739896e-03 -9.999999999000000000e+09
1.286913733554882583e+03 9.942635898963700924e-01 4.999040823821151655e-03 -9.999999999000000000e+09
1.286924465260260831e+03 1.007838355988521339e+00 4.999041261841243207e-03 -9.999999999000000000e+09
1.286935197055131766e+03 9.997897605645456043e-01 4.999041699604236597e-03 -9.999999999000000000e+09
1.286945928939496298e+03 9.944623988281484639e-01 4.999042137110356471e-03 -9.999999999000000000e+09
1.286956660913355336e+03 1.000687846426645544e+00 4.999042574359831813e-03 -9.999999999000000000e+09
1.286967392976709107e+03 1.005600013957708150e+00 4.999043011352882933e-03 -9.999999999000000000e+09
1.286978125129558975e+03 1.008473437670482475e+00 4.999043448089737079e-03 -9.999999999000000000e+09
1.286988857371905169e+03 9.980024200504042931e-01 4.999043884570619767e-03 -9.999999999000000000e+09
1.286999589703748597e+03 1.002074273494135026e+00 4.999044320795751305e-03 -9.999999999000000000e+09
1.287010322125090397e+03 1.002480360676845317e+00 4.999044756765358942e-03 -9.999999999000000000e+09
1.287021054635930568e+03 1.000050414855800485e+00 4.999045192479664723e-03 -9.999999999000000000e+09
1.287031787236270247e+03 9.941151905944870526e-01 4.999045627938891560e-03 -9.999999999000000000e+09
1.287042519926110344e+03 1.012142801521496382e+00 4.999046063143262365e-03 -9.999999999000000000e+09
1.287053252705451314e+03 1.001180175194913646e+00 4.999046498093001785e-03 -9.999999999000000000e+09
1.287063985574294065e+03 1.002179928941373976e+00 4.999046932788331864e-03 -9.999999999000000000e+09
1.287074718532639508e+03 9.985273742948057585e-01 4.999047367229472044e-03 -9.999999999000000000e+09
1.287085451580487870e+03 1.001344486483129348e+00 4.999047801416645238e-03 -9.999999999000000000e+09
1.287096184717840288e+03 1.000012466017249579e+00 4.999048235350076093e-03 -9.999999999000000000e+09
1.287106917944697670e+03 9.947193955882216443e-01 4.999048669029982316e-03 -9.999999999000000000e+09
1.287117651261060246e+03 9.958802533283980241e-01 4.999049102456588553e-03 -9.999999999000000000e+09
1.287128384666929378e+03 1.006001441431157550e+00 4.999049535630115115e-03 -9.999999999000000000e+09
1.287139118162305067e+03 1.003619625153832295e+00 4.999049968550777975e-03 -9.999999999000000000e+09
1.287149851747188904e+03 1.003980922727966574e+00 4.999050401218802647e-03 -9.999999999000000000e+09
1.287160585421580890e+03 9.979603520157922514e-01 4.999050833634407706e-03 -9.999999999000000000e+09
1.287171319185481934e+03 1.006106768197843726e+00 4.999051265797812595e-03 -9.999999999000000000e+09
1.287182053038893400e+03 9.943872865325315002e-01 4.999051697709238490e-03 -9.999999999000000000e+09
1.287192786981815289e+03 9.969538029926152678e-01 4.999052129368903100e-03 -9.999999999000000000e+09
1.287203521014248508e+03 9.951543136891306540e-01 4.999052560777024999e-03 -9.999999999000000000e+09
1.287214255136194197e+03 9.976152111975242764e-01 4.999052991933824498e-03 -9.999999999000000000e+09
1.287224989347652809e+03 9.942059699233950498e-01 4.999053422839520172e-03 -9.999999999000000000e+09
1.287235723648624798e+03 1.006850100094631717e+00 4.999053853494329729e-03 -9.999999999000000000e+09
1.287246458039111531e+03 1.003180631045805349e+00 4.999054283898471743e-03 -9.999999999000000000e+09
1.287257192519113460e+03 1.000573121984671632e+00 4.999054714052162188e-03 -9.999999999000000000e+09
1.287267927088631041e+03 9.896659424062079768e-01 4.999055143955623975e-03 -9.999999999000000000e+09
1.287278661747665637e+03 1.009769027594470847e+00 4.999055573609067007e-03 -9.999999999000000000e+09
1.287289396496217705e+03 1.003037211146916130e+00 4.999056003012713328e-03 -9.999999999000000000e+09
1.287300131334287471e+03 1.003017132669585809e+00 4.999056432166777177e-03 -9.999999999000000000e+09
1.287310866261876527e+03 1.001417502532055970e+00 4.999056861071477995e-03 -9.999999999000000000e+09
1.287321601278985099e+03 9.929016532622391145e-01 4.999057289727028286e-03 -9.999999999000000000e+09
1.287332336385614099e+03 1.003741283410785279e+00 4.999057718133649228e-03 -9.999999999000000000e+09
1.287343071581763979e+03 9.902987356410036801e-01 4.999058146291552457e-03 -9.999999999000000000e+09
1.287353806867436106e+03 9.970630666363472505e-01 4.999058574200953946e-03 -9.999999999000000000e+09
1.287364542242631160e+03 9.989277394083844186e-01 4.999059001862070535e-03 -9.999999999000000000e+09
1.287375277707349142e+03 9.990165296243592730e-01 4.999059429275117331e-03 -9.999999999000000000e+09
1.287386013261591415e+03 9.980518693930885421e-01 4.999059856440305968e-03 -9.999999999000000000e+09
1.287396748905358436e+03 1.008996338682411675e+00 4.999060283357855024e-03 -9.999999999000000000e+09
1.287407484638651113e+03 9.953195172689630610e-01 4.999060710027976133e-03 -9.999999999000000000e+09
1.287418220461470355e+03 9.950871688414009153e-01 4.999061136450887004e-03 -9.999999999000000000e+09
1.287428956373816391e+03 1.008195275839386396e+00 4.999061562626794936e-03 -9.999999999000000000e+09
1.287439692375690584e+03 9.990897701773291395e-01 4.999061988555918504e-03 -9.999999999000000000e+09
1.287450428467093388e+03 9.847180816335970865e-01 4.999062414238469344e-03 -9.999999999000000000e+09
1.287461164648025488e+03 1.000851517709361982e+00 4.999062839674662563e-03 -9.999999999000000000e+09
1.287471900918487563e+03 1.004084317241941360e+00 4.999063264864708062e-03 -9.999999999000000000e+09
1.287482637278480979e+03 9.985241592502014374e-01 4.999063689808820946e-03 -9.999999999000000000e+09
1.287493373728005508e+03 9.964145494766636357e-01 4.999064114507210249e-03 -9.999999999000000000e+09
1.287504110267062515e+03 9.983015667474505195e-01 4.999064538960091945e-03 -9.999999999000000000e+09
1.287514846895652681e+03 9.961222887998918418e-01 4.999064963167675069e-03 -9.999999999000000000e+09
1.287525583613776689e+03 9.924440528225138003e-01 4.999065387130172122e-03 -9.999999999000000000e+09
1.287536320421435221e+03 1.002046708562785104e+00 4.999065810847794743e-03 -9.999999999000000000e+09
1.287547057318629186e+03 1.001777257085090911e+00 4.999066234320751964e-03 -9.999999999000000000e+09
1.287557794305359266e+03 1.006810772116498498e+00 4.999066657549258025e-03 -9.999999999000000000e+09
1.287568531381625917e+03 1.004328253210222011e+00 4.999067080533521092e-03 -9.999999999000000000e+09
1.287579268547430502e+03 9.973418963752558319e-01 4.999067503273751933e-03 -9.999999999000000000e+09
1.287590005802773021e+03 9.945849414844435410e-01 4.999067925770163054e-03 -9.999999999000000000e+09
1.287600743147654839e+03 1.003472138233812094e+00 4.999068348022959150e-03 -9.999999999000000000e+09
1.287611480582076638e+03 9.950006577366589111e-01 4.999068770032354461e-03 -9.999999999000000000e+09
1.287622218106038645e+03 9.947511259274648410e-01 4.999069191798556286e-03 -9.999999999000000000e+09
1.287632955719542451e+03 9.960287351735698236e-01 4.999069613321775393e-03 -9.999999999000000000e+09
1.287643693422587830e+03 9.952121289639380697e-01 4.999070034602218215e-03 -9.999999999000000000e+09
1.287654431215176146e+03 1.005511166795275413e+00 4.999070455640095521e-03 -9.999999999000000000e+09
1.287665169097308080e+03 9.915423488124963658e-01 4.999070876435612876e-03 -9.999999999000000000e+09
1.287675907068984543e+03 1.001406232013318132e+00 4.999071296988982782e-03 -9.999999999000000000e+09
1.287686645130205534e+03 1.012029276619121232e+00 4.999071717300409938e-03 -9.999999999000000000e+09
1.287697383280972645e+03 1.001846713825118584e+00 4.999072137370103378e-03 -9.999999999000000000e+09
1.287708121521286330e+03 1.008670226618747945e+00 4.999072557198269533e-03 -9.999999999000000000e+09
1.287718859851147045e+03 9.959073244252737434e-01 4.999072976785116570e-03 -9.999999999000000000e+09
1.287729598270556153e+03 9.921644863616421173e-01 4.999073396130850923e-03 -9.999999999000000000e+09
1.287740336779513655e+03 9.966897616456227293e-01 4.999073815235679022e-03 -9.999999999000000000e+09
1.287751075378020914e+03 9.945603901078554632e-01 4.999074234099809035e-03 -9.999999999000000000e+09
1.287761814066078387e+03 9.932266924589628898e-01 4.999074652723444791e-03 -9.999999999000000000e+09
1.287772552843686753e+03 9.983221491020413119e-01 4.999075071106793590e-03 -9.999999999000000000e+09
1.287783291710847379e+03 9.992378106789542302e-01 4.999075489250061864e-03 -9.999999999000000000e+09
1.287794030667560037e+03 9.937867176137682446e-01 4.999075907153453444e-03 -9.999999999000000000e+09
1.287804769713825863e+03 9.907794211899376702e-01 4.999076324817173893e-03 -9.999999999000000000e+09
1.287815508849645994e+03 9.916639116488951133e-01 4.999076742241430511e-03 -9.999999999000000000e+09
1.287826248075020885e+03 1.000238660954349657e+00 4.999077159426426262e-03 -9.999999999000000000e+09
1.287836987389951219e+03 1.003801055001696252e+00 4.999077576372365841e-03 -9.999999999000000000e+09
1.287847726794437676e+03 1.001042641248065523e+00 4.999077993079453948e-03 -9.999999999000000000e+09
1.287858466288481168e+03 9.955827805567142308e-01 4.999078409547893544e-03 -9.999999999000000000e+09
1.287869205872082603e+03 1.001219390928483444e+00 4.999078825777889326e-03 -9.999999999000000000e+09
1.287879945545242208e+03 1.004136227905560563e+00 4.999079241769645993e-03 -9.999999999000000000e+09
1.287890685307961348e+03 9.979481511048593489e-01 4.999079657523367373e-03 -9.999999999000000000e+09
1.287901425160240251e+03 1.008479998598032834e+00 4.999080073039252961e-03 -9.999999999000000000e+09
1.287912165102080053e+03 9.987084699911210617e-01 4.999080488317510056e-03 -9.999999999000000000e+09
1.287922905133481208e+03 9.986854432657626957e-01 4.999080903358339018e-03 -9.999999999000000000e+09
1.287933645254444627e+03 1.004240193369519085e+00 4.999081318161940207e-03 -9.999999999000000000e+09
1.287944385464970765e+03 9.997031120457934295e-01 4.999081732728522659e-03 -9.999999999000000000e+09
1.287955125765060984e+03 9.999973952103516917e-01 4.999082147058281529e-03 -9.999999999000000000e+09
1.287965866154715513e+03 1.005135000242131538e+00 4.999082561151421515e-03 -9.999999999000000000e+09
1.287976606633935262e+03 9.996268899637210659e-01 4.999082975008143845e-03 -9.999999999000000000e+09
1.287987347202720912e+03 1.005349284367861751e+00 4.999083388628651481e-03 -9.999999999000000000e+09
1.287998087861073373e+03 9.971510394719411696e-01 4.999083802013142182e-03 -9.999999999000000000e+09
1.288008828608993326e+03 1.000370379224265749e+00 4.999084215161818910e-03 -9.999999999000000000e+09
1.288019569446481228e+03 9.963255712812175702e-01 4.999084628074882894e-03 -9.999999999000000000e+09
1.288030310373538214e+03 1.007606226094577950e+00 4.999085040752532759e-03 -9.999999999000000000e+09
1.288041051390164967e+03 1.004521422189545987e+00 4.999085453194968866e-03 -9.999999999000000000e+09
1.288051792496362168e+03 1.001858584283862763e+00 4.999085865402392442e-03 -9.999999999000000000e+09
1.288062533692130501e+03 9.980075137340389535e-01 4.999086277375003849e-03 -9.999999999000000000e+09
1.288073274977470646e+03 9.948825921833354125e-01 4.999086689112999110e-03 -9.999999999000000000e+09
1.288084016352383742e+03 9.990839942681045693e-01 4.999087100616581188e-03 -9.999999999000000000e+09
1.288094757816870015e+03 1.001510273043978660e+00 4.999087511885946973e-03 -9.999999999000000000e+09
1.288105499370930602e+03 1.002631959506464554e+00 4.999087922921295959e-03 -9.999999999000000000e+09
1.288116241014565958e+03 1.005662713773861627e+00 4.999088333722826773e-03 -9.999999999000000000e+09
1.288126982747776992e+03 9.970794059603080850e-01 4.999088744290737171e-03 -9.999999999000000000e+09
1.288137724570564615e+03 1.001692122062479040e+00 4.999089154625225781e-03 -9.999999999000000000e+09
1.288148466482929280e+03 1.000485324443258772e+00 4.999089564726489493e-03 -9.999999999000000000e+09
1.288159208484871897e+03 9.988284125584869777e-01 4.999089974594728668e-03 -9.999999999000000000e+09
1.288169950576393376e+03 1.003091699711753604e+00 4.999090384230139329e-03 -9.999999999000000000e+09
1.288180692757493716e+03 9.935867282762400610e-01 4.999090793632917501e-03 -9.999999999000000000e+09
1.288191435028174510e+03 9.987251256455573767e-01 4.999091202803262676e-03 -9.999999999000000000e+09
1.288202177388436439e+03 1.001869115097994811e+00 4.999091611741367409e-03 -9.999999999000000000e+09
1.288212919838279731e+03 9.960568865465837529e-01 4.999092020447432061e-03 -9.999999999000000000e+09
1.288223662377705523e+03 9.998152855073058065e-01 4.999092428921652655e-03 -9.999999999000000000e+09
1.288234405006714269e+03 9.960189169129696207e-01 4.999092837164224347e-03 -9.999999999000000000e+09
1.288245147725307106e+03 9.981366360308387975e-01 4.999093245175341427e-03 -9.999999999000000000e+09
1.288255890533484262e+03 9.916571816488344293e-01 4.999093652955202520e-03 -9.999999999000000000e+09
1.288266633431247101e+03 9.901082651187325112e-01 4.999094060504000181e-03 -9.999999999000000000e+09
1.288277376418595850e+03 9.975412265206540230e-01 4.999094467821933035e-03 -9.999999999000000000e+09
1.288288119495531646e+03 1.005929860394701336e+00 4.999094874909192771e-03 -9.999999999000000000e+09
1.288298862662055171e+03 9.973959317196187113e-01 4.999095281765976277e-03 -9.999999999000000000e+09
1.288309605918166653e+03 9.959169471475376456e-01 4.999095688392477844e-03 -9.999999999000000000e+09
1.288320349263867683e+03 9.849865256619150244e-01 4.999096094788891761e-03 -9.999999999000000000e+09
1.288331092699158489e+03 9.922324740376476937e-01 4.999096500955409715e-03 -9.999999999000000000e+09
1.288341836224039525e+03 9.966840546504742715e-01 4.999096906892228596e-03 -9.999999999000000000e+09
1.288352579838512384e+03 1.003838721813305801e+00 4.999097312599541827e-03 -9.999999999000000000e+09
1.288363323542577064e+03 9.962771864624322404e-01 4.999097718077541962e-03 -9.999999999000000000e+09
1.288374067336234475e+03 9.940356618341404937e-01 4.999098123326422421e-03 -9.999999999000000000e+09
1.288384811219485982e+03 9.999312856487724277e-01 4.999098528346375761e-03 -9.999999999000000000e+09
1.288395555192331585e+03 9.962853790814579780e-01 4.999098933137592800e-03 -9.999999999000000000e+09
1.288406299254771966e+03 9.932106327732637130e-01 4.999099337700271296e-03 -9.999999999000000000e+09
1.288417043406808489e+03 1.001626288328974601e+00 4.999099742034601203e-03 -9.999999999000000000e+09
1.288427787648441608e+03 1.001279381416444680e+00 4.999100146140771604e-03 -9.999999999000000000e+09
1.288438531979672007e+03 1.006842722728455097e+00 4.999100550018979391e-03 -9.999999999000000000e+09
1.288449276400500366e+03 1.006525652120289882e+00 4.999100953669412782e-03 -9.999999999000000000e+09
1.288460020910927597e+03 1.004556300781120237e+00 4.999101357092263463e-03 -9.999999999000000000e+09
1.288470765510954607e+03 9.965596213957759186e-01 4.999101760287725724e-03 -9.999999999000000000e+09
1.288481510200581624e+03 9.983208516079226102e-01 4.999102163255986914e-03 -9.999999999000000000e+09
1.288492254979810014e+03 1.006572012460096976e+00 4.999102565997239588e-03 -9.999999999000000000e+09
1.288502999848640002e+03 9.953446677307329349e-01 4.999102968511674565e-03 -9.999999999000000000e+09
1.288513744807072726e+03 9.988232563481248549e-01 4.999103370799480063e-03 -9.999999999000000000e+09
1.288524489855108868e+03 1.004034989113055776e+00 4.999103772860849504e-03 -9.999999999000000000e+09
1.288535234992748656e+03 9.921870080517884993e-01 4.999104174695971105e-03 -9.999999999000000000e+09
1.288545980219993226e+03 1.000823139499385173e+00 4.999104576305033951e-03 -9.999999999000000000e+09
1.288556725536843715e+03 9.985978572610317849e-01 4.999104977688231463e-03 -9.999999999000000000e+09
1.288567470943300350e+03 9.993468386074448873e-01 4.999105378845746656e-03 -9.999999999000000000e+09
1.288578216439364041e+03 1.002894977932805798e+00 4.999105779777772950e-03 -9.999999999000000000e+09
1.288588962025035698e+03 1.009020646841013225e+00 4.999106180484499430e-03 -9.999999999000000000e+09
1.288599707700315548e+03 9.943527459778352950e-01 4.999106580966111713e-03 -9.999999999000000000e+09
1.288610453465204955e+03 1.008630289028858096e+00 4.999106981222802351e-03 -9.999999999000000000e+09
1.288621199319704147e+03 1.000152235759884878e+00 4.999107381254756094e-03 -9.999999999000000000e+09
1.288631945263814259e+03 9.962263098938421990e-01 4.999107781062162026e-03 -9.999999999000000000e+09
1.288642691297535976e+03 1.003902766744919184e+00 4.999108180645208364e-03 -9.999999999000000000e+09
1.288653437420869977e+03 9.981225916850682278e-01 4.999108580004083327e-03 -9.999999999000000000e+09
1.288664183633816947e+03 9.979714281420797306e-01 4.999108979138973397e-03 -9.999999999000000000e+09
1.288674929936377566e+03 1.001785527742503401e+00 4.999109378050066790e-03 -9.999999999000000000e+09
1.288685676328552745e+03 9.962012034429318375e-01 4.999109776737547389e-03 -9.999999999000000000e+09
1.288696422810343392e+03 9.978042020363959708e-01 4.999110175201605145e-03 -9.999999999000000000e+09
1.288707169381749736e+03 1.003216403470718499e+00 4.999110573442424807e-03 -9.999999999000000000e+09
1.288717916042773140e+03 1.001197983804478886e+00 4.999110971460197193e-03 -9.999999999000000000e+09
1.288728662793413832e+03 9.943137904103610536e-01 4.999111369255102716e-03 -9.999999999000000000e+09
1.288739409633672949e+03 9.923661171565731909e-01 4.999111766827328725e-03 -9.999999999000000000e+09
1.288750156563550945e+03 9.935636841899671001e-01 4.999112164177062570e-03 -9.999999999000000000e+09
1.288760903583048503e+03 9.985223541334753428e-01 4.999112561304488132e-03 -9.999999999000000000e+09
1.288771650692166986e+03 1.000745279426466183e+00 4.999112958209791895e-03 -9.999999999000000000e+09
1.288782397890906395e+03 9.965547673371756288e-01 4.999113354893158605e-03 -9.999999999000000000e+09
1.288793145179268095e+03 1.002534191887695991e+00 4.999113751354773878e-03 -9.999999999000000000e+09
1.288803892557252311e+03 1.004600810120556575e+00 4.999114147594820728e-03 -9.999999999000000000e+09
1.288814640024859955e+03 1.008556979589369185e+00 4.999114543613485638e-03 -9.999999999000000000e+09
1.288825387582091707e+03 9.958510342514315106e-01 4.999114939410950753e-03 -9.999999999000000000e+09
1.288836135228948706e+03 1.000795205110236452e+00 4.999115334987401689e-03 -9.999999999000000000e+09
1.288846882965431405e+03 1.000222786908457451e+00 4.999115730343022326e-03 -9.999999999000000000e+09
1.288857630791540487e+03 1.001642223770080387e+00 4.999116125477994811e-03 -9.999999999000000000e+09
1.288868378707276861e+03 1.003385080757999592e+00 4.999116520392503024e-03 -9.999999999000000000e+09
1.288879126712641209e+03 1.005803675576912859e+00 4.999116915086731713e-03 -9.999999999000000000e+09
1.288889874807634442e+03 1.001975446151214477e+00 4.999117309560861290e-03 -9.999999999000000000e+09
1.288900622992257013e+03 9.987847335926858250e-01 4.999117703815079104e-03 -9.999999999000000000e+09
1.288911371266509605e+03 9.972652531699069955e-01 4.999118097849562098e-03 -9.999999999000000000e+09
1.288922119630393126e+03 9.963956270284513028e-01 4.999118491664498488e-03 -9.999999999000000000e+09
1.288932868083908716e+03 1.007233088122541975e+00 4.999118885260064350e-03 -9.999999999000000000e+09
1.288943616627056599e+03 1.000951540873467049e+00 4.999119278636447034e-03 -9.999999999000000000e+09
1.288954365259837687e+03 9.987410598831334418e-01 4.999119671793825215e-03 -9.999999999000000000e+09
1.288965113982252433e+03 9.945321568041675109e-01 4.999120064732381040e-03 -9.999999999000000000e+09
1.288975862794302429e+03 9.956917893565239153e-01 4.999120457452297522e-03 -9.999999999000000000e+09
1.288986611695987449e+03 1.003310707126000567e+00 4.999120849953753339e-03 -9.999999999000000000e+09
1.288997360687308628e+03 9.952728281933569399e-01 4.999121242236931502e-03 -9.999999999000000000e+09
1.289008109768267104e+03 1.010578197598931860e+00 4.999121634302012424e-03 -9.999999999000000000e+09
1.289018858938862877e+03 1.000322099686214772e+00 4.999122026149176515e-03 -9.999999999000000000e+09
1.289029608199097311e+03 1.006004394298413818e+00 4.999122417778602452e-03 -9.999999999000000000e+09
1.289040357548970860e+03 1.002550515781817975e+00 4.999122809190473249e-03 -9.999999999000000000e+09
1.289051106988484435e+03 9.992588692100470293e-01 4.999123200384968449e-03 -9.999999999000000000e+09
1.289061856517638716e+03 1.009075077900815520e+00 4.999123591362264994e-03 -9.999999999000000000e+09
1.289072606136434388e+03 1.002616975759565987e+00 4.999123982122545898e-03 -9.999999999000000000e+09
1.289083355844871903e+03 1.006559833447809194e+00 4.999124372665988969e-03 -9.999999999000000000e+09
1.289094105642952854e+03 1.004205980913912555e+00 4.999124762992772884e-03 -9.999999999000000000e+09
1.289104855530677241e+03 1.000704941632180267e+00 4.999125153103078922e-03 -9.999999999000000000e+09
1.289115605508045746e+03 9.900573205280329692e-01 4.999125542997083158e-03 -9.999999999000000000e+09
1.289126355575059733e+03 1.002937708375391201e+00 4.999125932674966001e-03 -9.999999999000000000e+09
1.289137105731719657e+03 1.003355829617931905e+00 4.999126322136904395e-03 -9.999999999000000000e+09
1.289147855978026200e+03 1.005537060823431528e+00 4.999126711383077015e-03 -9.999999999000000000e+09
1.289158606313980044e+03 9.845417215915046594e-01 4.999127100413661672e-03 -9.999999999000000000e+09
1.289169356739582099e+03 9.974129190469545048e-01 4.999127489228837908e-03 -9.999999999000000000e+09
1.289180107254833047e+03 9.964751010580807922e-01 4.999127877828780930e-03 -9.999999999000000000e+09
1.289190857859733569e+03 1.006126827647146005e+00 4.999128266213671151e-03 -9.999999999000000000e+09
1.289201608554284803e+03 1.009025762791993630e+00 4.999128654383682042e-03 -9.999999999000000000e+09
1.289212359338486976e+03 9.962830301970282409e-01 4.999129042338992281e-03 -9.999999999000000000e+09
1.289223110212340771e+03 9.973127001640740286e-01 4.999129430079779675e-03 -9.999999999000000000e+09
1.289233861175847551e+03 9.985343583970118786e-01 4.999129817606219432e-03 -9.999999999000000000e+09
1.289244612229007771e+03 9.963488526786622446e-01 4.999130204918488495e-03 -9.999999999000000000e+09
1.289255363371821886e+03 9.947762485798765653e-01 4.999130592016763804e-03 -9.999999999000000000e+09
1.289266114604290806e+03 1.002502813950046034e+00 4.999130978901219699e-03 -9.999999999000000000e+09
1.289276865926415667e+03 9.975544131400585490e-01 4.999131365572033123e-03 -9.999999999000000000e+09
1.289287617338196696e+03 1.005573987080579323e+00 4.999131752029379282e-03 -9.999999999000000000e+09
1.289298368839634804e+03 9.992634864473183276e-01 4.999132138273435118e-03 -9.999999999000000000e+09
1.289309120430730900e+03 9.960671294214659133e-01 4.999132524304373236e-03 -9.999999999000000000e+09
1.289319872111485665e+03 1.003896924387988054e+00 4.999132910122370578e-03 -9.999999999000000000e+09
1.289330623881899783e+03 1.009665087904897396e+00 4.999133295727602351e-03 -9.999999999000000000e+09
1.289341375741973934e+03 9.974050748507545805e-01 4.999133681120242027e-03 -9.999999999000000000e+09
1.289352127691708802e+03 1.002534835293219739e+00 4.999134066300463079e-03 -9.999999999000000000e+09
1.289362879731105522e+03 9.964120529500724022e-01 4.999134451268442449e-03 -9.999999999000000000e+09
1.289373631860164551e+03 9.922698437438753905e-01 4.999134836024352740e-03 -9.999999999000000000e+09
1.289384384078886569e+03 9.955262401637361425e-01 4.999135220568366560e-03 -9.999999999000000000e+09
1.289395136387272714e+03 9.995751454365504607e-01 4.999135604900660848e-03 -9.999999999000000000e+09
1.289405888785323214e+03 9.950117650184168161e-01 4.999135989021406476e-03 -9.999999999000000000e+09
1.289416641273038977e+03 9.948610231534239512e-01 4.999136372930779518e-03 -9.999999999000000000e+09
1.289427393850421140e+03 9.960256269209903923e-01 4.999136756628948242e-03 -9.999999999000000000e+09
1.289438146517469704e+03 9.960025083035480842e-01 4.999137140116089589e-03 -9.999999999000000000e+09
1.289448899274186260e+03 1.007348545736105327e+00 4.999137523392375299e-03 -9.999999999000000000e+09
1.289459652120571263e+03 1.009346605581514345e+00 4.999137906457977107e-03 -9.999999999000000000e+09
1.289470405056624941e+03 9.971758562210363275e-01 4.999138289313068487e-03 -9.999999999000000000e+09
1.289481158082348657e+03 1.004057712974270933e+00 4.999138671957822043e-03 -9.999999999000000000e+09
1.289491911197742866e+03 9.976775016051845357e-01 4.999139054392408646e-03 -9.999999999000000000e+09
1.289502664402808477e+03 1.003573332657566208e+00 4.999139436616999166e-03 -9.999999999000000000e+09
1.289513417697546174e+03 1.003326133977564982e+00 4.999139818631767075e-03 -9.999999999000000000e+09
1.289524171081956865e+03 1.005869220382094698e+00 4.999140200436882377e-03 -9.999999999000000000e+09
1.289534924556040778e+03 1.006656008414169357e+00 4.999140582032517675e-03 -9.999999999000000000e+09
1.289545678119799277e+03 9.988574171405241175e-01 4.999140963418843842e-03 -9.999999999000000000e+09
1.289556431773232816e+03 9.981296008513297346e-01 4.999141344596030878e-03 -9.999999999000000000e+09
1.289567185516342079e+03 1.000092964842739018e+00 4.999141725564248788e-03 -9.999999999000000000e+09
1.289577939349127973e+03 9.950559328892654154e-01 4.999142106323669309e-03 -9.999999999000000000e+09
1.289588693271591183e+03 1.000508992486236926e+00 4.999142486874462443e-03 -9.999999999000000000e+09
1.289599447283732388e+03 9.965282556601896546e-01 4.999142867216798194e-03 -9.999999999000000000e+09
1.289610201385552273e+03 9.980080244832215675e-01 4.999143247350847433e-03 -9.999999999000000000e+09
1.289620955577051973e+03 9.989218847282241853e-01 4.999143627276776691e-03 -9.999999999000000000e+09
1.289631709858231943e+03 9.991994561680611620e-01 4.999144006994759443e-03 -9.999999999000000000e+09
1.289642464229092639e+03 9.981325642751109894e-01 4.999144386504963088e-03 -9.999999999000000000e+09
1.289653218689635651e+03 9.961077742264310420e-01 4.999144765807556762e-03 -9.999999999000000000e+09
1.289663973239860979e+03 9.985498931381134868e-01 4.999145144902708733e-03 -9.999999999000000000e+09
1.289674727879769307e+03 9.928487479471853616e-01 4.999145523790590739e-03 -9.999999999000000000e+09
1.289685482609361998e+03 9.988554538857020715e-01 4.999145902471367579e-03 -9.999999999000000000e+09
1.289696237428639506e+03 9.990252242321407961e-01 4.999146280945210123e-03 -9.999999999000000000e+09
1.289706992337602514e+03 9.973848055418667036e-01 4.999146659212285772e-03 -9.999999999000000000e+09
1.289717747336251705e+03 1.009948800235381805e+00 4.999147037272762793e-03 -9.999999999000000000e+09
1.289728502424587987e+03 9.979551336815098983e-01 4.999147415126807721e-03 -9.999999999000000000e+09
1.289739257602612042e+03 9.994232415343621279e-01 4.999147792774591426e-03 -9.999999999000000000e+09
1.289750012870324554e+03 1.004083385808846263e+00 4.999148170216277838e-03 -9.999999999000000000e+09
1.289760768227726430e+03 1.002775072306502757e+00 4.999148547452037829e-03 -9.999999999000000000e+09
1.289771523674818582e+03 9.958818098595867419e-01 4.999148924482033594e-03 -9.999999999000000000e+09
1.289782279211601235e+03 9.940344242500804839e-01 4.999149301306436005e-03 -9.999999999000000000e+09
1.289793034838075300e+03 9.923161631371177904e-01 4.999149677925411595e-03 -9.999999999000000000e+09
1.289803790554241914e+03 1.000837754306058702e+00 4.999150054339125161e-03 -9.999999999000000000e+09
1.289814546360101303e+03 9.989755600006708924e-01 4.999150430547744973e-03 -9.999999999000000000e+09
1.289825302255654606e+03 9.971283020930592489e-01 4.999150806551435830e-03 -9.999999999000000000e+09
1.289836058240902503e+03 9.961756411213952278e-01 4.999151182350364264e-03 -9.999999999000000000e+09
1.289846814315845450e+03 9.987235849182111158e-01 4.999151557944695942e-03 -9.999999999000000000e+09
1.289857570480484583e+03 1.000428453467222534e+00 4.999151933334596530e-03 -9.999999999000000000e+09
1.289868326734820130e+03 1.012236543557173185e+00 4.999152308520232561e-03 -9.999999999000000000e+09
1.289879083078853682e+03 9.962955249342909658e-01 4.999152683501767967e-03 -9.999999999000000000e+09
1.289889839512585240e+03 9.979425378588702156e-01 4.999153058279367547e-03 -9.999999999000000000e+09
1.289900596036015713e+03 9.978110229977272816e-01 4.999153432853197833e-03 -9.999999999000000000e+09
1.289911352649146011e+03 1.000046608751401944e+00 4.999153807223421890e-03 -9.999999999000000000e+09
1.289922109351977042e+03 9.926428770319699613e-01 4.999154181390205384e-03 -9.999999999000000000e+09
1.289932866144508807e+03 1.003916534782358871e+00 4.999154555353712247e-03 -9.999999999000000000e+09
1.289943623026743126e+03 1.005959822317807673e+00 4.999154929114107276e-03 -9.999999999000000000e+09
1.289954379998679769e+03 9.982876880781884621e-01 4.999155302671554404e-03 -9.999999999000000000e+09
1.289965137060320103e+03 1.000315005755248121e+00 4.999155676026215828e-03 -9.999999999000000000e+09
1.289975894211664581e+03 9.960780868910271701e-01 4.999156049178258079e-03 -9.999999999000000000e+09
1.289986651452714113e+03 9.943803888882358777e-01 4.999156422127842489e-03 -9.999999999000000000e+09
1.289997408783469155e+03 9.999131610690521477e-01 4.999156794875132120e-03 -9.999999999000000000e+09
1.290008166203931069e+03 1.007585612512364115e+00 4.999157167420293507e-03 -9.999999999000000000e+09
1.290018923714099856e+03 9.995676253334879746e-01 4.999157539763485376e-03 -9.999999999000000000e+09
1.290029681313976880e+03 9.940785403023797429e-01 4.999157911904872527e-03 -9.999999999000000000e+09
1.290040439003562824e+03 9.948226830998709858e-01 4.999158283844618023e-03 -9.999999999000000000e+09
1.290051196782857915e+03 1.008538311774943352e+00 4.999158655582882325e-03 -9.999999999000000000e+09
1.290061954651863289e+03 9.919892771565563816e-01 4.999159027119829367e-03 -9.999999999000000000e+09
1.290072712610579629e+03 9.976722142382941083e-01 4.999159398455619609e-03 -9.999999999000000000e+09
1.290083470659007617e+03 9.928834530330457042e-01 4.999159769590418717e-03 -9.999999999000000000e+09
1.290094228797148162e+03 9.970861601673494112e-01 4.999160140524382817e-03 -9.999999999000000000e+09
1.290104987025001719e+03 1.001907080033451525e+00 4.999160511257678442e-03 -9.999999999000000000e+09
1.290115745342569653e+03 1.001154335792629357e+00 4.999160881790464320e-03 -9.999999999000000000e+09
1.290126503749851963e+03 9.977705540636240267e-01 4.999161252122902646e-03 -9.999999999000000000e+09
1.290137262246849787e+03 9.938022768466224788e-01 4.999161622255153883e-03 -9.999999999000000000e+09
1.290148020833563805e+03 9.921807033537199949e-01 4.999161992187378493e-03 -9.999999999000000000e+09
1.290158779509994929e+03 1.003358972962220319e+00 4.999162361919738673e-03 -9.999999999000000000e+09
1.290169538276143612e+03 1.003531123801693514e+00 4.999162731452393149e-03 -9.999999999000000000e+09
1.290180297132010764e+03 9.980872059836140009e-01 4.999163100785503251e-03 -9.999999999000000000e+09
1.290191056077597295e+03 1.001665669534943959e+00 4.999163469919230308e-03 -9.999999999000000000e+09
1.290201815112903660e+03 1.005024486821304741e+00 4.999163838853730446e-03 -9.999999999000000000e+09
1.290212574237930539e+03 1.002682201533779516e+00 4.999164207589167595e-03 -9.999999999000000000e+09
1.290223333452679071e+03 1.002162241021232081e+00 4.999164576125698749e-03 -9.999999999000000000e+09
1.290234092757149938e+03 1.005017210555164686e+00 4.999164944463483501e-03 -9.999999999000000000e+09
1.290244852151343594e+03 1.004204014129153721e+00 4.999165312602684048e-03 -9.999999999000000000e+09
1.290255611635260721e+03 9.943019046712396891e-01 4.999165680543455649e-03 -9.999999999000000000e+09
1.290266371208902456e+03 1.006912178120810575e+00 4.999166048285958765e-03 -9.999999999000000000e+09
1.290277130872269254e+03 9.957967618238293683e-01 4.999166415830352990e-03 -9.999999999000000000e+09
1.290287890625362252e+03 9.963350295166407689e-01 4.999166783176795317e-03 -9.999999999000000000e+09
1.290298650468181904e+03 1.003759841571999267e+00 4.999167150325446209e-03 -9.999999999000000000e+09
1.290309410400728666e+03 9.930888362521227419e-01 4.999167517276463524e-03 -9.999999999000000000e+09
1.290320170423003901e+03 9.915065724415041970e-01 4.999167884030002521e-03 -9.999999999000000000e+09
1.290330930535008065e+03 9.997024696728605830e-01 4.999168250586223661e-03 -9.999999999000000000e+09
1.290341690736741839e+03 1.001204452187737903e+00 4.999168616945283070e-03 -9.999999999000000000e+09
1.290352451028206133e+03 9.953505954583738990e-01 4.999168983107341209e-03 -9.999999999000000000e+09
1.290363211409401401e+03 9.924632402220651128e-01 4.999169349072554204e-03 -9.999999999000000000e+09
1.290373971880328554e+03 1.001816364212966493e+00 4.999169714841076445e-03 -9.999999999000000000e+09
1.290384732440988728e+03 1.002748240533403612e+00 4.999170080413067527e-03 -9.999999999000000000e+09
1.290395493091381923e+03 1.001050126533582274e+00 4.999170445788685309e-03 -9.999999999000000000e+09
1.290406253831509503e+03 9.951821293810662050e-01 4.999170810968082447e-03 -9.999999999000000000e+09
1.290417014661371923e+03 1.002883091345302846e+00 4.999171175951420271e-03 -9.999999999000000000e+09
1.290427775580970092e+03 9.993859593874904190e-01 4.999171540738853170e-03 -9.999999999000000000e+09
1.290438536590304466e+03 1.001929273051939129e+00 4.999171905330536403e-03 -9.999999999000000000e+09
1.290449297689376181e+03 1.002876613791325644e+00 4.999172269726626962e-03 -9.999999999000000000e+09
1.290460058878185919e+03 1.012807459636004381e+00 4.999172633927280972e-03 -9.999999999000000000e+09
1.290470820156734135e+03 1.005906492133873176e+00 4.999172997932651956e-03 -9.999999999000000000e+09
1.290481581525021738e+03 9.950904219197195255e-01 4.999173361742897774e-03 -9.999999999000000000e+09
1.290492342983049411e+03 9.974708818733295512e-01 4.999173725358174551e-03 -9.999999999000000000e+09
1.290503104530818291e+03 9.975115386855326616e-01 4.999174088778634943e-03 -9.999999999000000000e+09
1.290513866168328605e+03 1.008456157502629402e+00 4.999174452004435075e-03 -9.999999999000000000e+09
1.290524627895581261e+03 1.005193605666297341e+00 4.999174815035728470e-03 -9.999999999000000000e+09
1.290535389712577171e+03 9.905098642962908428e-01 4.999175177872673854e-03 -9.999999999000000000e+09
1.290546151619317016e+03 1.000333270953070786e+00 4.999175540515421283e-03 -9.999999999000000000e+09
1.290556913615801250e+03 1.002214015142215198e+00 4.999175902964126013e-03 -9.999999999000000000e+09
1.290567675702031238e+03 9.911297775309237945e-01 4.999176265218944169e-03 -9.999999999000000000e+09
1.290578437878007207e+03 9.934835176587841765e-01 4.999176627280028408e-03 -9.999999999000000000e+09
1.290589200143730068e+03 1.001233210612988866e+00 4.999176989147532252e-03 -9.999999999000000000e+09
1.290599962499200501e+03 1.003754901430481628e+00 4.999177350821610959e-03 -9.999999999000000000e+09
1.290610724944419417e+03 9.978711445938467373e-01 4.999177712302414582e-03 -9.999999999000000000e+09
1.290621487479387270e+03 9.993743304044661047e-01 4.999178073590100982e-03 -9.999999999000000000e+09
1.290632250104105196e+03 1.002321240655604351e+00 4.999178434684820212e-03 -9.999999999000000000e+09
1.290643012818573652e+03 9.927022588683993565e-01 4.999178795586726662e-03 -9.999999999000000000e+09
1.290653775622793319e+03 9.998498340868198220e-01 4.999179156295972121e-03 -9.999999999000000000e+09
1.290664538516765333e+03 1.001570760177906694e+00 4.999179516812710111e-03 -9.999999999000000000e+09
1.290675301500490377e+03 9.921398360683326700e-01 4.999179877137094156e-03 -9.999999999000000000e+09
1.290686064573968679e+03 9.993760734971721682e-01 4.999180237269274310e-03 -9.999999999000000000e+09
1.290696827737201602e+03 1.000202813728381157e+00 4.999180597209402360e-03 -9.999999999000000000e+09
1.290707590990189601e+03 1.002080324887560936e+00 4.999180956957634432e-03 -9.999999999000000000e+09
1.290718354332933586e+03 9.977129529714229283e-01 4.999181316514118845e-03 -9.999999999000000000e+09
1.290729117765434012e+03 9.984215814923811383e-01 4.999181675879007386e-03 -9.999999999000000000e+09
1.290739881287692015e+03 1.002719334107574634e+00 4.999182035052451845e-03 -9.999999999000000000e+09
1.290750644899707822e+03 9.977862318549887144e-01 4.999182394034605743e-03 -9.999999999000000000e+09
1.290761408601482572e+03 9.945253065996710884e-01 4.999182752825618269e-03 -9.999999999000000000e+09
1.290772172393017172e+03 1.000908002256163831e+00 4.999183111425641209e-03 -9.999999999000000000e+09
1.290782936274312078e+03 1.000972868527843840e+00 4.999183469834824617e-03 -9.999999999000000000e+09
1.290793700245367972e+03 9.938160352391360863e-01 4.999183828053319414e-03 -9.999999999000000000e+09
1.290804464306185537e+03 1.002709625724413689e+00 4.999184186081276522e-03 -9.999999999000000000e+09
1.290815228456765908e+03 1.001176269536921071e+00 4.999184543918845994e-03 -9.999999999000000000e+09
1.290825992697109768e+03 9.983851026678040030e-01 4.999184901566178750e-03 -9.999999999000000000e+09
1.290836757027217573e+03 9.997726393177026605e-01 4.999185259023423977e-03 -9.999999999000000000e+09
1.290847521447090230e+03 9.977422447555627238e-01 4.999185616290733464e-03 -9.999999999000000000e+09
1.290858285956728196e+03 1.003986417667246611e+00 4.999185973368254661e-03 -9.999999999000000000e+09
1.290869050556132834e+03 9.937028137420956808e-01 4.999186330256135888e-03 -9.999999999000000000e+09
1.290879815245304599e+03 1.004939531300469202e+00 4.999186686954532402e-03 -9.999999999000000000e+09
1.290890580024244173e+03 1.002359375706457056e+00 4.999187043463588186e-03 -9.999999999000000000e+09
1.290901344892952466e+03 1.005192436048901294e+00 4.999187399783453292e-03 -9.999999999000000000e+09
1.290912109851429705e+03 1.002052398689141866e+00 4.999187755914277775e-03 -9.999999999000000000e+09
1.290922874899677709e+03 1.001427964789207703e+00 4.999188111856209087e-03 -9.999999999000000000e+09
1.290933640037695795e+03 1.000629400761550380e+00 4.999188467609399014e-03 -9.999999999000000000e+09
1.290944405265485784e+03 9.939938649097324053e-01 4.999188823173992408e-03 -9.999999999000000000e+09
1.290955170583048357e+03 9.978750367869168025e-01 4.999189178550137586e-03 -9.999999999000000000e+09
1.290965935990383514e+03 1.004294160512126277e+00 4.999189533737986336e-03 -9.999999999000000000e+09
1.290976701487492846e+03 9.985335914583339800e-01 4.999189888737683510e-03 -9.999999999000000000e+09
1.290987467074376809e+03 1.000722340280076894e+00 4.999190243549377424e-03 -9.999999999000000000e+09
1.290998232751036085e+03 1.009504742392895338e+00 4.999190598173215531e-03 -9.999999999000000000e+09
1.291008998517471355e+03 9.934729607962461406e-01 4.999190952609347018e-03 -9.999999999000000000e+09
1.291019764373683529e+03 9.922520728102278698e-01 4.999191306857916732e-03 -9.999999999000000000e+09
1.291030530319673062e+03 9.942249971722292301e-01 4.999191660919072994e-03 -9.999999999000000000e+09
1.291041296355441091e+03 9.958213652993191944e-01 4.999192014792964989e-03 -9.999999999000000000e+09
1.291052062480988297e+03 9.995170219321370952e-01 4.999192368479736699e-03 -9.999999999000000000e+09
1.291062828696314909e+03 9.982084967252601304e-01 4.999192721979535577e-03 -9.999999999000000000e+09
1.291073595001422291e+03 9.946593556654762525e-01 4.999193075292508205e-03 -9.999999999000000000e+09
1.291084361396311351e+03 9.984801748702151203e-01 4.999193428418802904e-03 -9.999999999000000000e+09
1.291095127880982091e+03 9.931177967514067673e-01 4.999193781358562787e-03 -9.999999999000000000e+09
1.291105894455435646e+03 9.899560369151707562e-01 4.999194134111935306e-03 -9.999999999000000000e+09
1.291116661119672926e+03 1.003977419175385632e+00 4.999194486679067045e-03 -9.999999999000000000e+09
1.291127427873694387e+03 9.947119515039595239e-01 4.999194839060102855e-03 -9.999999999000000000e+09
1.291138194717500937e+03 9.963306958430689919e-01 4.999195191255188450e-03 -9.999999999000000000e+09
1.291148961651093487e+03 1.001195900055062982e+00 4.999195543264470416e-03 -9.999999999000000000e+09
1.291159728674472490e+03 9.944000006077837739e-01 4.999195895088091868e-03 -9.999999999000000000e+09
1.291170495787638856e+03 1.000647607494957736e+00 4.999196246726200256e-03 -9.999999999000000000e+09
1.291181262990593268e+03 9.900471281086540287e-01 4.999196598178940430e-03 -9.999999999000000000e+09
1.291192030283336180e+03 1.002908611431412078e+00 4.999196949446455505e-03 -9.999999999000000000e+09
1.291202797665869184e+03 9.920701630519932479e-01 4.999197300528891198e-03 -9.999999999000000000e+09
1.291213565138192052e+03 1.004584758406458223e+00 4.999197651426390623e-03 -9.999999999000000000e+09
1.291224332700306149e+03 1.001333466259270333e+00 4.999198002139102100e-03 -9.999999999000000000e+09
1.291235100352212157e+03 1.003481566673246395e+00 4.999198352667165272e-03 -9.999999999000000000e+09
1.291245868093910303e+03 1.000345714493280358e+00 4.999198703010728460e-03 -9.999999999000000000e+09
1.291256635925402179e+03 9.987731207855974347e-01 4.999199053169931309e-03 -9.999999999000000000e+09
1.291267403846688239e+03 9.999356623152356738e-01 4.999199403144919535e-03 -9.999999999000000000e+09
1.291278171857768712e+03 1.003719539634715829e+00 4.999199752935837987e-03 -9.999999999000000000e+09
1.291288939958644733e+03 1.002785337728091086e+00 4.999200102542828046e-03 -9.999999999000000000e+09
1.291299708149317212e+03 1.005655677434212025e+00 4.999200451966035429e-03 -9.999999999000000000e+09
1.291310476429786604e+03 9.933595027086210560e-01 4.999200801205599780e-03 -9.999999999000000000e+09
1.291321244800053819e+03 9.997288402766544291e-01 4.999201150261666816e-03 -9.999999999000000000e+09
1.291332013260119766e+03 9.996640550959199345e-01 4.999201499134380521e-03 -9.999999999000000000e+09
1.291342781809984899e+03 9.936931359420582144e-01 4.999201847823879670e-03 -9.999999999000000000e+09
1.291353550449649902e+03 9.966081089861282827e-01 4.999202196330308247e-03 -9.999999999000000000e+09
1.291364319179115682e+03 9.981485744062567056e-01 4.999202544653810233e-03 -9.999999999000000000e+09
1.291375087998383378e+03 9.932078249141795823e-01 4.999202892794527009e-03 -9.999999999000000000e+09
1.291385856907453217e+03 9.963314301126521277e-01 4.999203240752599954e-03 -9.999999999000000000e+09
1.291396625906325880e+03 9.941539487763878524e-01 4.999203588528172183e-03 -9.999999999000000000e+09
1.291407394995002505e+03 1.002462922804644219e+00 4.999203936121385076e-03 -9.999999999000000000e+09
1.291418164173483774e+03 1.006321941548443899e+00 4.999204283532380014e-03 -9.999999999000000000e+09
1.291428933441769914e+03 9.988239775421347000e-01 4.999204630761298375e-03 -9.999999999000000000e+09
1.291439702799862289e+03 1.002437440955107562e+00 4.999204977808281540e-03 -9.999999999000000000e+09
1.291450472247761581e+03 1.001803979147954937e+00 4.999205324673470889e-03 -9.999999999000000000e+09
1.291461241785468246e+03 1.010652628091118332e+00 4.999205671357006935e-03 -9.999999999000000000e+09
1.291472011412983193e+03 9.985876151282123692e-01 4.999206017859031057e-03 -9.999999999000000000e+09
1.291482781130307330e+03 9.933813113638588765e-01 4.999206364179684635e-03 -9.999999999000000000e+09
1.291493550937441114e+03 9.939025700990810064e-01 4.999206710319107315e-03 -9.999999999000000000e+09
1.291504320834385453e+03 9.967183250649841453e-01 4.999207056277438742e-03 -9.999999999000000000e+09
1.291515090821141257e+03 1.011937199248822195e+00 4.999207402054820296e-03 -9.999999999000000000e+09
1.291525860897708753e+03 9.953933367528463583e-01 4.999207747651392489e-03 -9.999999999000000000e+09
1.291536631064089079e+03 9.966065140819114765e-01 4.999208093067295834e-03 -9.999999999000000000e+09
1.291547401320282916e+03 1.002833222273606717e+00 4.999208438302667375e-03 -9.999999999000000000e+09
1.291558171666290946e+03 9.906865898003579529e-01 4.999208783357649358e-03 -9.999999999000000000e+09
1.291568942102114306e+03 9.933359695275442158e-01 4.999209128232378826e-03 -9.999999999000000000e+09
1.291579712627753452e+03 9.925404813629505885e-01 4.999209472926998028e-03 -9.999999999000000000e+09
1.291590483243208837e+03 9.994835867620932568e-01 4.999209817441645741e-03 -9.999999999000000000e+09
1.291601253948481599e+03 1.001109231779735875e+00 4.999210161776460742e-03 -9.999999999000000000e+09
1.291612024743572192e+03 1.003191030906866343e+00 4.999210505931580943e-03 -9.999999999000000000e+09
1.291622795628481754e+03 1.001044015862119885e+00 4.999210849907144254e-03 -9.999999999000000000e+09
1.291633566603210738e+03 9.980359475642581746e-01 4.999211193703290319e-03 -9.999999999000000000e+09
1.291644337667760283e+03 1.015182436501169683e+00 4.999211537320160520e-03 -9.999999999000000000e+09
1.291655108822130614e+03 1.008499506129612699e+00 4.999211880757889297e-03 -9.999999999000000000e+09
1.291665880066322416e+03 1.012356522150210214e+00 4.999212224016616295e-03 -9.999999999000000000e+09
1.291676651400337278e+03 1.007363226660190625e+00 4.999212567096481159e-03 -9.999999999000000000e+09
1.291687422824175201e+03 1.004852547174524435e+00 4.999212909997618332e-03 -9.999999999000000000e+09
1.291698194337836867e+03 9.990961179617126042e-01 4.999213252720168324e-03 -9.999999999000000000e+09
1.291708965941323413e+03 1.002343597015123766e+00 4.999213595264267312e-03 -9.999999999000000000e+09
1.291719737634635749e+03 1.000601899268436012e+00 4.999213937630053207e-03 -9.999999999000000000e+09
1.291730509417773874e+03 1.004556827792879581e+00 4.999214279817663052e-03 -9.999999999000000000e+09
1.291741281290739153e+03 9.996830049835291332e-01 4.999214621827236492e-03 -9.999999999000000000e+09
1.291752053253532267e+03 9.993385170986565091e-01 4.999214963658906233e-03 -9.999999999000000000e+09
1.291762825306153900e+03 9.994782853859913718e-01 4.999215305312811920e-03 -9.999999999000000000e+09
1.291773597448604733e+03 9.971901794376335504e-01 4.999215646789090597e-03 -9.999999999000000000e+09
1.291784369680885675e+03 1.002845908312662626e+00 4.999215988087875838e-03 -9.999999999000000000e+09
1.291795142002997181e+03 1.003998863138277020e+00 4.999216329209307287e-03 -9.999999999000000000e+09
1.291805914414940389e+03 9.972853299607012945e-01 4.999216670153521988e-03 -9.999999999000000000e+09
1.291816686916715753e+03 1.002211330963147740e+00 4.999217010920651780e-03 -9.999999999000000000e+09
1.291827459508323955e+03 9.951663070783970388e-01 4.999217351510837175e-03 -9.999999999000000000e+09
1.291838232189766131e+03 9.993815405972323873e-01 4.999217691924210880e-03 -9.999999999000000000e+09
1.291849004961042510e+03 1.002954423584470955e+00 4.999218032160909070e-03 -9.999999999000000000e+09
1.291859777822154683e+03 1.002682649773518841e+00 4.999218372221068789e-03 -9.999999999000000000e+09
1.291870550773102423e+03 1.011227194022154663e+00 4.999218712104824477e-03 -9.999999999000000000e+09
1.291881323813886866e+03 9.970355316106234156e-01 4.999219051812312312e-03 -9.999999999000000000e+09
1.291892096944508921e+03 9.933347335077843399e-01 4.999219391343666732e-03 -9.999999999000000000e+09
1.291902870164969272e+03 1.003893426566913050e+00 4.999219730699021313e-03 -9.999999999000000000e+09
1.291913643475268373e+03 9.900347426780983229e-01 4.999220069878513965e-03 -9.999999999000000000e+09
1.291924416875407360e+03 9.928885932501111400e-01 4.999220408882276527e-03 -9.999999999000000000e+09
1.291935190365386916e+03 1.017503898070378998e+00 4.999220747710446042e-03 -9.999999999000000000e+09
1.291945963945207723e+03 9.931475944294350100e-01 4.999221086363155216e-03 -9.999999999000000000e+09
1.291956737614870462e+03 9.871688162195119132e-01 4.999221424840538490e-03 -9.999999999000000000e+09
1.291967511374375817e+03 9.990802340407127780e-01 4.999221763142730306e-03 -9.999999999000000000e+09
1.291978285223724924e+03 9.974212661474940456e-01 4.999222101269864237e-03 -9.999999999000000000e+09
1.291989059162918011e+03 9.966357669348689940e-01 4.999222439222075591e-03 -9.999999999000000000e+09
1.291999833191955986e+03 1.001265239327472356e+00 4.999222776999497075e-03 -9.999999999000000000e+09
1.292010607310839987e+03 9.970345803755070735e-01 4.999223114602260529e-03 -9.999999999000000000e+09
1.292021381519570468e+03 9.944178835105906833e-01 4.999223452030503861e-03 -9.999999999000000000e+09
1.292032155818148112e+03 1.005759147299576162e+00 4.999223789284354576e-03 -9.999999999000000000e+09
1.292042930206573601e+03 1.008416720242344189e+00 4.999224126363951450e-03 -9.999999999000000000e+09
1.292053704684847844e+03 9.959701037643491350e-01 4.999224463269423720e-03 -9.999999999000000000e+09
1.292064479252971751e+03 1.004724268608453430e+00 4.999224800000905827e-03 -9.999999999000000000e+09
1.292075253910945548e+03 9.961262450607715202e-01 4.999225136558528744e-03 -9.999999999000000000e+09
1.292086028658770601e+03 1.006696214671051193e+00 4.999225472942427778e-03 -9.999999999000000000e+09
1.292096803496447137e+03 9.949315678997947554e-01 4.999225809152733034e-03 -9.999999999000000000e+09
1.292107578423976520e+03 9.987783913627311660e-01 4.999226145189578085e-03 -9.999999999000000000e+09
1.292118353441358749e+03 1.010213062933103645e+00 4.999226481053095639e-03 -9.999999999000000000e+09
1.292129128548595190e+03 1.002915195593266695e+00 4.999226816743414931e-03 -9.999999999000000000e+09
1.292139903745686297e+03 9.992013827689971706e-01 4.999227152260671270e-03 -9.999999999000000000e+09
1.292150679032632752e+03 9.936744423902577061e-01 4.999227487604994760e-03 -9.999999999000000000e+09
1.292161454409435692e+03 1.001136111797525485e+00 4.999227822776516374e-03 -9.999999999000000000e+09
1.292172229876095344e+03 1.001830606637964083e+00 4.999228157775367082e-03 -9.999999999000000000e+09
1.292183005432613072e+03 1.004723495770338815e+00 4.999228492601681326e-03 -9.999999999000000000e+09
1.292193781078988877e+03 1.002306477442575394e+00 4.999228827255587475e-03 -9.999999999000000000e+09
1.292204556815224123e+03 9.940883397502664476e-01 4.999229161737216501e-03 -9.999999999000000000e+09
1.292215332641319037e+03 9.955963568184871271e-01 4.999229496046701110e-03 -9.999999999000000000e+09
1.292226108557274983e+03 9.968793009666956362e-01 4.999229830184172274e-03 -9.999999999000000000e+09
1.292236884563092417e+03 9.994641265061977586e-01 4.999230164149758363e-03 -9.999999999000000000e+09
1.292247660658771792e+03 9.983642635514846653e-01 4.999230497943590347e-03 -9.999999999000000000e+09
1.292258436844314247e+03 9.925999549490844842e-01 4.999230831565799199e-03 -9.999999999000000000e+09
1.292269213119720462e+03 1.007464969853200998e+00 4.999231165016515023e-03 -9.999999999000000000e+09
1.292279989484991120e+03 9.976166733215141580e-01 4.999231498295869658e-03 -9.999999999000000000e+09
1.292290765940127358e+03 9.955092202182838079e-01 4.999231831403989738e-03 -9.999999999000000000e+09
1.292301542485129175e+03 9.973320623796774198e-01 4.999232164341007104e-03 -9.999999999000000000e+09
1.292312319119997483e+03 1.000150568647814930e+00 4.999232497107050990e-03 -9.999999999000000000e+09
1.292323095844733871e+03 1.001252594566620413e+00 4.999232829702250636e-03 -9.999999999000000000e+09
1.292333872659337885e+03 1.000475541121386147e+00 4.999233162126736144e-03 -9.999999999000000000e+09
1.292344649563811117e+03 9.980128547891704560e-01 4.999233494380635016e-03 -9.999999999000000000e+09
1.292355426558154022e+03 1.002667512297068075e+00 4.999233826464079093e-03 -9.999999999000000000e+09
1.292366203642367509e+03 1.001660702058784658e+00 4.999234158377195009e-03 -9.999999999000000000e+09
1.292376980816452033e+03 1.000656528709032322e+00 4.999234490120113734e-03 -9.999999999000000000e+09
1.292387758080408503e+03 1.005574603481275586e+00 4.999234821692960171e-03 -9.999999999000000000e+09
1.292398535434237601e+03 1.006965946654749144e+00 4.999235153095866156e-03 -9.999999999000000000e+09
1.292409312877940465e+03 9.937950699334981985e-01 4.999235484328960928e-03 -9.999999999000000000e+09
1.292420090411517322e+03 1.008381613276918554e+00 4.999235815392369386e-03 -9.999999999000000000e+09
1.292430868034969080e+03 9.865098737580048072e-01 4.999236146286221635e-03 -9.999999999000000000e+09
1.292441645748296878e+03 9.978291926949454105e-01 4.999236477010646044e-03 -9.999999999000000000e+09
1.292452423551500942e+03 1.003113912164301125e+00 4.999236807565768381e-03 -9.999999999000000000e+09
1.292463201444581955e+03 1.001278727298162696e+00 4.999237137951719617e-03 -9.999999999000000000e+09
1.292473979427541053e+03 1.001904067705107870e+00 4.999237468168623785e-03 -9.999999999000000000e+09
1.292484757500378919e+03 9.982476352065347003e-01 4.999237798216610990e-03 -9.999999999000000000e+09
1.292495535663096234e+03 1.003665068041708963e+00 4.999238128095807865e-03 -9.999999999000000000e+09
1.292506313915693909e+03 1.001400262482250669e+00 4.999238457806341913e-03 -9.999999999000000000e+09
1.292517092258172397e+03 9.909225176214203623e-01 4.999238787348338903e-03 -9.999999999000000000e+09
1.292527870690532609e+03 9.949672143660972523e-01 4.999239116721926335e-03 -9.999999999000000000e+09
1.292538649212775226e+03 9.940574490720489598e-01 4.999239445927231712e-03 -9.999999999000000000e+09
1.292549427824901159e+03 1.000087267669346636e+00 4.999239774964380802e-03 -9.999999999000000000e+09
1.292560206526910861e+03 1.006076763764257809e+00 4.999240103833500239e-03 -9.999999999000000000e+09
1.292570985318805242e+03 1.003162489599372709e+00 4.999240432534715790e-03 -9.999999999000000000e+09
1.292581764200585440e+03 1.000632661465415518e+00 4.999240761068156694e-03 -9.999999999000000000e+09
1.292592543172251453e+03 9.977542955885889686e-01 4.999241089433946114e-03 -9.999999999000000000e+09
1.292603322233804647e+03 1.004682073755870153e+00 4.999241417632210686e-03 -9.999999999000000000e+09
1.292614101385245476e+03 1.000773624005586671e+00 4.999241745663076178e-03 -9.999999999000000000e+09
1.292624880626574623e+03 1.001811865194939033e+00 4.999242073526667489e-03 -9.999999999000000000e+09
1.292635659957792996e+03 9.981497244350795439e-01 4.999242401223112989e-03 -9.999999999000000000e+09
1.292646439378901277e+03 1.000088982782656677e+00 4.999242728752536710e-03 -9.999999999000000000e+09
1.292657218889900378e+03 1.002795660819980617e+00 4.999243056115062686e-03 -9.999999999000000000e+09
1.292667998490790978e+03 9.963387437444721773e-01 4.999243383310816684e-03 -9.999999999000000000e+09
1.292678778181573762e+03 9.993132018109621706e-01 4.999243710339922736e-03 -9.999999999000000000e+09
1.292689557962249410e+03 1.013196253362378840e+00 4.999244037202508345e-03 -9.999999999000000000e+09
1.292700337832818605e+03 1.008276842306824683e+00 4.999244363898696676e-03 -9.999999999000000000e+09
1.292711117793282710e+03 9.907110337862303773e-01 4.999244690428612629e-03 -9.999999999000000000e+09
1.292721897843641500e+03 1.000236672451066955e+00 4.999245016792380238e-03 -9.999999999000000000e+09
1.292732677983896565e+03 1.000348072685715017e+00 4.999245342990125268e-03 -9.999999999000000000e+09
1.292743458214048133e+03 1.003720477657223276e+00 4.999245669021970019e-03 -9.999999999000000000e+09
1.292754238534097112e+03 9.997000820092518669e-01 4.999245994888041125e-03 -9.999999999000000000e+09
1.292765018944044186e+03 1.001721191044878001e+00 4.999246320588460017e-03 -9.999999999000000000e+09
1.292775799443890719e+03 1.003947386408906128e+00 4.999246646123351595e-03 -9.999999999000000000e+09
1.292786580033636710e+03 1.011661410459389288e+00 4.999246971492839892e-03 -9.999999999000000000e+09
1.292797360713282842e+03 1.003444945754351503e+00 4.999247296697047205e-03 -9.999999999000000000e+09
1.292808141482830479e+03 1.000297927796411690e+00 4.999247621736098435e-03 -9.999999999000000000e+09
1.292818922342279848e+03 9.960985345635402499e-01 4.999247946610116747e-03 -9.999999999000000000e+09
1.292829703291631859e+03 9.989343861094528432e-01 4.999248271319224439e-03 -9.999999999000000000e+09
1.292840484330887648e+03 1.007222742846617169e+00 4.999248595863544677e-03 -9.999999999000000000e+09
1.292851265460047443e+03 9.972794799694300050e-01 4.999248920243200625e-03 -9.999999999000000000e+09
1.292862046679112154e+03 9.927696919734492198e-01 4.999249244458316317e-03 -9.999999999000000000e+09
1.292872827988082463e+03 9.874609676654136914e-01 4.999249568509013184e-03 -9.999999999000000000e+09
1.292883609386959506e+03 1.007625367301819397e+00 4.999249892395412655e-03 -9.999999999000000000e+09
1.292894390875743511e+03 9.989516567983796058e-01 4.999250216117638763e-03 -9.999999999000000000e+09
1.292905172454435387e+03 9.975872989690691695e-01 4.999250539675812940e-03 -9.999999999000000000e+09
1.292915954123036272e+03 1.009828531024808074e+00 4.999250863070057484e-03 -9.999999999000000000e+09
1.292926735881546392e+03 1.010860411018549510e+00 4.999251186300496426e-03 -9.999999999000000000e+09
1.292937517729966430e+03 1.002973947406004651e+00 4.999251509367247728e-03 -9.999999999000000000e+09
1.292948299668297750e+03 9.965758167057738870e-01 4.999251832270435424e-03 -9.999999999000000000e+09
1.292959081696540807e+03 1.000103982357702259e+00 4.999252155010180075e-03 -9.999999999000000000e+09
1.292969863814696055e+03 9.988177346261950529e-01 4.999252477586606583e-03 -9.999999999000000000e+09
1.292980646022764631e+03 1.000719436086618952e+00 4.999252799999831173e-03 -9.999999999000000000e+09
1.292991428320747218e+03 1.007188021630538666e+00 4.999253122249979614e-03 -9.999999999000000000e+09
1.293002210708644498e+03 9.959770116567628895e-01 4.999253444337168999e-03 -9.999999999000000000e+09
1.293012993186456924e+03 1.001967736897921624e+00 4.999253766261523360e-03 -9.999999999000000000e+09
1.293023775754185635e+03 9.955068500722252800e-01 4.999254088023161527e-03 -9.999999999000000000e+09
1.293034558411831540e+03 1.002165049260566709e+00 4.999254409622204930e-03 -9.999999999000000000e+09
1.293045341159395093e+03 9.857544608681847453e-01 4.999254731058774999e-03 -9.999999999000000000e+09
1.293056123996876750e+03 9.952203777710298960e-01 4.999255052332991431e-03 -9.999999999000000000e+09
1.293066906924277873e+03 9.998189973783596640e-01 4.999255373444973921e-03 -9.999999999000000000e+09
1.293077689941598919e+03 1.003893587908463392e+00 4.999255694394843900e-03 -9.999999999000000000e+09
1.293088473048840342e+03 9.982677634317074222e-01 4.999256015182719330e-03 -9.999999999000000000e+09
1.293099256246003733e+03 1.006172732911899459e+00 4.999256335808721641e-03 -9.999999999000000000e+09
1.293110039533088866e+03 1.000932766029459575e+00 4.999256656272971396e-03 -9.999999999000000000e+09
1.293120822910097104e+03 9.984518036928564655e-01 4.999256976575587423e-03 -9.999999999000000000e+09
1.293131606377028902e+03 9.965756313666975785e-01 4.999257296716688552e-03 -9.999999999000000000e+09
1.293142389933885397e+03 9.966244935039184627e-01 4.999257616696394478e-03 -9.999999999000000000e+09
1.293153173580667044e+03 9.956899689909111117e-01 4.999257936514825765e-03 -9.999999999000000000e+09
1.293163957317374525e+03 9.946890314653110687e-01 4.999258256172101240e-03 -9.999999999000000000e+09
1.293174741144008294e+03 9.984107838793673251e-01 4.999258575668337132e-03 -9.999999999000000000e+09
1.293185525060569944e+03 1.010458116481253832e+00 4.999258895003656604e-03 -9.999999999000000000e+09
1.293196309067059701e+03 9.966023049227223929e-01 4.999259214178175884e-03 -9.999999999000000000e+09
1.293207093163478476e+03 9.908955992207536534e-01 4.999259533192012064e-03 -9.999999999000000000e+09
1.293217877349826722e+03 1.002013399582492026e+00 4.999259852045287444e-03 -9.999999999000000000e+09
1.293228661626105804e+03 9.935425881247720303e-01 4.999260170738117383e-03 -9.999999999000000000e+09
1.293239445992315723e+03 9.920718650320714538e-01 4.999260489270621576e-03 -9.999999999000000000e+09
1.293250230448457842e+03 1.002453331024001359e+00 4.999260807642917984e-03 -9.999999999000000000e+09
1.293261014994532388e+03 9.989396630302377345e-01 4.999261125855125436e-03 -9.999999999000000000e+09
1.293271799630540499e+03 9.955057618282163734e-01 4.999261443907360158e-03 -9.999999999000000000e+09
1.293282584356482630e+03 9.978433828283461704e-01 4.999261761799740113e-03 -9.999999999000000000e+09
1.293293369172359689e+03 1.001750906044948319e+00 4.999262079532382393e-03 -9.999999999000000000e+09
1.293304154078172587e+03 1.005197135542782672e+00 4.999262397105407561e-03 -9.999999999000000000e+09
1.293314939073921778e+03 1.002430265746956373e+00 4.999262714518928376e-03 -9.999999999000000000e+09
1.293325724159608171e+03 9.979335859765336991e-01 4.999263031773067134e-03 -9.999999999000000000e+09
1.293336509335232904e+03 9.915454864365610410e-01 4.999263348867935726e-03 -9.999999999000000000e+09
1.293347294600795976e+03 9.968094640864575418e-01 4.999263665803654715e-03 -9.999999999000000000e+09
1.293358079956298297e+03 9.926020045135949266e-01 4.999263982580342061e-03 -9.999999999000000000e+09
1.293368865401741232e+03 1.001488343387088253e+00 4.999264299198108788e-03 -9.999999999000000000e+09
1.293379650937124779e+03 9.984355982111871031e-01 4.999264615657077193e-03 -9.999999999000000000e+09
1.293390436562450077e+03 1.004891903190620717e+00 4.999264931957360901e-03 -9.999999999000000000e+09
1.293401222277717807e+03 9.995634731329036127e-01 4.999265248099077873e-03 -9.999999999000000000e+09
1.293412008082928651e+03 1.007487587563102638e+00 4.999265564082342600e-03 -9.999999999000000000e+09
1.293422793978083746e+03 1.004378883800653099e+00 4.999265879907271309e-03 -9.999999999000000000e+09
1.293433579963183320e+03 1.001593031151811530e+00 4.999266195573981962e-03 -9.999999999000000000e+09
1.293444366038228281e+03 1.000802200361779137e+00 4.999266511082587315e-03 -9.999999999000000000e+09
1.293455152203219541e+03 9.876922060904436140e-01 4.999266826433207064e-03 -9.999999999000000000e+09
1.293465938458157552e+03 9.939031062315440979e-01 4.999267141625953099e-03 -9.999999999000000000e+09
1.293476724803043226e+03 9.952180534341158458e-01 4.999267456660942514e-03 -9.999999999000000000e+09
1.293487511237877470e+03 1.005311320690182697e+00 4.999267771538289801e-03 -9.999999999000000000e+09
1.293498297762660741e+03 9.997941733251390906e-01 4.999268086258112920e-03 -9.999999999000000000e+09
1.293509084377394174e+03 1.002020380102094377e+00 4.999268400820521159e-03 -9.999999999000000000e+09
1.293519871082078225e+03 1.003599437601278677e+00 4.999268715225636817e-03 -9.999999999000000000e+09
1.293530657876713803e+03 1.000377786497284038e+00 4.999269029473570047e-03 -9.999999999000000000e+09
1.293541444761301364e+03 9.974030795685863149e-01 4.999269343564435343e-03 -9.999999999000000000e+09
1.293552231735842042e+03 9.984447441816629576e-01 4.999269657498348063e-03 -9.999999999000000000e+09
1.293563018800336295e+03 1.011348152378084286e+00 4.999269971275425301e-03 -9.999999999000000000e+09
1.293573805954785030e+03 9.892462227843502598e-01 4.999270284895777211e-03 -9.999999999000000000e+09
1.293584593199188703e+03 1.005806745011431635e+00 4.999270598359520888e-03 -9.999999999000000000e+09
1.293595380533548678e+03 1.007832322882991738e+00 4.999270911666768222e-03 -9.999999999000000000e+09
1.293606167957865409e+03 9.958368425930245182e-01 4.999271224817635438e-03 -9.999999999000000000e+09
1.293616955472139125e+03 1.001913497505922068e+00 4.999271537812234427e-03 -9.999999999000000000e+09
1.293627743076371189e+03 9.975762505626910581e-01 4.999271850650680547e-03 -9.999999999000000000e+09
1.293638530770562511e+03 9.955371672684972806e-01 4.999272163333086556e-03 -9.999999999000000000e+09
1.293649318554713318e+03 1.002271472750991821e+00 4.999272475859564344e-03 -9.999999999000000000e+09
1.293660106428824520e+03 9.984004253322588118e-01 4.999272788230230136e-03 -9.999999999000000000e+09
1.293670894392896798e+03 9.977687250771903882e-01 4.999273100445196689e-03 -9.999999999000000000e+09
1.293681682446931063e+03 1.004000213610065639e+00 4.999273412504573293e-03 -9.999999999000000000e+09
1.293692470590927996e+03 1.001995982384714212e+00 4.999273724408477039e-03 -9.999999999000000000e+09
1.293703258824888508e+03 9.973392328571157872e-01 4.999274036157020686e-03 -9.999999999000000000e+09
1.293714047148813052e+03 1.005133085017955841e+00 4.999274347750313520e-03 -9.999999999000000000e+09
1.293724835562702538e+03 9.986133681458418954e-01 4.999274659188471769e-03 -9.999999999000000000e+09
1.293735624066557875e+03 9.977972877432683685e-01 4.999274970471605586e-03 -9.999999999000000000e+09
1.293746412660379519e+03 1.004037472641806428e+00 4.999275281599829465e-03 -9.999999999000000000e+09
1.293757201344168607e+03 9.952443426231561974e-01 4.999275592573252693e-03 -9.999999999000000000e+09
1.293767990117925365e+03 1.000909541663492774e+00 4.999275903391988893e-03 -9.999999999000000000e+09
1.293778778981650703e+03 1.008785794479532649e+00 4.999276214056150823e-03 -9.999999999000000000e+09
1.293789567935345985e+03 9.996707836989952023e-01 4.999276524565849505e-03 -9.999999999000000000e+09
1.293800356979010985e+03 1.009433586250816361e+00 4.999276834921194228e-03 -9.999999999000000000e+09
1.293811146112647066e+03 9.955731205874350787e-01 4.999277145122302084e-03 -9.999999999000000000e+09
1.293821935336254910e+03 9.994906725436030204e-01 4.999277455169278891e-03 -9.999999999000000000e+09
1.293832724649834972e+03 9.951854703994638118e-01 4.999277765062240877e-03 -9.999999999000000000e+09
1.293843514053388617e+03 9.923346489258553227e-01 4.999278074801295595e-03 -9.999999999000000000e+09
1.293854303546915844e+03 1.001449533923305379e+00 4.999278384386554065e-03 -9.999999999000000000e+09
1.293865093130417790e+03 9.975785581963089177e-01 4.999278693818129914e-03 -9.999999999000000000e+09
1.293875882803895138e+03 1.011071431999644332e+00 4.999279003096133295e-03 -9.999999999000000000e+09
1.293886672567349024e+03 9.994689444293802794e-01 4.999279312220673496e-03 -9.999999999000000000e+09
1.293897462420779448e+03 9.919772338380015153e-01 4.999279621191861540e-03 -9.999999999000000000e+09
1.293908252364187774e+03 1.007843599877627616e+00 4.999279930009807582e-03 -9.999999999000000000e+09
1.293919042397574685e+03 1.004922803145082089e+00 4.999280238674623511e-03 -9.999999999000000000e+09
1.293929832520940636e+03 1.001073442453348283e+00 4.999280547186417747e-03 -9.999999999000000000e+09
1.293940622734286535e+03 9.987234201350404517e-01 4.999280855545302181e-03 -9.999999999000000000e+09
1.293951413037612838e+03 1.003960912689080498e+00 4.999281163751386099e-03 -9.999999999000000000e+09
1.293962203430920908e+03 1.010826307698478921e+00 4.999281471804777055e-03 -9.999999999000000000e+09
1.293972993914211202e+03 9.918593132592912198e-01 4.999281779705586938e-03 -9.999999999000000000e+09
1.293983784487484400e+03 9.910681420764737570e-01 4.999282087453926771e-03 -9.999999999000000000e+09
1.293994575150741184e+03 9.959371017969758100e-01 4.999282395049903238e-03 -9.999999999000000000e+09
1.294005365903982465e+03 9.957549430735787022e-01 4.999282702493626496e-03 -9.999999999000000000e+09
1.294016156747208925e+03 9.925342129879211051e-01 4.999283009785206698e-03 -9.999999999000000000e+09
1.294026947680421472e+03 1.006026437318156219e+00 4.999283316924751398e-03 -9.999999999000000000e+09
1.294037738703620562e+03 9.916197825481100070e-01 4.999283623912372486e-03 -9.999999999000000000e+09
1.294048529816807331e+03 9.920155517734369210e-01 4.999283930748174912e-03 -9.999999999000000000e+09
1.294059321019981780e+03 1.004447618163854417e+00 4.999284237432269698e-03 -9.999999999000000000e+09
1.294070112313145728e+03 1.002607246627309490e+00 4.999284543964765265e-03 -9.999999999000000000e+09
1.294080903696299174e+03 9.968192911907984843e-01 4.999284850345770033e-03 -9.999999999000000000e+09
1.294091695169442801e+03 1.002241202910539419e+00 4.999285156575391555e-03 -9.999999999000000000e+09
1.294102486732578200e+03 9.971288299143580280e-01 4.999285462653739985e-03 -9.999999999000000000e+09
1.294113278385705144e+03 9.992951487865403548e-01 4.999285768580920275e-03 -9.999999999000000000e+09
1.294124070128824769e+03 1.008992458546510207e+00 4.999286074357043447e-03 -9.999999999000000000e+09
1.294134861961937986e+03 1.010230025993028136e+00 4.999286379982215318e-03 -9.999999999000000000e+09
1.294145653885045476e+03 9.982319531617563912e-01 4.999286685456545178e-03 -9.999999999000000000e+09
1.294156445898147695e+03 9.995374791702756889e-01 4.999286990780140577e-03 -9.999999999000000000e+09
1.294167238001245551e+03 9.967903894912846230e-01 4.999287295953107335e-03 -9.999999999000000000e+09
1.294178030194340181e+03 1.012508947032467077e+00 4.999287600975553005e-03 -9.999999999000000000e+09
1.294188822477432041e+03 9.973163702264304931e-01 4.999287905847587740e-03 -9.999999999000000000e+09
1.294199614850521584e+03 1.002177903045787133e+00 4.999288210569316493e-03 -9.999999999000000000e+09
1.294210407313609949e+03 9.873648273632728012e-01 4.999288515140843346e-03 -9.999999999000000000e+09
1.294221199866697816e+03 9.965551768360553231e-01 4.999288819562281057e-03 -9.999999999000000000e+09
1.294231992509785641e+03 9.938600429952164639e-01 4.999289123833733708e-03 -9.999999999000000000e+09
1.294242785242874561e+03 9.961046029333200380e-01 4.999289427955306252e-03 -9.999999999000000000e+09
1.294253578065965257e+03 1.000541824021276893e+00 4.999289731927107107e-03 -9.999999999000000000e+09
1.294264370979058640e+03 9.973474321423895228e-01 4.999290035749242959e-03 -9.999999999000000000e+09
1.294275163982154709e+03 1.000883255329770627e+00 4.999290339421817893e-03 -9.999999999000000000e+09
1.294285957075254828e+03 9.965586588988276651e-01 4.999290642944939460e-03 -9.999999999000000000e+09
1.294296750258359907e+03 9.982235869806818096e-01 4.999290946318715213e-03 -9.999999999000000000e+09
1.294307543531470401e+03 9.963674084554231536e-01 4.999291249543250104e-03 -9.999999999000000000e+09
1.294318336894586992e+03 9.966733847864857054e-01 4.999291552618647348e-03 -9.999999999000000000e+09
1.294329130347710816e+03 9.999051303747394925e-01 4.999291855545014499e-03 -9.999999999000000000e+09
1.294339923890842101e+03 1.002813542091427035e+00 4.999292158322456506e-03 -9.999999999000000000e+09
1.294350717523981757e+03 9.980373345137563135e-01 4.999292460951080055e-03 -9.999999999000000000e+09
1.294361511247130920e+03 9.982599433118866106e-01 4.999292763430991833e-03 -9.999999999000000000e+09
1.294372305060289818e+03 9.947232747913615780e-01 4.999293065762291585e-03 -9.999999999000000000e+09
1.294383098963459815e+03 1.002345585650565862e+00 4.999293367945088599e-03 -9.999999999000000000e+09
1.294393892956640684e+03 9.956885696245190154e-01 4.999293669979486959e-03 -9.999999999000000000e+09
1.294404687039834016e+03 1.000660288003574427e+00 4.999293971865591615e-03 -9.999999999000000000e+09
1.294415481213040493e+03 1.003665570493432968e+00 4.999294273603507519e-03 -9.999999999000000000e+09
1.294426275476260571e+03 9.989646232896742806e-01 4.999294575193335283e-03 -9.999999999000000000e+09
1.294437069829494931e+03 9.963911003815257850e-01 4.999294876635185930e-03 -9.999999999000000000e+09
1.294447864272744710e+03 9.934482725936445435e-01 4.999295177929160075e-03 -9.999999999000000000e+09
1.294458658806010362e+03 1.000628299594260362e+00 4.999295479075360933e-03 -9.999999999000000000e+09
1.294469453429292798e+03 9.988397206287559227e-01 4.999295780073892588e-03 -9.999999999000000000e+09
1.294480248142592700e+03 1.001412484934550262e+00 4.999296080924861725e-03 -9.999999999000000000e+09
1.294491042945910749e+03 9.957110201525716242e-01 4.999296381628369826e-03 -9.999999999000000000e+09
1.294501837839247855e+03 9.998769664679286739e-01 4.999296682184521841e-03 -9.999999999000000000e+09
1.294512632822604701e+03 1.007925583156715987e+00 4.999296982593420986e-03 -9.999999999000000000e+09
1.294523427895981968e+03 1.001350842612259928e+00 4.999297282855169611e-03 -9.999999999000000000e+09
1.294534223059380338e+03 9.989900073255011392e-01 4.999297582969871798e-03 -9.999999999000000000e+09
1.294545018312800721e+03 9.977003953987031437e-01 4.999297882937629896e-03 -9.999999999000000000e+09
1.294555813656244027e+03 9.953036333778713107e-01 4.999298182758548856e-03 -9.999999999000000000e+09
1.294566609089710710e+03 9.978584508661242358e-01 4.999298482432729292e-03 -9.999999999000000000e+09
1.294577404613201679e+03 9.944453723479307339e-01 4.999298781960276154e-03 -9.999999999000000000e+09
1.294588200226717390e+03 9.944841765722036708e-01 4.999299081341290057e-03 -9.999999999000000000e+09
1.294598995930258980e+03 9.897754471376125629e-01 4.999299380575875085e-03 -9.999999999000000000e+09
1.294609791723826902e+03 1.003494691658411542e+00 4.999299679664132717e-03 -9.999999999000000000e+09
1.294620587607422294e+03 1.000406061435778593e+00 4.999299978606166171e-03 -9.999999999000000000e+09
1.294631383581045611e+03 1.004200521600154161e+00 4.999300277402076061e-03 -9.999999999000000000e+09
1.294642179644697535e+03 9.983441439299237663e-01 4.999300576051967336e-03 -9.999999999000000000e+09
1.294652975798378975e+03 9.935837557518079066e-01 4.999300874555938010e-03 -9.999999999000000000e+09
1.294663772042090841e+03 1.008104824961391754e+00 4.999301172914093032e-03 -9.999999999000000000e+09
1.294674568375833360e+03 1.000646081706440871e+00 4.999301471126533017e-03 -9.999999999000000000e+09
1.294685364799607896e+03 9.989095433972630111e-01 4.999301769193357711e-03 -9.999999999000000000e+09
1.294696161313414677e+03 1.001757890586961075e+00 4.999302067114671198e-03 -9.999999999000000000e+09
1.294706957917254840e+03 9.970590858591019678e-01 4.999302364890574960e-03 -9.999999999000000000e+09
1.294717754611129067e+03 1.007300855736960044e+00 4.999302662521167007e-03 -9.999999999000000000e+09
1.294728551395038039e+03 9.962903926257092868e-01 4.999302960006550556e-03 -9.999999999000000000e+09
1.294739348268982212e+03 9.990170430500057153e-01 4.999303257346827956e-03 -9.999999999000000000e+09
1.294750145232962950e+03 1.003212903202630013e+00 4.999303554542096351e-03 -9.999999999000000000e+09
1.294760942286980480e+03 9.978222464061931030e-01 4.999303851592458089e-03 -9.999999999000000000e+09
1.294771739431035712e+03 1.003773724717311966e+00 4.999304148498016388e-03 -9.999999999000000000e+09
1.294782536665129328e+03 1.004063452939214729e+00 4.999304445258867524e-03 -9.999999999000000000e+09
1.294793333989262464e+03 1.004551382469663690e+00 4.999304741875114713e-03 -9.999999999000000000e+09
1.294804131403435576e+03 1.004042247096935903e+00 4.999305038346854232e-03 -9.999999999000000000e+09
1.294814928907649346e+03 1.004618670059924002e+00 4.999305334674191033e-03 -9.999999999000000000e+09
1.294825726501904455e+03 1.000968764231407127e+00 4.999305630857222259e-03 -9.999999999000000000e+09
1.294836524186202041e+03 1.000249818392905166e+00 4.999305926896047657e-03 -9.999999999000000000e+09
1.294847321960542558e+03 1.001731390336813909e+00 4.999306222790768708e-03 -9.999999999000000000e+09
1.294858119824926689e+03 1.006512762301843500e+00 4.999306518541483425e-03 -9.999999999000000000e+09
1.294868917779355797e+03 9.884195876753174570e-01 4.999306814148289820e-03 -9.999999999000000000e+09
1.294879715823829656e+03 9.967283892437546200e-01 4.999307109611289372e-03 -9.999999999000000000e+09
1.294890513958349629e+03 9.966780093820485353e-01 4.999307404930580095e-03 -9.999999999000000000e+09
1.294901312182916399e+03 9.986263864650857247e-01 4.999307700106261736e-03 -9.999999999000000000e+09
1.294912110497530648e+03 1.005392209233013201e+00 4.999307995138434907e-03 -9.999999999000000000e+09
1.294922908902193058e+03 1.002567912527385863e+00 4.999308290027194152e-03 -9.999999999000000000e+09
1.294933707396904538e+03 1.000435799098954748e+00 4.999308584772641818e-03 -9.999999999000000000e+09
1.294944505981665770e+03 1.003904441462801111e+00 4.999308879374872450e-03 -9.999999999000000000e+09
1.294955304656477438e+03 9.967364914841797541e-01 4.999309173833989262e-03 -9.999999999000000000e+09
1.294966103421340449e+03 9.988146715471379888e-01 4.999309468150087664e-03 -9.999999999000000000e+09
1.294976902276255487e+03 1.007779880012855678e+00 4.999309762323265668e-03 -9.999999999000000000e+09
1.294987701221223233e+03 1.003212470205136153e+00 4.999310056353622155e-03 -9.999999999000000000e+09
1.294998500256244370e+03 1.000696926587109736e+00 4.999310350241256001e-03 -9.999999999000000000e+09
1.295009299381320034e+03 9.956591082100538781e-01 4.999310643986260884e-03 -9.999999999000000000e+09
1.295020098596450680e+03 9.969439910940535166e-01 4.999310937588738284e-03 -9.999999999000000000e+09
1.295030897901636990e+03 1.009160475755506159e+00 4.999311231048785345e-03 -9.999999999000000000e+09
1.295041697296879875e+03 1.005073866403948690e+00 4.999311524366498345e-03 -9.999999999000000000e+09
1.295052496782180015e+03 9.999663202595732159e-01 4.999311817541974429e-03 -9.999999999000000000e+09
1.295063296357537865e+03 1.004340456745389520e+00 4.999312110575310740e-03 -9.999999999000000000e+09
1.295074096022954791e+03 1.004584844463085602e+00 4.999312403466606158e-03 -9.999999999000000000e+09
1.295084895778431019e+03 1.003972193750060304e+00 4.999312696215954359e-03 -9.999999999000000000e+09
1.295095695623967913e+03 1.003698757131285202e+00 4.999312988823453353e-03 -9.999999999000000000e+09
1.295106495559565474e+03 9.990281811805979961e-01 4.999313281289200286e-03 -9.999999999000000000e+09
1.295117295585225065e+03 9.956548674991203551e-01 4.999313573613290568e-03 -9.999999999000000000e+09
1.295128095700946687e+03 1.003602493526905448e+00 4.999313865795823077e-03 -9.999999999000000000e+09
1.295138895906731932e+03 1.006180004884880352e+00 4.999314157836889753e-03 -9.999999999000000000e+09
1.295149696202581254e+03 1.002159486870731309e+00 4.999314449736590345e-03 -9.999999999000000000e+09
1.295160496588495334e+03 1.003693555214171917e+00 4.999314741495018526e-03 -9.999999999000000000e+09
1.295171297064474857e+03 1.003460939981180466e+00 4.999315033112272308e-03 -9.999999999000000000e+09
1.295182097630520502e+03 9.938480234015327763e-01 4.999315324588444499e-03 -9.999999999000000000e+09
1.295192898286633408e+03 9.995845437572750125e-01 4.999315615923631377e-03 -9.999999999000000000e+09
1.295203699032814256e+03 9.960574557121748551e-01 4.999315907117930953e-03 -9.999999999000000000e+09
1.295214499869063275e+03 9.959772310915484539e-01 4.999316198171436035e-03 -9.999999999000000000e+09
1.295225300795381827e+03 9.996841394004752912e-01 4.999316489084242032e-03 -9.999999999000000000e+09
1.295236101811769913e+03 1.006447588303559293e+00 4.999316779856444355e-03 -9.999999999000000000e+09
1.295246902918229353e+03 9.981823565690501887e-01 4.999317070488136679e-03 -9.999999999000000000e+09
1.295257704114760145e+03 1.005590242850763483e+00 4.999317360979417015e-03 -9.999999999000000000e+09
1.295268505401363200e+03 1.009763787717095518e+00 4.999317651330376436e-03 -9.999999999000000000e+09
1.295279306778039199e+03 1.002075951791409958e+00 4.999317941541108617e-03 -9.999999999000000000e+09
1.295290108244789053e+03 1.001049617831927030e+00 4.999318231611711572e-03 -9.999999999000000000e+09
1.295300909801613443e+03 9.986954862929799948e-01 4.999318521542278973e-03 -9.999999999000000000e+09
1.295311711448513279e+03 9.896282380241027132e-01 4.999318811332901895e-03 -9.999999999000000000e+09
1.295322513185489015e+03 1.009532033543714791e+00 4.999319100983677482e-03 -9.999999999000000000e+09
1.295333315012541561e+03 9.996971677478110330e-01 4.999319390494696806e-03 -9.999999999000000000e+09
1.295344116929671372e+03 1.001507580551495025e+00 4.999319679866055278e-03 -9.999999999000000000e+09
1.295354918936879812e+03 9.929175806481068678e-01 4.999319969097845706e-03 -9.999999999000000000e+09
1.295365721034167336e+03 1.002130883789310811e+00 4.999320258190161764e-03 -9.999999999000000000e+09
1.295376523221534399e+03 1.000936627571044957e+00 4.999320547143096261e-03 -9.999999999000000000e+09
1.295387325498982364e+03 1.003194408167745522e+00 4.999320835956743737e-03 -9.999999999000000000e+09
1.295398127866511459e+03 9.947751213964629580e-01 4.999321124631195268e-03 -9.999999999000000000e+09
1.295408930324122366e+03 1.004434342678167447e+00 4.999321413166545394e-03 -9.999999999000000000e+09
1.295419732871816223e+03 9.990489965057899324e-01 4.999321701562885190e-03 -9.999999999000000000e+09
1.295430535509593710e+03 9.988858558090515372e-01 4.999321989820307462e-03 -9.999999999000000000e+09
1.295441338237455511e+03 1.001102772088262149e+00 4.999322277938905885e-03 -9.999999999000000000e+09
1.295452141055402308e+03 1.002368313413948275e+00 4.999322565918771534e-03 -9.999999999000000000e+09
1.295462943963435009e+03 9.983848473199518070e-01 4.999322853759997215e-03 -9.999999999000000000e+09
1.295473746961554070e+03 9.979678812476355798e-01 4.999323141462674001e-03 -9.999999999000000000e+09
1.295484550049760628e+03 1.005377359473507592e+00 4.999323429026895568e-03 -9.999999999000000000e+09
1.295495353228054910e+03 1.000333522710746603e+00 4.999323716452750387e-03 -9.999999999000000000e+09
1.295506156496438280e+03 9.906766862224345438e-01 4.999324003740334733e-03 -9.999999999000000000e+09
1.295516959854911192e+03 9.961619596716423386e-01 4.999324290889737080e-03 -9.999999999000000000e+09
1.295527763303474558e+03 1.004023627198087132e+00 4.999324577901046764e-03 -9.999999999000000000e+09
1.295538566842128830e+03 9.951854973606777399e-01 4.999324864774360062e-03 -9.999999999000000000e+09
1.295549370470874919e+03 1.001753770740054561e+00 4.999325151509764580e-03 -9.999999999000000000e+09
1.295560174189713507e+03 1.004380856613087847e+00 4.999325438107351388e-03 -9.999999999000000000e+09
1.295570977998645503e+03 1.007486169551258914e+00 4.999325724567211561e-03 -9.999999999000000000e+09
1.295581781897671362e+03 1.001020679512687694e+00 4.999326010889435304e-03 -9.999999999000000000e+09
1.295592585886792222e+03 9.961833430629978281e-01 4.999326297074114557e-03 -9.999999999000000000e+09
1.295603389966008763e+03 9.986898349939663522e-01 4.999326583121338659e-03 -9.999999999000000000e+09
1.295614194135321441e+03 9.986534881661738305e-01 4.999326869031197815e-03 -9.999999999000000000e+09
1.295624998394731165e+03 1.000809290756329295e+00 4.999327154803781363e-03 -9.999999999000000000e+09
1.295635802744238845e+03 1.007904364061125380e+00 4.999327440439179510e-03 -9.999999999000000000e+09
1.295646607183845163e+03 9.973617401158517692e-01 4.999327725937483327e-03 -9.999999999000000000e+09
1.295657411713550800e+03 1.009727810008411719e+00 4.999328011298782154e-03 -9.999999999000000000e+09
1.295668216333356213e+03 1.000478513619001530e+00 4.999328296523161859e-03 -9.999999999000000000e+09
1.295679021043262765e+03 9.999236325682294702e-01 4.999328581610716984e-03 -9.999999999000000000e+09
1.295689825843270910e+03 1.001826441752293295e+00 4.999328866561532532e-03 -9.999999999000000000e+09
1.295700630733381331e+03 1.003826601766370619e+00 4.999329151375701309e-03 -9.999999999000000000e+09
1.295711435713594483e+03 1.003344290807151706e+00 4.999329436053307450e-03 -9.999999999000000000e+09
1.295722240783911957e+03 9.916841899779058611e-01 4.999329720594443763e-03 -9.999999999000000000e+09
1.295733045944333981e+03 1.002927755363732132e+00 4.999330004999198718e-03 -9.999999999000000000e+09
1.295743851194861008e+03 9.955814721892610741e-01 4.999330289267657317e-03 -9.999999999000000000e+09
1.295754656535494405e+03 1.002868118842467515e+00 4.999330573399909765e-03 -9.999999999000000000e+09
1.295765461966234625e+03 9.970538099824435285e-01 4.999330857396044533e-03 -9.999999999000000000e+09
1.295776267487082350e+03 9.966200513601448652e-01 4.999331141256150093e-03 -9.999999999000000000e+09
1.295787073098038263e+03 9.982452210304320062e-01 4.999331424980311446e-03 -9.999999999000000000e+09
1.295797878799103728e+03 1.004754971049290901e+00 4.999331708568621399e-03 -9.999999999000000000e+09
1.295808684590278517e+03 9.912444834314524389e-01 4.999331992021161485e-03 -9.999999999000000000e+09
1.295819490471564450e+03 1.005577487455495911e+00 4.999332275338022775e-03 -9.999999999000000000e+09
1.295830296442961298e+03 9.989894178113907230e-01 4.999332558519290273e-03 -9.999999999000000000e+09
1.295841102504470655e+03 1.000059908095259464e+00 4.999332841565054183e-03 -9.999999999000000000e+09
1.295851908656092291e+03 1.001518974937680051e+00 4.999333124475398640e-03 -9.999999999000000000e+09
1.295862714897828027e+03 9.960956835086787198e-01 4.999333407250412115e-03 -9.999999999000000000e+09
1.295873521229677863e+03 9.981077520307264361e-01 4.999333689890179608e-03 -9.999999999000000000e+09
1.295884327651642934e+03 1.007256590098966731e+00 4.999333972394788723e-03 -9.999999999000000000e+09
1.295895134163723696e+03 1.001092809430361497e+00 4.999334254764324463e-03 -9.999999999000000000e+09
1.295905940765921287e+03 9.986221053588436591e-01 4.999334536998874430e-03 -9.999999999000000000e+09
1.295916747458236159e+03 9.970666655357568464e-01 4.999334819098523626e-03 -9.999999999000000000e+09
1.295927554240668996e+03 9.996460915748536236e-01 4.999335101063357052e-03 -9.999999999000000000e+09
1.295938361113220708e+03 9.954845632398646726e-01 4.999335382893462312e-03 -9.999999999000000000e+09
1.295949168075892203e+03 9.927554453426467029e-01 4.999335664588925275e-03 -9.999999999000000000e+09
1.295959975128683936e+03 9.961374185084360677e-01 4.999335946149829207e-03 -9.999999999000000000e+09
1.295970782271597045e+03 9.979443779247865187e-01 4.999336227576259978e-03 -9.999999999000000000e+09
1.295981589504631756e+03 1.000255468114161106e+00 4.999336508868301721e-03 -9.999999999000000000e+09
1.295992396827789207e+03 1.000544388825102438e+00 4.999336790026040304e-03 -9.999999999000000000e+09
1.296003204241070080e+03 9.908174705117720471e-01 4.999337071049560731e-03 -9.999999999000000000e+09
1.296014011744474828e+03 1.001295427579283803e+00 4.999337351938947134e-03 -9.999999999000000000e+09
1.296024819338004818e+03 1.004730284155247677e+00 4.999337632694284515e-03 -9.999999999000000000e+09
1.296035627021660275e+03 9.993167378689016278e-01 4.999337913315656141e-03 -9.999999999000000000e+09
1.296046434795442110e+03 1.000028206094944583e+00 4.999338193803145279e-03 -9.999999999000000000e+09
1.296057242659350777e+03 1.008142009447473786e+00 4.999338474156836930e-03 -9.999999999000000000e+09
1.296068050613387868e+03 1.010064920680314726e+00 4.999338754376814360e-03 -9.999999999000000000e+09
1.296078858657553383e+03 9.971153772266866389e-01 4.999339034463162572e-03 -9.999999999000000000e+09
1.296089666791848003e+03 9.933130118425403943e-01 4.999339314415962229e-03 -9.999999999000000000e+09
1.296100475016273094e+03 1.008046007666269617e+00 4.999339594235298334e-03 -9.999999999000000000e+09
1.296111283330828883e+03 1.005469592908834642e+00 4.999339873921254153e-03 -9.999999999000000000e+09
1.296122091735516506e+03 1.004149397798768106e+00 4.999340153473910350e-03 -9.999999999000000000e+09
1.296132900230336418e+03 9.943555650837107018e-01 4.999340432893352795e-03 -9.999999999000000000e+09
1.296143708815289301e+03 9.978677536683410176e-01 4.999340712179660418e-03 -9.999999999000000000e+09
1.296154517490376293e+03 1.003649702516225650e+00 4.999340991332919086e-03 -9.999999999000000000e+09
1.296165326255598075e+03 9.960138225639738607e-01 4.999341270353208598e-03 -9.999999999000000000e+09
1.296176135110954874e+03 9.901831431191070454e-01 4.999341549240611353e-03 -9.999999999000000000e+09
1.296186944056448283e+03 9.984833280351648188e-01 4.999341827995209750e-03 -9.999999999000000000e+09
1.296197753092078074e+03 9.904326536627899857e-01 4.999342106617084454e-03 -9.999999999000000000e+09
1.296208562217846065e+03 1.003317167378138697e+00 4.999342385106317864e-03 -9.999999999000000000e+09
1.296219371433752030e+03 1.002366632050614603e+00 4.999342663462992380e-03 -9.999999999000000000e+09
1.296230180739797561e+03 1.001608279212991448e+00 4.999342941687185196e-03 -9.999999999000000000e+09
1.296240990135982429e+03 1.005616151517588985e+00 4.999343219778980447e-03 -9.999999999000000000e+09
1.296251799622308226e+03 1.004870801557148807e+00 4.999343497738457064e-03 -9.999999999000000000e+09
1.296262609198775635e+03 1.003010823154641074e+00 4.999343775565699179e-03 -9.999999999000000000e+09
1.296273418865385111e+03 1.005921570018809108e+00 4.999344053260782253e-03 -9.999999999000000000e+09
1.296284228622137334e+03 9.946562816029045351e-01 4.999344330823788686e-03 -9.999999999000000000e+09
1.296295038469033216e+03 1.001138205833979722e+00 4.999344608254800010e-03 -9.999999999000000000e+09
1.296305848406073892e+03 9.996578771632025351e-01 4.999344885553892552e-03 -9.999999999000000000e+09
1.296316658433259363e+03 9.993166245748661414e-01 4.999345162721148712e-03 -9.999999999000000000e+09
1.296327468550590993e+03 1.002736067895107164e+00 4.999345439756647420e-03 -9.999999999000000000e+09
1.296338278758069009e+03 1.001340655824309867e+00 4.999345716660468474e-03 -9.999999999000000000e+09
1.296349089055694776e+03 1.004944623459788966e+00 4.999345993432688200e-03 -9.999999999000000000e+09
1.296359899443468521e+03 1.004415446541255807e+00 4.999346270073387263e-03 -9.999999999000000000e+09
1.296370709921391381e+03 9.940946075081190658e-01 4.999346546582645462e-03 -9.999999999000000000e+09
1.296381520489463810e+03 1.006376457829198490e+00 4.999346822960539991e-03 -9.999999999000000000e+09
1.296392331147686491e+03 1.001994236776318159e+00 4.999347099207148912e-03 -9.999999999000000000e+09
1.296403141896060561e+03 1.001691605358562054e+00 4.999347375322552023e-03 -9.999999999000000000e+09
1.296413952734586701e+03 9.999139728174047947e-01 4.999347651306824784e-03 -9.999999999000000000e+09
1.296424763663265367e+03 1.000748079690081394e+00 4.999347927160044391e-03 -9.999999999000000000e+09
1.296435574682097467e+03 9.958671801115821509e-01 4.999348202882293243e-03 -9.999999999000000000e+09
1.296446385791083685e+03 1.003490495288249740e+00 4.999348478473642464e-03 -9.999999999000000000e+09
1.296457196990224929e+03 9.975685399148113142e-01 4.999348753934171850e-03 -9.999999999000000000e+09
1.296468008279521882e+03 1.001807393100810240e+00 4.999349029263962067e-03 -9.999999999000000000e+09
1.296478819658975226e+03 9.984753891714017726e-01 4.999349304463082504e-03 -9.999999999000000000e+09
1.296489631128585870e+03 1.007923941826597281e+00 4.999349579531614692e-03 -9.999999999000000000e+09
1.296500442688354497e+03 1.001045443654398293e+00 4.999349854469633224e-03 -9.999999999000000000e+09
1.296511254338281788e+03 9.968855753731382663e-01 4.999350129277216163e-03 -9.999999999000000000e+09
1.296522066078368198e+03 9.948031753666013444e-01 4.999350403954436368e-03 -9.999999999000000000e+09
1.296532877908615319e+03 1.003001238287442476e+00 4.999350678501370167e-03 -9.999999999000000000e+09
1.296543689829023151e+03 9.980662322998500313e-01 4.999350952918093886e-03 -9.999999999000000000e+09
1.296554501839592604e+03 1.000460024186266894e+00 4.999351227204683855e-03 -9.999999999000000000e+09
1.296565313940324586e+03 1.001187849450913214e+00 4.999351501361212063e-03 -9.999999999000000000e+09
1.296576126131220008e+03 9.989218563931884232e-01 4.999351775387754840e-03 -9.999999999000000000e+09
1.296586938412279096e+03 1.002102103555499779e+00 4.999352049284385910e-03 -9.999999999000000000e+09
1.296597750783502988e+03 1.002800518797526852e+00 4.999352323051184203e-03 -9.999999999000000000e+09
1.296608563244892594e+03 9.998734305668670608e-01 4.999352596688217375e-03 -9.999999999000000000e+09
1.296619375796448139e+03 1.007064722931786172e+00 4.999352870195560884e-03 -9.999999999000000000e+09
1.296630188438170990e+03 1.000547946954193357e+00 4.999353143573291927e-03 -9.999999999000000000e+09
1.296641001170061145e+03 1.004455506345215854e+00 4.999353416821482494e-03 -9.999999999000000000e+09
1.296651813992119969e+03 1.009220365887550264e+00 4.999353689940202843e-03 -9.999999999000000000e+09
1.296662626904347917e+03 1.001579901810323081e+00 4.999353962929528432e-03 -9.999999999000000000e+09
1.296673439906745898e+03 9.964549253591293843e-01 4.999354235789532121e-03 -9.999999999000000000e+09
1.296684252999314822e+03 9.889265664990016802e-01 4.999354508520286768e-03 -9.999999999000000000e+09
1.296695066182055143e+03 1.001069704106723579e+00 4.999354781121863496e-03 -9.999999999000000000e+09
1.296705879454967317e+03 1.004768659280026455e+00 4.999355053594335165e-03 -9.999999999000000000e+09
1.296716692818052934e+03 1.014718983400482832e+00 4.999355325937773764e-03 -9.999999999000000000e+09
1.296727506271312222e+03 1.002862772493018140e+00 4.999355598152249551e-03 -9.999999999000000000e+09
1.296738319814745864e+03 1.002628777217744682e+00 4.999355870237834516e-03 -9.999999999000000000e+09
1.296749133448354996e+03 9.982408840463217192e-01 4.999356142194599784e-03 -9.999999999000000000e+09
1.296759947172139618e+03 9.947189302443213421e-01 4.999356414022617344e-03 -9.999999999000000000e+09
1.296770760986101550e+03 1.004126307335682977e+00 4.999356685721957454e-03 -9.999999999000000000e+09
1.296781574890240563e+03 1.002961075693764359e+00 4.999356957292689502e-03 -9.999999999000000000e+09
1.296792388884558022e+03 9.900284640633045807e-01 4.999357228734883744e-03 -9.999999999000000000e+09
1.296803202969054610e+03 1.006266640072654317e+00 4.999357500048611305e-03 -9.999999999000000000e+09
1.296814017143731007e+03 9.954293196581790459e-01 4.999357771233940706e-03 -9.999999999000000000e+09
1.296824831408587670e+03 1.000549669062678726e+00 4.999358042290941335e-03 -9.999999999000000000e+09
1.296835645763625735e+03 1.000540463299665506e+00 4.999358313219681715e-03 -9.999999999000000000e+09
1.296846460208845656e+03 9.967800137431925833e-01 4.999358584020234704e-03 -9.999999999000000000e+09
1.296857274744248343e+03 9.925127234528340336e-01 4.999358854692662751e-03 -9.999999999000000000e+09
1.296868089369834706e+03 9.873359831623739202e-01 4.999359125237037849e-03 -9.999999999000000000e+09
1.296878904085605200e+03 1.000045162208644811e+00 4.999359395653426782e-03 -9.999999999000000000e+09
1.296889718891560733e+03 1.002091781458378961e+00 4.999359665941898942e-03 -9.999999999000000000e+09
1.296900533787701988e+03 9.946275695430527586e-01 4.999359936102520247e-03 -9.999999999000000000e+09
1.296911348774029875e+03 1.001060050522771583e+00 4.999360206135359218e-03 -9.999999999000000000e+09
1.296922163850545076e+03 1.005101921322922420e+00 4.999360476040480908e-03 -9.999999999000000000e+09
1.296932979017248499e+03 9.997399394060023647e-01 4.999360745817954706e-03 -9.999999999000000000e+09
1.296943794274140373e+03 9.918075597369676588e-01 4.999361015467844796e-03 -9.999999999000000000e+09
1.296954609621222062e+03 1.003839501110172616e+00 4.999361284990217966e-03 -9.999999999000000000e+09
1.296965425058493565e+03 9.997064410171518922e-01 4.999361554385140134e-03 -9.999999999000000000e+09
1.296976240585956475e+03 1.000806749696896869e+00 4.999361823652677221e-03 -9.999999999000000000e+09
1.296987056203611246e+03 9.997308545463012841e-01 4.999362092792894278e-03 -9.999999999000000000e+09
1.296997871911458333e+03 1.004167682661552874e+00 4.999362361805857226e-03 -9.999999999000000000e+09
1.297008687709498872e+03 9.991228240459413268e-01 4.999362630691627646e-03 -9.999999999000000000e+09
1.297019503597733319e+03 9.960772760490009814e-01 4.999362899450274060e-03 -9.999999999000000000e+09
1.297030319576162583e+03 1.000862427992737835e+00 4.999363168081857184e-03 -9.999999999000000000e+09
1.297041135644787573e+03 1.002490131493020131e+00 4.999363436586442937e-03 -9.999999999000000000e+09
1.297051951803608517e+03 1.002645084749857585e+00 4.999363704964093769e-03 -9.999999999000000000e+09
1.297062768052626780e+03 1.011829582302985475e+00 4.999363973214872997e-03 -9.999999999000000000e+09
1.297073584391843042e+03 9.950279663438862388e-01 4.999364241338843939e-03 -9.999999999000000000e+09
1.297084400821257304e+03 1.004263423220276952e+00 4.999364509336069046e-03 -9.999999999000000000e+09
1.297095217340871159e+03 9.983364639335604585e-01 4.999364777206609899e-03 -9.999999999000000000e+09
1.297106033950685514e+03 9.913212967773082918e-01 4.999365044950528948e-03 -9.999999999000000000e+09
1.297116850650699917e+03 9.992751815845283270e-01 4.999365312567888645e-03 -9.999999999000000000e+09
1.297127667440916184e+03 9.957836096939824966e-01 4.999365580058747968e-03 -9.999999999000000000e+09
1.297138484321335227e+03 1.005948632019575850e+00 4.999365847423169369e-03 -9.999999999000000000e+09
1.297149301291956817e+03 9.974000660146573605e-01 4.999366114661215298e-03 -9.999999999000000000e+09
1.297160118352782320e+03 1.001367603636025505e+00 4.999366381772941265e-03 -9.999999999000000000e+09
1.297170935503812416e+03 1.002810715434166111e+00 4.999366648758411455e-03 -9.999999999000000000e+09
1.297181752745048016e+03 1.003353984356127437e+00 4.999366915617683114e-03 -9.999999999000000000e+09
1.297192570076489801e+03 9.957545281697942618e-01 4.999367182350817826e-03 -9.999999999000000000e+09
1.297203387498137772e+03 9.991909012871066365e-01 4.999367448957872835e-03 -9.999999999000000000e+09
1.297214205009993748e+03 9.945598133860401591e-01 4.999367715438907123e-03 -9.999999999000000000e+09
1.297225022612058183e+03 1.000223187987551388e+00 4.999367981793977067e-03 -9.999999999000000000e+09
1.297235840304331532e+03 9.964276305622836727e-01 4.999368248023143384e-03 -9.999999999000000000e+09
1.297246658086814932e+03 9.990329598385471188e-01 4.999368514126461584e-03 -9.999999999000000000e+09
1.297257475959508838e+03 9.989401911223871888e-01 4.999368780103989780e-03 -9.999999999000000000e+09
1.297268293922413932e+03 9.991185750373844376e-01 4.999369045955784352e-03 -9.999999999000000000e+09
1.297279111975531350e+03 1.000974071396928178e+00 4.999369311681903412e-03 -9.999999999000000000e+09
1.297289930118861548e+03 9.980026150774556903e-01 4.999369577282399002e-03 -9.999999999000000000e+09
1.297300748352405208e+03 1.001683764049206893e+00 4.999369842757330103e-03 -9.999999999000000000e+09
1.297311566676163466e+03 1.003713775569878175e+00 4.999370108106749623e-03 -9.999999999000000000e+09
1.297322385090136549e+03 9.927866163420799861e-01 4.999370373330713942e-03 -9.999999999000000000e+09
1.297333203594325596e+03 9.983578696667551045e-01 4.999370638429279437e-03 -9.999999999000000000e+09
1.297344022188731515e+03 1.008232070221728893e+00 4.999370903402495549e-03 -9.999999999000000000e+09
1.297354840873354306e+03 9.933860801727522061e-01 4.999371168250419523e-03 -9.999999999000000000e+09
1.297365659648195560e+03 9.986950659089268711e-01 4.999371432973102533e-03 -9.999999999000000000e+09
1.297376478513255506e+03 9.969654887610625016e-01 4.999371697570597489e-03 -9.999999999000000000e+09
1.297387297468535280e+03 9.991055493580845992e-01 4.999371962042959035e-03 -9.999999999000000000e+09
1.297398116514035337e+03 9.976642060757535679e-01 4.999372226390237477e-03 -9.999999999000000000e+09
1.297408935649756359e+03 9.983706494464567038e-01 4.999372490612483122e-03 -9.999999999000000000e+09
1.297419754875699709e+03 1.001283245101814767e+00 4.999372754709750614e-03 -9.999999999000000000e+09
1.297430574191865162e+03 9.922321729505086951e-01 4.999373018682086792e-03 -9.999999999000000000e+09
1.297441393598254308e+03 1.004238879621374814e+00 4.999373282529545430e-03 -9.999999999000000000e+09
1.297452213094867602e+03 1.002565950968689057e+00 4.999373546252172500e-03 -9.999999999000000000e+09
1.297463032681705727e+03 9.954453691978062402e-01 4.999373809850020042e-03 -9.999999999000000000e+09
1.297473852358769591e+03 9.979896301291194538e-01 4.999374073323137498e-03 -9.999999999000000000e+09
1.297484672126059650e+03 1.000747365109539544e+00 4.999374336671571703e-03 -9.999999999000000000e+09
1.297495491983576812e+03 1.008765067614267430e+00 4.999374599895370364e-03 -9.999999999000000000e+09
1.297506311931321989e+03 1.006974187684803512e+00 4.999374862994583786e-03 -9.999999999000000000e+09
1.297517131969295633e+03 9.982171297492690165e-01 4.999375125969256206e-03 -9.999999999000000000e+09
1.297527952097499110e+03 9.948847261024807986e-01 4.999375388819434461e-03 -9.999999999000000000e+09
1.297538772315932647e+03 1.005207423321884619e+00 4.999375651545165389e-03 -9.999999999000000000e+09
1.297549592624596926e+03 1.000890795289941071e+00 4.999375914146495826e-03 -9.999999999000000000e+09
1.297560413023492629e+03 9.931471029385594562e-01 4.999376176623468275e-03 -9.999999999000000000e+09
1.297571233512621347e+03 1.002246359666877584e+00 4.999376438976128705e-03 -9.999999999000000000e+09
1.297582054091982627e+03 1.002716522853367431e+00 4.999376701204520483e-03 -9.999999999000000000e+09
1.297592874761578287e+03 9.969651479310582820e-01 4.999376963308689581e-03 -9.999999999000000000e+09
1.297603695521408554e+03 1.003527219610981680e+00 4.999377225288675897e-03 -9.999999999000000000e+09
1.297614516371473883e+03 9.989087818226549675e-01 4.999377487144525400e-03 -9.999999999000000000e+09
1.297625337311775866e+03 9.956789313782588025e-01 4.999377748876275389e-03 -9.999999999000000000e+09
1.297636158342314275e+03 1.002779494459173470e+00 4.999378010483970965e-03 -9.999999999000000000e+09
1.297646979463090702e+03 1.001809738463934396e+00 4.999378271967652027e-03 -9.999999999000000000e+09
1.297657800674105374e+03 1.006449987477244346e+00 4.999378533327358473e-03 -9.999999999000000000e+09
1.297668621975359429e+03 1.010302858245025970e+00 4.999378794563131938e-03 -9.999999999000000000e+09
1.297679443366853320e+03 1.008624202927585811e+00 4.999379055675010584e-03 -9.999999999000000000e+09
1.297690264848587958e+03 9.990316013248028426e-01 4.999379316663030842e-03 -9.999999999000000000e+09
1.297701086420564025e+03 9.946454390248540278e-01 4.999379577527232610e-03 -9.999999999000000000e+09
1.297711908082782202e+03 1.002307070806701894e+00 4.999379838267655786e-03 -9.999999999000000000e+09
1.297722729835243399e+03 9.970900325050702229e-01 4.999380098884332463e-03 -9.999999999000000000e+09
1.297733551677948299e+03 9.995984230441179452e-01 4.999380359377301672e-03 -9.999999999000000000e+09
1.297744373610897810e+03 9.977504819434105388e-01 4.999380619746599842e-03 -9.999999999000000000e+09
1.297755195634092388e+03 9.955134691461664520e-01 4.999380879992260801e-03 -9.999999999000000000e+09
1.297766017747532715e+03 1.003972551271657743e+00 4.999381140114319243e-03 -9.999999999000000000e+09
1.297776839951220154e+03 9.955985379655228895e-01 4.999381400112808127e-03 -9.999999999000000000e+09
1.297787662245154706e+03 9.964904144027494359e-01 4.999381659987762148e-03 -9.999999999000000000e+09
1.297798484629337736e+03 1.004679354271545755e+00 4.999381919739213399e-03 -9.999999999000000000e+09
1.297809307103769697e+03 9.975339216979390855e-01 4.999382179367191370e-03 -9.999999999000000000e+09
1.297820129668451045e+03 1.005485283981082167e+00 4.999382438871730755e-03 -9.999999999000000000e+09
1.297830952323383372e+03 1.002322437492596974e+00 4.999382698252860177e-03 -9.999999999000000000e+09
1.297841775068566676e+03 9.992665794897933607e-01 4.999382957510609127e-03 -9.999999999000000000e+09
1.297852597904001868e+03 1.007060434426074957e+00 4.999383216645008829e-03 -9.999999999000000000e+09
1.297863420829689858e+03 1.001462998179861064e+00 4.999383475656084437e-03 -9.999999999000000000e+09
1.297874243845631327e+03 9.990098262272580909e-01 4.999383734543865442e-03 -9.999999999000000000e+09
1.297885066951827184e+03 1.003557381782496094e+00 4.999383993308379598e-03 -9.999999999000000000e+09
1.297895890148277886e+03 1.001721904710454858e+00 4.999384251949652060e-03 -9.999999999000000000e+09
1.297906713434984113e+03 1.002429408790457277e+00 4.999384510467708848e-03 -9.999999999000000000e+09
1.297917536811947230e+03 9.971683479777817549e-01 4.999384768862573380e-03 -9.999999999000000000e+09
1.297928360279167464e+03 9.869104989683488149e-01 4.999385027134270812e-03 -9.999999999000000000e+09
1.297939183836645725e+03 1.001038314799657103e+00 4.999385285282823693e-03 -9.999999999000000000e+09
1.297950007484382695e+03 1.001993735471666813e+00 4.999385543308257178e-03 -9.999999999000000000e+09
1.297960831222379284e+03 9.967055960876984866e-01 4.999385801210588613e-03 -9.999999999000000000e+09
1.297971655050635945e+03 1.004801378081586760e+00 4.999386058989839683e-03 -9.999999999000000000e+09
1.297982478969153817e+03 1.005479444338806649e+00 4.999386316646032072e-03 -9.999999999000000000e+09
1.297993302977933354e+03 9.893330754974410945e-01 4.999386574179183994e-03 -9.999999999000000000e+09
1.298004127076975237e+03 1.012963368285591192e+00 4.999386831589314531e-03 -9.999999999000000000e+09
1.298014951266280605e+03 9.948925615043051618e-01 4.999387088876440163e-03 -9.999999999000000000e+09
1.298025775545849910e+03 9.956976479366986821e-01 4.999387346040578238e-03 -9.999999999000000000e+09
1.298036599915684064e+03 9.922279793650159441e-01 4.999387603081743500e-03 -9.999999999000000000e+09
1.298047424375783521e+03 1.002017155117288283e+00 4.999387859999950695e-03 -9.999999999000000000e+09
1.298058248926149645e+03 9.979145158706435037e-01 4.999388116795214568e-03 -9.999999999000000000e+09
1.298069073566782436e+03 9.912554571681631010e-01 4.999388373467548129e-03 -9.999999999000000000e+09
1.298079898297683258e+03 9.996865525365679073e-01 4.999388630016964388e-03 -9.999999999000000000e+09
1.298090723118852566e+03 1.000938786910750444e+00 4.999388886443471153e-03 -9.999999999000000000e+09
1.298101548030291042e+03 9.931146480451371605e-01 4.999389142747081433e-03 -9.999999999000000000e+09
1.298112373031999596e+03 1.001743052576978377e+00 4.999389398927803034e-03 -9.999999999000000000e+09
1.298123198123979137e+03 9.979775658968367269e-01 4.999389654985644631e-03 -9.999999999000000000e+09
1.298134023306229892e+03 9.964145036342184625e-01 4.999389910920613161e-03 -9.999999999000000000e+09
1.298144848578753454e+03 1.007012517694469977e+00 4.999390166732715565e-03 -9.999999999000000000e+09
1.298155673941549821e+03 1.012864215809402557e+00 4.999390422421956179e-03 -9.999999999000000000e+09
1.298166499394619905e+03 9.948123879558193883e-01 4.999390677988340206e-03 -9.999999999000000000e+09
1.298177324937964386e+03 1.006783947971766180e+00 4.999390933431867648e-03 -9.999999999000000000e+09
1.298188150571584401e+03 9.983154933383074914e-01 4.999391188752544575e-03 -9.999999999000000000e+09
1.298198976295480406e+03 9.955831504746116556e-01 4.999391443950368386e-03 -9.999999999000000000e+09
1.298209802109653310e+03 1.003560377576897089e+00 4.999391699025340814e-03 -9.999999999000000000e+09
1.298220628014104022e+03 9.905301446542038590e-01 4.999391953977458392e-03 -9.999999999000000000e+09
1.298231454008832770e+03 9.975341363818411855e-01 4.999392208806720250e-03 -9.999999999000000000e+09
1.298242280093840691e+03 1.004398994249509292e+00 4.999392463513123788e-03 -9.999999999000000000e+09
1.298253106269128239e+03 9.897646921847379486e-01 4.999392718096662067e-03 -9.999999999000000000e+09
1.298263932534696551e+03 1.005318678707725066e+00 4.999392972557328146e-03 -9.999999999000000000e+09
1.298274758890546082e+03 1.000790421548047204e+00 4.999393226895115089e-03 -9.999999999000000000e+09
1.298285585336677968e+03 1.001616495729658496e+00 4.999393481110017690e-03 -9.999999999000000000e+09
1.298296411873092438e+03 1.003218789639715780e+00 4.999393735202022938e-03 -9.999999999000000000e+09
1.298307238499790628e+03 1.000173834875633272e+00 4.999393989171120427e-03 -9.999999999000000000e+09
1.298318065216772993e+03 9.960495458815606939e-01 4.999394243017298012e-03 -9.999999999000000000e+09
1.298328892024040670e+03 1.006495067608839555e+00 4.999394496740540081e-03 -9.999999999000000000e+09
1.298339718921594113e+03 1.009939059555565732e+00 4.999394750340833624e-03 -9.999999999000000000e+09
1.298350545909434004e+03 1.004403896596726131e+00 4.999395003818161293e-03 -9.999999999000000000e+09
1.298361372987561481e+03 1.005684558439005949e+00 4.999395257172506608e-03 -9.999999999000000000e+09
1.298372200155977225e+03 1.001212716728191232e+00 4.999395510403848754e-03 -9.999999999000000000e+09
1.298383027414681465e+03 1.000878188143984548e+00 4.999395763512166045e-03 -9.999999999000000000e+09
1.298393854763675563e+03 1.015244523602410354e+00 4.999396016497438533e-03 -9.999999999000000000e+09
1.298404682202959975e+03 1.000250820896972925e+00 4.999396269359642798e-03 -9.999999999000000000e+09
1.298415509732535384e+03 9.999168899092969465e-01 4.999396522098751953e-03 -9.999999999000000000e+09
1.298426337352402697e+03 9.952713131677355385e-01 4.999396774714739977e-03 -9.999999999000000000e+09
1.298437165062562826e+03 9.982832186489022375e-01 4.999397027207578247e-03 -9.999999999000000000e+09
1.298447992863016225e+03 9.952684207642384928e-01 4.999397279577239006e-03 -9.999999999000000000e+09
1.298458820753763575e+03 9.963478576088757865e-01 4.999397531823687561e-03 -9.999999999000000000e+09
1.298469648734806242e+03 1.010394040031650453e+00 4.999397783946892687e-03 -9.999999999000000000e+09
1.298480476806144225e+03 1.001641091777285553e+00 4.999398035946818822e-03 -9.999999999000000000e+09
1.298491304967778660e+03 9.954381550629777253e-01 4.999398287823430403e-03 -9.999999999000000000e+09
1.298502133219710231e+03 9.893231421812332949e-01 4.999398539576690136e-03 -9.999999999000000000e+09
1.298512961561939846e+03 9.995644434136139456e-01 4.999398791206558119e-03 -9.999999999000000000e+09
1.298523789994467961e+03 1.012538641012600493e+00 4.999399042712988385e-03 -9.999999999000000000e+09
1.298534618517295485e+03 9.961595901611409731e-01 4.999399294095941901e-03 -9.999999999000000000e+09
1.298545447130423327e+03 9.971858738639958197e-01 4.999399545355373564e-03 -9.999999999000000000e+09
1.298556275833851942e+03 9.995202155643897468e-01 4.999399796491233068e-03 -9.999999999000000000e+09
1.298567104627582239e+03 1.000213220620925103e+00 4.999400047503472708e-03 -9.999999999000000000e+09
1.298577933511615129e+03 9.921893181640464299e-01 4.999400298392043911e-03 -9.999999999000000000e+09
1.298588762485951065e+03 1.000993811552671531e+00 4.999400549156889431e-03 -9.999999999000000000e+09
1.298599591550590731e+03 9.896267878713990163e-01 4.999400799797956360e-03 -9.999999999000000000e+09
1.298610420705535489e+03 9.966903865012420871e-01 4.999401050315188319e-03 -9.999999999000000000e+09
1.298621249950785341e+03 9.984332811193857848e-01 4.999401300708524593e-03 -9.999999999000000000e+09
1.298632079286341423e+03 1.004667734554965719e+00 4.999401550977905333e-03 -9.999999999000000000e+09
1.298642908712204417e+03 1.005071666156053256e+00 4.999401801123265487e-03 -9.999999999000000000e+09
1.298653738228375232e+03 1.005361613100612228e+00 4.999402051144541739e-03 -9.999999999000000000e+09
1.298664567834854324e+03 1.005416579534707866e+00 4.999402301041663832e-03 -9.999999999000000000e+09
1.298675397531642830e+03 9.964889784941410866e-01 4.999402550814564111e-03 -9.999999999000000000e+09
1.298686227318741430e+03 9.939930766577341759e-01 4.999402800463167984e-03 -9.999999999000000000e+09
1.298697057196150354e+03 1.004689440992117433e+00 4.999403049987399990e-03 -9.999999999000000000e+09
1.298707887163870737e+03 1.002032991084491176e+00 4.999403299387186403e-03 -9.999999999000000000e+09
1.298718717221903717e+03 9.892030831496696486e-01 4.999403548662444824e-03 -9.999999999000000000e+09
1.298729547370249293e+03 1.000117067767638313e+00 4.999403797813093721e-03 -9.999999999000000000e+09
1.298740377608908375e+03 9.968148853940832499e-01 4.999404046839048092e-03 -9.999999999000000000e+09
1.298751207937882327e+03 1.004288309252806766e+00 4.999404295740219467e-03 -9.999999999000000000e+09
1.298762038357171605e+03 9.992229091155185872e-01 4.999404544516522844e-03 -9.999999999000000000e+09
1.298772868866776662e+03 9.941694272263835730e-01 4.999404793167860211e-03 -9.999999999000000000e+09
1.298783699466698408e+03 1.001899301383369023e+00 4.999405041694137894e-03 -9.999999999000000000e+09
1.298794530156937753e+03 9.948406881255764667e-01 4.999405290095258747e-03 -9.999999999000000000e+09
1.298805360937495379e+03 9.988108241135200682e-01 4.999405538371121289e-03 -9.999999999000000000e+09
1.298816191808371741e+03 1.008165110231398209e+00 4.999405786521622305e-03 -9.999999999000000000e+09
1.298827022769567975e+03 9.945303189174182767e-01 4.999406034546654241e-03 -9.999999999000000000e+09
1.298837853821084536e+03 9.973924219619980658e-01 4.999406282446106076e-03 -9.999999999000000000e+09
1.298848684962922789e+03 1.001744471082992805e+00 4.999406530219867653e-03 -9.999999999000000000e+09
1.298859516195082733e+03 9.982391014135020280e-01 4.999406777867822747e-03 -9.999999999000000000e+09
1.298870347517565278e+03 9.929188246587060673e-01 4.999407025389849060e-03 -9.999999999000000000e+09
1.298881178930371789e+03 9.973914650442041729e-01 4.999407272785827763e-03 -9.999999999000000000e+09
1.298892010433502264e+03 9.952331066524525705e-01 4.999407520055630487e-03 -9.999999999000000000e+09
1.298902842026957615e+03 9.883973657867123341e-01 4.999407767199129729e-03 -9.999999999000000000e+09
1.298913673710738976e+03 1.010857483820124525e+00 4.999408014216192783e-03 -9.999999999000000000e+09
1.298924505484846577e+03 1.002018849311476778e+00 4.999408261106684341e-03 -9.999999999000000000e+09
1.298935337349281781e+03 1.001681950244248887e+00 4.999408507870463023e-03 -9.999999999000000000e+09
1.298946169304045043e+03 1.004041931740682347e+00 4.999408754507386581e-03 -9.999999999000000000e+09
1.298957001349137045e+03 1.005290471441686151e+00 4.999409001017308431e-03 -9.999999999000000000e+09
1.298967833484558241e+03 9.983370742029820111e-01 4.999409247400076785e-03 -9.999999999000000000e+09
1.298978665710309997e+03 9.947221859915186259e-01 4.999409493655538987e-03 -9.999999999000000000e+09
1.298989498026392766e+03 9.987461438249879420e-01 4.999409739783532841e-03 -9.999999999000000000e+09
1.299000330432807459e+03 1.000184260236433254e+00 4.999409985783900487e-03 -9.999999999000000000e+09
1.299011162929554303e+03 9.955746949339945306e-01 4.999410231656471922e-03 -9.999999999000000000e+09
1.299021995516634661e+03 1.000326987777926613e+00 4.999410477401076275e-03 -9.999999999000000000e+09
1.299032828194049216e+03 1.000543188771366276e+00 4.999410723017540942e-03 -9.999999999000000000e+09
1.299043660961798423e+03 1.011949738577133662e+00 4.999410968505682042e-03 -9.999999999000000000e+09
1.299054493819883191e+03 1.007052627493690178e+00 4.999411213865319163e-03 -9.999999999000000000e+09
1.299065326768304431e+03 9.998239060189064720e-01 4.999411459096264089e-03 -9.999999999000000000e+09
1.299076159807062368e+03 1.000239004435806711e+00 4.999411704198320795e-03 -9.999999999000000000e+09
1.299086992936158367e+03 1.000169583558629727e+00 4.999411949171291523e-03 -9.999999999000000000e+09
1.299097826155592884e+03 1.000100977322823992e+00 4.999412194014975046e-03 -9.999999999000000000e+09
1.299108659465367055e+03 1.011979419374129163e+00 4.999412438729162328e-03 -9.999999999000000000e+09
1.299119492865480879e+03 9.965144211729085599e-01 4.999412683313641734e-03 -9.999999999000000000e+09
1.299130326355935722e+03 1.001359515321257110e+00 4.999412927768195555e-03 -9.999999999000000000e+09
1.299141159936732265e+03 9.975823144010895760e-01 4.999413172092598279e-03 -9.999999999000000000e+09
1.299151993607870736e+03 1.005206006739584712e+00 4.999413416286622655e-03 -9.999999999000000000e+09
1.299162827369352499e+03 9.919620389338330568e-01 4.999413660350035364e-03 -9.999999999000000000e+09
1.299173661221178463e+03 9.980831768318885189e-01 4.999413904282596147e-03 -9.999999999000000000e+09
1.299184495163348629e+03 1.001820054487849276e+00 4.999414148084054335e-03 -9.999999999000000000e+09
1.299195329195864360e+03 9.989842233394158333e-01 4.999414391754167068e-03 -9.999999999000000000e+09
1.299206163318726112e+03 9.962502727864114282e-01 4.999414635292672403e-03 -9.999999999000000000e+09
1.299216997531934567e+03 9.953089492755087253e-01 4.999414878699306661e-03 -9.999999999000000000e+09
1.299227831835490861e+03 1.000681865887538713e+00 4.999415121973800093e-03 -9.999999999000000000e+09
1.299238666229395221e+03 9.986254072564970663e-01 4.999415365115877745e-03 -9.999999999000000000e+09
1.299249500713649013e+03 1.005935007819036331e+00 4.999415608125253388e-03 -9.999999999000000000e+09
1.299260335288252463e+03 1.003400572589846496e+00 4.999415851001642527e-03 -9.999999999000000000e+09
1.299271169953206709e+03 9.999351034252059733e-01 4.999416093744746790e-03 -9.999999999000000000e+09
1.299282004708512432e+03 9.956778815120319592e-01 4.999416336354260866e-03 -9.999999999000000000e+09
1.299292839554170087e+03 1.000862005818003331e+00 4.999416578829874239e-03 -9.999999999000000000e+09
1.299303674490180583e+03 1.006565571971162365e+00 4.999416821171270321e-03 -9.999999999000000000e+09
1.299314509516544831e+03 9.968374080950302973e-01 4.999417063378124720e-03 -9.999999999000000000e+09
1.299325344633263740e+03 1.002340988099581276e+00 4.999417305450104369e-03 -9.999999999000000000e+09
1.299336179840337536e+03 9.975757337534690850e-01 4.999417547386865793e-03 -9.999999999000000000e+09
1.299347015137766903e+03 9.991585795856283703e-01 4.999417789188062913e-03 -9.999999999000000000e+09
1.299357850525553431e+03 1.005952675816742747e+00 4.999418030853336643e-03 -9.999999999000000000e+09
1.299368686003697121e+03 9.988347410571061236e-01 4.999418272382320956e-03 -9.999999999000000000e+09
1.299379521572198882e+03 9.937383526694411051e-01 4.999418513774643753e-03 -9.999999999000000000e+09
1.299390357231059625e+03 9.936712944491783439e-01 4.999418755029921661e-03 -9.999999999000000000e+09
1.299401192980280484e+03 9.927248299878443927e-01 4.999418996147761765e-03 -9.999999999000000000e+09
1.299412028819861234e+03 9.920356110258694571e-01 4.999419237127762476e-03 -9.999999999000000000e+09
1.299422864749803239e+03 1.001955369406322349e+00 4.999419477969514400e-03 -9.999999999000000000e+09
1.299433700770107407e+03 9.990958612148188589e-01 4.999419718672596866e-03 -9.999999999000000000e+09
1.299444536880773967e+03 1.008143321808798509e+00 4.999419959236577927e-03 -9.999999999000000000e+09
1.299455373081804055e+03 9.945590539701568700e-01 4.999420199661019568e-03 -9.999999999000000000e+09
1.299466209373198353e+03 1.008003397091372655e+00 4.999420439945469891e-03 -9.999999999000000000e+09
1.299477045754957544e+03 1.001947177207191064e+00 4.999420680089468327e-03 -9.999999999000000000e+09
1.299487882227082764e+03 9.940355286763888909e-01 4.999420920092539564e-03 -9.999999999000000000e+09
1.299498718789574013e+03 1.006146691917833458e+00 4.999421159954204816e-03 -9.999999999000000000e+09
1.299509555442432656e+03 1.007199637523662039e+00 4.999421399673962749e-03 -9.999999999000000000e+09
1.299520392185659375e+03 9.975170319159361032e-01 4.999421639251313762e-03 -9.999999999000000000e+09
1.299531229019254624e+03 1.003166068367506991e+00 4.999421878685733102e-03 -9.999999999000000000e+09
1.299542065943219313e+03 1.000291119979141108e+00 4.999422117976692545e-03 -9.999999999000000000e+09
1.299552902957554124e+03 9.990555608206570515e-01 4.999422357123648256e-03 -9.999999999000000000e+09
1.299563740062260422e+03 9.968196040537445901e-01 4.999422596126042520e-03 -9.999999999000000000e+09
1.299574577257337751e+03 1.000257582638319764e+00 4.999422834983305482e-03 -9.999999999000000000e+09
1.299585414542787930e+03 1.008515276628882962e+00 4.999423073694852539e-03 -9.999999999000000000e+09
1.299596251918611415e+03 1.001496927651959190e+00 4.999423312260086946e-03 -9.999999999000000000e+09
1.299607089384808887e+03 9.996035661647080239e-01 4.999423550678398082e-03 -9.999999999000000000e+09
1.299617926941380802e+03 9.929476265737837704e-01 4.999423788949156240e-03 -9.999999999000000000e+09
1.299628764588328295e+03 9.981707687194814049e-01 4.999424027071722176e-03 -9.999999999000000000e+09
1.299639602325652277e+03 1.000807834201217439e+00 4.999424265045435828e-03 -9.999999999000000000e+09
1.299650440153353202e+03 1.007964280105141386e+00 4.999424502869625857e-03 -9.999999999000000000e+09
1.299661278071431752e+03 1.004922500181790079e+00 4.999424740543600976e-03 -9.999999999000000000e+09
1.299672116079888838e+03 9.963712400690241111e-01 4.999424978066656020e-03 -9.999999999000000000e+09
1.299682954178725367e+03 9.921897089703828332e-01 4.999425215438068476e-03 -9.999999999000000000e+09
1.299693792367941569e+03 9.953397110518669155e-01 4.999425452657095016e-03 -9.999999999000000000e+09
1.299704630647538806e+03 9.972083834248884893e-01 4.999425689722974964e-03 -9.999999999000000000e+09
1.299715469017517535e+03 9.905551996962658201e-01 4.999425926634935499e-03 -9.999999999000000000e+09
1.299726307477878436e+03 9.993348270294953872e-01 4.999426163392172578e-03 -9.999999999000000000e+09
1.299737146028622419e+03 1.001523926700986999e+00 4.999426399993873484e-03 -9.999999999000000000e+09
1.299747984669750167e+03 1.002646656831339689e+00 4.999426636439201210e-03 -9.999999999000000000e+09
1.299758823401262362e+03 9.982002151892949149e-01 4.999426872727297071e-03 -9.999999999000000000e+09
1.299769662223159912e+03 1.003162027700767345e+00 4.999427108857280692e-03 -9.999999999000000000e+09
1.299780501135443728e+03 9.988689983378630233e-01 4.999427344828253489e-03 -9.999999999000000000e+09
1.299791340138114265e+03 9.993915255908063511e-01 4.999427580639290852e-03 -9.999999999000000000e+09
1.299802179231171976e+03 9.975566860524939239e-01 4.999427816289443022e-03 -9.999999999000000000e+09
1.299813018414618455e+03 9.915669955894497178e-01 4.999428051777743756e-03 -9.999999999000000000e+09
1.299823857688453927e+03 1.002573274711391349e+00 4.999428287103195589e-03 -9.999999999000000000e+09
1.299834697052678848e+03 9.994269447375586646e-01 4.999428522264779372e-03 -9.999999999000000000e+09
1.299845536507294810e+03 1.003496191311347152e+00 4.999428757261446463e-03 -9.999999999000000000e+09
1.299856376052301812e+03 9.942576880589398813e-01 4.999428992092126538e-03 -9.999999999000000000e+09
1.299867215687700764e+03 9.917513175770533707e-01 4.999429226755717180e-03 -9.999999999000000000e+09
1.299878055413492802e+03 9.999090392283401796e-01 4.999429461251089953e-03 -9.999999999000000000e+09
1.299888895229678610e+03 9.990889530277465846e-01 4.999429695577088661e-03 -9.999999999000000000e+09
1.299899735136258414e+03 1.004448124848401180e+00 4.999429929732523287e-03 -9.999999999000000000e+09
1.299910575133233579e+03 1.003585291765438647e+00 4.999430163716178654e-03 -9.999999999000000000e+09
1.299921415220604331e+03 9.960585203409093591e-01 4.999430397526801427e-03 -9.999999999000000000e+09
1.299932255398371581e+03 9.948061230985822956e-01 4.999430631163109644e-03 -9.999999999000000000e+09
1.299943095666536465e+03 1.004164952592694116e+00 4.999430864623787517e-03 -9.999999999000000000e+09
1.299953936025099438e+03 1.001715494590984967e+00 4.999431097907481962e-03 -9.999999999000000000e+09
1.299964776474060955e+03 1.004019101341752318e+00 4.999431331012808670e-03 -9.999999999000000000e+09
1.299975617013422379e+03 9.950887348256837184e-01 4.999431563938342565e-03 -9.999999999000000000e+09
1.299986457643184167e+03 9.986885506216159891e-01 4.999431796682621276e-03 -9.999999999000000000e+09
1.299997298363346999e+03 9.980032378054614073e-01 4.999432029244143399e-03 -9.999999999000000000e+09
1.300008139173911786e+03 1.011666622803985893e+00 4.999432261621370235e-03 -9.999999999000000000e+09
1.300018980074878982e+03 1.004570311597052790e+00 4.999432493812717114e-03 -9.999999999000000000e+09
1.300029821066249724e+03 1.005852131244382441e+00 4.999432725816556865e-03 -9.999999999000000000e+09
1.300040662148024921e+03 9.952588942578113329e-01 4.999432957631222418e-03 -9.999999999000000000e+09
1.300051503320204574e+03 1.001993313449188294e+00 4.999433189254996399e-03 -9.999999999000000000e+09
1.300062344582790047e+03 9.904002814575624258e-01 4.999433420686115459e-03 -9.999999999000000000e+09
1.300073185935781794e+03 9.994994602993657606e-01 4.999433651922770283e-03 -9.999999999000000000e+09
1.300084027379180498e+03 1.005119371562728681e+00 4.999433882963096043e-03 -9.999999999000000000e+09
1.300094868912987749e+03 1.000064668869063533e+00 4.999434113805181941e-03 -9.999999999000000000e+09
1.300105710537202867e+03 9.992971628619178315e-01 4.999434344447062535e-03 -9.999999999000000000e+09
1.300116552251827898e+03 9.899440353041353280e-01 4.999434574886710801e-03 -9.999999999000000000e+09
1.300127394056863068e+03 1.003997978581566697e+00 4.999434805122048540e-03 -9.999999999000000000e+09
1.300138235952309287e+03 1.008047261065864841e+00 4.999435035150938574e-03 -9.999999999000000000e+09
1.300149077938167011e+03 1.000042005719170346e+00 4.999435264971183006e-03 -9.999999999000000000e+09
1.300159920014436921e+03 1.001840972542107799e+00 4.999435494580516288e-03 -9.999999999000000000e+09
1.300170762181120381e+03 9.957879156505329288e-01 4.999435723976611290e-03 -9.999999999000000000e+09
1.300181604438217619e+03 1.003851394641069206e+00 4.999435953157071490e-03 -9.999999999000000000e+09
1.300192446785729544e+03 9.992423876119986836e-01 4.999436182119435315e-03 -9.999999999000000000e+09
1.300203289223657066e+03 1.005312362384414904e+00 4.999436410861163131e-03 -9.999999999000000000e+09
1.300214131752000412e+03 9.964054343203045949e-01 4.999436639379644179e-03 -9.999999999000000000e+09
1.300224974370761174e+03 1.002096380151377364e+00 4.999436867672188770e-03 -9.999999999000000000e+09
1.300235817079939352e+03 1.005191965030075130e+00 4.999437095736028284e-03 -9.999999999000000000e+09
1.300246659879536082e+03 1.003820154516443131e+00 4.999437323568313440e-03 -9.999999999000000000e+09
1.300257502769552048e+03 9.981821400037842462e-01 4.999437551166103014e-03 -9.999999999000000000e+09
1.300268345749987702e+03 1.007392919213198956e+00 4.999437778526371647e-03 -9.999999999000000000e+09
1.300279188820844638e+03 1.000159889876081731e+00 4.999438005646004643e-03 -9.999999999000000000e+09
1.300290031982122628e+03 1.003701050833127661e+00 4.999438232521781489e-03 -9.999999999000000000e+09
1.300300875233823035e+03 9.922239193297743842e-01 4.999438459150396669e-03 -9.999999999000000000e+09
1.300311718575946315e+03 9.992435405451584041e-01 4.999438685528431042e-03 -9.999999999000000000e+09
1.300322562008493605e+03 1.004567286155881423e+00 4.999438911652366591e-03 -9.999999999000000000e+09
1.300333405531464905e+03 9.943558827461996819e-01 4.999439137518568201e-03 -9.999999999000000000e+09
1.300344249144861578e+03 9.974835692248300578e-01 4.999439363123292339e-03 -9.999999999000000000e+09
1.300355092848684535e+03 9.959702462928743394e-01 4.999439588462674042e-03 -9.999999999000000000e+09
1.300365936642934003e+03 9.969703564776559723e-01 4.999439813532726047e-03 -9.999999999000000000e+09
1.300376780527611118e+03 1.005725237544232042e+00 4.999440038329331856e-03 -9.999999999000000000e+09
1.300387624502716562e+03 1.003019930817416139e+00 4.999440262848242264e-03 -9.999999999000000000e+09
1.300398468568251019e+03 9.962046845664510597e-01 4.999440487085071889e-03 -9.999999999000000000e+09
1.300409312724214942e+03 1.001891890582043976e+00 4.999440711035291370e-03 -9.999999999000000000e+09
1.300420156970609696e+03 1.001637493585903815e+00 4.999440934694219553e-03 -9.999999999000000000e+09
1.300431001307435736e+03 9.880715318039100525e-01 4.999441158057021765e-03 -9.999999999000000000e+09
1.300441845734693516e+03 1.007109665292110101e+00 4.999441381118704605e-03 -9.999999999000000000e+09
1.300452690252384400e+03 1.004067214685348874e+00 4.999441603874105536e-03 -9.999999999000000000e+09
1.300463534860508616e+03 1.006273802716488142e+00 4.999441826317882476e-03 -9.999999999000000000e+09
1.300474379559067302e+03 9.919721580944518280e-01 4.999442048444518137e-03 -9.999999999000000000e+09
1.300485224348061138e+03 9.877206386389143500e-01 4.999442270248305280e-03 -9.999999999000000000e+09
1.300496069227490580e+03 1.001511367173510969e+00 4.999442491723335436e-03 -9.999999999000000000e+09
1.300506914197356537e+03 1.002892355734658958e+00 4.999442712863498041e-03 -9.999999999000000000e+09
1.300517759257659691e+03 9.929288399200052462e-01 4.999442933662468294e-03 -9.999999999000000000e+09
1.300528604408401407e+03 9.976726457379229140e-01 4.999443154113695879e-03 -9.999999999000000000e+09
1.300539449649581456e+03 1.007071895098393677e+00 4.999443374210403232e-03 -9.999999999000000000e+09
1.300550294981201205e+03 9.962428443214383922e-01 4.999443593945562120e-03 -9.999999999000000000e+09
1.300561140403261334e+03 9.953138783135576650e-01 4.999443813311897113e-03 -9.999999999000000000e+09
1.300571985915762752e+03 1.003820809289780902e+00 4.999444032301864765e-03 -9.999999999000000000e+09
1.300582831518705689e+03 9.941901527830175889e-01 4.999444250907649281e-03 -9.999999999000000000e+09
1.300593677212091279e+03 9.983370951946860528e-01 4.999444469121139961e-03 -9.999999999000000000e+09
1.300604522995920433e+03 9.974923671531795710e-01 4.999444686933930335e-03 -9.999999999000000000e+09
1.300615368870193606e+03 1.001990032982783996e+00 4.999444904337295610e-03 -9.999999999000000000e+09
1.300626214834911480e+03 1.002040534126843463e+00 4.999445121322180531e-03 -9.999999999000000000e+09
1.300637060890074963e+03 9.991817455192315567e-01 4.999445337879185498e-03 -9.999999999000000000e+09
1.300647907035684966e+03 9.967570166090463646e-01 4.999445553998550090e-03 -9.999999999000000000e+09
1.300658753271741944e+03 1.002290167955204314e+00 4.999445769670132246e-03 -9.999999999000000000e+09
1.300669599598247032e+03 1.000399402128011817e+00 4.999445984883400459e-03 -9.999999999000000000e+09
1.300680446015200459e+03 1.000597348673214704e+00 4.999446199627399084e-03 -9.999999999000000000e+09
1.300691292522603362e+03 1.001662766673034444e+00 4.999446413890739661e-03 -9.999999999000000000e+09
1.300702139120456422e+03 1.003395659140349450e+00 4.999446627661578366e-03 -9.999999999000000000e+09
1.300712985808760322e+03 9.961510061029318353e-01 4.999446840927589987e-03 -9.999999999000000000e+09
1.300723832587516199e+03 9.968092130538031004e-01 4.999447053675943643e-03 -9.999999999000000000e+09
1.300734679456724052e+03 1.010573044949203192e+00 4.999447265893285433e-03 -9.999999999000000000e+09
1.300745526416385246e+03 9.933072218450210711e-01 4.999447477565692466e-03 -9.999999999000000000e+09
1.300756373466500463e+03 9.913011299481538918e-01 4.999447688678669392e-03 -9.999999999000000000e+09
1.300767220607069930e+03 9.966932643392441005e-01 4.999447899217098965e-03 -9.999999999000000000e+09
1.300778067838095012e+03 9.979472912667064488e-01 4.999448109165210812e-03 -9.999999999000000000e+09
1.300788915159576391e+03 1.007977652567890292e+00 4.999448318506562357e-03 -9.999999999000000000e+09
1.300799762571514748e+03 9.979213409537869284e-01 4.999448527223984175e-03 -9.999999999000000000e+09
1.300810610073910539e+03 1.002452716253680709e+00 4.999448735299545296e-03 -9.999999999000000000e+09
1.300821457666764900e+03 9.962559909338689623e-01 4.999448942714521116e-03 -9.999999999000000000e+09
1.300832305350078286e+03 9.961562107024376500e-01 4.999449149449332677e-03 -9.999999999000000000e+09
1.300843153123852062e+03 1.004920308926256611e+00 4.999449355483512845e-03 -9.999999999000000000e+09
1.300854000988086227e+03 1.004086689210562211e+00 4.999449560795645592e-03 -9.999999999000000000e+09
1.300864848942781919e+03 9.993369391718035510e-01 4.999449765363317422e-03 -9.999999999000000000e+09
1.300875696987939591e+03 1.005139389492585744e+00 4.999449969163052322e-03 -9.999999999000000000e+09
1.300886545123560381e+03 9.971795705069754767e-01 4.999450172170255384e-03 -9.999999999000000000e+09
1.300897393349644744e+03 9.996232588383449080e-01 4.999450374359139943e-03 -9.999999999000000000e+09
1.300908241666193817e+03 1.003573650375712001e+00 4.999450575702656455e-03 -9.999999999000000000e+09
1.300919090073207826e+03 1.000223541117943871e+00 4.999450776172412701e-03 -9.999999999000000000e+09
1.300929938570688137e+03 9.995775932235287931e-01 4.999450975738591388e-03 -9.999999999000000000e+09
1.300940787158635203e+03 9.919645049016306837e-01 4.999451174369856470e-03 -9.999999999000000000e+09
1.300951635837049480e+03 1.005822070827638415e+00 4.999451372033256007e-03 -9.999999999000000000e+09
1.300962484605932104e+03 9.985736805059040044e-01 4.999451568694117214e-03 -9.999999999000000000e+09
1.300973333465283758e+03 9.999245488920420755e-01 4.999451764315921559e-03 -9.999999999000000000e+09
1.300984182415104897e+03 1.003689901996621003e+00 4.999451958860192877e-03 -9.999999999000000000e+09
1.300995031455396884e+03 1.002549894731695312e+00 4.999452152286349912e-03 -9.999999999000000000e+09
1.301005880586160174e+03 1.002987741288449808e+00 4.999452344551560609e-03 1.001068583302514581e+00
1.301016729807395222e+03 1.005069114502674665e+00 4.999452535610585113e-03 1.001058249429342295e+00
1.301027579119103166e+03 1.004511536083354306e+00 4.999452725415587558e-03 1.001047952651642703e+00
1.301038428521284459e+03 1.005830268897338176e+00 4.999452913915954783e-03 1.001037692956569192e+00
1.301049278013940238e+03 9.951837617722935070e-01 4.999453101058072557e-03 1.001027470330456026e+00
1.301060127597070959e+03 1.008527459051357322e+00 4.999453286785100932e-03 1.001017284758751291e+00
1.301070977270677531e+03 1.006022212390486503e+00 4.999453471036706224e-03 1.001007136225946725e+00
1.301081827034760408e+03 1.001233169065016027e+00 4.999453653748790402e-03 1.000997024715501116e+00
1.301092676889320728e+03 1.002269499188346735e+00 4.999453834853158016e-03 1.000986950209751924e+00
1.301103526834359400e+03 9.982825080013799646e-01 4.999454014277182265e-03 1.000976912689817588e+00
1.301114376869876651e+03 1.003764688350326395e+00 4.999454191943406879e-03 1.000966912135491826e+00
1.301125226995873163e+03 1.003674048184449719e+00 4.999454367769114171e-03 1.000956948525124179e+00
1.301136077212350301e+03 1.010332897201805968e+00 4.999454541665833245e-03 1.000947021835482786e+00
1.301146927519308520e+03 9.999624062854602924e-01 4.999454713538800492e-03 1.000937132041605393e+00
1.301157777916748501e+03 1.001436357134499300e+00 4.999454883286324688e-03 1.000927279116626156e+00
1.301168628404670926e+03 9.947151371698439437e-01 4.999455050799108714e-03 1.000917463031584465e+00
1.301179478983076933e+03 9.973776235541914614e-01 4.999455215959428163e-03 1.000907683755202227e+00
1.301190329651966749e+03 1.001387957796116224e+00 4.999455378640234489e-03 1.000897941253631185e+00
1.301201180411341511e+03 1.001473558614481396e+00 4.999455538704104633e-03 1.000888235490166034e+00
1.301212031261201901e+03 1.000858762832339766e+00 4.999455696002027584e-03 1.000878566424906024e+00
1.301222882201548600e+03 1.001685375222408636e+00 4.999455850372000118e-03 1.000868934014368827e+00
1.301233733232382519e+03 1.005503258238028552e+00 4.999456001637394426e-03 1.000859338211035121e+00
1.301244584353704113e+03 9.993978365114853935e-01 4.999456149605011751e-03 1.000849778962813463e+00
1.301255435565514517e+03 9.999790892950654042e-01 4.999456294062816844e-03 1.000840256212411017e+00
1.301266286867813960e+03 9.969834469944069966e-01 4.999456434777199698e-03 1.000830769896575489e+00
1.301277138260604033e+03 9.989199551621086304e-01 4.999456571489699526e-03 1.000821319945188526e+00
1.301287989743884509e+03 1.002040842584073221e+00 4.999456703913024436e-03 1.000811906280167252e+00
1.301298841317656752e+03 1.007986311360598242e+00 4.999456831726176859e-03 1.000802528814113801e+00
1.301309692981921444e+03 1.002485866507591972e+00 4.999456954568418446e-03 1.000793187448649535e+00
1.301320544736679267e+03 1.002211654589466594e+00 4.999457072031700602e-03 1.000783882072326492e+00
1.301331396581930903e+03 9.999873611307888988e-01 4.999457183651085344e-03 1.000774612557988164e+00
1.301342248517677262e+03 9.941332962883840940e-01 4.999457288892414884e-03 1.000765378759379098e+00
1.301353100543919027e+03 1.000361744240474193e+00 4.999457387136243755e-03 1.000756180506729098e+00
1.301363952660657105e+03 9.955755065516133095e-01 4.999457477656483496e-03 1.000747017600915001e+00
1.301374804867891953e+03 9.975419240538285770e-01 4.999457559591603643e-03 1.000737889805592307e+00
1.301385657165624252e+03 9.932813316161670514e-01 4.999457631904839772e-03 1.000728796836382939e+00
1.301396509553855367e+03 1.000974802327312174e+00 4.999457693328022284e-03 1.000719738345684062e+00
1.301407362032585297e+03 9.967839425599417380e-01 4.999457742280066092e-03 1.000710713900756277e+00
1.301418214601815407e+03 1.009615102601792769e+00 4.999457776744924142e-03 1.000701722951192085e+00
1.301429067261546152e+03 9.976593953663304148e-01 4.999457794081960463e-03 1.000692764778905897e+00
1.301439920011778213e+03 9.952918349188843994e-01 4.999457790717513721e-03 1.000683838418020555e+00
1.301450772852512728e+03 1.003743399467507125e+00 4.999457761607871073e-03 1.000674942519839572e+00
1.301461625783749923e+03 9.961666016644725730e-01 4.999457699018782647e-03 1.000666075108698649e+00
1.301472478805490937e+03 9.975790899664088718e-01 4.999457584451701998e-03 1.000657233025193937e+00
1.301483331917736223e+03 9.969530679490895553e-01 4.999457279480889506e-03 1.000648407858444555e+00
1.301494185120486918e+03 1.003883312406475214e+00 4.999455324110969705e-03 1.000639514502325467e+00
1.301505038413743705e+03 9.940304396201612436e-01 4.999440256822548431e-03 1.000629453792693191e+00
1.301515891797507038e+03 9.973677356812379324e-01 4.999353903126941071e-03 1.000609077116540346e+00
1.301526745271778054e+03 1.000427844177178116e+00 4.999027622324683610e-03 1.000537482101252706e+00
1.301537598836557208e+03 9.922277893247256619e-01 4.998247902169497894e-03 1.000340047336066629e+00
1.301548452491844955e+03 1.005370358881418680e+00 4.997013561573649364e-03 1.000004439870265882e+00
1.301559306237642886e+03 9.990820981380426069e-01 4.995535675396508418e-03 9.995994545486139859e-01
1.301570160073951229e+03 9.954775957874325565e-01 4.994044859844884096e-03 9.991918027560464655e-01
1.301581014000770892e+03 1.002267320359882419e+00 4.992786314073671509e-03 9.988564836185854778e-01
1.301591868018102332e+03 9.887022823691430373e-01 4.991943811499891144e-03 9.986499836543867303e-01
1.301602722125946684e+03 9.983363726054514942e-01 4.991442592193384188e-03 9.985318390224822149e-01
1.301613576324304404e+03 1.005420441567140832e+00 4.991077833371644276e-03 9.984380496870697286e-01
1.301624430613176628e+03 1.006555089799900493e+00 4.990732000285586986e-03 9.983440992278023174e-01
1.301635284992563811e+03 9.965137596099167272e-01 4.990371237218414573e-03 9.982453804756247218e-01
1.301646139462466863e+03 1.002117674660383928e+00 4.989988400082857357e-03 9.981410332861628820e-01
1.301656994022886238e+03 1.003272081464673171e+00 4.989580932194449640e-03 9.980305373638709288e-01
1.301667848673822846e+03 1.001320495662238352e+00 4.989146603874165808e-03 9.979133440950643807e-01
1.301678703415277596e+03 9.923578147360156976e-01 4.988682985442156187e-03 9.977888459630740448e-01
1.301689558247251171e+03 9.875392201055830377e-01 4.988187373408964169e-03 9.976563666507237693e-01
1.301700413169744252e+03 1.003881283390593460e+00 4.987656747828381719e-03 9.975151508883876028e-01
1.301711268182757749e+03 9.937688548280021461e-01 4.987087725432213722e-03 9.973643528179840789e-01
1.301722123286292344e+03 9.992898605360334141e-01 4.986476505128971740e-03 9.972030224483809935e-01
1.301732978480348947e+03 9.944040924725637831e-01 4.985818804027174200e-03 9.970300897658688211e-01
1.301743833764927558e+03 9.922928905801827737e-01 4.985109781902516413e-03 9.968443459882589952e-01
1.301754689140029996e+03 9.909821577171862295e-01 4.984343951580342755e-03 9.966444213407864572e-01
1.301765544605656487e+03 9.950975573644870176e-01 4.983515072103491574e-03 9.964287585850115647e-01
1.301776400161807260e+03 9.940813243232866636e-01 4.982616020771467487e-03 9.961955813406447868e-01
1.301787255808484133e+03 9.957131330681858739e-01 4.981638639118248814e-03 9.959428559922158808e-01
1.301798111545687334e+03 9.941087322221862088e-01 4.980573546568896337e-03 9.956682456499768019e-01
1.301808967373417545e+03 9.955980830742390264e-01 4.979409913776313909e-03 9.953690542127345831e-01
1.301819823291675448e+03 1.004725504118069601e+00 4.978135185345677893e-03 9.950421580253040466e-01
1.301830679300462180e+03 9.910131237313133390e-01 4.976734738605519646e-03 9.946839218874652389e-01
1.301841535399778422e+03 9.889324251335416260e-01 4.975191460999612084e-03 9.942900951882064353e-01
1.301852391589624631e+03 9.907139559873344714e-01 4.973485223153903054e-03 9.938556826145609202e-01
1.301863247870001487e+03 9.937017158568727249e-01 4.971592217145424410e-03 9.933747820844290866e-01
1.301874104240910356e+03 9.910546288994857012e-01 4.969484119137635228e-03 9.928403800843227378e-01
1.301884960702351464e+03 9.927234042093761035e-01 4.967127021138020154e-03 9.922440911751955195e-01
1.301895817254325721e+03 9.912711208980883315e-01 4.964480056388901642e-03 9.915758236502176803e-01
1.301906673896833809e+03 9.962631389810076010e-01 4.961493614148182810e-03 9.908233465762744663e-01
1.301917530629876637e+03 9.966546991166360669e-01 4.958106998319852451e-03 9.899717238117666795e-01
1.301928387453454889e+03 9.928858542774463558e-01 4.954245324416398609e-03 9.890025666881483435e-01
1.301939244367569017e+03 9.944420586128108752e-01 4.949815361273862159e-03 9.878930367813797409e-01
1.301950101372220388e+03 9.855964607226054275e-01 4.944699893363119041e-03 9.866145004104251992e-01
1.301960958467409455e+03 9.863642964811024649e-01 4.938749984451227225e-03 9.851306924072280591e-01
1.301971815653136900e+03 9.923454825189874651e-01 4.931774231060340880e-03 9.833951812890144861e-01
1.301982672929403179e+03 9.888144924795633228e-01 4.923523659066308435e-03 9.813478315333142854e-01
1.301993530296209656e+03 9.810227328177322237e-01 4.913670285481304585e-03 9.789098198043687526e-01
1.302004387753557012e+03 9.677375408647425070e-01 4.901776510784221393e-03 9.759765737411891795e-01
1.302015245301445475e+03 9.650566017488340087e-01 4.887251531724071466e-03 9.724077832940100086e-01
1.302026102939876409e+03 9.773373694921591026e-01 4.869290419460350211e-03 9.680134908590577458e-01
1.302036960668850270e+03 9.585492497260387212e-01 4.846793065514708523e-03 9.625355287787247249e-01
1.302047818488367739e+03 9.489647248565689086e-01 4.818267764524185488e-03 9.556250472690461795e-01
1.302058676398429498e+03 9.485405916096862899e-01 4.781744710071767976e-03 9.468210922279756137e-01
1.302069534399036911e+03 9.369315225825990412e-01 4.734765775701968958e-03 9.355441155140289400e-01
1.302080392490189979e+03 9.283244098993316262e-01 4.674576630000005020e-03 9.211323499023158501e-01
1.302091250671890066e+03 9.033609689989471336e-01 4.598693706388897080e-03 9.029624788641241739e-01
1.302102108944137399e+03 8.791605665338249054e-01 4.505975648165598188e-03 8.806925168824124572e-01
1.302112967306933115e+03 8.428027617853857123e-01 4.398106932759474411e-03 8.546209530060423498e-01
1.302123825760277668e+03 8.274408798326633452e-01 4.281004222476087612e-03 8.260638011556855620e-01
1.302134684304171969e+03 7.987574863795979807e-01 4.165301266805514907e-03 7.975488069971368166e-01
1.302145542938616927e+03 7.806260165298463116e-01 4.065138101131423806e-03 7.726020137937690269e-01
1.302156401663612996e+03 7.530737978823098810e-01 3.995181761378962908e-03 7.550336927214420513e-01
1.302167260479161541e+03 7.463433992300739783e-01 3.966795430366779063e-03 7.478928098678567782e-01
1.302178119385262562e+03 7.504316407596003380e-01 3.984819129126521663e-03 7.524985653109578232e-01
1.302188978381916741e+03 7.730636218255090286e-01 4.046166329817016925e-03 7.679932731651615274e-01
1.302199837469125669e+03 7.836425680831029528e-01 4.140720117959235773e-03 7.916347667588918835e-01
1.302210696646889346e+03 8.235561172030175792e-01 4.254223991723742743e-03 8.196848716566744741e-01
1.302221555915209137e+03 8.450238981695105123e-01 4.372105399448467621e-03 8.484783644164350935e-01
1.302232415274085270e+03 8.762689359874057393e-01 4.482760234928099240e-03 8.752338955932241760e-01
1.302243274723518880e+03 9.098897466447994908e-01 4.579193886682458858e-03 8.983765646302964702e-01
1.302254134263510196e+03 9.109247805786194752e-01 4.658868171273485015e-03 9.174153861881449989e-01
1.302264993894060581e+03 9.328781547223985449e-01 4.722422701625937462e-03 9.325862346216675647e-01
1.302275853615170490e+03 9.452149410175353372e-01 4.772149856779060728e-03 9.444764789958529638e-01
1.302286713426840606e+03 9.480874462398904967e-01 4.810809560457758420e-03 9.537536682039350344e-01
1.302297573329072065e+03 9.569383635384905995e-01 4.840954698564636435e-03 9.610206725224188506e-01
1.302308433321865323e+03 9.663749015763071215e-01 4.864669769072037242e-03 9.667647488102033559e-01
1.302319293405221060e+03 9.757195740004772633e-01 4.883548596924480907e-03 9.713576182274039628e-01
1.302330153579140188e+03 9.755552720633032804e-01 4.898771335292929387e-03 9.750752405592539862e-01
1.302341013843623386e+03 9.792782787462314120e-01 4.911201977588656314e-03 9.781207093903517835e-01
1.302351874198671339e+03 9.843904452001338568e-01 4.921473793221461598e-03 9.806438245586202029e-01
1.302362734644285183e+03 9.858356121884109813e-01 4.930054709590112050e-03 9.827559808652862605e-01
1.302373595180465145e+03 9.781877979162717507e-01 4.937294452702955909e-03 9.845409275955342432e-01
1.302384455807212362e+03 9.856576219652899429e-01 4.943457730206640005e-03 9.860623889254815921e-01
1.302395316524527288e+03 9.951741706500033535e-01 4.948747464526267147e-03 9.873694398363328517e-01
1.302406177332411062e+03 9.872476946350016158e-01 4.953321131217157045e-03 9.885003158327437811e-01
1.302417038230864136e+03 9.965236619564784570e-01 4.957302355455835141e-03 9.894851365487404848e-01
1.302427899219887422e+03 9.891172722178653842e-01 4.960789237448930480e-03 9.903478738600389741e-01
1.302438760299481373e+03 9.920230773341273123e-01 4.963860402556299553e-03 9.911077903936378330e-01
1.302449621469647127e+03 9.961979154696608552e-01 4.966579451682755046e-03 9.917805030562263369e-01
1.302460482730385365e+03 9.850650948590167211e-01 4.968998273673959874e-03 9.923787781431127053e-01
1.302471344081696770e+03 9.933774852759351681e-01 4.971159538510822040e-03 9.929131321526749598e-01
1.302482205523582024e+03 9.878985712951838805e-01 4.973098593889026080e-03 9.933922904073941851e-01
1.302493067056042037e+03 9.843944463197757955e-01 4.974844922399625398e-03 9.938235404993245314e-01
1.302503928679077490e+03 9.928182501483389100e-01 4.976423271629622225e-03 9.942130071454389206e-01
1.302514790392689065e+03 9.857486238602156670e-01 4.977854538320042495e-03 9.945658677473975251e-01
1.302525652196877218e+03 9.981312316490782433e-01 4.979156465820240227e-03 9.948865228012604423e-01
1.302536514091643767e+03 9.967630639761048128e-01 4.980344198529045897e-03 9.951787316286727636e-01
1.302547376076988257e+03 9.957935315490237249e-01 4.981430725857455104e-03 9.954457212531876431e-01
1.302558238152912054e+03 9.941877082182001280e-01 4.982427240161845482e-03 9.956902743185963578e-01
1.302569100319415838e+03 1.001041177350683320e+00 4.983343427179621858e-03 9.959148005310606289e-01
1.302579962576500520e+03 9.995995249548025319e-01 4.984187703129304078e-03 9.961213950583729382e-01
1.302590824924166327e+03 1.002260823741634832e+00 4.984967409381465230e-03 9.963118865363039811e-01
1.302601687362414623e+03 9.954176805685427398e-01 4.985688973161509982e-03 9.964878767419553807e-01
1.302612549891245862e+03 9.977792626530492814e-01 4.986358040893773373e-03 9.966507735462656337e-01
1.302623412510660955e+03 9.894263729586627587e-01 4.986979589384207129e-03 9.968018184154928685e-01
1.302634275220660356e+03 9.900489472382340006e-01 4.987558018954072261e-03 9.969421094680013251e-01
1.302645138021244975e+03 9.850735234079606162e-01 4.988097231797990888e-03 9.970726208885173358e-01
1.302656000912415720e+03 9.971561589565974826e-01 4.988600698186624119e-03 9.971942193428109391e-01
1.302666863894173275e+03 9.894224002907816562e-01 4.989071512622822967e-03 9.973076779109059098e-01
1.302677726966518321e+03 9.983055604227806246e-01 4.989512441657131640e-03 9.974136879583994642e-01
1.302688590129451541e+03 9.998934363077178755e-01 4.989925964749425402e-03 9.975128692873372893e-01
1.302699453382973843e+03 9.966232131660838212e-01 4.990314309309283949e-03 9.976057788457888265e-01
1.302710316727085910e+03 9.900104311345858665e-01 4.990679480844277191e-03 9.976929182253317929e-01
1.302721180161788652e+03 9.925102488226020814e-01 4.991023288981698627e-03 9.977747401354595258e-01
1.302732043687082296e+03 1.000806863860419504e+00 4.991347369997112086e-03 9.978516540114021893e-01
1.302742907302968433e+03 9.948691479954859807e-01 4.991653206375676506e-03 9.979240308854301356e-01
1.302753771009447291e+03 1.004538607692625041e+00 4.991942143844823286e-03 9.979922076301555034e-01
1.302764634806519553e+03 9.975491850240154612e-01 4.992215406245181092e-03 9.980564906646861578e-01
1.302775498694186126e+03 9.953229085092629713e-01 4.992474108547815051e-03 9.981171591999613568e-01
1.302786362672447922e+03 1.000663060351476563e+00 4.992719268277342679e-03 9.981744680876113440e-01
1.302797226741305394e+03 9.989818480791732291e-01 4.992951815560246753e-03 9.982286503267492339e-01
1.302808090900759453e+03 1.007600158714005323e+00 4.993172601984356175e-03 9.982799192748433859e-01
1.302818955150811007e+03 1.001171103090958470e+00 4.993382408427613113e-03 9.983284706019392996e-01
1.302829819491460512e+03 1.009009048563259681e+00 4.993581951990980379e-03 9.983744840217170236e-01
1.302840683922708877e+03 1.001971865642960813e+00 4.993771892150783084e-03 9.984181248280525889e-01
1.302851548444556784e+03 9.939320704898155778e-01 4.993952836229388105e-03 9.984595452616596978e-01
1.302862413057005369e+03 1.004758679009719158e+00 4.994125344269170763e-03 9.984988857279558649e-01
1.302873277760054862e+03 1.001210731118468145e+00 4.994289933383098089e-03 9.985362758843784325e-01
1.302884142553705942e+03 1.003921845484879727e+00 4.994447081645141118e-03 9.985718356129078543e-01
1.302895007437960203e+03 9.956502992107642003e-01 4.994597231575375988e-03 9.986056758914390041e-01
1.302905872412817644e+03 9.972020422931446859e-01 4.994740793267318270e-03 9.986378995758539157e-01
1.302916737478279174e+03 9.994164090345121210e-01 4.994878147198868884e-03 9.986686021030986016e-01
1.302927602634345249e+03 1.006333635992532782e+00 4.995009646762949528e-03 9.986978721242623092e-01
1.302938467881017459e+03 9.959737209072851982e-01 4.995135620549323238e-03 9.987257920755023832e-01
1.302949333218296033e+03 9.952859081358728099e-01 4.995256374405183074e-03 9.987524386937008947e-01
1.302960198646181425e+03 9.998907772258740501e-01 4.995372193298691817e-03 9.987778834828819896e-01
1.302971064164674999e+03 9.890000392807732910e-01 4.995483343006730872e-03 9.988021931366881656e-01
1.302981929773777210e+03 9.899415098605047758e-01 4.995590071645539601e-03 9.988254299215899579e-01
1.302992795473488741e+03 9.946113225166550720e-01 4.995692611060775258e-03 9.988476520249406354e-01
1.303003661263810727e+03 1.001163811663952741e+00 4.995791178091532267e-03 9.988689138715163285e-01
1.303014527144743624e+03 1.007364770167326951e+00 4.995885975721242774e-03 9.988892664117617892e-01
1.303025393116287660e+03 9.924539371181808622e-01 4.995977194126853885e-03 9.989087573845939483e-01
1.303036259178444652e+03 9.945659374909935346e-01 4.996065011636462681e-03 9.989274315573002383e-01
1.303047125331214829e+03 9.977381880760051169e-01 4.996149595604413088e-03 9.989453309447815510e-01
1.303057991574598873e+03 9.984413649949579472e-01 4.996231103211868155e-03 9.989624950101545497e-01
1.303068857908597693e+03 9.934680166992049255e-01 4.996309682200061192e-03 9.989789608484933581e-01
1.303079724333211743e+03 9.930904863059814014e-01 4.996385471542593923e-03 9.989947633553205586e-01
1.303090590848442389e+03 1.002887828670897097e+00 4.996458602062508851e-03 9.990099353812691430e-01
1.303101457454289857e+03 1.004444830410140099e+00 4.996529196999270617e-03 9.990245078742043816e-01
1.303112324150755057e+03 9.974663229712581458e-01 4.996597372530235150e-03 9.990385100099477000e-01
1.303123190937838899e+03 9.906983189151018498e-01 4.996663238250755208e-03 9.990519693126428402e-01
1.303134057815541382e+03 1.000278717462672162e+00 4.996726897616606856e-03 9.990649117656816847e-01
1.303144924783864553e+03 9.907833753263599608e-01 4.996788448352091835e-03 9.990773619140377315e-01
1.303155791842808185e+03 9.992424947554462422e-01 4.996847982826830778e-03 9.990893429587501817e-01
1.303166658992373414e+03 9.945817328353174780e-01 4.996905588403948231e-03 9.991008768442444232e-01
1.303177526232560922e+03 9.986550114834836789e-01 4.996961347762111927e-03 9.991119843391003119e-01
1.303188393563371392e+03 9.993480096889160169e-01 4.997015339193651949e-03 9.991226851108236939e-01
1.303199260984805960e+03 1.001715171524741654e+00 4.997067636880749529e-03 9.991329977951284302e-01
1.303210128496864627e+03 1.005911494898175773e+00 4.997118311151542945e-03 9.991429400601781197e-01
1.303220996099548984e+03 9.995549347492679315e-01 4.997167428717782904e-03 9.991525286662064076e-01
1.303231863792858803e+03 1.004568401207424078e+00 4.997215052895549216e-03 9.991617795208916908e-01
1.303242731576795904e+03 9.939664004421692178e-01 4.997261243810378374e-03 9.991707077308242813e-01
1.303253599451360515e+03 9.991607339097838825e-01 4.997306058588084875e-03 9.991793276493812215e-01
1.303264467416553316e+03 1.001718113128099885e+00 4.997349551532342254e-03 9.991876529212897484e-01
1.303275335472375218e+03 9.989023737781559387e-01 4.997391774290119333e-03 9.991956965241406419e-01
1.303286203618827130e+03 1.001918102247981723e+00 4.997432776005872844e-03 9.992034708070814952e-01
1.303297071855909508e+03 9.956519530907652626e-01 4.997472603465379429e-03 9.992109875269143959e-01
1.303307940183623032e+03 9.992542129064339029e-01 4.997511301229970275e-03 9.992182578817839778e-01
1.303318808601969067e+03 9.993692881704955289e-01 4.997548911761915194e-03 9.992252925426479138e-01
1.303329677110947614e+03 1.008786214865234898e+00 4.997585475541590182e-03 9.992321016826840596e-01
1.303340545710559809e+03 1.001987430382957012e+00 4.997621031177042553e-03 9.992386950047935645e-01
1.303351414400806561e+03 1.001060085970708391e+00 4.997655615506510496e-03 9.992450817673317331e-01
1.303362283181688326e+03 9.993857483876823489e-01 4.997689263694389712e-03 9.992512708081997541e-01
1.303373152053206013e+03 1.002134363097983538e+00 4.997722009321130254e-03 9.992572705674105382e-01
1.303384021015360304e+03 9.993215951530238783e-01 4.997753884467464290e-03 9.992630891082334710e-01
1.303394890068151881e+03 1.008550848485336937e+00 4.997784919793400206e-03 9.992687341370215526e-01
1.303405759211581653e+03 1.003304964702050661e+00 4.997815144612274482e-03 9.992742130218065233e-01
1.303416628445650304e+03 9.955661138861480186e-01 4.997844586960259461e-03 9.992795328097432428e-01
1.303427497770358514e+03 9.900464335456444775e-01 4.997873273661578540e-03 9.992847002434851467e-01
1.303438367185707421e+03 9.995762720383084554e-01 4.997901230389721096e-03 9.992897217765477347e-01
1.303449236691697479e+03 9.963978471980032836e-01 4.997928481724899126e-03 9.992946035877338096e-01
1.303460106288329143e+03 9.939926233685184576e-01 4.997955051207963323e-03 9.992993515946677618e-01
1.303470975975603778e+03 1.006960941462202053e+00 4.997980961390995416e-03 9.993039714664913031e-01
1.303481845753521839e+03 1.011103171241225951e+00 4.998006233884706023e-03 9.993084686357608382e-01
1.303492715622084006e+03 9.913091122514039455e-01 4.998030889402830558e-03 9.993128483095873316e-01
1.303503585581290963e+03 1.007158376622268037e+00 4.998054947803583052e-03 9.993171154800346567e-01
1.303514455631144074e+03 1.000058150878772034e+00 4.998078428128279772e-03 9.993212749338100664e-01
1.303525325771643111e+03 1.003538269342377776e+00 4.998101348637130036e-03 9.993253312612345729e-01
1.303536196002789666e+03 1.006634516101645671e+00 4.998123726842158658e-03 9.993292888644960126e-01
1.303547066324583966e+03 9.999797372031409282e-01 4.998145579537144681e-03 9.993331519651478256e-01
1.303557936737027376e+03 1.001588195568236195e+00 4.998166922824304886e-03 9.993369246107881576e-01
1.303568807240119895e+03 1.005072503816057727e+00 4.998187772137279751e-03 9.993406106808114808e-01
1.303579677833862888e+03 9.960284182907421791e-01 4.998208142259689783e-03 9.993442138910479944e-01
1.303590548518256583e+03 1.003142167885105573e+00 4.998228047338037529e-03 9.993477377969994802e-01
1.303601419293302342e+03 9.969101341162849295e-01 4.998247500886946436e-03 9.993511857951767885e-01
1.303612290159000622e+03 9.987440431221162873e-01 4.998266515783329582e-03 9.993545611217378166e-01
1.303623161115352104e+03 1.003435945281623942e+00 4.998285104243551172e-03 9.993578668470304294e-01
1.303634032162357471e+03 1.005137051883408184e+00 4.998303277772772613e-03 9.993611058635675226e-01
1.303644903300017404e+03 1.007602433003890186e+00 4.998321047065504286e-03 9.993642808627936081e-01
1.303655774528333268e+03 9.991075974443601737e-01 4.998338421811785760e-03 9.993673942913992025e-01
1.303666645847305290e+03 9.929315474534664565e-01 4.998355410235016429e-03 9.993704482670435763e-01
1.303677517256934152e+03 9.981132621599472232e-01 4.998372016230238565e-03 9.993734443973771864e-01
1.303688388757221219e+03 1.000878793531901456e+00 4.998388202461596409e-03 9.993763829767703388e-01
1.303699260348166717e+03 1.003673474749173566e+00 4.998403498082306523e-03 9.993792497494642380e-01
1.303710132029771330e+03 1.002045408019543560e+00 4.998414312258512952e-03 9.993818100508192748e-01
1.303721003802036194e+03 1.003836361212043560e+00 4.998403273242601509e-03 9.993818223404689061e-01
1.303731875664961763e+03 1.003595179335318166e+00 4.998320451829379139e-03 9.993678799515475220e-01
1.303742747618548947e+03 1.005173128354325707e+00 4.998093244379738995e-03 9.993133035231158701e-01
1.303753619662798656e+03 1.007457425420861252e+00 4.997702295177985921e-03 9.992018376726570228e-01
1.303764491797711116e+03 9.982476152484259790e-01 4.997237463629574696e-03 9.990636628897435756e-01
1.303775364023287466e+03 9.912539138959330920e-01 4.996838653119824690e-03 9.989527862902732869e-01
1.303786236339528614e+03 1.002781080105879186e+00 4.996583653227111912e-03 9.988924526792419822e-01
1.303797108746435015e+03 9.873953134330425430e-01 4.996445208370242468e-03 9.988634593424240427e-01
1.303807981244007578e+03 9.963813795414683261e-01 4.996357165013095951e-03 9.988430707147811782e-01
1.303818853832246987e+03 9.956816091954665549e-01 4.996279236853710427e-03 9.988229568160381655e-01
1.303829726511153922e+03 9.967926562756577180e-01 4.996198437705483275e-03 9.988015958951319551e-01
1.303840599280729521e+03 1.001256823275006536e+00 4.996111938082583095e-03 9.987787416237807747e-01
1.303851472140973783e+03 9.871660344282867650e-01 4.996018956244872855e-03 9.987542606002278722e-01
1.303862345091888528e+03 1.008578543250780557e+00 4.995918924308957731e-03 9.987280134519362917e-01
1.303873218133473529e+03 1.001273817702766689e+00 4.995811237505091290e-03 9.986998461396956461e-01
1.303884091265730149e+03 9.997432172579269194e-01 4.995695224599741233e-03 9.986695873877422525e-01
1.303894964488658616e+03 1.000193618128905060e+00 4.995570136617148542e-03 9.986370461201856674e-01
1.303905837802260294e+03 9.940024473412433226e-01 4.995435135328626236e-03 9.986020085652398404e-01
1.303916711206535638e+03 9.899094768708739389e-01 4.995289280019393069e-03 9.985642349098942105e-01
1.303927584701485330e+03 9.911140321756584104e-01 4.995131512040427296e-03 9.985234553944264402e-01
1.303938458287110052e+03 9.972560346121668307e-01 4.994960636642798053e-03 9.984793657225093932e-01
1.303949331963410941e+03 1.006233467777272184e+00 4.994775301499380926e-03 9.984316216386744935e-01
1.303960205730388452e+03 9.999762272221449644e-01 4.994573971186111981e-03 9.983798324916817180e-01
1.303971079588043494e+03 9.959139193101413934e-01 4.994354896719102078e-03 9.983235535587388076e-01
1.303981953536376750e+03 1.004765256309646304e+00 4.994116079015249038e-03 9.982622768489729514e-01
1.303992827575388674e+03 9.965489400265399311e-01 4.993855224846627597e-03 9.981954200312715964e-01
1.304003701705080630e+03 9.989430782642467754e-01 4.993569693471191714e-03 9.981223130362609774e-01
1.304014575925453073e+03 1.001507811200897269e+00 4.993256431613319474e-03 9.980421817573918997e-01
1.304025450236506686e+03 9.895374939213269494e-01 4.992911893795205433e-03 9.979541281116756091e-01
1.304036324638242149e+03 9.910366930424248100e-01 4.992531944124464077e-03 9.978571055023526259e-01
1.304047199130660601e+03 9.973312468270888465e-01 4.992111734440956433e-03 9.977498884337977492e-01
1.304058073713762496e+03 9.962106338950379447e-01 4.991645552097683826e-03 9.976310346350942826e-01
1.304068948387548744e+03 1.004104953686764556e+00 4.991126628425539280e-03 9.974988375127894491e-01
1.304079823152019799e+03 9.984070058376406376e-01 4.990546895861783412e-03 9.973512660173684541e-01
1.304090698007176570e+03 9.904173584905092698e-01 4.989896677443489935e-03 9.971858879877004700e-01
1.304101572953019968e+03 9.954487208988325175e-01 4.989164286341240574e-03 9.969997716091055784e-01
1.304112447989550674e+03 9.979676248968040175e-01 4.988335504527869994e-03 9.967893575998102440e-01
1.304123323116769598e+03 9.966389145306649988e-01 4.987392897322100518e-03 9.965502918519024700e-01
1.304134198334677194e+03 9.962350702321415286e-01 4.986314902554779549e-03 9.962772040805237816e-01
1.304145073643274145e+03 9.953071493179670437e-01 4.985074606615766228e-03 9.959634119476115099e-01
1.304155949042561588e+03 1.001687133273042818e+00 4.983638080248732442e-03 9.956005211644793906e-01
1.304166824532540204e+03 9.893636812503032729e-01 4.981962087937081597e-03 9.951778787922627156e-01
1.304177700113210449e+03 9.903238762180265331e-01 4.979990896023804743e-03 9.946818172132594338e-01
1.304188575784573459e+03 1.000006025626463790e+00 4.977651772274276250e-03 9.940945970604891935e-01
1.304199451546629689e+03 9.945169012644073936e-01 4.974848576840390155e-03 9.933929151872537000e-01
1.304210327399379821e+03 9.926168560001240593e-01 4.971452582121622076e-03 9.925457860831947698e-01
1.304221203342825220e+03 9.902368682110530562e-01 4.967289358761924414e-03 9.915115369449181149e-01
1.304232079376966112e+03 9.920172988177737849e-01 4.962120394438091116e-03 9.902336082648041105e-01
1.304242955501803181e+03 9.889519503829282687e-01 4.955618584808874245e-03 9.886349223506902817e-01
1.304253831717337334e+03 9.872507987501462079e-01 4.947339061258682405e-03 9.866110209905452066e-01
1.304264708023569483e+03 9.812852554948668926e-01 4.936693174612874317e-03 9.840234754203243117e-01
1.304275584420500309e+03 9.812728967966355409e-01 4.922946335709914821e-03 9.806979260922871200e-01
1.304286460908130721e+03 9.850219166728173548e-01 4.905279502297115596e-03 9.764358064724595332e-01
1.304297337486460719e+03 9.650019637860313138e-01 4.882969843277912801e-03 9.710536750455570632e-01
1.304308214155492124e+03 9.666396631799476502e-01 4.855734263921666211e-03 9.644635333000188826e-01
1.304319090915224933e+03 9.625050550108845693e-01 4.824209115955108672e-03 9.567926652323134329e-01
1.304329967765660058e+03 9.433943470436132461e-01 4.790406252609419151e-03 9.485078412655205682e-01
1.304340844706798634e+03 9.466532862127322590e-01 4.757855356941006336e-03 9.404694263489297157e-01
1.304351721738641118e+03 9.267516518730370967e-01 4.731147075230419767e-03 9.338318682866553200e-01
1.304362598861188189e+03 9.276397414335267877e-01 4.714828452310517934e-03 9.297633946225832835e-01
1.304373476074440532e+03 9.302885622946545086e-01 4.711994995510066474e-03 9.290690641475747302e-01
1.304384353378399055e+03 9.336026405419503016e-01 4.723208510863891561e-03 9.318932063212674866e-01
1.304395230773064895e+03 9.342177550666014296e-01 4.746291796384560432e-03 9.376633646704328751e-01
1.304406108258438280e+03 9.493427761625378158e-01 4.777109371194718061e-03 9.453078883421742740e-01
1.304416985834520119e+03 9.598095217328274087e-01 4.810926542892968519e-03 9.536251091879821562e-01
1.304427863501310867e+03 9.607969090542968216e-01 4.843697706340644067e-03 9.616178691702147452e-01
1.304438741258812115e+03 9.645306839186974512e-01 4.872795770375956681e-03 9.686656757043481392e-01
1.304449619107023636e+03 9.786227163803564721e-01 4.897081797831399214e-03 9.745219461036743747e-01
1.304460497045947022e+03 9.791729089820888632e-01 4.916534654401217425e-03 9.792065963259231065e-01
1.304471375075582728e+03 9.771801132296681347e-01 4.931752941597395724e-03 9.828779723365915766e-01
1.304482253195930980e+03 9.941568685314623455e-01 4.943547730839335623e-03 9.857354903765784826e-01
1.304493131406993143e+03 9.791205497447089678e-01 4.952699990832393206e-03 9.879655263558466682e-01
1.304504009708770127e+03 9.847345270173204490e-01 4.959858652271694271e-03 9.897207746475409351e-01
1.304514888101261931e+03 9.920266139837558006e-01 4.965523368308694639e-03 9.911182610373225899e-01
1.304525766584470148e+03 9.919427386248380607e-01 4.970064499943742387e-03 9.922448723211472199e-01
1.304536645158395004e+03 9.890370568929879314e-01 4.973752528900375440e-03 9.931644086118993631e-01
1.304547523823037182e+03 9.981268775730232079e-01 4.976784837014760175e-03 9.939237647280855237e-01
1.304558402578398045e+03 9.882014281505289155e-01 4.979306493700900657e-03 9.945576716053535771e-01
1.304569281424477822e+03 9.773158583728923654e-01 4.981425309567810884e-03 9.950921295098892339e-01
1.304580160361277194e+03 1.002500119134729362e+00 4.983222426784962231e-03 9.955468372917680719e-01
1.304591039388797526e+03 1.001188113563505455e+00 4.984759710416186880e-03 9.959369019912023280e-01
1.304601918507039045e+03 9.981857476266162710e-01 4.986084923035815318e-03 9.962740465395982792e-01
1.304612797716002433e+03 9.845343064240418274e-01 4.987235379032910546e-03 9.965674701065788677e-01
1.304623677015688827e+03 9.938511792423700975e-01 4.988240554491300653e-03 9.968244675062003513e-01
1.304634556406098682e+03 9.961275902825599271e-01 4.989123974042719567e-03 9.970508802444975061e-01
1.304645435887233134e+03 9.909229923311476673e-01 4.989904591888878922e-03 9.972514287671021549e-01
1.304656315459092411e+03 9.974626303437830188e-01 4.990597814776622301e-03 9.974299599622842294e-01
1.304667195121677651e+03 9.943229296950970575e-01 4.991216268476972133e-03 9.975896335343288346e-01
1.304678074874989761e+03 9.933438939189548345e-01 4.991770378334026842e-03 9.977330637920742706e-01
1.304688954719028743e+03 1.003504952313706511e+00 4.992268813491673556e-03 9.978624285694477347e-01
1.304699834653796415e+03 9.936281006441201047e-01 4.992718830077998680e-03 9.979795536655678978e-01
1.304710714679292778e+03 9.940509858062934745e-01 4.993126538721386586e-03 9.980859788723919213e-01
1.304721594795518513e+03 1.001530297614716014e+00 4.993497114846105235e-03 9.981830100247253146e-01
1.304732475002474985e+03 1.002017765214449296e+00 4.993834965298595344e-03 9.982717603456352506e-01
1.304743355300162420e+03 9.983601536148859479e-01 4.994143861356822173e-03 9.983531835254997322e-01
1.304754235688581957e+03 9.916417840362553582e-01 4.994427045649127775e-03 9.984281003672178523e-01
1.304765116167734050e+03 1.009381928691115871e+00 4.994687318667535326e-03 9.984972203865417617e-01
1.304775996737619380e+03 9.919794506209310692e-01 4.994927109205471623e-03 9.985611594287162607e-01
1.304786877398239085e+03 9.952196918412953286e-01 4.995148532043838276e-03 9.986204541184035000e-01
1.304797758149593619e+03 1.006258215579947546e+00 4.995353435456243232e-03 9.986755737763886032e-01
1.304808638991684120e+03 1.005474105368689308e+00 4.995543440535822957e-03 9.987269302976724550e-01
1.304819519924511042e+03 9.965200970689614968e-01 4.995719973913804665e-03 9.987748863796452881e-01
1.304830400948074839e+03 1.002354977227392308e+00 4.995884295108971897e-03 9.988197624076866621e-01
1.304841282062376877e+03 9.991305665602823183e-01 4.996037519491786441e-03 9.988618422426640553e-01
1.304852163267417609e+03 1.005525561719301075e+00 4.996180637648777768e-03 9.989013781058806440e-01
1.304863044563197946e+03 9.975406141208303934e-01 4.996314531777961906e-03 9.989385947187265913e-01
1.304873925949718341e+03 1.000770995137817199e+00 4.996439989624365183e-03 9.989736928241448322e-01
1.304884807426979705e+03 9.936601463855443406e-01 4.996557716368654929e-03 9.990068521931624312e-01
1.304895688994983175e+03 1.004817651317241101e+00 4.996668344805416974e-03 9.990382342007384509e-01
1.304906570653728522e+03 9.989818286073461895e-01 4.996772444086668499e-03 9.990679840400022993e-01
1.304917452403217567e+03 9.988799853986609634e-01 4.996870527257213195e-03 9.990962326317266440e-01
1.304928334243450536e+03 9.977226638844893802e-01 4.996963057768948578e-03 9.991230982760441748e-01
1.304939216174428338e+03 9.967264717406773000e-01 4.997050455129266149e-03 9.991486880854043573e-01
1.304950098196151657e+03 9.928647528937162292e-01 4.997133099812663300e-03 9.991730992312592985e-01
1.304960980308621174e+03 1.006701082495155219e+00 4.997211337543393077e-03 9.991964200316392208e-01
1.304971862511837799e+03 1.002859203270876742e+00 4.997285483039585509e-03 9.992187309024073150e-01
1.304982744805802440e+03 1.002620675618668633e+00 4.997355823294858702e-03 9.992401051913706311e-01
1.304993627190515554e+03 9.986797522675134875e-01 4.997422620461613139e-03 9.992606099114501594e-01
1.305004509665977594e+03 1.016947014216009970e+00 4.997486114390313830e-03 -9.999999999000000000e+09
1.305015392232190152e+03 9.989879597513559029e-01 4.997546524870902229e-03 -9.999999999000000000e+09
1.305026274889153456e+03 1.003736548853326305e+00 4.997604053615625069e-03 -9.999999999000000000e+09
1.305037157636868187e+03 1.001992995432051670e+00 4.997658886016809708e-03 -9.999999999000000000e+09
1.305048040475335256e+03 1.002228275275054203e+00 4.997711192708339037e-03 -9.999999999000000000e+09
1.305058923404555571e+03 9.941732982101542104e-01 4.997761130955478970e-03 -9.999999999000000000e+09
1.305069806424530043e+03 1.004839773297331318e+00 4.997808845894295866e-03 -9.999999999000000000e+09
1.305080689535258671e+03 9.928592090886951826e-01 4.997854471638998181e-03 -9.999999999000000000e+09
1.305091572736742819e+03 9.971761359383330969e-01 4.997898132273022147e-03 -9.999999999000000000e+09
1.305102456028983170e+03 9.928580779507680809e-01 4.997939942737649084e-03 -9.999999999000000000e+09
1.305113339411980178e+03 9.954788882919616277e-01 4.997980009630051054e-03 -9.999999999000000000e+09
1.305124222885735207e+03 9.967289882698000536e-01 4.998018431921182753e-03 -9.999999999000000000e+09
1.305135106450248486e+03 9.976398390980210085e-01 4.998055301602593106e-03 -9.999999999000000000e+09
1.305145990105520696e+03 9.957235823420198528e-01 4.998090704270086865e-03 -9.999999999000000000e+09
1.305156873851552973e+03 9.986324395052179614e-01 4.998124719651186355e-03 -9.999999999000000000e+09
1.305167757688345773e+03 9.907377542086490685e-01 4.998157422082497026e-03 -9.999999999000000000e+09
1.305178641615900233e+03 9.966536972751417478e-01 4.998188880942340540e-03 -9.999999999000000000e+09
1.305189525634216807e+03 1.006235937711547956e+00 4.998219161043391222e-03 -9.999999999000000000e+09
1.305200409743296404e+03 9.958774055853955032e-01 4.998248322989475717e-03 -9.999999999000000000e+09
1.305211293943139481e+03 1.001516990998149392e+00 4.998276423500243835e-03 -9.999999999000000000e+09
1.305222178233747172e+03 1.001918587670310279e+00 4.998303515706956253e-03 -9.999999999000000000e+09
1.305233062615120161e+03 1.011324726590075107e+00 4.998329649422306870e-03 -9.999999999000000000e+09
1.305243947087258903e+03 1.007075491905155218e+00 4.998354871386843749e-03 -9.999999999000000000e+09
1.305254831650164761e+03 9.979258876826501146e-01 4.998379225494282811e-03 -9.999999999000000000e+09
1.305265716303837735e+03 9.940143028875632059e-01 4.998402752997756909e-03 -9.999999999000000000e+09
1.305276601048279190e+03 1.004225466009823986e+00 4.998425492698826966e-03 -9.999999999000000000e+09
1.305287485883489353e+03 9.933588936671063907e-01 4.998447481120863248e-03 -9.999999999000000000e+09
1.305298370809469361e+03 9.948052355477283726e-01 4.998468752668292110e-03 -9.999999999000000000e+09
1.305309255826219896e+03 9.984067470695534574e-01 4.998489339772978039e-03 -9.999999999000000000e+09
1.305320140933741641e+03 9.907237284337476746e-01 4.998509273028931867e-03 -9.999999999000000000e+09
1.305331026132035504e+03 1.000002056854435883e+00 4.998528581316385999e-03 -9.999999999000000000e+09
1.305341911421102395e+03 1.003311044597476220e+00 4.998547291916208973e-03 -9.999999999000000000e+09
1.305352796800942542e+03 1.005777402461360603e+00 4.998565430615483328e-03 -9.999999999000000000e+09
1.305363682271557082e+03 9.955932138987861890e-01 4.998583021805025686e-03 -9.999999999000000000e+09
1.305374567832946468e+03 9.968669994230356934e-01 4.998600088569564621e-03 -9.999999999000000000e+09
1.305385453485112066e+03 9.991084058522952116e-01 4.998616652771163509e-03 -9.999999999000000000e+09
1.305396339228053648e+03 9.917301993689059403e-01 4.998632735126511129e-03 -9.999999999000000000e+09
1.305407225061773261e+03 1.007934810664405045e+00 4.998648355278531054e-03 -9.999999999000000000e+09
1.305418110986270221e+03 9.981492820467680049e-01 4.998663531862838037e-03 -9.999999999000000000e+09
1.305428997001546577e+03 1.004513266060353960e+00 4.998678282569422177e-03 -9.999999999000000000e+09
1.305439883107602327e+03 1.003187004792067683e+00 4.998692624199969382e-03 -9.999999999000000000e+09
1.305450769304438381e+03 1.007723228901033607e+00 4.998706572721157287e-03 -9.999999999000000000e+09
1.305461655592055649e+03 9.981081753437882620e-01 4.998720143314257063e-03 -9.999999999000000000e+09
1.305472541970454813e+03 1.000194651585861960e+00 4.998733350421313490e-03 -9.999999999000000000e+09
1.305483428439636555e+03 1.003070579038125132e+00 4.998746207788193861e-03 -9.999999999000000000e+09
1.305494314999601556e+03 1.002369914001926210e+00 4.998758728504725142e-03 -9.999999999000000000e+09
1.305505201650350955e+03 9.954950299589545581e-01 4.998770925042150988e-03 -9.999999999000000000e+09
1.305516088391885205e+03 9.992982958278550099e-01 4.998782809288124587e-03 -9.999999999000000000e+09
1.305526975224204989e+03 9.971241899329186253e-01 4.998794392579389984e-03 -9.999999999000000000e+09
1.305537862147310989e+03 1.006327803424657441e+00 4.998805685732352240e-03 -9.999999999000000000e+09
1.305548749161204341e+03 9.947093035739668077e-01 4.998816699071683030e-03 -9.999999999000000000e+09
1.305559636265885501e+03 1.006966865021206692e+00 4.998827442457105634e-03 -9.999999999000000000e+09
1.305570523461355606e+03 9.979517166033492481e-01 4.998837925308474706e-03 -9.999999999000000000e+09
1.305581410747614882e+03 1.006407326109505895e+00 4.998848156629308662e-03 -9.999999999000000000e+09
1.305592298124664467e+03 9.984038538407328245e-01 4.998858145028838885e-03 -9.999999999000000000e+09
1.305603185592505042e+03 1.001195497946199664e+00 4.998867898742728397e-03 -9.999999999000000000e+09
1.305614073151137291e+03 9.989050449842240553e-01 4.998877425652506826e-03 -9.999999999000000000e+09
1.305624960800562121e+03 9.953628203544176989e-01 4.998886733303847460e-03 -9.999999999000000000e+09
1.305635848540780216e+03 9.990309722753415445e-01 4.998895828923741007e-03 -9.999999999000000000e+09
1.305646736371791803e+03 9.942311128676202259e-01 4.998904719436651073e-03 -9.999999999000000000e+09
1.305657624293598928e+03 9.916390165004074220e-01 4.998913411479730291e-03 -9.999999999000000000e+09
1.305668512306200910e+03 9.981142704959856671e-01 4.998921911417126586e-03 -9.999999999000000000e+09
1.305679400409599339e+03 9.977981206750300425e-01 4.998930225353478453e-03 -9.999999999000000000e+09
1.305690288603794670e+03 1.008083095086023118e+00 4.998938359146637422e-03 -9.999999999000000000e+09
1.305701176888788041e+03 1.003024541211473553e+00 4.998946318419654998e-03 -9.999999999000000000e+09
1.305712065264579451e+03 9.949330893445595958e-01 4.998954108572096523e-03 -9.999999999000000000e+09
1.305722953731170719e+03 1.001352989465486232e+00 4.998961734790730548e-03 -9.999999999000000000e+09
1.305733842288561618e+03 9.993427567248257537e-01 4.998969202059611906e-03 -9.999999999000000000e+09
1.305744730936753513e+03 1.002939443736960978e+00 4.998976515169612292e-03 -9.999999999000000000e+09
1.305755619675746857e+03 9.954115094812107101e-01 4.998983678727444285e-03 -9.999999999000000000e+09
1.305766508505542561e+03 9.928377429178998348e-01 4.998990697164170174e-03 -9.999999999000000000e+09
1.305777397426141306e+03 9.956951695542597403e-01 4.998997574743274490e-03 -9.999999999000000000e+09
1.305788286437544002e+03 1.007953695669041805e+00 4.999004315568295921e-03 -9.999999999000000000e+09
1.305799175539751104e+03 1.003286378225606512e+00 4.999010923590061113e-03 -9.999999999000000000e+09
1.305810064732763522e+03 9.961138345341083999e-01 4.999017402613523814e-03 -9.999999999000000000e+09
1.305820954016582164e+03 1.001719871597420264e+00 4.999023756304267485e-03 -9.999999999000000000e+09
1.305831843391207485e+03 9.968833093510400811e-01 4.999029988194654030e-03 -9.999999999000000000e+09
1.305842732856640396e+03 1.012282597353729496e+00 4.999036101689665473e-03 -9.999999999000000000e+09
1.305853622412882032e+03 9.987941997456440957e-01 4.999042100072449007e-03 -9.999999999000000000e+09
1.305864512059932395e+03 1.000500292655655654e+00 4.999047986509569733e-03 -9.999999999000000000e+09
1.305875401797793074e+03 9.987540795998520737e-01 4.999053764056016202e-03 -9.999999999000000000e+09
1.305886291626464072e+03 9.979992150582713828e-01 4.999059435659937087e-03 -9.999999999000000000e+09
1.305897181545946296e+03 9.951072616695932904e-01 4.999065004167161860e-03 -9.999999999000000000e+09
1.305908071556241111e+03 9.949678768452627775e-01 4.999070472325485570e-03 -9.999999999000000000e+09
1.305918961657348518e+03 9.975063595739124267e-01 4.999075842788750640e-03 -9.999999999000000000e+09
1.305929851849269880e+03 9.970577558263048479e-01 4.999081118120728313e-03 -9.999999999000000000e+09
1.305940742132005425e+03 9.975690888066154338e-01 4.999086300798816218e-03 -9.999999999000000000e+09
1.305951632505556290e+03 1.003167076301432648e+00 4.999091393217550312e-03 -9.999999999000000000e+09
1.305962522969922929e+03 1.002158372925889385e+00 4.999096397691968514e-03 -9.999999999000000000e+09
1.305973413525106480e+03 1.005337724477282091e+00 4.999101316460788716e-03 -9.999999999000000000e+09
1.305984304171107169e+03 1.002848898060128668e+00 4.999106151689467967e-03 -9.999999999000000000e+09
1.305995194907926589e+03 9.939506326079441401e-01 4.999110905473093391e-03 -9.999999999000000000e+09
1.306006085735564511e+03 1.008706206819873996e+00 4.999115579839154277e-03 -9.999999999000000000e+09
1.306016976654022301e+03 9.956060448057829637e-01 4.999120176750184059e-03 -9.999999999000000000e+09
1.306027867663300640e+03 1.000515778530605360e+00 4.999124698106279137e-03 -9.999999999000000000e+09
1.306038758763399983e+03 9.994276279506973948e-01 4.999129145747506671e-03 -9.999999999000000000e+09
1.306049649954321694e+03 1.001116758278765451e+00 4.999133521456203960e-03 -9.999999999000000000e+09
1.306060541236066001e+03 9.990365444216926516e-01 4.999137826959167662e-03 -9.999999999000000000e+09
1.306071432608633586e+03 1.002556003340805191e+00 4.999142063929761480e-03 -9.999999999000000000e+09
1.306082324072025585e+03 9.947067799316240411e-01 4.999146233989911967e-03 -9.999999999000000000e+09
1.306093215626242909e+03 1.002674403741207865e+00 4.999150338712032328e-03 -9.999999999000000000e+09
1.306104107271285784e+03 1.001922538012158137e+00 4.999154379620853426e-03 -9.999999999000000000e+09
1.306114999007155120e+03 1.010665347726455332e+00 4.999158358195181923e-03 -9.999999999000000000e+09
1.306125890833851827e+03 9.934945615624727333e-01 4.999162275869573416e-03 -9.999999999000000000e+09
1.306136782751376813e+03 1.002887310407948318e+00 4.999166134035945737e-03 -9.999999999000000000e+09
1.306147674759730307e+03 9.929384559051711578e-01 4.999169934045115046e-03 -9.999999999000000000e+09
1.306158566858913446e+03 9.988659321968357263e-01 4.999173677208270349e-03 -9.999999999000000000e+09
1.306169459048926910e+03 9.977214060728037959e-01 4.999177364798384690e-03 -9.999999999000000000e+09
1.306180351329771611e+03 1.001665161152562433e+00 4.999180998051571713e-03 -9.999999999000000000e+09
1.306191243701448002e+03 1.006112157712276023e+00 4.999184578168381493e-03 -9.999999999000000000e+09
1.306202136163956993e+03 9.923427318013686715e-01 4.999188106315042603e-03 -9.999999999000000000e+09
1.306213028717299267e+03 1.000935133153412426e+00 4.999191583624657334e-03 -9.999999999000000000e+09
1.306223921361475959e+03 9.926818158102064249e-01 4.999195011198349220e-03 -9.999999999000000000e+09
1.306234814096487526e+03 1.007956067281535084e+00 4.999198390106351572e-03 -9.999999999000000000e+09
1.306245706922334421e+03 1.000088940062815235e+00 4.999201721389073469e-03 -9.999999999000000000e+09
1.306256599839017781e+03 1.002168485469571824e+00 4.999205006058099823e-03 -9.999999999000000000e+09
1.306267492846538516e+03 9.947614392719794640e-01 4.999208245097175839e-03 -9.999999999000000000e+09
1.306278385944896854e+03 1.009507895154116097e+00 4.999211439463130749e-03 -9.999999999000000000e+09
1.306289279134093704e+03 9.993302595705084723e-01 4.999214590086776405e-03 -9.999999999000000000e+09
1.306300172414130429e+03 9.966909571004919366e-01 4.999217697873771168e-03 -9.999999999000000000e+09
1.306311065785007258e+03 9.925551865636059734e-01 4.999220763705448239e-03 -9.999999999000000000e+09
1.306321959246724873e+03 9.964940278888295699e-01 4.999223788439612765e-03 -9.999999999000000000e+09
1.306332852799284183e+03 9.969326466430789013e-01 4.999226772911299042e-03 -9.999999999000000000e+09
1.306343746442686097e+03 1.000048763400983365e+00 4.999229717933519924e-03 -9.999999999000000000e+09
1.306354640176931071e+03 9.929664099892928641e-01 4.999232624297966776e-03 -9.999999999000000000e+09
1.306365534002020013e+03 9.980853047375154441e-01 4.999235492775697294e-03 -9.999999999000000000e+09
1.306376427917953833e+03 9.932635660651025766e-01 4.999238324117780824e-03 -9.999999999000000000e+09
1.306387321924732987e+03 1.007141752070503937e+00 4.999241119055942810e-03 -9.999999999000000000e+09
1.306398216022358383e+03 1.000816318842589814e+00 4.999243878303170213e-03 -9.999999999000000000e+09
1.306409110210830704e+03 1.000227133916786748e+00 4.999246602554290909e-03 -9.999999999000000000e+09
1.306420004490150859e+03 1.007960252263051526e+00 4.999249292486543546e-03 -9.999999999000000000e+09
1.306430898860319530e+03 9.985208645102845448e-01 4.999251948760120509e-03 -9.999999999000000000e+09
1.306441793321337400e+03 1.001234138006441343e+00 4.999254572018693547e-03 -9.999999999000000000e+09
1.306452687873205605e+03 9.964175480826656939e-01 4.999257162889912502e-03 -9.999999999000000000e+09
1.306463582515924145e+03 9.987272708436203406e-01 4.999259721985900573e-03 -9.999999999000000000e+09
1.306474477249494385e+03 1.002089964307555148e+00 4.999262249903721825e-03 -9.999999999000000000e+09
1.306485372073917006e+03 1.006695719617526352e+00 4.999264747225827879e-03 -9.999999999000000000e+09
1.306496266989192691e+03 1.003236629985623685e+00 4.999267214520503738e-03 -9.999999999000000000e+09
1.306507161995322349e+03 1.002190711770357678e+00 4.999269652342282384e-03 -9.999999999000000000e+09
1.306518057092306208e+03 9.955026615253735889e-01 4.999272061232356776e-03 -9.999999999000000000e+09
1.306528952280145404e+03 9.961036346059422009e-01 4.999274441718969293e-03 -9.999999999000000000e+09
1.306539847558841075e+03 1.017613154411648901e+00 4.999276794317790776e-03 -9.999999999000000000e+09
1.306550742928393220e+03 1.003072370367412702e+00 4.999279119532288283e-03 -9.999999999000000000e+09
1.306561638388803203e+03 9.973109788121242714e-01 4.999281417854080714e-03 -9.999999999000000000e+09
1.306572533940071253e+03 1.003036757323649164e+00 4.999283689763274474e-03 -9.999999999000000000e+09
1.306583429582198733e+03 9.969457804069430384e-01 4.999285935728795677e-03 -9.999999999000000000e+09
1.306594325315186097e+03 1.004555827503809118e+00 4.999288156208712801e-03 -9.999999999000000000e+09
1.306605221139033802e+03 1.002058244067559167e+00 4.999290351650539400e-03 -9.999999999000000000e+09
1.306616117053743210e+03 9.992452417878237014e-01 4.999292522491536814e-03 -9.999999999000000000e+09
1.306627013059314777e+03 9.990005596239623920e-01 4.999294669158996056e-03 -9.999999999000000000e+09
1.306637909155748957e+03 9.966847871817958726e-01 4.999296792070522313e-03 -9.999999999000000000e+09
1.306648805343046888e+03 1.000755448449300422e+00 4.999298891634298622e-03 -9.999999999000000000e+09
1.306659701621209479e+03 9.968639647017757399e-01 4.999300968249355617e-03 -9.999999999000000000e+09
1.306670597990236729e+03 1.001133129263096944e+00 4.999303022305806588e-03 -9.999999999000000000e+09
1.306681494450130458e+03 1.007640044197326112e+00 4.999305054185112021e-03 -9.999999999000000000e+09
1.306692391000890666e+03 1.001031016928220385e+00 4.999307064260299915e-03 -9.999999999000000000e+09
1.306703287642518262e+03 9.947773021957070361e-01 4.999309052896199965e-03 -9.999999999000000000e+09
1.306714184375014383e+03 1.004151855672102300e+00 4.999311020449666472e-03 -9.999999999000000000e+09
1.306725081198379030e+03 1.004000518046034296e+00 4.999312967269788251e-03 -9.999999999000000000e+09
1.306735978112613566e+03 9.997483667522688577e-01 4.999314893698096791e-03 -9.999999999000000000e+09
1.306746875117718673e+03 1.002998639928797564e+00 4.999316800068769225e-03 -9.999999999000000000e+09
1.306757772213695034e+03 9.946529435875876013e-01 4.999318686708820875e-03 -9.999999999000000000e+09
1.306768669400543331e+03 9.970411404937189470e-01 4.999320553938297815e-03 -9.999999999000000000e+09
1.306779566678264473e+03 1.004117674953290740e+00 4.999322402070450339e-03 -9.999999999000000000e+09
1.306790464046858915e+03 9.997321284927269680e-01 4.999324231411919443e-03 -9.999999999000000000e+09
1.306801361506327794e+03 1.007609212059486392e+00 4.999326042262902496e-03 -9.999999999000000000e+09
1.306812259056671564e+03 1.003432864546410119e+00 4.999327834917322369e-03 -9.999999999000000000e+09
1.306823156697891363e+03 1.003556578003125255e+00 4.999329609662987901e-03 -9.999999999000000000e+09
1.306834054429987418e+03 9.931793285770229573e-01 4.999331366781747422e-03 -9.999999999000000000e+09
1.306844952252961093e+03 1.000612567106099471e+00 4.999333106549647479e-03 -9.999999999000000000e+09
1.306855850166812615e+03 1.006605235933758280e+00 4.999334829237068144e-03 -9.999999999000000000e+09
1.306866748171542895e+03 9.962196654113065764e-01 4.999336535108880007e-03 -9.999999999000000000e+09
1.306877646267153068e+03 1.002282747927289552e+00 4.999338224424571681e-03 -9.999999999000000000e+09
1.306888544453643135e+03 9.949488979683228651e-01 4.999339897438388573e-03 -9.999999999000000000e+09
1.306899442731014688e+03 9.917129975005967157e-01 4.999341554399458661e-03 -9.999999999000000000e+09
1.306910341099267953e+03 9.955823002673972466e-01 4.999343195551928659e-03 -9.999999999000000000e+09
1.306921239558403613e+03 9.934019150337711768e-01 4.999344821135078519e-03 -9.999999999000000000e+09
1.306932138108423032e+03 1.011789250450979116e+00 4.999346431383440252e-03 -9.999999999000000000e+09
1.306943036749326438e+03 9.976205973819256556e-01 4.999348026526919363e-03 -9.999999999000000000e+09
1.306953935481114740e+03 9.933126269344487724e-01 4.999349606790903268e-03 -9.999999999000000000e+09
1.306964834303788393e+03 1.001050331238920066e+00 4.999351172396374922e-03 -9.999999999000000000e+09
1.306975733217348761e+03 1.001278203885980655e+00 4.999352723560006491e-03 -9.999999999000000000e+09
1.306986632221796299e+03 1.000481641396356203e+00 4.999354260494284254e-03 -9.999999999000000000e+09
1.306997531317131461e+03 1.006275660765357349e+00 4.999355783407584929e-03 -9.999999999000000000e+09
1.307008430503355612e+03 1.004787221975635747e+00 4.999357292504288432e-03 -9.999999999000000000e+09
1.307019329780468752e+03 9.976128364073234556e-01 4.999358787984871551e-03 -9.999999999000000000e+09
1.307030229148472472e+03 9.980417588868317758e-01 4.999360270045992080e-03 -9.999999999000000000e+09
1.307041128607367227e+03 1.001185163170251968e+00 4.999361738880581628e-03 -9.999999999000000000e+09
1.307052028157153472e+03 9.971461400214959303e-01 4.999363194677939291e-03 -9.999999999000000000e+09
1.307062927797832117e+03 9.923892836686508678e-01 4.999364637623805382e-03 -9.999999999000000000e+09
1.307073827529404070e+03 9.870479999769045110e-01 4.999366067900449032e-03 -9.999999999000000000e+09
1.307084727351870242e+03 9.974509702630529606e-01 4.999367485686751454e-03 -9.999999999000000000e+09
1.307095627265230632e+03 9.955386869842260955e-01 4.999368891158276207e-03 -9.999999999000000000e+09
1.307106527269486833e+03 1.006860637713295592e+00 4.999370284487350720e-03 -9.999999999000000000e+09
1.307117427364639298e+03 9.989615286262631955e-01 4.999371665843135686e-03 -9.999999999000000000e+09
1.307128327550688709e+03 9.905401117135504974e-01 4.999373035391703989e-03 -9.999999999000000000e+09
1.307139227827635750e+03 9.999878853425006042e-01 4.999374393296097951e-03 -9.999999999000000000e+09
1.307150128195481784e+03 1.001082648055027891e+00 4.999375739716411735e-03 -9.999999999000000000e+09
1.307161028654226811e+03 1.005228772315969188e+00 4.999377074809844244e-03 -9.999999999000000000e+09
1.307171929203871741e+03 9.974439504681157365e-01 4.999378398730772860e-03 -9.999999999000000000e+09
1.307182829844417711e+03 1.005220266884433222e+00 4.999379711630813281e-03 -9.999999999000000000e+09
1.307193730575864947e+03 1.000649806978501477e+00 4.999381013658877639e-03 -9.999999999000000000e+09
1.307204631398214588e+03 9.997150829219468848e-01 4.999382304961235216e-03 -9.999999999000000000e+09
1.307215532311467541e+03 9.990208643341639272e-01 4.999383585681574892e-03 -9.999999999000000000e+09
1.307226433315624263e+03 9.963240240067107178e-01 4.999384855961053718e-03 -9.999999999000000000e+09
1.307237334410685207e+03 9.961177776914963422e-01 4.999386115938355898e-03 -9.999999999000000000e+09
1.307248235596651966e+03 1.004773477873122989e+00 4.999387365749749165e-03 -9.999999999000000000e+09
1.307259136873524540e+03 9.955489138906983282e-01 4.999388605529133354e-03 -9.999999999000000000e+09
1.307270038241304064e+03 1.000622434169231800e+00 4.999389835408088109e-03 -9.999999999000000000e+09
1.307280939699991222e+03 9.980782182656796619e-01 4.999391055515927523e-03 -9.999999999000000000e+09
1.307291841249586696e+03 9.990371843888208314e-01 4.999392265979748715e-03 -9.999999999000000000e+09
1.307302742890091395e+03 9.891367642394508497e-01 4.999393466924474325e-03 -9.999999999000000000e+09
1.307313644621505773e+03 1.005823022495923036e+00 4.999394658472901092e-03 -9.999999999000000000e+09
1.307324546443831196e+03 9.925703072410180239e-01 4.999395840745743218e-03 -9.999999999000000000e+09
1.307335448357067889e+03 1.009700511297213499e+00 4.999397013861682677e-03 -9.999999999000000000e+09
1.307346350361216537e+03 1.002668369334255738e+00 4.999398177937396971e-03 -9.999999999000000000e+09
1.307357252456278502e+03 9.896235564273495600e-01 4.999399333087618975e-03 -9.999999999000000000e+09
1.307368154642253785e+03 9.905785342020684281e-01 4.999400479425156890e-03 -9.999999999000000000e+09
1.307379056919143750e+03 1.001619525436528102e+00 4.999401617060954955e-03 -9.999999999000000000e+09
1.307389959286948624e+03 9.969151717793783840e-01 4.999402746104116002e-03 -9.999999999000000000e+09
1.307400861745669772e+03 9.925118720363117486e-01 4.999403866661945688e-03 -9.999999999000000000e+09
1.307411764295307648e+03 9.986912011953353874e-01 4.999404978839990660e-03 -9.999999999000000000e+09
1.307422666935862708e+03 1.000956424288193425e+00 4.999406082742067180e-03 -9.999999999000000000e+09
1.307433569667336087e+03 1.005937193109098793e+00 4.999407178470301888e-03 -9.999999999000000000e+09
1.307444472489728469e+03 1.004781990795846625e+00 4.999408266125167366e-03 -9.999999999000000000e+09
1.307455375403040762e+03 9.947058305708856851e-01 4.999409345805507290e-03 -9.999999999000000000e+09
1.307466278407273421e+03 1.007025994262691349e+00 4.999410417608577198e-03 -9.999999999000000000e+09
1.307477181502427584e+03 1.001392804678699511e+00 4.999411481630074844e-03 -9.999999999000000000e+09
1.307488084688503477e+03 9.972355556727776627e-01 4.999412537964164488e-03 -9.999999999000000000e+09
1.307498987965502465e+03 1.007139455457827681e+00 4.999413586703513324e-03 -9.999999999000000000e+09
1.307509891333424548e+03 9.985929813521217113e-01 4.999414627939320101e-03 -9.999999999000000000e+09
1.307520794792271317e+03 9.967270250036848189e-01 4.999415661761343749e-03 -9.999999999000000000e+09
1.307531698342043001e+03 1.000712510830426449e+00 4.999416688257926795e-03 -9.999999999000000000e+09
1.307542601982740507e+03 9.965776478169723340e-01 4.999417707516035266e-03 -9.999999999000000000e+09
1.307553505714364746e+03 1.002067351214172675e+00 4.999418719621267354e-03 -9.999999999000000000e+09
1.307564409536915946e+03 9.990718875340606209e-01 4.999419724657897662e-03 -9.999999999000000000e+09
1.307575313450395697e+03 9.985828480089418147e-01 4.999420722708889341e-03 -9.999999999000000000e+09
1.307586217454804000e+03 1.011265983662685386e+00 4.999421713855925313e-03 -9.999999999000000000e+09
1.307597121550141992e+03 1.002470230378840865e+00 4.999422698179432564e-03 -9.999999999000000000e+09
1.307608025736410355e+03 1.000909738981898611e+00 4.999423675758607293e-03 -9.999999999000000000e+09
1.307618930013609770e+03 9.999594893362122594e-01 4.999424646671431390e-03 -9.999999999000000000e+09
1.307629834381741148e+03 1.000179916911489109e+00 4.999425610994706268e-03 -9.999999999000000000e+09
1.307640738840805170e+03 1.006117478490315298e+00 4.999426568804064136e-03 -9.999999999000000000e+09
1.307651643390802519e+03 9.979783225568291671e-01 4.999427520173995755e-03 -9.999999999000000000e+09
1.307662548031734104e+03 9.945765967831475818e-01 4.999428465177872122e-03 -9.999999999000000000e+09
1.307673452763600608e+03 1.001369883434879204e+00 4.999429403887962683e-03 -9.999999999000000000e+09
1.307684357586402712e+03 1.000069981409471120e+00 4.999430336375457022e-03 -9.999999999000000000e+09
1.307695262500141098e+03 9.929156403878913739e-01 4.999431262710488273e-03 -9.999999999000000000e+09
1.307706167504817131e+03 9.956299085255493342e-01 4.999432182962142666e-03 -9.999999999000000000e+09
1.307717072600430811e+03 9.973471810778464786e-01 4.999433097198490751e-03 -9.999999999000000000e+09
1.307727977786983274e+03 1.002008673317546839e+00 4.999434005486596069e-03 -9.999999999000000000e+09
1.307738883064475203e+03 1.001352997098728714e+00 4.999434907892542912e-03 -9.999999999000000000e+09
1.307749788432907280e+03 9.990265452564183191e-01 4.999435804481445859e-03 -9.999999999000000000e+09
1.307760693892280415e+03 1.008034368419532090e+00 4.999436695317468864e-03 -9.999999999000000000e+09
1.307771599442595289e+03 9.989901800018285982e-01 4.999437580463847799e-03 -9.999999999000000000e+09
1.307782505083852584e+03 9.924491490966127483e-01 4.999438459982899138e-03 -9.999999999000000000e+09
1.307793410816053211e+03 1.010525589438460159e+00 4.999439333936045102e-03 -9.999999999000000000e+09
1.307804316639197850e+03 1.004559179790362577e+00 4.999440202383823202e-03 -9.999999999000000000e+09
1.307815222553287413e+03 1.001040666996005468e+00 4.999441065385900988e-03 -9.999999999000000000e+09
1.307826128558322353e+03 1.006105722595933338e+00 4.999441923001098596e-03 -9.999999999000000000e+09
1.307837034654303352e+03 1.003013387621713992e+00 4.999442775287398291e-03 -9.999999999000000000e+09
1.307847940841231548e+03 9.987503974786343663e-01 4.999443622301959211e-03 -9.999999999000000000e+09
1.307858847119108077e+03 9.979874194974116541e-01 4.999444464101132114e-03 -9.999999999000000000e+09
1.307869753487932485e+03 9.970169845962230104e-01 4.999445300740479325e-03 -9.999999999000000000e+09
1.307880659947706590e+03 1.006231115389818909e+00 4.999446132274777341e-03 -9.999999999000000000e+09
1.307891566498430620e+03 1.005684299067749699e+00 4.999446958758038510e-03 -9.999999999000000000e+09
1.307902473140105485e+03 1.000349246004414328e+00 4.999447780243525784e-03 -9.999999999000000000e+09
1.307913379872732094e+03 1.005630381877030466e+00 4.999448596783757914e-03 -9.999999999000000000e+09
1.307924286696310901e+03 1.005702775177253372e+00 4.999449408430528541e-03 -9.999999999000000000e+09
1.307935193610843044e+03 9.985953240518916640e-01 4.999450215234916596e-03 -9.999999999000000000e+09
1.307946100616328749e+03 1.001534941906181420e+00 4.999451017247297582e-03 -9.999999999000000000e+09
1.307957007712769155e+03 9.954403376718066188e-01 4.999451814517356582e-03 -9.999999999000000000e+09
1.307967914900165169e+03 1.002895367452632636e+00 4.999452607094102136e-03 -9.999999999000000000e+09
1.307978822178517021e+03 1.004178187356319585e+00 4.999453395025873180e-03 -9.999999999000000000e+09
1.307989729547826300e+03 9.996281304455691963e-01 4.999454178360351192e-03 -9.999999999000000000e+09
1.308000637008093008e+03 1.002171340019278434e+00 4.999454957144575801e-03 -9.999999999000000000e+09
1.308011544559318054e+03 9.952863714821941210e-01 4.999455731424951727e-03 -9.999999999000000000e+09
1.308022452201502119e+03 1.002819667426793959e+00 4.999456501247258322e-03 -9.999999999000000000e+09
1.308033359934646342e+03 9.942240003707124574e-01 4.999457266656660848e-03 -9.999999999000000000e+09
1.308044267758751175e+03 9.987428897883228185e-01 4.999458027697726084e-03 -9.999999999000000000e+09
1.308055175673817530e+03 1.007524374630855535e+00 4.999458784414422333e-03 -9.999999999000000000e+09
1.308066083679846315e+03 9.964199823050409188e-01 4.999459536850137630e-03 -9.999999999000000000e+09
1.308076991776837758e+03 9.979251382712412966e-01 4.999460285047684950e-03 -9.999999999000000000e+09
1.308087899964792996e+03 1.004258326611324081e+00 4.999461029049311750e-03 -9.999999999000000000e+09
1.308098808243712938e+03 1.003713401236746350e+00 4.999461768896714710e-03 -9.999999999000000000e+09
1.308109716613598039e+03 9.971958105679542550e-01 4.999462504631037134e-03 -9.999999999000000000e+09
1.308120625074448981e+03 9.877508672533465983e-01 4.999463236292890633e-03 -9.999999999000000000e+09
1.308131533626266901e+03 1.004048551502785269e+00 4.999463963922355994e-03 -9.999999999000000000e+09
1.308142442269052026e+03 1.005503349196993801e+00 4.999464687558995320e-03 -9.999999999000000000e+09
1.308153351002805948e+03 1.005780548416420617e+00 4.999465407241854634e-03 -9.999999999000000000e+09
1.308164259827528667e+03 1.000002161039130755e+00 4.999466123009483828e-03 -9.999999999000000000e+09
1.308175168743221093e+03 1.005495225120194958e+00 4.999466834899928859e-03 -9.999999999000000000e+09
1.308186077749884134e+03 1.002907973857939394e+00 4.999467542950754295e-03 -9.999999999000000000e+09
1.308196986847518474e+03 1.001701854303960637e+00 4.999468247199040719e-03 -9.999999999000000000e+09
1.308207896036125248e+03 9.993988143410559299e-01 4.999468947681396866e-03 -9.999999999000000000e+09
1.308218805315704230e+03 9.988619137317872321e-01 4.999469644433970905e-03 -9.999999999000000000e+09
1.308229714686257239e+03 1.010638437363272191e+00 4.999470337492446098e-03 -9.999999999000000000e+09
1.308240624147784501e+03 1.002501138978991957e+00 4.999471026892061618e-03 -9.999999999000000000e+09
1.308251533700286927e+03 1.007978406782914726e+00 4.999471712667609945e-03 -9.999999999000000000e+09
1.308262443343764971e+03 1.002255595308321867e+00 4.999472394853448146e-03 -9.999999999000000000e+09
1.308273353078219998e+03 9.986885617625287370e-01 4.999473073483500472e-03 -9.999999999000000000e+09
1.308284262903652234e+03 1.003425620636051674e+00 4.999473748591273976e-03 -9.999999999000000000e+09
1.308295172820062817e+03 1.003840484043087455e+00 4.999474420209855038e-03 -9.999999999000000000e+09
1.308306082827452201e+03 1.001045007564101086e+00 4.999475088371918910e-03 -9.999999999000000000e+09
1.308316992925821296e+03 1.001374854129584380e+00 4.999475753109739254e-03 -9.999999999000000000e+09
1.308327903115170557e+03 1.006254761416970345e+00 4.999476414455193349e-03 -9.999999999000000000e+09
1.308338813395501120e+03 9.923925100334995975e-01 4.999477072439762089e-03 -9.999999999000000000e+09
1.308349723766814122e+03 1.008752673750971329e+00 4.999477727094545597e-03 -9.999999999000000000e+09
1.308360634229109110e+03 9.975230389572777856e-01 4.999478378450258886e-03 -9.999999999000000000e+09
1.308371544782387900e+03 9.913665523539965108e-01 4.999479026537250077e-03 -9.999999999000000000e+09
1.308382455426650949e+03 9.968841058148558698e-01 4.999479671385492589e-03 -9.999999999000000000e+09
1.308393366161898712e+03 1.005337083200571469e+00 4.999480313024596417e-03 -9.999999999000000000e+09
1.308404276988132324e+03 9.932697263435003032e-01 4.999480951483821142e-03 -9.999999999000000000e+09
1.308415187905352695e+03 9.958783882201406312e-01 4.999481586792066390e-03 -9.999999999000000000e+09
1.308426098913560054e+03 9.905196633572194154e-01 4.999482218977890045e-03 -9.999999999000000000e+09
1.308437010012755763e+03 1.000541606898251112e+00 4.999482848069503917e-03 -9.999999999000000000e+09
1.308447921202939824e+03 1.009448141735565851e+00 4.999483474094786745e-03 -9.999999999000000000e+09
1.308458832484113600e+03 1.000945860566439416e+00 4.999484097081285938e-03 -9.999999999000000000e+09
1.308469743856277546e+03 9.981944174330185104e-01 4.999484717056217574e-03 -9.999999999000000000e+09
1.308480655319432799e+03 9.965399370006512436e-01 4.999485334046479407e-03 -9.999999999000000000e+09
1.308491566873579814e+03 1.002474966699870018e+00 4.999485948078649135e-03 -9.999999999000000000e+09
1.308502478518719045e+03 9.950971196962700160e-01 4.999486559178996543e-03 -9.999999999000000000e+09
1.308513390254851856e+03 9.979051280687095682e-01 4.999487167373477432e-03 -9.999999999000000000e+09
1.308524302081978703e+03 9.956602316875192704e-01 4.999487772687747494e-03 -9.999999999000000000e+09
1.308535214000100495e+03 1.003663488855351948e+00 4.999488375147162315e-03 -9.999999999000000000e+09
1.308546126009217915e+03 9.919832874121945476e-01 4.999488974776781711e-03 -9.999999999000000000e+09
1.308557038109331415e+03 9.897639181506662220e-01 4.999489571601374929e-03 -9.999999999000000000e+09
1.308567950300442362e+03 1.009482910910623366e+00 4.999490165645425858e-03 -9.999999999000000000e+09
1.308578862582551210e+03 1.004560850124539551e+00 4.999490756933135625e-03 -9.999999999000000000e+09
1.308589774955658186e+03 1.005109076184952599e+00 4.999491345488423465e-03 -9.999999999000000000e+09
1.308600687419765109e+03 9.946425970265515559e-01 4.999491931334941464e-03 -9.999999999000000000e+09
1.308611599974871979e+03 9.926534722684462464e-01 4.999492514496062419e-03 -9.999999999000000000e+09
1.308622512620979705e+03 1.007724441478266675e+00 4.999493094994898919e-03 -9.999999999000000000e+09
1.308633425358089198e+03 1.004488404877507124e+00 4.999493672854298139e-03 -9.999999999000000000e+09
1.308644338186201139e+03 9.919928449268027304e-01 4.999494248096847046e-03 -9.999999999000000000e+09
1.308655251105316211e+03 1.005415278110446842e+00 4.999494820744877603e-03 -9.999999999000000000e+09
1.308666164115435322e+03 9.957343490364870542e-01 4.999495390820472840e-03 -9.999999999000000000e+09
1.308677077216558928e+03 9.939786828860892598e-01 4.999495958345460782e-03 -9.999999999000000000e+09
1.308687990408688165e+03 1.004434921892713106e+00 4.999496523341429195e-03 -9.999999999000000000e+09
1.308698903691823716e+03 9.981644775493464516e-01 4.999497085829723853e-03 -9.999999999000000000e+09
1.308709817065966035e+03 1.005645709787943876e+00 4.999497645831449399e-03 -9.999999999000000000e+09
1.308720730531116260e+03 9.992199238406236361e-01 4.999498203367480631e-03 -9.999999999000000000e+09
1.308731644087275072e+03 1.004035341889112365e+00 4.999498758458452950e-03 -9.999999999000000000e+09
1.308742557734442926e+03 9.997339386027770392e-01 4.999499311124778848e-03 -9.999999999000000000e+09
1.308753471472620959e+03 9.971145725841439322e-01 4.999499861386644435e-03 -9.999999999000000000e+09
1.308764385301809625e+03 9.948465391751077913e-01 4.999500409264011173e-03 -9.999999999000000000e+09
1.308775299222010062e+03 1.001243807374966099e+00 4.999500954776623686e-03 -9.999999999000000000e+09
1.308786213233222497e+03 1.006237528552854199e+00 4.999501497944008888e-03 -9.999999999000000000e+09
1.308797127335448067e+03 9.987013715528109126e-01 4.999502038785480322e-03 -9.999999999000000000e+09
1.308808041528687681e+03 1.004150987230535863e+00 4.999502577320140764e-03 -9.999999999000000000e+09
1.308818955812941567e+03 9.934612477731356028e-01 4.999503113566883088e-03 -9.999999999000000000e+09
1.308829870188210862e+03 9.901657618669671423e-01 4.999503647544402407e-03 -9.999999999000000000e+09
1.308840784654496474e+03 1.001653154065757612e+00 4.999504179271182201e-03 -9.999999999000000000e+09
1.308851699211798859e+03 1.001328724666587844e+00 4.999504708765512527e-03 -9.999999999000000000e+09
1.308862613860118699e+03 9.961852232480723490e-01 4.999505236045484816e-03 -9.999999999000000000e+09
1.308873528599456904e+03 9.911399257717077305e-01 4.999505761128997076e-03 -9.999999999000000000e+09
1.308884443429814382e+03 1.008091302222681618e+00 4.999506284033754765e-03 -9.999999999000000000e+09
1.308895358351191589e+03 1.001098804417660970e+00 4.999506804777272516e-03 -9.999999999000000000e+09
1.308906273363589435e+03 1.003109355419769644e+00 4.999507323376881085e-03 -9.999999999000000000e+09
1.308917188467008828e+03 1.000761556369327954e+00 4.999507839849728213e-03 -9.999999999000000000e+09
1.308928103661450677e+03 9.955641839813608174e-01 4.999508354212775160e-03 -9.999999999000000000e+09
1.308939018946914985e+03 1.006855536201357149e+00 4.999508866482806242e-03 -9.999999999000000000e+09
1.308949934323402886e+03 9.954924049950488740e-01 4.999509376676431437e-03 -9.999999999000000000e+09
1.308960849790915518e+03 9.932204497037268043e-01 4.999509884810082044e-03 -9.999999999000000000e+09
1.308971765349453335e+03 1.003748335323744856e+00 4.999510390900015894e-03 -9.999999999000000000e+09
1.308982680999017020e+03 1.004490594653260738e+00 4.999510894962327749e-03 -9.999999999000000000e+09
1.308993596739607483e+03 9.906310342321150708e-01 4.999511397012935433e-03 -9.999999999000000000e+09
1.309004512571225405e+03 1.006697512004937067e+00 4.999511897067597174e-03 -9.999999999000000000e+09
1.309015428493871468e+03 9.998157247305968776e-01 4.999512395141904667e-03 -9.999999999000000000e+09
1.309026344507546810e+03 9.977624725219583768e-01 4.999512891251290010e-03 -9.999999999000000000e+09
1.309037260612251657e+03 1.000453693602958660e+00 4.999513385411021374e-03 -9.999999999000000000e+09
1.309048176807986920e+03 9.979868357809408286e-01 4.999513877636215138e-03 -9.999999999000000000e+09
1.309059093094753734e+03 1.003213837800604136e+00 4.999514367941828956e-03 -9.999999999000000000e+09
1.309070009472552783e+03 1.003695982161336930e+00 4.999514856342666957e-03 -9.999999999000000000e+09
1.309080925941384066e+03 9.936515908250379558e-01 4.999515342853384087e-03 -9.999999999000000000e+09
1.309091842501248948e+03 9.997988131112970356e-01 4.999515827488480030e-03 -9.999999999000000000e+09
1.309102759152148792e+03 1.001580929268249376e+00 4.999516310262312226e-03 -9.999999999000000000e+09
1.309113675894082917e+03 9.999421854608353533e-01 4.999516791189092396e-03 -9.999999999000000000e+09
1.309124592727053368e+03 1.006086189439514778e+00 4.999517270282883945e-03 -9.999999999000000000e+09
1.309135509651060147e+03 9.991907778203242829e-01 4.999517747557609762e-03 -9.999999999000000000e+09
1.309146426666104389e+03 1.001882186161378696e+00 4.999518223027052226e-03 -9.999999999000000000e+09
1.309157343772186778e+03 1.005787339001048775e+00 4.999518696704858406e-03 -9.999999999000000000e+09
1.309168260969307767e+03 1.010168281278055691e+00 4.999519168604533992e-03 -9.999999999000000000e+09
1.309179178257468720e+03 9.969959938137256117e-01 4.999519638739450232e-03 -9.999999999000000000e+09
1.309190095636670094e+03 1.004692924030315293e+00 4.999520107122843067e-03 -9.999999999000000000e+09
1.309201013106912342e+03 9.957145598915910778e-01 4.999520573767821802e-03 -9.999999999000000000e+09
1.309211930668196601e+03 1.000368086896538999e+00 4.999521038687360433e-03 -9.999999999000000000e+09
1.309222848320523326e+03 1.002092735804841261e+00 4.999521501894307191e-03 -9.999999999000000000e+09
1.309233766063893881e+03 1.002451210948096749e+00 4.999521963401378465e-03 -9.999999999000000000e+09
1.309244683898308267e+03 9.964369614481263238e-01 4.999522423221171817e-03 -9.999999999000000000e+09
1.309255601823767847e+03 1.009875799060371948e+00 4.999522881366154706e-03 -9.999999999000000000e+09
1.309266519840272849e+03 9.961714783516919525e-01 4.999523337848676627e-03 -9.999999999000000000e+09
1.309277437947824410e+03 9.958679448890009889e-01 4.999523792680961309e-03 -9.999999999000000000e+09
1.309288356146423212e+03 1.004232008438874946e+00 4.999524245875117123e-03 -9.999999999000000000e+09
1.309299274436070164e+03 9.900011854551802326e-01 4.999524697443130140e-03 -9.999999999000000000e+09
1.309310192816765493e+03 9.934792787476525167e-01 4.999525147396872808e-03 -9.999999999000000000e+09
1.309321111288510565e+03 1.006220973134275942e+00 4.999525595748103950e-03 -9.999999999000000000e+09
1.309332029851305833e+03 9.971648698495418905e-01 4.999526042508462692e-03 -9.999999999000000000e+09
1.309342948505152208e+03 9.976699068113483726e-01 4.999526487689477140e-03 -9.999999999000000000e+09
1.309353867250050371e+03 1.001172572540609096e+00 4.999526931302567846e-03 -9.999999999000000000e+09
1.309364786086000777e+03 1.004811753401068986e+00 4.999527373359044340e-03 -9.999999999000000000e+09
1.309375705013004790e+03 9.959959783979653869e-01 4.999527813870103393e-03 -9.999999999000000000e+09
1.309386624031062865e+03 1.002007506114026558e+00 4.999528252846838564e-03 -9.999999999000000000e+09
1.309397543140175458e+03 1.003831488266048622e+00 4.999528690300232385e-03 -9.999999999000000000e+09
1.309408462340343704e+03 1.002300636208047546e+00 4.999529126241172849e-03 -9.999999999000000000e+09
1.309419381631568513e+03 9.969925141421759340e-01 4.999529560680433457e-03 -9.999999999000000000e+09
1.309430301013850340e+03 1.001168541368707032e+00 4.999529993628689696e-03 -9.999999999000000000e+09
1.309441220487189639e+03 9.982016469344645593e-01 4.999530425096516441e-03 -9.999999999000000000e+09
1.309452140051588003e+03 9.963671200452873800e-01 4.999530855094387084e-03 -9.999999999000000000e+09
1.309463059707045659e+03 9.998386193994218685e-01 4.999531283632677008e-03 -9.999999999000000000e+09
1.309473979453563061e+03 1.001764289189233770e+00 4.999531710721663580e-03 -9.999999999000000000e+09
1.309484899291141801e+03 9.953842948969644500e-01 4.999532136371528761e-03 -9.999999999000000000e+09
1.309495819219781879e+03 9.938095195896440304e-01 4.999532560592355630e-03 -9.999999999000000000e+09
1.309506739239484659e+03 9.990605372871383949e-01 4.999532983394138798e-03 -9.999999999000000000e+09
1.309517659350250369e+03 1.005376165808210098e+00 4.999533404786773994e-03 -9.999999999000000000e+09
1.309528579552079918e+03 9.998154631436830808e-01 4.999533824780066742e-03 -9.999999999000000000e+09
1.309539499844974443e+03 1.003764437794404163e+00 4.999534243383732361e-03 -9.999999999000000000e+09
1.309550420228934399e+03 1.008737714939821339e+00 4.999534660607395965e-03 -9.999999999000000000e+09
1.309561340703960241e+03 1.005737715066589155e+00 4.999535076460593329e-03 -9.999999999000000000e+09
1.309572261270053104e+03 1.001832117089214158e+00 4.999535490952770021e-03 -9.999999999000000000e+09
1.309583181927213900e+03 9.984530720315313301e-01 4.999535904093288345e-03 -9.999999999000000000e+09
1.309594102675442855e+03 9.989419268156435328e-01 4.999536315891423000e-03 -9.999999999000000000e+09
1.309605023514741333e+03 1.002680987038300886e+00 4.999536726356361080e-03 -9.999999999000000000e+09
1.309615944445109790e+03 1.002611769025280486e+00 4.999537135497211619e-03 -9.999999999000000000e+09
1.309626865466549134e+03 1.004784816180001039e+00 4.999537543322993445e-03 -9.999999999000000000e+09
1.309637786579059593e+03 1.002932923647922303e+00 4.999537949842648189e-03 -9.999999999000000000e+09
1.309648707782642759e+03 9.989383922319908793e-01 4.999538355065035952e-03 -9.999999999000000000e+09
1.309659629077298632e+03 1.005777235157533145e+00 4.999538758998930965e-03 -9.999999999000000000e+09
1.309670550463028576e+03 9.984120103350376807e-01 4.999539161653034601e-03 -9.999999999000000000e+09
1.309681471939832818e+03 9.979388914718357873e-01 4.999539563035967568e-03 -9.999999999000000000e+09
1.309692393507712268e+03 1.003025179298628444e+00 4.999539963156271645e-03 -9.999999999000000000e+09
1.309703315166668062e+03 1.002191675997879727e+00 4.999540362022413149e-03 -9.999999999000000000e+09
1.309714236916700656e+03 1.000748504483921275e+00 4.999540759642782072e-03 -9.999999999000000000e+09
1.309725158757810732e+03 9.951728894906113343e-01 4.999541156025690339e-03 -9.999999999000000000e+09
1.309736080689999426e+03 1.003080101995930784e+00 4.999541551179382225e-03 -9.999999999000000000e+09
1.309747002713266738e+03 1.001440253911641376e+00 4.999541945112020470e-03 -9.999999999000000000e+09
1.309757924827614261e+03 9.938363221168342587e-01 4.999542337831703633e-03 -9.999999999000000000e+09
1.309768847033042448e+03 9.998239029014056589e-01 4.999542729346449603e-03 -9.999999999000000000e+09
1.309779769329551755e+03 1.004122574741483920e+00 4.999543119664210354e-03 -9.999999999000000000e+09
1.309790691717143773e+03 1.004719109108133113e+00 4.999543508792869337e-03 -9.999999999000000000e+09
1.309801614195818047e+03 9.950808975339197060e-01 4.999543896740231939e-03 -9.999999999000000000e+09
1.309812536765576397e+03 9.969275357627429557e-01 4.999544283514048906e-03 -9.999999999000000000e+09
1.309823459426419049e+03 1.001650028492125921e+00 4.999544669121986848e-03 -9.999999999000000000e+09
1.309834382178346686e+03 9.992755270576996196e-01 4.999545053571656864e-03 -9.999999999000000000e+09
1.309845305021360673e+03 1.004694175340022699e+00 4.999545436870597194e-03 -9.999999999000000000e+09
1.309856227955461009e+03 1.001659088820696208e+00 4.999545819026283630e-03 -9.999999999000000000e+09
1.309867150980648830e+03 1.008281448589483542e+00 4.999546200046126043e-03 -9.999999999000000000e+09
1.309878074096925047e+03 9.969388493191315703e-01 4.999546579937467518e-03 -9.999999999000000000e+09
1.309888997304290342e+03 1.002606393458559397e+00 4.999546958707590423e-03 -9.999999999000000000e+09
1.309899920602745397e+03 9.973206144579213062e-01 4.999547336363710341e-03 -9.999999999000000000e+09
1.309910843992290665e+03 9.939319686047783931e-01 4.999547712912986476e-03 -9.999999999000000000e+09
1.309921767472927513e+03 9.980796363219137657e-01 4.999548088362509510e-03 -9.999999999000000000e+09
1.309932691044655940e+03 9.961169883387268609e-01 4.999548462719313746e-03 -9.999999999000000000e+09
1.309943614707477536e+03 1.005486646629947689e+00 4.999548835990370171e-03 -9.999999999000000000e+09
1.309954538461392531e+03 1.001504822472731426e+00 4.999549208182591659e-03 -9.999999999000000000e+09
1.309965462306401832e+03 9.969798705430704677e-01 4.999549579302832968e-03 -9.999999999000000000e+09
1.309976386242506123e+03 9.974573228347375364e-01 4.999549949357887275e-03 -9.999999999000000000e+09
1.309987310269706541e+03 9.946113341113984596e-01 4.999550318354491381e-03 -9.999999999000000000e+09
1.309998234388003084e+03 9.963501087366396503e-01 4.999550686299326571e-03 -9.999999999000000000e+09
1.310009158597397573e+03 9.950889047533952869e-01 4.999551053199012551e-03 -9.999999999000000000e+09
1.310020082897889779e+03 1.000899453482153145e+00 4.999551419060117852e-03 -9.999999999000000000e+09
1.310031007289480840e+03 9.941315214187115279e-01 4.999551783889153757e-03 -9.999999999000000000e+09
1.310041931772171438e+03 9.965433207576825936e-01 4.999552147692573438e-03 -9.999999999000000000e+09
1.310052856345962709e+03 1.001743902896732541e+00 4.999552510476781494e-03 -9.999999999000000000e+09
1.310063781010854882e+03 9.938292505763238749e-01 4.999552872248125279e-03 -9.999999999000000000e+09
1.310074705766848865e+03 1.014610127081221780e+00 4.999553233012898369e-03 -9.999999999000000000e+09
1.310085630613945796e+03 1.005779642230906878e+00 4.999553592777344901e-03 -9.999999999000000000e+09
1.310096555552145901e+03 1.000982559972331876e+00 4.999553951547650900e-03 -9.999999999000000000e+09
1.310107480581450318e+03 1.006643455457393310e+00 4.999554309329959888e-03 -9.999999999000000000e+09
1.310118405701859501e+03 1.002154036986126373e+00 4.999554666130350336e-03 -9.999999999000000000e+09
1.310129330913374588e+03 1.002710492902162631e+00 4.999555021954866889e-03 -9.999999999000000000e+09
1.310140256215996033e+03 1.006883798959741894e+00 4.999555376809491740e-03 -9.999999999000000000e+09
1.310151181609724745e+03 9.995364135394757543e-01 4.999555730700161980e-03 -9.999999999000000000e+09
1.310162107094561634e+03 1.017149302987101933e+00 4.999556083632765262e-03 -9.999999999000000000e+09
1.310173032670506927e+03 9.993382739048402019e-01 4.999556435613141531e-03 -9.999999999000000000e+09
1.310183958337561762e+03 1.001748848560068517e+00 4.999556786647080427e-03 -9.999999999000000000e+09
1.310194884095727048e+03 1.004716208631678542e+00 4.999557136740325619e-03 -9.999999999000000000e+09
1.310205809945003239e+03 1.003772252380510599e+00 4.999557485898576542e-03 -9.999999999000000000e+09
1.310216735885391017e+03 9.935521179936579461e-01 4.999557834127478853e-03 -9.999999999000000000e+09
1.310227661916891520e+03 9.957954979499417103e-01 4.999558181432638311e-03 -9.999999999000000000e+09
1.310238588039505430e+03 1.009765524452111540e+00 4.999558527819612103e-03 -9.999999999000000000e+09
1.310249514253232974e+03 9.927180970260305326e-01 4.999558873293914046e-03 -9.999999999000000000e+09
1.310260440558075970e+03 1.001249338448084059e+00 4.999559217861010256e-03 -9.999999999000000000e+09
1.310271366954033965e+03 9.972442456290262491e-01 4.999559561526326079e-03 -9.999999999000000000e+09
1.310282293441108550e+03 1.001140752950972379e+00 4.999559904295240026e-03 -9.999999999000000000e+09
1.310293220019300179e+03 9.958213834883798965e-01 4.999560246173090708e-03 -9.999999999000000000e+09
1.310304146688609762e+03 1.003741016144578779e+00 4.999560587165166430e-03 -9.999999999000000000e+09
1.310315073449037982e+03 1.004434989484597862e+00 4.999560927276724270e-03 -9.999999999000000000e+09
1.310326000300585292e+03 9.961009332502324121e-01 4.999561266512967533e-03 -9.999999999000000000e+09
1.310336927243253058e+03 1.008360407477360665e+00 4.999561604879066562e-03 -9.999999999000000000e+09
1.310347854277041733e+03 1.000170779990557257e+00 4.999561942380145729e-03 -9.999999999000000000e+09
1.310358781401951774e+03 9.969861679746293559e-01 4.999562279021289510e-03 -9.999999999000000000e+09
1.310369708617984315e+03 1.007008577128614579e+00 4.999562614807540745e-03 -9.999999999000000000e+09
1.310380635925140268e+03 1.002135162926361067e+00 4.999562949743904978e-03 -9.999999999000000000e+09
1.310391563323419859e+03 9.944750492289561317e-01 4.999563283835346122e-03 -9.999999999000000000e+09
1.310402490812824226e+03 1.003483971857755730e+00 4.999563617086789057e-03 -9.999999999000000000e+09
1.310413418393354050e+03 9.941664419577052048e-01 4.999563949503118762e-03 -9.999999999000000000e+09
1.310424346065010013e+03 1.009347019560896896e+00 4.999564281089183791e-03 -9.999999999000000000e+09
1.310435273827793026e+03 1.002453467589682123e+00 4.999564611849793665e-03 -9.999999999000000000e+09
1.310446201681703997e+03 9.996502569002950755e-01 4.999564941789718005e-03 -9.999999999000000000e+09
1.310457129626743153e+03 1.002041422877161247e+00 4.999565270913690872e-03 -9.999999999000000000e+09
1.310468057662911633e+03 1.001784795346332135e+00 4.999565599226408162e-03 -9.999999999000000000e+09
1.310478985790210118e+03 9.949524483600049596e-01 4.999565926732534547e-03 -9.999999999000000000e+09
1.310489914008639516e+03 1.001865490632027011e+00 4.999566253436687861e-03 -9.999999999000000000e+09
1.310500842318200284e+03 9.894185478991167626e-01 4.999566579343459050e-03 -9.999999999000000000e+09
1.310511770718893558e+03 9.993097905425036842e-01 4.999566904457398292e-03 -9.999999999000000000e+09
1.310522699210719566e+03 1.000010132692682685e+00 4.999567228783022808e-03 -9.999999999000000000e+09
1.310533627793679671e+03 9.979048467192559446e-01 4.999567552324815124e-03 -9.999999999000000000e+09
1.310544556467773873e+03 1.006955564276776016e+00 4.999567875087219601e-03 -9.999999999000000000e+09
1.310555485233003992e+03 1.005223781576396247e+00 4.999568197074651110e-03 -9.999999999000000000e+09
1.310566414089370028e+03 9.966327983162118764e-01 4.999568518291486359e-03 -9.999999999000000000e+09
1.310577343036872890e+03 9.997936763488662892e-01 4.999568838742071697e-03 -9.999999999000000000e+09
1.310588272075513260e+03 1.000281688814100400e+00 4.999569158430717045e-03 -9.999999999000000000e+09
1.310599201205292047e+03 1.000183622953344065e+00 4.999569477361699363e-03 -9.999999999000000000e+09
1.310610130426209935e+03 1.005872444058500070e+00 4.999569795539268724e-03 -9.999999999000000000e+09
1.310621059738267832e+03 1.005155916557502582e+00 4.999570112967632700e-03 -9.999999999000000000e+09
1.310631989141466420e+03 9.994920097092799827e-01 4.999570429650977178e-03 -9.999999999000000000e+09
1.310642918635806154e+03 9.998465765747457379e-01 4.999570745593448148e-03 -9.999999999000000000e+09
1.310653848221288172e+03 9.975187734838137921e-01 4.999571060799164711e-03 -9.999999999000000000e+09
1.310664777897913382e+03 1.001162993453842853e+00 4.999571375272211272e-03 -9.999999999000000000e+09
1.310675707665682012e+03 1.003646611709970049e+00 4.999571689016644484e-03 -9.999999999000000000e+09
1.310686637524595199e+03 1.003497973539739352e+00 4.999572002036491505e-03 -9.999999999000000000e+09
1.310697567474653397e+03 9.990068268861657108e-01 4.999572314335743069e-03 -9.999999999000000000e+09
1.310708497515857744e+03 1.003530970480487783e+00 4.999572625918364752e-03 -9.999999999000000000e+09
1.310719427648208921e+03 9.902151211797565189e-01 4.999572936788290040e-03 -9.999999999000000000e+09
1.310730357871707383e+03 9.935789683310302101e-01 4.999573246949426397e-03 -9.999999999000000000e+09
1.310741288186354268e+03 9.936997948736682185e-01 4.999573556405644860e-03 -9.999999999000000000e+09
1.310752218592150257e+03 1.007527113093663607e+00 4.999573865160797381e-03 -9.999999999000000000e+09
1.310763149089095805e+03 9.961868772985489340e-01 4.999574173218698618e-03 -9.999999999000000000e+09
1.310774079677191821e+03 9.966252367837029613e-01 4.999574480583138941e-03 -9.999999999000000000e+09
1.310785010356439216e+03 1.001361196042214852e+00 4.999574787257879231e-03 -9.999999999000000000e+09
1.310795941126838898e+03 9.981667892878585135e-01 4.999575093246652613e-03 -9.999999999000000000e+09
1.310806871988391094e+03 9.996763413724016889e-01 4.999575398553164456e-03 -9.999999999000000000e+09
1.310817802941096943e+03 9.910816005393049410e-01 4.999575703181093241e-03 -9.999999999000000000e+09
1.310828733984957353e+03 9.886271062792109099e-01 4.999576007134091428e-03 -9.999999999000000000e+09
1.310839665119972551e+03 1.003843084933736307e+00 4.999576310415782855e-03 -9.999999999000000000e+09
1.310850596346143675e+03 9.953555022958423537e-01 4.999576613029761002e-03 -9.999999999000000000e+09
1.310861527663471406e+03 9.992037833379512346e-01 4.999576914979602001e-03 -9.999999999000000000e+09
1.310872459071956428e+03 1.000996847686928648e+00 4.999577216268846422e-03 -9.999999999000000000e+09
1.310883390571599648e+03 1.001439748631034465e+00 4.999577516901013152e-03 -9.999999999000000000e+09
1.310894322162401977e+03 1.004457636115546615e+00 4.999577816879599394e-03 -9.999999999000000000e+09
1.310905253844363870e+03 9.942263881465144282e-01 4.999578116208069391e-03 -9.999999999000000000e+09
1.310916185617486235e+03 9.963910324397302620e-01 4.999578414889864833e-03 -9.999999999000000000e+09
1.310927117481769301e+03 1.000681957369307096e+00 4.999578712928403994e-03 -9.999999999000000000e+09
1.310938049437214659e+03 9.961823564775232898e-01 4.999579010327078257e-03 -9.999999999000000000e+09
1.310948981483822990e+03 9.995159672152893471e-01 4.999579307089256457e-03 -9.999999999000000000e+09
1.310959913621594296e+03 9.986020757811994164e-01 4.999579603218282271e-03 -9.999999999000000000e+09
1.310970845850530168e+03 9.988496937477209237e-01 4.999579898717470758e-03 -9.999999999000000000e+09
1.310981778170630605e+03 1.000902387015685457e+00 4.999580193590123962e-03 -9.999999999000000000e+09
1.310992710581897200e+03 1.003352829646100064e+00 4.999580487839507502e-03 -9.999999999000000000e+09
1.311003643084329951e+03 9.974703706933057967e-01 4.999580781468872248e-03 -9.999999999000000000e+09
1.311014575677930452e+03 9.941361235731640544e-01 4.999581074481439583e-03 -9.999999999000000000e+09
1.311025508362698474e+03 9.960029806519412610e-01 4.999581366880414407e-03 -9.999999999000000000e+09
1.311036441138635382e+03 1.005723825657023784e+00 4.999581658668975602e-03 -9.999999999000000000e+09
1.311047374005741858e+03 1.004506650658626654e+00 4.999581949850276028e-03 -9.999999999000000000e+09
1.311058306964018811e+03 1.001431224779070650e+00 4.999582240427450329e-03 -9.999999999000000000e+09
1.311069240013466697e+03 1.004033193458193862e+00 4.999582530403609733e-03 -9.999999999000000000e+09
1.311080173154086424e+03 9.955689204173108209e-01 4.999582819781842914e-03 -9.999999999000000000e+09
1.311091106385878447e+03 9.969244834096324670e-01 4.999583108565215130e-03 -9.999999999000000000e+09
1.311102039708844131e+03 9.999297446230190900e-01 4.999583396756776890e-03 -9.999999999000000000e+09
1.311112973122983931e+03 9.981756747051733214e-01 4.999583684359545747e-03 -9.999999999000000000e+09
1.311123906628298528e+03 1.005371555203789624e+00 4.999583971376528845e-03 -9.999999999000000000e+09
1.311134840224788604e+03 9.992870402268502206e-01 4.999584257810702100e-03 -9.999999999000000000e+09
1.311145773912455070e+03 1.001308573825561155e+00 4.999584543665031022e-03 -9.999999999000000000e+09
1.311156707691298834e+03 1.008263613235451217e+00 4.999584828942452500e-03 -9.999999999000000000e+09
1.311167641561320579e+03 9.982627295163166714e-01 4.999585113645885204e-03 -9.999999999000000000e+09
1.311178575522520759e+03 9.951559891707595362e-01 4.999585397778226990e-03 -9.999999999000000000e+09
1.311189509574900512e+03 9.997734921656381557e-01 4.999585681342358368e-03 -9.999999999000000000e+09
1.311200443718460519e+03 1.005501174662795316e+00 4.999585964341133823e-03 -9.999999999000000000e+09
1.311211377953201236e+03 1.003889684461380938e+00 4.999586246777394834e-03 -9.999999999000000000e+09
1.311222312279123571e+03 1.002473682011071565e+00 4.999586528653956856e-03 -9.999999999000000000e+09
1.311233246696228662e+03 9.981838472215278646e-01 4.999586809973619733e-03 -9.999999999000000000e+09
1.311244181204516963e+03 1.003134495500495049e+00 4.999587090739163360e-03 -9.999999999000000000e+09
1.311255115803989156e+03 9.909097970138568412e-01 4.999587370953347681e-03 -9.999999999000000000e+09
1.311266050494646151e+03 9.951885492497893893e-01 4.999587650618911826e-03 -9.999999999000000000e+09
1.311276985276488631e+03 9.981188959029794194e-01 4.999587929738579309e-03 -9.999999999000000000e+09
1.311287920149517277e+03 9.996043455198062588e-01 4.999588208315051963e-03 -9.999999999000000000e+09
1.311298855113732998e+03 1.009402794585473551e+00 4.999588486351017741e-03 -9.999999999000000000e+09
1.311309790169136477e+03 9.968869114323594127e-01 4.999588763849140312e-03 -9.999999999000000000e+09
1.311320725315728623e+03 9.920771837302481133e-01 4.999589040812067731e-03 -9.999999999000000000e+09
1.311331660553509892e+03 1.004241817573581441e+00 4.999589317242430705e-03 -9.999999999000000000e+09
1.311342595882481419e+03 9.973358104528476931e-01 4.999589593142840863e-03 -9.999999999000000000e+09
1.311353531302643660e+03 1.000744360749269868e+00 4.999589868515890746e-03 -9.999999999000000000e+09
1.311364466813997524e+03 1.000949260029946108e+00 4.999590143364159023e-03 -9.999999999000000000e+09
1.311375402416543693e+03 1.006007037921418990e+00 4.999590417690201807e-03 -9.999999999000000000e+09
1.311386338110283077e+03 9.993858264806529945e-01 4.999590691496563072e-03 -9.999999999000000000e+09
1.311397273895216131e+03 9.984369893695265175e-01 4.999590964785765104e-03 -9.999999999000000000e+09
1.311408209771343991e+03 9.966446702917847178e-01 4.999591237560316315e-03 -9.999999999000000000e+09
1.311419145738667339e+03 1.003559165958323396e+00 4.999591509822705164e-03 -9.999999999000000000e+09
1.311430081797186631e+03 1.000194875125722138e+00 4.999591781575407970e-03 -9.999999999000000000e+09
1.311441017946902775e+03 1.000084837071840038e+00 4.999592052820878499e-03 -9.999999999000000000e+09
1.311451954187816682e+03 9.999686269537092498e-01 4.999592323561556639e-03 -9.999999999000000000e+09
1.311462890519929033e+03 1.000586410450198693e+00 4.999592593799867535e-03 -9.999999999000000000e+09
1.311473826943240738e+03 9.978031727483764879e-01 4.999592863538219849e-03 -9.999999999000000000e+09
1.311484763457752251e+03 9.956632543091297194e-01 4.999593132779003163e-03 -9.999999999000000000e+09
1.311495700063464483e+03 9.947370844830707437e-01 4.999593401524592313e-03 -9.999999999000000000e+09
1.311506636760378115e+03 1.004858870524858672e+00 4.999593669777347392e-03 -9.999999999000000000e+09
1.311517573548494056e+03 1.002567519800986018e+00 4.999593937539612877e-03 -9.999999999000000000e+09
1.311528510427812989e+03 1.009487299020036977e+00 4.999594204813716768e-03 -9.999999999000000000e+09
1.311539447398335824e+03 1.001594050870699082e+00 4.999594471601969715e-03 -9.999999999000000000e+09
1.311550384460062787e+03 1.000568809381972679e+00 4.999594737906671964e-03 -9.999999999000000000e+09
1.311561321612995471e+03 1.003204044498217762e+00 4.999595003730104674e-03 -9.999999999000000000e+09
1.311572258857134102e+03 1.007867129887675350e+00 4.999595269074533395e-03 -9.999999999000000000e+09
1.311583196192479363e+03 9.951729889289052666e-01 4.999595533942211532e-03 -9.999999999000000000e+09
1.311594133619032391e+03 1.003237224537549599e+00 4.999595798335375145e-03 -9.999999999000000000e+09
1.311605071136793640e+03 1.006064230362505363e+00 4.999596062256249016e-03 -9.999999999000000000e+09
1.311616008745763793e+03 1.008499816860362053e+00 4.999596325707037978e-03 -9.999999999000000000e+09
1.311626946445943759e+03 9.922354930882655299e-01 4.999596588689938191e-03 -9.999999999000000000e+09
1.311637884237334674e+03 1.001541849435146680e+00 4.999596851207127601e-03 -9.999999999000000000e+09
1.311648822119936540e+03 9.981208137202313146e-01 4.999597113260768541e-03 -9.999999999000000000e+09
1.311659760093750720e+03 9.958589686649308437e-01 4.999597374853015537e-03 -9.999999999000000000e+09
1.311670698158778123e+03 1.000449964435506489e+00 4.999597635986003166e-03 -9.999999999000000000e+09
1.311681636315018750e+03 9.984124866432361189e-01 4.999597896661854730e-03 -9.999999999000000000e+09
1.311692574562473737e+03 9.974425128812905994e-01 4.999598156882678786e-03 -9.999999999000000000e+09
1.311703512901144222e+03 9.956183512114937795e-01 4.999598416650568276e-03 -9.999999999000000000e+09
1.311714451331030205e+03 9.962858302800416954e-01 4.999598675967606605e-03 -9.999999999000000000e+09
1.311725389852133276e+03 1.005800633521518606e+00 4.999598934835863297e-03 -9.999999999000000000e+09
1.311736328464453663e+03 1.000715540477901788e+00 4.999599193257392264e-03 -9.999999999000000000e+09
1.311747267167992277e+03 9.983291568738491550e-01 4.999599451234233542e-03 -9.999999999000000000e+09
1.311758205962749798e+03 1.005683216430392379e+00 4.999599708768415023e-03 -9.999999999000000000e+09
1.311769144848727137e+03 1.001764836820944637e+00 4.999599965861955056e-03 -9.999999999000000000e+09
1.311780083825924976e+03 9.963670233386607844e-01 4.999600222516852911e-03 -9.999999999000000000e+09
1.311791022894343769e+03 9.963972901658191272e-01 4.999600478735098316e-03 -9.999999999000000000e+09
1.311801962053985108e+03 1.008744443235051413e+00 4.999600734518668856e-03 -9.999999999000000000e+09
1.311812901304848765e+03 9.981633517557385593e-01 4.999600989869529104e-03 -9.999999999000000000e+09
1.311823840646935878e+03 1.000775646454740819e+00 4.999601244789628890e-03 -9.999999999000000000e+09
1.311834780080247583e+03 1.006008517731581620e+00 4.999601499280909370e-03 -9.999999999000000000e+09
1.311845719604784563e+03 9.983458043705945029e-01 4.999601753345295219e-03 -9.999999999000000000e+09
1.311856659220546817e+03 1.005577842187003856e+00 4.999602006984701572e-03 -9.999999999000000000e+09
1.311867598927536164e+03 1.002630293069060485e+00 4.999602260201031420e-03 -9.999999999000000000e+09
1.311878538725752378e+03 9.988311179563758024e-01 4.999602512996173878e-03 -9.999999999000000000e+09
1.311889478615196822e+03 1.007891958786241382e+00 4.999602765372009386e-03 -9.999999999000000000e+09
1.311900418595870178e+03 9.903337557706659577e-01 4.999603017330400169e-03 -9.999999999000000000e+09
1.311911358667773357e+03 9.992112015066321185e-01 4.999603268873204116e-03 -9.999999999000000000e+09
1.311922298830906584e+03 1.004999072893340450e+00 4.999603520002263504e-03 -9.999999999000000000e+09
1.311933239085271225e+03 1.008989984024230457e+00 4.999603770719409333e-03 -9.999999999000000000e+09
1.311944179430867507e+03 9.919137166569296227e-01 4.999604021026461328e-03 -9.999999999000000000e+09
1.311955119867696567e+03 1.000586648207717921e+00 4.999604270925229674e-03 -9.999999999000000000e+09
1.311966060395759087e+03 9.942633028867164935e-01 4.999604520417508073e-03 -9.999999999000000000e+09
1.311977001015055748e+03 9.944754461416818181e-01 4.999604769505085894e-03 -9.999999999000000000e+09
1.311987941725587234e+03 9.939048895369303471e-01 4.999605018189735156e-03 -9.999999999000000000e+09
1.311998882527354681e+03 9.969852018324756315e-01 4.999605266473220941e-03 -9.999999999000000000e+09
1.312009823420358316e+03 9.981073957142433395e-01 4.999605514357293584e-03 -9.999999999000000000e+09
1.312020764404599504e+03 9.998771994075980052e-01 4.999605761843698218e-03 -9.999999999000000000e+09
1.312031705480078472e+03 1.002168050276158517e+00 4.999606008934163494e-03 -9.999999999000000000e+09
1.312042646646796356e+03 9.975901109220485230e-01 4.999606255630410258e-03 -9.999999999000000000e+09
1.312053587904753385e+03 9.920698484447213472e-01 4.999606501934148080e-03 -9.999999999000000000e+09
1.312064529253950923e+03 1.006588551542636711e+00 4.999606747847075254e-03 -9.999999999000000000e+09
1.312075470694389651e+03 9.983670768920642757e-01 4.999606993370880534e-03 -9.999999999000000000e+09
1.312086412226070024e+03 1.003681184167790397e+00 4.999607238507242264e-03 -9.999999999000000000e+09
1.312097353848992952e+03 9.968885146617463278e-01 4.999607483257829249e-03 -9.999999999000000000e+09
1.312108295563159118e+03 1.006596147175196965e+00 4.999607727624295547e-03 -9.999999999000000000e+09
1.312119237368569429e+03 1.000005459784486961e+00 4.999607971608291748e-03 -9.999999999000000000e+09
1.312130179265224569e+03 9.959440314313751097e-01 4.999608215211453696e-03 -9.999999999000000000e+09
1.312141121253125220e+03 9.991838403429175175e-01 4.999608458435408562e-03 -9.999999999000000000e+09
1.312152063332272292e+03 1.001973751644922528e+00 4.999608701281773107e-03 -9.999999999000000000e+09
1.312163005502666465e+03 9.981386383280665964e-01 4.999608943752157156e-03 -9.999999999000000000e+09
1.312173947764308423e+03 1.002722776953059780e+00 4.999609185848155786e-03 -9.999999999000000000e+09
1.312184890117199302e+03 1.007003913480210455e+00 4.999609427571355402e-03 -9.999999999000000000e+09
1.312195832561339557e+03 1.000521945115342870e+00 4.999609668923338940e-03 -9.999999999000000000e+09
1.312206775096729871e+03 1.000631405028242993e+00 4.999609909905671119e-03 -9.999999999000000000e+09
1.312217717723370924e+03 1.005127124670994299e+00 4.999610150519911457e-03 -9.999999999000000000e+09
1.312228660441263855e+03 9.967168104064422218e-01 4.999610390767612531e-03 -9.999999999000000000e+09
1.312239603250409118e+03 9.937137294118072450e-01 4.999610630650311305e-03 -9.999999999000000000e+09
1.312250546150807622e+03 9.937726218823563773e-01 4.999610870169539541e-03 -9.999999999000000000e+09
1.312261489142460277e+03 9.997094684040146451e-01 4.999611109326819458e-03 -9.999999999000000000e+09
1.312272432225367538e+03 1.010674885275649970e+00 4.999611348123664603e-03 -9.999999999000000000e+09
1.312283375399530314e+03 9.939489101179490582e-01 4.999611586561576379e-03 -9.999999999000000000e+09
1.312294318664949060e+03 1.000723067278149525e+00 4.999611824642050985e-03 -9.999999999000000000e+09
1.312305262021625140e+03 9.975269598133740256e-01 4.999612062366575078e-03 -9.999999999000000000e+09
1.312316205469559009e+03 1.004437568942395442e+00 4.999612299736621440e-03 -9.999999999000000000e+09
1.312327149008751348e+03 9.989681065674246296e-01 4.999612536753660248e-03 -9.999999999000000000e+09
1.312338092639202841e+03 1.003453092713938899e+00 4.999612773419153007e-03 -9.999999999000000000e+09
1.312349036360914397e+03 9.977400627937742517e-01 4.999613009734545609e-03 -9.999999999000000000e+09
1.312359980173886925e+03 9.966778604131931729e-01 4.999613245701282210e-03 -9.999999999000000000e+09
1.312370924078120879e+03 1.000765406977139893e+00 4.999613481320795694e-03 -9.999999999000000000e+09
1.312381868073617397e+03 9.974367498171342605e-01 4.999613716594512002e-03 -9.999999999000000000e+09
1.312392812160376707e+03 9.933545656627823517e-01 4.999613951523844933e-03 -9.999999999000000000e+09
1.312403756338400171e+03 1.007954416885529225e+00 4.999614186110205687e-03 -9.999999999000000000e+09
1.312414700607688019e+03 9.925578901388776298e-01 4.999614420354989847e-03 -9.999999999000000000e+09
1.312425644968241386e+03 9.960658142176281871e-01 4.999614654259591263e-03 -9.999999999000000000e+09
1.312436589420060955e+03 1.001898237821952531e+00 4.999614887825393379e-03 -9.999999999000000000e+09
1.312447533963147180e+03 9.989026606536357544e-01 4.999615121053770095e-03 -9.999999999000000000e+09
1.312458478597501198e+03 1.008077390522942540e+00 4.999615353946087505e-03 -9.999999999000000000e+09
1.312469423323123692e+03 9.983064125528714472e-01 4.999615586503705633e-03 -9.999999999000000000e+09
1.312480368140015344e+03 1.007815442652867821e+00 4.999615818727976696e-03 -9.999999999000000000e+09
1.312491313048177290e+03 1.004257339036264129e+00 4.999616050620240768e-03 -9.999999999000000000e+09
1.312502258047609530e+03 1.000034681114457147e+00 4.999616282181834452e-03 -9.999999999000000000e+09
1.312513203138313202e+03 1.004896995931560122e+00 4.999616513414086548e-03 -9.999999999000000000e+09
1.312524148320289214e+03 1.003894491738291928e+00 4.999616744318316312e-03 -9.999999999000000000e+09
1.312535093593538249e+03 1.003470128336814149e+00 4.999616974895833461e-03 -9.999999999000000000e+09
1.312546038958060990e+03 9.942130967707570877e-01 4.999617205147945109e-03 -9.999999999000000000e+09
1.312556984413858117e+03 9.908390965910081061e-01 4.999617435075945360e-03 -9.999999999000000000e+09
1.312567929960930769e+03 9.962815422013103772e-01 4.999617664681123980e-03 -9.999999999000000000e+09
1.312578875599279627e+03 1.001293414205013388e+00 4.999617893964764664e-03 -9.999999999000000000e+09
1.312589821328904691e+03 9.993249717299955703e-01 4.999618122928142436e-03 -9.999999999000000000e+09
1.312600767149807780e+03 9.973191107241576869e-01 4.999618351572521040e-03 -9.999999999000000000e+09
1.312611713061989121e+03 9.997654383075197382e-01 4.999618579899162488e-03 -9.999999999000000000e+09
1.312622659065449398e+03 9.959842636881783839e-01 4.999618807909318383e-03 -9.999999999000000000e+09
1.312633605160189745e+03 9.967228056598720354e-01 4.999619035604234256e-03 -9.999999999000000000e+09
1.312644551346210392e+03 9.960791918066056461e-01 4.999619262985148700e-03 -9.999999999000000000e+09
1.312655497623512701e+03 1.002646124792406113e+00 4.999619490053294237e-03 -9.999999999000000000e+09
1.312666443992097129e+03 1.000717075660181088e+00 4.999619716809891243e-03 -9.999999999000000000e+09
1.312677390451964357e+03 1.002596601458264125e+00 4.999619943256159230e-03 -9.999999999000000000e+09
1.312688337003115066e+03 1.002064746433134035e+00 4.999620169393307299e-03 -9.999999999000000000e+09
1.312699283645550395e+03 1.000267628929497388e+00 4.999620395222540217e-03 -9.999999999000000000e+09
1.312710230379270570e+03 9.986332757221851875e-01 4.999620620745052341e-03 -9.999999999000000000e+09
1.312721177204277183e+03 9.980600615280375010e-01 4.999620845962034557e-03 -9.999999999000000000e+09
1.312732124120570006e+03 1.002949780159040571e+00 4.999621070874667346e-03 -9.999999999000000000e+09
1.312743071128150632e+03 9.936418326919410626e-01 4.999621295484131187e-03 -9.999999999000000000e+09
1.312754018227019287e+03 9.951352530253655404e-01 4.999621519791591813e-03 -9.999999999000000000e+09
1.312764965417176882e+03 1.006544927496062058e+00 4.999621743798213225e-03 -9.999999999000000000e+09
1.312775912698624325e+03 1.000102066031439474e+00 4.999621967505152483e-03 -9.999999999000000000e+09
1.312786860071362526e+03 1.004547486231674336e+00 4.999622190913557973e-03 -9.999999999000000000e+09
1.312797807535391712e+03 1.001345359745564823e+00 4.999622414024572879e-03 -9.999999999000000000e+09
1.312808755090712793e+03 9.972751937687005519e-01 4.999622636839336047e-03 -9.999999999000000000e+09
1.312819702737326679e+03 1.000486507411443515e+00 4.999622859358975047e-03 -9.999999999000000000e+09
1.312830650475234279e+03 9.987561111338590925e-01 4.999623081584616581e-03 -9.999999999000000000e+09
1.312841598304436047e+03 9.985404594884123020e-01 4.999623303517375210e-03 -9.999999999000000000e+09
1.312852546224933349e+03 1.005363418674757536e+00 4.999623525158368095e-03 -9.999999999000000000e+09
1.312863494236725955e+03 9.970801713498047558e-01 4.999623746508694185e-03 -9.999999999000000000e+09
1.312874442339815232e+03 1.001658911995475743e+00 4.999623967569457629e-03 -9.999999999000000000e+09
1.312885390534201861e+03 1.009418061605596773e+00 4.999624188341747835e-03 -9.999999999000000000e+09
1.312896338819886978e+03 9.998725819673046633e-01 4.999624408826654209e-03 -9.999999999000000000e+09
1.312907287196870584e+03 9.925722197602323549e-01 4.999624629025257484e-03 -9.999999999000000000e+09
1.312918235665153816e+03 9.957875302339029844e-01 4.999624848938631454e-03 -9.999999999000000000e+09
1.312929184224737583e+03 9.991310683981602381e-01 4.999625068567844707e-03 -9.999999999000000000e+09
1.312940132875622339e+03 9.912575038874932298e-01 4.999625287913963233e-03 -9.999999999000000000e+09
1.312951081617809223e+03 9.957182897119037923e-01 4.999625506978041742e-03 -9.999999999000000000e+09
1.312962030451298688e+03 9.966551510990807605e-01 4.999625725761132344e-03 -9.999999999000000000e+09
1.312972979376091644e+03 1.003648977767292783e+00 4.999625944264279344e-03 -9.999999999000000000e+09
1.312983928392188773e+03 1.006292476673219971e+00 4.999626162488523574e-03 -9.999999999000000000e+09
1.312994877499590984e+03 1.001729359583004797e+00 4.999626380434900666e-03 -9.999999999000000000e+09
1.313005826698298961e+03 9.916482709368344972e-01 4.999626598104438442e-03 -9.999999999000000000e+09
1.313016775988313157e+03 9.941771314683717220e-01 4.999626815498156053e-03 -9.999999999000000000e+09
1.313027725369634481e+03 9.988135285393107132e-01 4.999627032617076118e-03 -9.999999999000000000e+09
1.313038674842264300e+03 1.002497400339141809e+00 4.999627249462206512e-03 -9.999999999000000000e+09
1.313049624406202611e+03 1.003645618913322934e+00 4.999627466034554241e-03 -9.999999999000000000e+09
1.313060574061450552e+03 1.000069416835529523e+00 4.999627682335120241e-03 -9.999999999000000000e+09
1.313071523808008806e+03 1.001709635061703851e+00 4.999627898364899375e-03 -9.999999999000000000e+09
1.313082473645877826e+03 1.003477813280086117e+00 4.999628114124883907e-03 -9.999999999000000000e+09
1.313093423575059205e+03 9.979267147445068931e-01 4.999628329616054821e-03 -9.999999999000000000e+09
1.313104373595552715e+03 1.002877897381280636e+00 4.999628544839391370e-03 -9.999999999000000000e+09
1.313115323707359721e+03 9.991253356743610148e-01 4.999628759795869334e-03 -9.999999999000000000e+09
1.313126273910480677e+03 1.001183773965149459e+00 4.999628974486454089e-03 -9.999999999000000000e+09
1.313137224204916720e+03 1.006578179438359699e+00 4.999629188912113609e-03 -9.999999999000000000e+09
1.313148174590668305e+03 1.003337836887250090e+00 4.999629403073801125e-03 -9.999999999000000000e+09
1.313159125067736340e+03 1.002941497374511437e+00 4.999629616972473337e-03 -9.999999999000000000e+09
1.313170075636121510e+03 9.925031781503884654e-01 4.999629830609073934e-03 -9.999999999000000000e+09
1.313181026295824267e+03 1.003098575260074732e+00 4.999630043984550076e-03 -9.999999999000000000e+09
1.313191977046846205e+03 9.947626843656333095e-01 4.999630257099836779e-03 -9.999999999000000000e+09
1.313202927889187094e+03 9.880010258908397125e-01 4.999630469955864721e-03 -9.999999999000000000e+09
1.313213878822848756e+03 1.002938492825500294e+00 4.999630682553567185e-03 -9.999999999000000000e+09
1.313224829847830733e+03 9.922278687241087303e-01 4.999630894893861838e-03 -9.999999999000000000e+09
1.313235780964134847e+03 1.012166608136942925e+00 4.999631106977667216e-03 -9.999999999000000000e+09
1.313246732171761323e+03 1.007830775233066856e+00 4.999631318805897520e-03 -9.999999999000000000e+09
1.313257683470711072e+03 9.934901767191999244e-01 4.999631530379459142e-03 -9.999999999000000000e+09
1.313268634860984776e+03 9.951578309826406565e-01 4.999631741699255873e-03 -9.999999999000000000e+09
1.313279586342583343e+03 9.962282865290027489e-01 4.999631952766186299e-03 -9.999999999000000000e+09
1.313290537915507457e+03 9.964577262519683787e-01 4.999632163581143804e-03 -9.999999999000000000e+09
1.313301489579757572e+03 1.000376494830436558e+00 4.999632374145016565e-03 -9.999999999000000000e+09
1.313312441335335052e+03 1.005095938464400263e+00 4.999632584458691027e-03 -9.999999999000000000e+09
1.313323393182240125e+03 9.926289091336604198e-01 4.999632794523040623e-03 -9.999999999000000000e+09
1.313334345120473927e+03 1.004997541821673002e+00 4.999633004338947459e-03 -9.999999999000000000e+09
1.313345297150036913e+03 9.927489700370104586e-01 4.999633213907277163e-03 -9.999999999000000000e+09
1.313356249270930221e+03 9.976296429408382238e-01 4.999633423228897963e-03 -9.999999999000000000e+09
1.313367201483154304e+03 9.911757565538046322e-01 4.999633632304669416e-03 -9.999999999000000000e+09
1.313378153786709845e+03 1.002310937344372599e+00 4.999633841135447607e-03 -9.999999999000000000e+09
1.313389106181597981e+03 1.000003388362969758e+00 4.999634049722084285e-03 -9.999999999000000000e+09
1.313400058667819167e+03 1.000652799268812787e+00 4.999634258065427730e-03 -9.999999999000000000e+09
1.313411011245374311e+03 1.000946385684272855e+00 4.999634466166321886e-03 -9.999999999000000000e+09
1.313421963914263870e+03 9.932862782431454152e-01 4.999634674025603756e-03 -9.999999999000000000e+09
1.313432916674488979e+03 9.931498778526995919e-01 4.999634881644111212e-03 -9.999999999000000000e+09
1.313443869526050548e+03 9.933955124193920572e-01 4.999635089022668247e-03 -9.999999999000000000e+09
1.313454822468948805e+03 9.946371201710555443e-01 4.999635296162105794e-03 -9.999999999000000000e+09
1.313465775503184886e+03 9.978191200302800601e-01 4.999635503063243509e-03 -9.999999999000000000e+09
1.313476728628759247e+03 1.000448723981057997e+00 4.999635709726895846e-03 -9.999999999000000000e+09
1.313487681845673023e+03 1.004529031407420447e+00 4.999635916153880727e-03 -9.999999999000000000e+09
1.313498635153926898e+03 9.987242706731528363e-01 4.999636122345004798e-03 -9.999999999000000000e+09
1.313509588553521098e+03 1.001381831957819379e+00 4.999636328301070368e-03 -9.999999999000000000e+09
1.313520542044457443e+03 9.962867095236868087e-01 4.999636534022878880e-03 -9.999999999000000000e+09
1.313531495626735477e+03 9.992254181185697970e-01 4.999636739511228306e-03 -9.999999999000000000e+09
1.313542449300357021e+03 9.989243213828031820e-01 4.999636944766907946e-03 -9.999999999000000000e+09
1.313553403065322073e+03 9.882615553409538345e-01 4.999637149790707100e-03 -9.999999999000000000e+09
1.313564356921631770e+03 1.005847786114255626e+00 4.999637354583412463e-03 -9.999999999000000000e+09
1.313575310869286795e+03 1.001152615237326016e+00 4.999637559145798590e-03 -9.999999999000000000e+09
1.313586264908288058e+03 9.931716784423095801e-01 4.999637763478645240e-03 -9.999999999000000000e+09
1.313597219038635785e+03 9.981208976721572812e-01 4.999637967582723497e-03 -9.999999999000000000e+09
1.313608173260331341e+03 1.001240918222293219e+00 4.999638171458800108e-03 -9.999999999000000000e+09
1.313619127573375408e+03 1.005534000491695057e+00 4.999638375107640954e-03 -9.999999999000000000e+09
1.313630081977768441e+03 1.002020221825350665e+00 4.999638578530004977e-03 -9.999999999000000000e+09
1.313641036473511576e+03 9.946310305010404029e-01 4.999638781726650251e-03 -9.999999999000000000e+09
1.313651991060605269e+03 9.950902123147482570e-01 4.999638984698326176e-03 -9.999999999000000000e+09
1.313662945739050201e+03 1.001572885717451289e+00 4.999639187445784755e-03 -9.999999999000000000e+09
1.313673900508847737e+03 9.988332865493123602e-01 4.999639389969769317e-03 -9.999999999000000000e+09
1.313684855369997877e+03 1.001034573138512185e+00 4.999639592271019721e-03 -9.999999999000000000e+09
1.313695810322501984e+03 9.958901114402660681e-01 4.999639794350275827e-03 -9.999999999000000000e+09
1.313706765366360059e+03 1.001589666921679056e+00 4.999639996208267954e-03 -9.999999999000000000e+09
1.313717720501573694e+03 1.004463859456764530e+00 4.999640197845729890e-03 -9.999999999000000000e+09
1.313728675728143571e+03 9.980453028721398834e-01 4.999640399263385881e-03 -9.999999999000000000e+09
1.313739631046069690e+03 9.941350337158160189e-01 4.999640600461957574e-03 -9.999999999000000000e+09
1.313750586455353641e+03 1.002232706230644865e+00 4.999640801442164009e-03 -9.999999999000000000e+09
1.313761541955995881e+03 1.006784846964798863e+00 4.999641002204722497e-03 -9.999999999000000000e+09
1.313772497547997318e+03 1.003875213400504229e+00 4.999641202750342538e-03 -9.999999999000000000e+09
1.313783453231358408e+03 9.960566685025675771e-01 4.999641403079732767e-03 -9.999999999000000000e+09
1.313794409006079832e+03 1.001857232926722796e+00 4.999641603193598349e-03 -9.999999999000000000e+09
1.313805364872162500e+03 9.955850756319216677e-01 4.999641803092641848e-03 -9.999999999000000000e+09
1.313816320829607776e+03 1.001413391185027146e+00 4.999642002777558020e-03 -9.999999999000000000e+09
1.313827276878415660e+03 9.992731421267599945e-01 4.999642202249040754e-03 -9.999999999000000000e+09
1.313838233018587061e+03 1.004440901770009331e+00 4.999642401507783072e-03 -9.999999999000000000e+09
1.313849189250122890e+03 9.977272110069608235e-01 4.999642600554471926e-03 -9.999999999000000000e+09
1.313860145573023829e+03 9.974548324613794481e-01 4.999642799389789061e-03 -9.999999999000000000e+09
1.313871101987291013e+03 9.947926981963269855e-01 4.999642998014416223e-03 -9.999999999000000000e+09
1.313882058492924216e+03 1.000131460293162355e+00 4.999643196429030823e-03 -9.999999999000000000e+09
1.313893015089925257e+03 1.001159863074341683e+00 4.999643394634303330e-03 -9.999999999000000000e+09
1.313903971778294363e+03 9.993209838250530774e-01 4.999643592630909419e-03 -9.999999999000000000e+09
1.313914928558032670e+03 9.946813614122845815e-01 4.999643790419512623e-03 -9.999999999000000000e+09
1.313925885429140180e+03 9.965922360030283755e-01 4.999643988000778208e-03 -9.999999999000000000e+09
1.313936842391618711e+03 1.004338452357623312e+00 4.999644185375363634e-03 -9.999999999000000000e+09
1.313947799445468263e+03 9.934607969634675628e-01 4.999644382543929830e-03 -9.999999999000000000e+09
1.313958756590689518e+03 9.951777182684640177e-01 4.999644579507128185e-03 -9.999999999000000000e+09
1.313969713827283840e+03 9.964650958780385537e-01 4.999644776265610956e-03 -9.999999999000000000e+09
1.313980671155251912e+03 9.894624579978923418e-01 4.999644972820024326e-03 -9.999999999000000000e+09
1.313991628574593733e+03 1.002891744822871134e+00 4.999645169171015348e-03 -9.999999999000000000e+09
1.314002586085310895e+03 9.895872691195708448e-01 4.999645365319221532e-03 -9.999999999000000000e+09
1.314013543687403626e+03 1.006669231648470220e+00 4.999645561265284727e-03 -9.999999999000000000e+09
1.314024501380873289e+03 1.004762014274476867e+00 4.999645757009836371e-03 -9.999999999000000000e+09
1.314035459165719885e+03 9.960188190864837088e-01 4.999645952553510506e-03 -9.999999999000000000e+09
1.314046417041945006e+03 1.007791346882741523e+00 4.999646147896935101e-03 -9.999999999000000000e+09
1.314057375009548650e+03 1.002374128149249533e+00 4.999646343040737261e-03 -9.999999999000000000e+09
1.314068333068531729e+03 9.989659115627864683e-01 4.999646537985538881e-03 -9.999999999000000000e+09
1.314079291218895605e+03 1.004277558857842534e+00 4.999646732731960128e-03 -9.999999999000000000e+09
1.314090249460640507e+03 9.978537057523489961e-01 4.999646927280615091e-03 -9.999999999000000000e+09
1.314101207793767117e+03 1.002350001902707177e+00 4.999647121632122201e-03 -9.999999999000000000e+09
1.314112166218276798e+03 9.937341145935874032e-01 4.999647315787087744e-03 -9.999999999000000000e+09
1.314123124734169551e+03 1.001117373867329574e+00 4.999647509746121474e-03 -9.999999999000000000e+09
1.314134083341446740e+03 9.916518165834707910e-01 4.999647703509830544e-03 -9.999999999000000000e+09
1.314145042040108592e+03 1.004551826237776835e+00 4.999647897078811701e-03 -9.999999999000000000e+09
1.314156000830156245e+03 9.971330032794598619e-01 4.999648090453668627e-03 -9.999999999000000000e+09
1.314166959711590380e+03 1.005826568609821559e+00 4.999648283634993730e-03 -9.999999999000000000e+09
1.314177918684411907e+03 1.000962735608473819e+00 4.999648476623382888e-03 -9.999999999000000000e+09
1.314188877748621280e+03 1.001216684892337394e+00 4.999648669419428509e-03 -9.999999999000000000e+09
1.314199836904219410e+03 9.987493646327765262e-01 4.999648862023712594e-03 -9.999999999000000000e+09
1.314210796151206978e+03 9.946498710619928740e-01 4.999649054436825814e-03 -9.999999999000000000e+09
1.314221755489584893e+03 9.926466370714156495e-01 4.999649246659345833e-03 -9.999999999000000000e+09
1.314232714919353839e+03 9.992055194730202761e-01 4.999649438691854651e-03 -9.999999999000000000e+09
1.314243674440514724e+03 9.956137187648764764e-01 4.999649630534927329e-03 -9.999999999000000000e+09
1.314254634053068003e+03 1.007250899385351506e+00 4.999649822189138060e-03 -9.999999999000000000e+09
1.314265593757015040e+03 9.923969596062863774e-01 4.999650013655058435e-03 -9.999999999000000000e+09
1.314276553552355608e+03 9.996889806033585346e-01 4.999650204933257444e-03 -9.999999999000000000e+09
1.314287513439091299e+03 1.001541703538184391e+00 4.999650396024299739e-03 -9.999999999000000000e+09
1.314298473417222567e+03 1.009841720028578971e+00 4.999650586928746504e-03 -9.999999999000000000e+09
1.314309433486750322e+03 9.997701760843238361e-01 4.999650777647161523e-03 -9.999999999000000000e+09
1.314320393647675019e+03 1.008374236233379850e+00 4.999650968180099908e-03 -9.999999999000000000e+09
1.314331353899997794e+03 9.966779724415459896e-01 4.999651158528117638e-03 -9.999999999000000000e+09
1.314342314243719102e+03 9.961858511969043928e-01 4.999651348691767222e-03 -9.999999999000000000e+09
1.314353274678840080e+03 9.983052564464642842e-01 4.999651538671599435e-03 -9.999999999000000000e+09
1.314364235205360728e+03 1.003601180857822017e+00 4.999651728468158113e-03 -9.999999999000000000e+09
1.314375195823283093e+03 9.977490215355354630e-01 4.999651918081992295e-03 -9.999999999000000000e+09
1.314386156532606492e+03 1.004757749008267753e+00 4.999652107513640614e-03 -9.999999999000000000e+09
1.314397117333332744e+03 1.011892455961564519e+00 4.999652296763645171e-03 -9.999999999000000000e+09
1.314408078225461850e+03 1.001258577575843800e+00 4.999652485832541127e-03 -9.999999999000000000e+09
1.314419039208995400e+03 1.006065021037202856e+00 4.999652674720864512e-03 -9.999999999000000000e+09
1.314430000283933396e+03 1.000632690027511984e+00 4.999652863429146152e-03 -9.999999999000000000e+09
1.314440961450277200e+03 9.957301042901780530e-01 4.999653051957916872e-03 -9.999999999000000000e+09
1.314451922708027041e+03 1.003825131874110266e+00 4.999653240307702293e-03 -9.999999999000000000e+09
1.314462884057184283e+03 1.006485076061448103e+00 4.999653428479028903e-03 -9.999999999000000000e+09
1.314473845497748925e+03 9.960577005842093934e-01 4.999653616472416254e-03 -9.999999999000000000e+09
1.314484807029722333e+03 9.972268264503287849e-01 4.999653804288386495e-03 -9.999999999000000000e+09
1.314495768653104960e+03 9.953212817152721215e-01 4.999653991927456576e-03 -9.999999999000000000e+09
1.314506730367897944e+03 1.014324560833244737e+00 4.999654179390139973e-03 -9.999999999000000000e+09
1.314517692174101740e+03 1.000210410594343013e+00 4.999654366676952767e-03 -9.999999999000000000e+09
1.314528654071716801e+03 9.992828921080153526e-01 4.999654553788399763e-03 -9.999999999000000000e+09
1.314539616060744493e+03 9.934782237343110500e-01 4.999654740724993572e-03 -9.999999999000000000e+09
1.314550578141185269e+03 1.000699666319140535e+00 4.999654927487238998e-03 -9.999999999000000000e+09
1.314561540313040041e+03 1.000192944815539109e+00 4.999655114075637376e-03 -9.999999999000000000e+09
1.314572502576309716e+03 9.956115458039956900e-01 4.999655300490690908e-03 -9.999999999000000000e+09
1.314583464930994523e+03 9.997556029897100016e-01 4.999655486732899196e-03 -9.999999999000000000e+09
1.314594427377095371e+03 1.002644123110849605e+00 4.999655672802755767e-03 -9.999999999000000000e+09
1.314605389914613397e+03 1.010617320937393648e+00 4.999655858700756753e-03 -9.999999999000000000e+09
1.314616352543549283e+03 1.006130830704631940e+00 4.999656044427393947e-03 -9.999999999000000000e+09
1.314627315263903483e+03 1.005273317423972967e+00 4.999656229983155675e-03 -9.999999999000000000e+09
1.314638278075677135e+03 1.006074769309440509e+00 4.999656415368529394e-03 -9.999999999000000000e+09
1.314649240978870466e+03 9.878767537868963222e-01 4.999656600584001694e-03 -9.999999999000000000e+09
1.314660203973484840e+03 1.009086683243862970e+00 4.999656785630054827e-03 -9.999999999000000000e+09
1.314671167059520712e+03 9.972843330509140181e-01 4.999656970507169312e-03 -9.999999999000000000e+09
1.314682130236978765e+03 1.000390303092641320e+00 4.999657155215823066e-03 -9.999999999000000000e+09
1.314693093505859906e+03 1.004590633410890721e+00 4.999657339756491403e-03 -9.999999999000000000e+09
1.314704056866164592e+03 9.990614832904212150e-01 4.999657524129652239e-03 -9.999999999000000000e+09
1.314715020317894187e+03 1.007192412142548621e+00 4.999657708335773949e-03 -9.999999999000000000e+09
1.314725983861049144e+03 1.003640120048961748e+00 4.999657892375329246e-03 -9.999999999000000000e+09
1.314736947495630147e+03 9.971157005453874511e-01 4.999658076248782168e-03 -9.999999999000000000e+09
1.314747911221638105e+03 1.001474014437631954e+00 4.999658259956601090e-03 -9.999999999000000000e+09
1.314758875039073700e+03 9.962352722209176781e-01 4.999658443499250052e-03 -9.999999999000000000e+09
1.314769838947937615e+03 9.976904347025904451e-01 4.999658626877190488e-03 -9.999999999000000000e+09
1.314780802948230530e+03 9.927518412807722070e-01 4.999658810090881235e-03 -9.999999999000000000e+09
1.314791767039953584e+03 1.004976811780933010e+00 4.999658993140777656e-03 -9.999999999000000000e+09
1.314802731223107230e+03 1.000082406945728142e+00 4.999659176027336852e-03 -9.999999999000000000e+09
1.314813695497692379e+03 9.992780430422417703e-01 4.999659358751011584e-03 -9.999999999000000000e+09
1.314824659863709712e+03 1.002854217665508418e+00 4.999659541312254617e-03 -9.999999999000000000e+09
1.314835624321160140e+03 9.947596361408349575e-01 4.999659723711513508e-03 -9.999999999000000000e+09
1.314846588870044116e+03 9.940642900259468728e-01 4.999659905949236684e-03 -9.999999999000000000e+09
1.314857553510362550e+03 9.971576417861400810e-01 4.999660088025868233e-03 -9.999999999000000000e+09
1.314868518242116352e+03 9.950422689621767347e-01 4.999660269941852246e-03 -9.999999999000000000e+09
1.314879483065306204e+03 1.001123676226821191e+00 4.999660451697626740e-03 -9.999999999000000000e+09
1.314890447979932787e+03 1.002423136141018523e+00 4.999660633293635803e-03 -9.999999999000000000e+09
1.314901412985997013e+03 1.004088888749220088e+00 4.999660814730316587e-03 -9.999999999000000000e+09
1.314912378083499561e+03 9.964929527051257230e-01 4.999660996008101904e-03 -9.999999999000000000e+09
1.314923343272440889e+03 9.970592656100978335e-01 4.999661177127423702e-03 -9.999999999000000000e+09
1.314934308552822358e+03 9.986449092308052888e-01 4.999661358088717394e-03 -9.999999999000000000e+09
1.314945273924644198e+03 9.931418319546957418e-01 4.999661538892410592e-03 -9.999999999000000000e+09
1.314956239387907544e+03 1.008085003920208056e+00 4.999661719538930904e-03 -9.999999999000000000e+09
1.314967204942613080e+03 1.002309935962399257e+00 4.999661900028705940e-03 -9.999999999000000000e+09
1.314978170588761259e+03 9.944705826527694414e-01 4.999662080362158971e-03 -9.999999999000000000e+09
1.314989136326353218e+03 9.954807500241035223e-01 4.999662260539711536e-03 -9.999999999000000000e+09
1.315000102155389413e+03 1.006951238500847667e+00 4.999662440561782571e-03 -9.999999999000000000e+09
1.315011068075871208e+03 9.997770196957685984e-01 4.999662620428793613e-03 -9.999999999000000000e+09
1.315022034087798602e+03 9.902575969408363710e-01 4.999662800141160129e-03 -9.999999999000000000e+09
1.315033000191172732e+03 1.005148486806798358e+00 4.999662979699295851e-03 -9.999999999000000000e+09
1.315043966385994509e+03 9.934682932402032485e-01 4.999663159103614508e-03 -9.999999999000000000e+09
1.315054932672264158e+03 1.004265931322917416e+00 4.999663338354526365e-03 -9.999999999000000000e+09
1.315065899049983045e+03 1.002259861698614252e+00 4.999663517452443418e-03 -9.999999999000000000e+09
1.315076865519151625e+03 9.974309909853682488e-01 4.999663696397770724e-03 -9.999999999000000000e+09
1.315087832079770806e+03 9.986953153725258714e-01 4.999663875190915076e-03 -9.999999999000000000e+09
1.315098798731841043e+03 1.002019759966189749e+00 4.999664053832278063e-03 -9.999999999000000000e+09
1.315109765475363474e+03 1.007286327221893263e+00 4.999664232322266477e-03 -9.999999999000000000e+09
1.315120732310338553e+03 1.000910022996654991e+00 4.999664410661279305e-03 -9.999999999000000000e+09
1.315131699236767417e+03 9.965650621980474133e-01 4.999664588849713799e-03 -9.999999999000000000e+09
1.315142666254650294e+03 1.007099765216335374e+00 4.999664766887968077e-03 -9.999999999000000000e+09
1.315153633363988547e+03 9.967481674066743791e-01 4.999664944776436790e-03 -9.999999999000000000e+09
1.315164600564782631e+03 1.005468045885535400e+00 4.999665122515515453e-03 -9.999999999000000000e+09
1.315175567857033229e+03 1.000140224802275934e+00 4.999665300105593513e-03 -9.999999999000000000e+09
1.315186535240741250e+03 1.005263646409956246e+00 4.999665477547063017e-03 -9.999999999000000000e+09
1.315197502715907376e+03 9.941163040513311122e-01 4.999665654840312543e-03 -9.999999999000000000e+09
1.315208470282532289e+03 1.007853711722660917e+00 4.999665831985728066e-03 -9.999999999000000000e+09
1.315219437940617127e+03 1.000651433923481548e+00 4.999666008983695564e-03 -9.999999999000000000e+09
1.315230405690162115e+03 1.002756339596652779e+00 4.999666185834597543e-03 -9.999999999000000000e+09
1.315241373531168620e+03 1.004763855073733669e+00 4.999666362538819110e-03 -9.999999999000000000e+09
1.315252341463636640e+03 9.996645557318479813e-01 4.999666539096736702e-03 -9.999999999000000000e+09
1.315263309487567540e+03 1.003358647038408380e+00 4.999666715508731089e-03 -9.999999999000000000e+09
1.315274277602962002e+03 9.939391592736045444e-01 4.999666891775180443e-03 -9.999999999000000000e+09
1.315285245809820708e+03 1.002693076353361024e+00 4.999667067896457727e-03 -9.999999999000000000e+09
1.315296214108144341e+03 1.002524984883370385e+00 4.999667243872937643e-03 -9.999999999000000000e+09
1.315307182497933809e+03 9.999094122660845407e-01 4.999667419704992288e-03 -9.999999999000000000e+09
1.315318150979189795e+03 1.002711939658238904e+00 4.999667595392995496e-03 -9.999999999000000000e+09
1.315329119551912981e+03 9.987903891559007930e-01 4.999667770937312426e-03 -9.999999999000000000e+09
1.315340088216104277e+03 1.003625641376459487e+00 4.999667946338311707e-03 -9.999999999000000000e+09
1.315351056971764365e+03 9.978387281975620304e-01 4.999668121596360232e-03 -9.999999999000000000e+09
1.315362025818893926e+03 1.007642360648153046e+00 4.999668296711824028e-03 -9.999999999000000000e+09
1.315372994757494098e+03 9.984714872330135993e-01 4.999668471685062184e-03 -9.999999999000000000e+09
1.315383963787565335e+03 9.994421931824182259e-01 4.999668646516438122e-03 -9.999999999000000000e+09
1.315394932909108093e+03 1.005974804534573330e+00 4.999668821206312667e-03 -9.999999999000000000e+09
1.315405902122123734e+03 1.004492564208007810e+00 4.999668995755041437e-03 -9.999999999000000000e+09
1.315416871426612715e+03 1.002610051148381087e+00 4.999669170162985253e-03 -9.999999999000000000e+09
1.315427840822575945e+03 1.002883499963042047e+00 4.999669344430496265e-03 -9.999999999000000000e+09
1.315438810310013878e+03 9.943581646098483828e-01 4.999669518557928356e-03 -9.999999999000000000e+09
1.315449779888927878e+03 9.997756459484089531e-01 4.999669692545636278e-03 -9.999999999000000000e+09
1.315460749559317946e+03 1.005295568717991861e+00 4.999669866393972179e-03 -9.999999999000000000e+09
1.315471719321185446e+03 9.999037017369513114e-01 4.999670040103279534e-03 -9.999999999000000000e+09
1.315482689174530833e+03 1.003664252295883408e+00 4.999670213673911359e-03 -9.999999999000000000e+09
1.315493659119354788e+03 1.003381983520800880e+00 4.999670387106211998e-03 -9.999999999000000000e+09
1.315504629155658222e+03 9.975095849609516563e-01 4.999670560400526660e-03 -9.999999999000000000e+09
1.315515599283442270e+03 9.963408357842428176e-01 4.999670733557200555e-03 -9.999999999000000000e+09
1.315526569502707162e+03 9.980824387218739657e-01 4.999670906576574557e-03 -9.999999999000000000e+09
1.315537539813453577e+03 1.008629117164279831e+00 4.999671079458990405e-03 -9.999999999000000000e+09
1.315548510215683109e+03 9.931623340018589374e-01 4.999671252204787239e-03 -9.999999999000000000e+09
1.315559480709395302e+03 1.002401571424416105e+00 4.999671424814302462e-03 -9.999999999000000000e+09
1.315570451294591976e+03 1.002020606354679266e+00 4.999671597287873477e-03 -9.999999999000000000e+09
1.315581421971273357e+03 9.852973688122191875e-01 4.999671769625832485e-03 -9.999999999000000000e+09
1.315592392739440356e+03 9.986660447904787130e-01 4.999671941828518623e-03 -9.999999999000000000e+09
1.315603363599093882e+03 9.948241037677337806e-01 4.999672113896261490e-03 -9.999999999000000000e+09
1.315614334550234162e+03 1.002859019264859652e+00 4.999672285829391549e-03 -9.999999999000000000e+09
1.315625305592862560e+03 9.970721060468717978e-01 4.999672457628239267e-03 -9.999999999000000000e+09
1.315636276726979304e+03 9.961898694701467605e-01 4.999672629293133372e-03 -9.999999999000000000e+09
1.315647247952585985e+03 9.981150606412066972e-01 4.999672800824399126e-03 -9.999999999000000000e+09
1.315658219269682604e+03 1.000731692333064693e+00 4.999672972222364391e-03 -9.999999999000000000e+09
1.315669190678270070e+03 9.964699237390425290e-01 4.999673143487354428e-03 -9.999999999000000000e+09
1.315680162178349292e+03 1.003323136738075272e+00 4.999673314619687559e-03 -9.999999999000000000e+09
1.315691133769920953e+03 1.005771759187581438e+00 4.999673485619689044e-03 -9.999999999000000000e+09
1.315702105452985961e+03 1.000948001914314434e+00 4.999673656487679807e-03 -9.999999999000000000e+09
1.315713077227545000e+03 1.002918448856957134e+00 4.999673827223978170e-03 -9.999999999000000000e+09
1.315724049093598524e+03 1.004881152046408710e+00 4.999673997828900721e-03 -9.999999999000000000e+09
1.315735021051147669e+03 9.964096945436675679e-01 4.999674168302764045e-03 -9.999999999000000000e+09
1.315745993100193118e+03 9.957971873152912101e-01 4.999674338645883863e-03 -9.999999999000000000e+09
1.315756965240735553e+03 9.912354307695763200e-01 4.999674508858575894e-03 -9.999999999000000000e+09
1.315767937472775884e+03 9.979731325771081796e-01 4.999674678941149787e-03 -9.999999999000000000e+09
1.315778909796314565e+03 1.000962221393810081e+00 4.999674848893917792e-03 -9.999999999000000000e+09
1.315789882211352733e+03 1.004598326779220674e+00 4.999675018717191291e-03 -9.999999999000000000e+09
1.315800854717891298e+03 1.002261970413782510e+00 4.999675188411278198e-03 -9.999999999000000000e+09
1.315811827315930259e+03 1.002093648178084884e+00 4.999675357976486427e-03 -9.999999999000000000e+09
1.315822800005471208e+03 9.954292433503734161e-01 4.999675527413122156e-03 -9.999999999000000000e+09
1.315833772786514146e+03 9.937239355833898946e-01 4.999675696721488094e-03 -9.999999999000000000e+09
1.315844745659060436e+03 9.998433224260417918e-01 4.999675865901893022e-03 -9.999999999000000000e+09
1.315855718623110761e+03 1.000357877729852074e+00 4.999676034954637048e-03 -9.999999999000000000e+09
1.315866691678665347e+03 1.003116599225453820e+00 4.999676203880022013e-03 -9.999999999000000000e+09
1.315877664825725788e+03 9.958554019894476639e-01 4.999676372678345422e-03 -9.999999999000000000e+09
1.315888638064292309e+03 1.002197057835375826e+00 4.999676541349910852e-03 -9.999999999000000000e+09
1.315899611394365820e+03 9.990133875429896282e-01 4.999676709895013206e-03 -9.999999999000000000e+09
1.315910584815947004e+03 9.968764309558626469e-01 4.999676878313950856e-03 -9.999999999000000000e+09
1.315921558329036543e+03 9.957258155341539574e-01 4.999677046607017838e-03 -9.999999999000000000e+09
1.315932531933635346e+03 9.986624683483843468e-01 4.999677214774508188e-03 -9.999999999000000000e+09
1.315943505629744550e+03 9.969803987560633685e-01 4.999677382816717676e-03 -9.999999999000000000e+09
1.315954479417364155e+03 1.000049625023154976e+00 4.999677550733936868e-03 -9.999999999000000000e+09
1.315965453296495298e+03 1.003902095174993292e+00 4.999677718526454595e-03 -9.999999999000000000e+09
1.315976427267138888e+03 1.004420174982807445e+00 4.999677886194563159e-03 -9.999999999000000000e+09
1.315987401329295380e+03 9.992172538696689754e-01 4.999678053738550523e-03 -9.999999999000000000e+09
1.315998375482965912e+03 1.003766436596166267e+00 4.999678221158701183e-03 -9.999999999000000000e+09
1.316009349728150710e+03 9.963989114947595649e-01 4.999678388455306571e-03 -9.999999999000000000e+09
1.316020324064851366e+03 9.975272616248835877e-01 4.999678555628647714e-03 -9.999999999000000000e+09
1.316031298493067879e+03 1.006112103240461408e+00 4.999678722679010839e-03 -9.999999999000000000e+09
1.316042273012800933e+03 1.007381377269159772e+00 4.999678889606675239e-03 -9.999999999000000000e+09
1.316053247624052119e+03 9.981140235271446226e-01 4.999679056411928876e-03 -9.999999999000000000e+09
1.316064222326821437e+03 1.007140792535756502e+00 4.999679223095045838e-03 -9.999999999000000000e+09
1.316075197121110250e+03 1.008622422516366468e+00 4.999679389656308884e-03 -9.999999999000000000e+09
1.316086172006918559e+03 9.952230927398871829e-01 4.999679556095995570e-03 -9.999999999000000000e+09
1.316097146984247729e+03 1.002798006892042570e+00 4.999679722414386053e-03 -9.999999999000000000e+09
1.316108122053098441e+03 1.012278385071180287e+00 4.999679888611752686e-03 -9.999999999000000000e+09
1.316119097213471377e+03 9.961187910720998850e-01 4.999680054688372156e-03 -9.999999999000000000e+09
1.316130072465367448e+03 1.008617215566832925e+00 4.999680220644517684e-03 -9.999999999000000000e+09
1.316141047808787107e+03 9.899910620327753152e-01 4.999680386480465089e-03 -9.999999999000000000e+09
1.316152023243731037e+03 1.000903449849859683e+00 4.999680552196482386e-03 -9.999999999000000000e+09
1.316162998770200602e+03 1.004478756519119553e+00 4.999680717792844530e-03 -9.999999999000000000e+09
1.316173974388195802e+03 9.973384933684495968e-01 4.999680883269817799e-03 -9.999999999000000000e+09
1.316184950097718229e+03 9.999973354799702729e-01 4.999681048627672812e-03 -9.999999999000000000e+09
1.316195925898768110e+03 9.967513907262882666e-01 4.999681213866676716e-03 -9.999999999000000000e+09
1.316206901791346354e+03 1.003985053624494528e+00 4.999681378987096657e-03 -9.999999999000000000e+09
1.316217877775453417e+03 1.000158521106944809e+00 4.999681543989197181e-03 -9.999999999000000000e+09
1.316228853851090435e+03 1.000191517777060612e+00 4.999681708873244569e-03 -9.999999999000000000e+09
1.316239830018258544e+03 9.983736460023098225e-01 4.999681873639503366e-03 -9.999999999000000000e+09
1.316250806276957292e+03 1.001656241167772743e+00 4.999682038288233779e-03 -9.999999999000000000e+09
1.316261782627188495e+03 9.975729847542101902e-01 4.999682202819696886e-03 -9.999999999000000000e+09
1.316272759068953064e+03 9.935278060204005834e-01 4.999682367234155496e-03 -9.999999999000000000e+09
1.316283735602250772e+03 1.000172500516761209e+00 4.999682531531865481e-03 -9.999999999000000000e+09
1.316294712227082982e+03 9.884918049213737845e-01 4.999682695713091388e-03 -9.999999999000000000e+09
1.316305688943450377e+03 9.961534122684247983e-01 4.999682859778087352e-03 -9.999999999000000000e+09
1.316316665751353867e+03 9.980662761036098729e-01 4.999683023727109245e-03 -9.999999999000000000e+09
1.316327642650793905e+03 9.955842154149192602e-01 4.999683187560413807e-03 -9.999999999000000000e+09
1.316338619641771629e+03 1.006620784092826071e+00 4.999683351278256041e-03 -9.999999999000000000e+09
1.316349596724287494e+03 1.000542034741444430e+00 4.999683514880886616e-03 -9.999999999000000000e+09
1.316360573898342409e+03 1.007779774387356886e+00 4.999683678368562270e-03 -9.999999999000000000e+09
1.316371551163937056e+03 1.004317550020376038e+00 4.999683841741534539e-03 -9.999999999000000000e+09
1.316382528521072345e+03 1.003465301721416569e+00 4.999684005000050620e-03 -9.999999999000000000e+09
1.316393505969748730e+03 9.953232054403930995e-01 4.999684168144363783e-03 -9.999999999000000000e+09
1.316404483509967577e+03 1.003715367558980054e+00 4.999684331174721226e-03 -9.999999999000000000e+09
1.316415461141728883e+03 1.009322280748661926e+00 4.999684494091371015e-03 -9.999999999000000000e+09
1.316426438865034015e+03 9.971876923423841355e-01 4.999684656894559480e-03 -9.999999999000000000e+09
1.316437416679883427e+03 9.992682945347276524e-01 4.999684819584533819e-03 -9.999999999000000000e+09
1.316448394586277800e+03 9.971280300607978653e-01 4.999684982161539497e-03 -9.999999999000000000e+09
1.316459372584218272e+03 1.005971877989070062e+00 4.999685144625819373e-03 -9.999999999000000000e+09
1.316470350673705298e+03 9.986848731911240895e-01 4.999685306977618045e-03 -9.999999999000000000e+09
1.316481328854739786e+03 1.001485496519178175e+00 4.999685469217175771e-03 -9.999999999000000000e+09
1.316492307127322420e+03 1.001575978679427159e+00 4.999685631344735412e-03 -9.999999999000000000e+09
1.316503285491453880e+03 1.010345367540428585e+00 4.999685793360538096e-03 -9.999999999000000000e+09
1.316514263947135305e+03 1.003069388573264886e+00 4.999685955264823213e-03 -9.999999999000000000e+09
1.316525242494366921e+03 9.968646429780849694e-01 4.999686117057827554e-03 -9.999999999000000000e+09
1.316536221133149866e+03 1.005855016031641513e+00 4.999686278739792246e-03 -9.999999999000000000e+09
1.316547199863484821e+03 1.001832597984904760e+00 4.999686440310950608e-03 -9.999999999000000000e+09
1.316558178685372468e+03 9.941163128819219263e-01 4.999686601771539431e-03 -9.999999999000000000e+09
1.316569157598813717e+03 1.004906623325336534e+00 4.999686763121798973e-03 -9.999999999000000000e+09
1.316580136603809251e+03 1.001324324224935447e+00 4.999686924361954748e-03 -9.999999999000000000e+09
1.316591115700359751e+03 1.002186635589746633e+00 4.999687085492247017e-03 -9.999999999000000000e+09
1.316602094888466354e+03 9.929292020825905007e-01 4.999687246512905629e-03 -9.999999999000000000e+09
1.316613074168129288e+03 1.001912149965020538e+00 4.999687407424163038e-03 -9.999999999000000000e+09
1.316624053539349461e+03 9.900566279227115407e-01 4.999687568226249962e-03 -9.999999999000000000e+09
1.316635033002127784e+03 9.977706750383887879e-01 4.999687728919394517e-03 -9.999999999000000000e+09
1.316646012556464939e+03 9.979344056833270304e-01 4.999687889503827420e-03 -9.999999999000000000e+09
1.316656992202361835e+03 9.994148608492677832e-01 4.999688049979778524e-03 -9.999999999000000000e+09
1.316667971939819154e+03 1.003492163567921702e+00 4.999688210347471608e-03 -9.999999999000000000e+09
1.316678951768837578e+03 9.946356693705412644e-01 4.999688370607135654e-03 -9.999999999000000000e+09
1.316689931689417790e+03 9.978516923044082887e-01 4.999688530758997045e-03 -9.999999999000000000e+09
1.316700911701560926e+03 9.995125605754175968e-01 4.999688690803276957e-03 -9.999999999000000000e+09
1.316711891805267442e+03 9.965850378288984013e-01 4.999688850740203507e-03 -9.999999999000000000e+09
1.316722872000538018e+03 1.001386533101013443e+00 4.999689010569998739e-03 -9.999999999000000000e+09
1.316733852287373566e+03 9.889419763316290579e-01 4.999689170292884698e-03 -9.999999999000000000e+09
1.316744832665775220e+03 9.968099056458633589e-01 4.999689329909081693e-03 -9.999999999000000000e+09
1.316755813135743210e+03 9.963827833713782001e-01 4.999689489418810903e-03 -9.999999999000000000e+09
1.316766793697278217e+03 9.973371651933647941e-01 4.999689648822294372e-03 -9.999999999000000000e+09
1.316777774350381378e+03 9.990508585162036770e-01 4.999689808119749806e-03 -9.999999999000000000e+09
1.316788755095053375e+03 9.960221728397893326e-01 4.999689967311395783e-03 -9.999999999000000000e+09
1.316799735931294890e+03 1.006249550740622833e+00 4.999690126397450009e-03 -9.999999999000000000e+09
1.316810716859106833e+03 9.934940053159674322e-01 4.999690285378127590e-03 -9.999999999000000000e+09
1.316821697878489658e+03 1.004987656735323753e+00 4.999690444253647968e-03 -9.999999999000000000e+09
1.316832678989444503e+03 9.966834148608688659e-01 4.999690603024222781e-03 -9.999999999000000000e+09
1.316843660191971594e+03 9.945211122074637533e-01 4.999690761690068000e-03 -9.999999999000000000e+09
1.316854641486072296e+03 9.900469413716834755e-01 4.999690920251396997e-03 -9.999999999000000000e+09
1.316865622871747291e+03 9.993581347553125438e-01 4.999691078708424011e-03 -9.999999999000000000e+09
1.316876604348997034e+03 9.959284418629091862e-01 4.999691237061358942e-03 -9.999999999000000000e+09
1.316887585917822435e+03 1.008747464909147240e+00 4.999691395310414295e-03 -9.999999999000000000e+09
1.316898567578224402e+03 1.007426368719158694e+00 4.999691553455799971e-03 -9.999999999000000000e+09
1.316909549330203618e+03 9.981975332562172953e-01 4.999691711497725871e-03 -9.999999999000000000e+09
1.316920531173760537e+03 9.950333692113925155e-01 4.999691869436401030e-03 -9.999999999000000000e+09
1.316931513108896297e+03 1.000048493282691631e+00 4.999692027272035350e-03 -9.999999999000000000e+09
1.316942495135611580e+03 9.994407827187572479e-01 4.999692185004832659e-03 -9.999999999000000000e+09
1.316953477253906840e+03 1.000463886198083463e+00 4.999692342635002860e-03 -9.999999999000000000e+09
1.316964459463783214e+03 1.001500410540185682e+00 4.999692500162751518e-03 -9.999999999000000000e+09
1.316975441765241612e+03 9.906129893929787045e-01 4.999692657588282463e-03 -9.999999999000000000e+09
1.316986424158282489e+03 1.012132005267738943e+00 4.999692814911801259e-03 -9.999999999000000000e+09
1.316997406642906526e+03 9.902147769488760520e-01 4.999692972133511736e-03 -9.999999999000000000e+09
1.317008389219114861e+03 1.006871699170395429e+00 4.999693129253617724e-03 -9.999999999000000000e+09
1.317019371886907720e+03 9.992153319421115398e-01 4.999693286272319584e-03 -9.999999999000000000e+09
1.317030354646286014e+03 1.005527135001580863e+00 4.999693443189820279e-03 -9.999999999000000000e+09
1.317041337497251106e+03 1.002844659958043172e+00 4.999693600006321903e-03 -9.999999999000000000e+09
1.317052320439803225e+03 9.932837566787843242e-01 4.999693756722021348e-03 -9.999999999000000000e+09
1.317063303473942824e+03 1.000180275262518848e+00 4.999693913337118975e-03 -9.999999999000000000e+09
1.317074286599671495e+03 1.000207860710335295e+00 4.999694069851816011e-03 -9.999999999000000000e+09
1.317085269816989694e+03 1.004604595572518688e+00 4.999694226266309348e-03 -9.999999999000000000e+09
1.317096253125897874e+03 9.965744528381619283e-01 4.999694382580795876e-03 -9.999999999000000000e+09
1.317107236526396719e+03 1.000418810848528794e+00 4.999694538795472487e-03 -9.999999999000000000e+09
1.317118220018487591e+03 9.986277897029695039e-01 4.999694694910535205e-03 -9.999999999000000000e+09
1.317129203602170946e+03 9.975010000244356467e-01 4.999694850926179185e-03 -9.999999999000000000e+09
1.317140187277447467e+03 9.986291220620282516e-01 4.999695006842597850e-03 -9.999999999000000000e+09
1.317151171044317834e+03 9.916659205108379060e-01 4.999695162659987223e-03 -9.999999999000000000e+09
1.317162154902782959e+03 9.986998892914141779e-01 4.999695318378537257e-03 -9.999999999000000000e+09
1.317173138852843749e+03 9.963283448238376971e-01 4.999695473998445709e-03 -9.999999999000000000e+09
1.317184122894500888e+03 9.944963072950078198e-01 4.999695629519899931e-03 -9.999999999000000000e+09
1.317195107027754830e+03 9.965023885702068984e-01 4.999695784943091609e-03 -9.999999999000000000e+09
1.317206091252606711e+03 9.960693762580835608e-01 4.999695940268213297e-03 -9.999999999000000000e+09
1.317217075569056988e+03 1.000871615441683016e+00 4.999696095495453213e-03 -9.999999999000000000e+09
1.317228059977106795e+03 1.002972802857761803e+00 4.999696250625000442e-03 -9.999999999000000000e+09
1.317239044476757044e+03 9.995394630903071675e-01 4.999696405657046670e-03 -9.999999999000000000e+09
1.317250029068007734e+03 9.919715415287365667e-01 4.999696560591773177e-03 -9.999999999000000000e+09
1.317261013750860002e+03 1.004778852509882192e+00 4.999696715429373384e-03 -9.999999999000000000e+09
1.317271998525314757e+03 1.000139806281542088e+00 4.999696870170031171e-03 -9.999999999000000000e+09
1.317282983391372909e+03 9.976089085870862849e-01 4.999697024813932154e-03 -9.999999999000000000e+09
1.317293968349034685e+03 9.938724054124176144e-01 4.999697179361262817e-03 -9.999999999000000000e+09
1.317304953398301450e+03 1.003992337710532645e+00 4.999697333812206171e-03 -9.999999999000000000e+09
1.317315938539173430e+03 1.005936742850272569e+00 4.999697488166946965e-03 -9.999999999000000000e+09
1.317326923771651536e+03 1.009690638109061345e+00 4.999697642425669081e-03 -9.999999999000000000e+09
1.317337909095736904e+03 9.957968248010015122e-01 4.999697796588554663e-03 -9.999999999000000000e+09
1.317348894511429762e+03 1.008727513977498047e+00 4.999697950655786725e-03 -9.999999999000000000e+09
1.317359880018731019e+03 1.002983803160866660e+00 4.999698104627544812e-03 -9.999999999000000000e+09
1.317370865617642039e+03 1.001812554314600590e+00 4.999698258504010201e-03 -9.999999999000000000e+09
1.317381851308162595e+03 9.998156880604121000e-01 4.999698412285364171e-03 -9.999999999000000000e+09
1.317392837090294279e+03 1.001576982326070286e+00 4.999698565971785399e-03 -9.999999999000000000e+09
1.317403822964037317e+03 9.953282980212491138e-01 4.999698719563450827e-03 -9.999999999000000000e+09
1.317414808929392620e+03 1.004848995327806582e+00 4.999698873060542600e-03 -9.999999999000000000e+09
1.317425794986361325e+03 1.002973934618575980e+00 4.999699026463236794e-03 -9.999999999000000000e+09
1.317436781134943885e+03 9.943847649194140770e-01 4.999699179771711216e-03 -9.999999999000000000e+09
1.317447767375140756e+03 9.965474770867973620e-01 4.999699332986140207e-03 -9.999999999000000000e+09
1.317458753706953303e+03 1.000452013055709521e+00 4.999699486106700709e-03 -9.999999999000000000e+09
1.317469740130381751e+03 1.007228470008761256e+00 4.999699639133567061e-03 -9.999999999000000000e+09
1.317480726645427239e+03 1.002547028741805013e+00 4.999699792066917073e-03 -9.999999999000000000e+09
1.317491713252090221e+03 9.984329798772383358e-01 4.999699944906921614e-03 -9.999999999000000000e+09
1.317502699950371834e+03 1.000894418934796803e+00 4.999700097653755025e-03 -9.999999999000000000e+09
1.317513686740272533e+03 1.001193823848203657e+00 4.999700250307591645e-03 -9.999999999000000000e+09
1.317524673621793227e+03 9.980069799281696685e-01 4.999700402868601477e-03 -9.999999999000000000e+09
1.317535660594934825e+03 9.969941275898848154e-01 4.999700555336957994e-03 -9.999999999000000000e+09
1.317546647659697783e+03 1.000649129704145768e+00 4.999700707712830330e-03 -9.999999999000000000e+09
1.317557634816083009e+03 1.005088557907932723e+00 4.999700859996390225e-03 -9.999999999000000000e+09
1.317568622064091187e+03 9.976881988792767331e-01 4.999701012187809414e-03 -9.999999999000000000e+09
1.317579609403723225e+03 9.985934475390626508e-01 4.999701164287253564e-03 -9.999999999000000000e+09
1.317590596834979578e+03 1.002993365198474596e+00 4.999701316294894414e-03 -9.999999999000000000e+09
1.317601584357861839e+03 9.961218197977279587e-01 4.999701468210898496e-03 -9.999999999000000000e+09
1.317612571972369778e+03 1.004946241394027773e+00 4.999701620035435813e-03 -9.999999999000000000e+09
1.317623559678504307e+03 9.995053375719588074e-01 4.999701771768670297e-03 -9.999999999000000000e+09
1.317634547476266789e+03 9.940442788741968849e-01 4.999701923410771950e-03 -9.999999999000000000e+09
1.317645535365657679e+03 1.003260440365070005e+00 4.999702074961903837e-03 -9.999999999000000000e+09
1.317656523346677432e+03 1.005601098438982044e+00 4.999702226422231624e-03 -9.999999999000000000e+09
1.317667511419327411e+03 1.004421964736791573e+00 4.999702377791922711e-03 -9.999999999000000000e+09
1.317678499583607618e+03 1.002152129959685167e+00 4.999702529071137561e-03 -9.999999999000000000e+09
1.317689487839519643e+03 9.951858732654917938e-01 4.999702680260042706e-03 -9.999999999000000000e+09
1.317700476187063714e+03 9.936165058542282269e-01 4.999702831358802078e-03 -9.999999999000000000e+09
1.317711464626240740e+03 9.960342708215843555e-01 4.999702982367576140e-03 -9.999999999000000000e+09
1.317722453157051632e+03 1.001996806074882507e+00 4.999703133286527955e-03 -9.999999999000000000e+09
1.317733441779497070e+03 1.005001530237814800e+00 4.999703284115818852e-03 -9.999999999000000000e+09
1.317744430493577283e+03 9.989529671591129700e-01 4.999703434855609294e-03 -9.999999999000000000e+09
1.317755419299293862e+03 9.973474977832136323e-01 4.999703585506060609e-03 -9.999999999000000000e+09
1.317766408196647262e+03 1.004232623964602444e+00 4.999703736067334127e-03 -9.999999999000000000e+09
1.317777397185637938e+03 1.002908419447894994e+00 4.999703886539586840e-03 -9.999999999000000000e+09
1.317788386266267025e+03 1.001119222937018494e+00 4.999704036922977476e-03 -9.999999999000000000e+09
1.317799375438535208e+03 1.003222752898802250e+00 4.999704187217667364e-03 -9.999999999000000000e+09
1.317810364702443394e+03 1.005046527432780445e+00 4.999704337423810895e-03 -9.999999999000000000e+09
1.317821354057992039e+03 1.000766763860190256e+00 4.999704487541568529e-03 -9.999999999000000000e+09
1.317832343505182052e+03 9.959595531386248313e-01 4.999704637571096393e-03 -9.999999999000000000e+09
1.317843333044013889e+03 1.004052216264557762e+00 4.999704787512548008e-03 -9.999999999000000000e+09
1.317854322674489140e+03 1.000116762135851989e+00 4.999704937366082971e-03 -9.999999999000000000e+09
1.317865312396607806e+03 9.970411177456696139e-01 4.999705087131853069e-03 -9.999999999000000000e+09
1.317876302210370568e+03 1.004628043585061414e+00 4.999705236810016162e-03 -9.999999999000000000e+09
1.317887292115779246e+03 9.964165417407466752e-01 4.999705386400724039e-03 -9.999999999000000000e+09
1.317898282112833158e+03 9.995198044857622754e-01 4.999705535904131956e-03 -9.999999999000000000e+09
1.317909272201534350e+03 9.991202644833210300e-01 4.999705685320392570e-03 -9.999999999000000000e+09
1.317920262381882594e+03 9.921165062746690744e-01 4.999705834649659404e-03 -9.999999999000000000e+09
1.317931252653879255e+03 1.003921988016221123e+00 4.999705983892083379e-03 -9.999999999000000000e+09
1.317942243017524788e+03 9.980179114207459179e-01 4.999706133047816282e-03 -9.999999999000000000e+09
1.317953233472820330e+03 9.938561363164016838e-01 4.999706282117010771e-03 -9.999999999000000000e+09
1.317964224019766107e+03 9.961286242012620251e-01 4.999706431099816897e-03 -9.999999999000000000e+09
1.317975214658363484e+03 9.907122977437468059e-01 4.999706579996385583e-03 -9.999999999000000000e+09
1.317986205388612689e+03 1.003506328761597954e+00 4.999706728806863412e-03 -9.999999999000000000e+09
1.317997196210514630e+03 1.002512184031130182e+00 4.999706877531404775e-03 -9.999999999000000000e+09
1.318008187124070446e+03 1.005611372486355792e+00 4.999707026170153654e-03 -9.999999999000000000e+09
1.318019178129280590e+03 9.989342347590284277e-01 4.999707174723262704e-03 -9.999999999000000000e+09
1.318030169226145745e+03 9.976462643136174702e-01 4.999707323190876775e-03 -9.999999999000000000e+09
1.318041160414666820e+03 1.005145449949043979e+00 4.999707471573142450e-03 -9.999999999000000000e+09
1.318052151694844497e+03 9.969256394861563120e-01 4.999707619870208918e-03 -9.999999999000000000e+09
1.318063143066679459e+03 1.000302196672440136e+00 4.999707768082222760e-03 -9.999999999000000000e+09
1.318074134530172842e+03 9.955345202569976237e-01 4.999707916209327960e-03 -9.999999999000000000e+09
1.318085126085325101e+03 9.966738550055879164e-01 4.999708064251670234e-03 -9.999999999000000000e+09
1.318096117732137145e+03 9.980229839760210719e-01 4.999708212209397033e-03 -9.999999999000000000e+09
1.318107109470609657e+03 9.892914580834198945e-01 4.999708360082651473e-03 -9.999999999000000000e+09
1.318118101300743092e+03 9.974066061267595762e-01 4.999708507871575801e-03 -9.999999999000000000e+09
1.318129093222538586e+03 9.961245298680017068e-01 4.999708655576314865e-03 -9.999999999000000000e+09
1.318140085235997049e+03 1.007644226353401118e+00 4.999708803197012649e-03 -9.999999999000000000e+09
1.318151077341118935e+03 9.993170468032476217e-01 4.999708950733812267e-03 -9.999999999000000000e+09
1.318162069537905154e+03 9.985863585888955507e-01 4.999709098186853364e-03 -9.999999999000000000e+09
1.318173061826356616e+03 9.933952444083579136e-01 4.999709245556279921e-03 -9.999999999000000000e+09
1.318184054206473547e+03 1.000411450516045297e+00 4.999709392842232453e-03 -9.999999999000000000e+09
1.318195046678257086e+03 1.003330608374209731e+00 4.999709540044851470e-03 -9.999999999000000000e+09
1.318206039241708368e+03 9.994627590854051613e-01 4.999709687164278354e-03 -9.999999999000000000e+09
1.318217031896827166e+03 1.010141677208892252e+00 4.999709834200651015e-03 -9.999999999000000000e+09
1.318228024643615299e+03 9.972101627584973871e-01 4.999709981154112567e-03 -9.999999999000000000e+09
1.318239017482072995e+03 9.931797037698955055e-01 4.999710128024798320e-03 -9.999999999000000000e+09
1.318250010412201163e+03 9.968754100771142213e-01 4.999710274812849652e-03 -9.999999999000000000e+09
1.318261003434000258e+03 9.987554486109496699e-01 4.999710421518402739e-03 -9.999999999000000000e+09
1.318271996547471190e+03 9.976392608416801977e-01 4.999710568141598963e-03 -9.999999999000000000e+09
1.318282989752615322e+03 1.009995156248761683e+00 4.999710714682570160e-03 -9.999999999000000000e+09
1.318293983049432427e+03 1.004089098229935750e+00 4.999710861141456845e-03 -9.999999999000000000e+09
1.318304976437924097e+03 1.002552096026670059e+00 4.999711007518394326e-03 -9.999999999000000000e+09
1.318315969918090559e+03 1.001197983438085082e+00 4.999711153813518778e-03 -9.999999999000000000e+09
1.318326963489932723e+03 1.004975701851820169e+00 4.999711300026966378e-03 -9.999999999000000000e+09
1.318337957153451725e+03 9.936603472279321725e-01 4.999711446158871565e-03 -9.999999999000000000e+09
1.318348950908647566e+03 9.949681318182608258e-01 4.999711592209370517e-03 -9.999999999000000000e+09
1.318359944755521838e+03 9.997401214714327633e-01 4.999711738178595939e-03 -9.999999999000000000e+09
1.318370938694074766e+03 1.003356708222499227e+00 4.999711884066681405e-03 -9.999999999000000000e+09
1.318381932724307262e+03 1.006144806157247107e+00 4.999712029873762224e-03 -9.999999999000000000e+09
1.318392926846220234e+03 9.955725332904826752e-01 4.999712175599969367e-03 -9.999999999000000000e+09
1.318403921059814138e+03 9.972663920375094415e-01 4.999712321245436408e-03 -9.999999999000000000e+09
1.318414915365090110e+03 1.003845409886706452e+00 4.999712466810297788e-03 -9.999999999000000000e+09
1.318425909762048377e+03 1.004179999231880727e+00 4.999712612294681009e-03 -9.999999999000000000e+09
1.318436904250690532e+03 1.007214254214899629e+00 4.999712757698719645e-03 -9.999999999000000000e+09
1.318447898831016573e+03 1.001371575450342055e+00 4.999712903022546402e-03 -9.999999999000000000e+09
1.318458893503027639e+03 9.984089723682664230e-01 4.999713048266288783e-03 -9.999999999000000000e+09
1.318469888266724183e+03 9.962456297826323137e-01 4.999713193430078625e-03 -9.999999999000000000e+09
1.318480883122107343e+03 9.946896654967675167e-01 4.999713338514046035e-03 -9.999999999000000000e+09
1.318491878069177801e+03 9.989596970604877058e-01 4.999713483518319380e-03 -9.999999999000000000e+09
1.318502873107936239e+03 9.933198776163102428e-01 4.999713628443027899e-03 -9.999999999000000000e+09
1.318513868238383111e+03 1.006946469458461779e+00 4.999713773288300828e-03 -9.999999999000000000e+09
1.318524863460519782e+03 9.928465988581648416e-01 4.999713918054264801e-03 -9.999999999000000000e+09
1.318535858774346707e+03 1.003968131544480613e+00 4.999714062741049923e-03 -9.999999999000000000e+09
1.318546854179864795e+03 1.011739065571577667e+00 4.999714207348781095e-03 -9.999999999000000000e+09
1.318557849677074728e+03 9.943935658544000855e-01 4.999714351877587552e-03 -9.999999999000000000e+09
1.318568845265976961e+03 1.004506586650167232e+00 4.999714496327594196e-03 -9.999999999000000000e+09
1.318579840946572631e+03 9.950925299654618250e-01 4.999714640698928528e-03 -9.999999999000000000e+09
1.318590836718862647e+03 9.956068892295401040e-01 4.999714784991715448e-03 -9.999999999000000000e+09
1.318601832582847237e+03 1.005717980098532971e+00 4.999714929206079857e-03 -9.999999999000000000e+09
1.318612828538527310e+03 1.007001811011143833e+00 4.999715073342148389e-03 -9.999999999000000000e+09
1.318623824585904231e+03 9.949699672922477367e-01 4.999715217400045944e-03 -9.999999999000000000e+09
1.318634820724978226e+03 1.001892219105621429e+00 4.999715361379893953e-03 -9.999999999000000000e+09
1.318645816955749979e+03 1.002423952860450607e+00 4.999715505281819052e-03 -9.999999999000000000e+09
1.318656813278220397e+03 9.971842302292297511e-01 4.999715649105944404e-03 -9.999999999000000000e+09
1.318667809692390392e+03 9.929877964032129967e-01 4.999715792852392308e-03 -9.999999999000000000e+09
1.318678806198260418e+03 1.000266411584084025e+00 4.999715936521285063e-03 -9.999999999000000000e+09
1.318689802795831611e+03 1.004911039002993833e+00 4.999716080112746701e-03 -9.999999999000000000e+09
1.318700799485104653e+03 9.956984228018317395e-01 4.999716223626899519e-03 -9.999999999000000000e+09
1.318711796266080000e+03 9.939349155723476992e-01 4.999716367063862348e-03 -9.999999999000000000e+09
1.318722793138758789e+03 1.002249564821489747e+00 4.999716510423759218e-03 -9.999999999000000000e+09
1.318733790103141473e+03 9.944016015150773935e-01 4.999716653706709826e-03 -9.999999999000000000e+09
1.318744787159229190e+03 9.991356508234214839e-01 4.999716796912833869e-03 -9.999999999000000000e+09
1.318755784307022168e+03 9.975759868031028876e-01 4.999716940042255378e-03 -9.999999999000000000e+09
1.318766781546521770e+03 9.913610297806358940e-01 4.999717083095088846e-03 -9.999999999000000000e+09
1.318777778877728224e+03 1.005653942934781275e+00 4.999717226071457438e-03 -9.999999999000000000e+09
1.318788776300642894e+03 1.005517118507031293e+00 4.999717368971479114e-03 -9.999999999000000000e+09
1.318799773815266008e+03 9.977256462764556577e-01 4.999717511795273572e-03 -9.999999999000000000e+09
1.318810771421598474e+03 1.002783447105722869e+00 4.999717654542957038e-03 -9.999999999000000000e+09
1.318821769119641431e+03 9.979040830545244933e-01 4.999717797214648339e-03 -9.999999999000000000e+09
1.318832766909394877e+03 9.986280718380199373e-01 4.999717939810467172e-03 -9.999999999000000000e+09
1.318843764790860178e+03 9.966619298558135887e-01 4.999718082330529764e-03 -9.999999999000000000e+09
1.318854762764038014e+03 1.003818720050222213e+00 4.999718224774951474e-03 -9.999999999000000000e+09
1.318865760828928842e+03 1.001237643260688204e+00 4.999718367143850262e-03 -9.999999999000000000e+09
1.318876758985533797e+03 9.988894757775969024e-01 4.999718509437342355e-03 -9.999999999000000000e+09
1.318887757233853563e+03 1.004940434290031659e+00 4.999718651655543980e-03 -9.999999999000000000e+09
1.318898755573888820e+03 9.954163526250496830e-01 4.999718793798569628e-03 -9.999999999000000000e+09
1.318909754005640480e+03 1.004115538995506096e+00 4.999718935866537262e-03 -9.999999999000000000e+09
1.318920752529108768e+03 1.002477955570411305e+00 4.999719077859557034e-03 -9.999999999000000000e+09
1.318931751144295276e+03 9.888697126859636866e-01 4.999719219777748642e-03 -9.999999999000000000e+09
1.318942749851200233e+03 9.931948420865668314e-01 4.999719361621222241e-03 -9.999999999000000000e+09
1.318953748649824547e+03 9.986077311439154336e-01 4.999719503390094057e-03 -9.999999999000000000e+09
1.318964747540169128e+03 9.967593822518959756e-01 4.999719645084476846e-03 -9.999999999000000000e+09
1.318975746522234203e+03 9.964755166084038329e-01 4.999719786704484234e-03 -9.999999999000000000e+09
1.318986745596021365e+03 9.995437509270330700e-01 4.999719928250228977e-03 -9.999999999000000000e+09
1.318997744761530612e+03 9.972543040858051766e-01 4.999720069721822965e-03 -9.999999999000000000e+09
1.319008744018763082e+03 9.976009531246462503e-01 4.999720211119378088e-03 -9.999999999000000000e+09
1.319019743367719457e+03 1.000342325539840926e+00 4.999720352443007103e-03 -9.999999999000000000e+09
1.319030742808400873e+03 9.957131043356540756e-01 4.999720493692822766e-03 -9.999999999000000000e+09
1.319041742340807332e+03 9.955125283265653380e-01 4.999720634868934366e-03 -9.999999999000000000e+09
1.319052741964939969e+03 1.001341563322622585e+00 4.999720775971453791e-03 -9.999999999000000000e+09
1.319063741680799922e+03 1.003669060592129680e+00 4.999720917000491198e-03 -9.999999999000000000e+09
1.319074741488387417e+03 1.003134630222287216e+00 4.999721057956155006e-03 -9.999999999000000000e+09
1.319085741387703592e+03 9.956180072253306701e-01 4.999721198838558839e-03 -9.999999999000000000e+09
1.319096741378749130e+03 9.981293980749095240e-01 4.999721339647809383e-03 -9.999999999000000000e+09
1.319107741461524256e+03 9.974632755042683874e-01 4.999721480384016793e-03 -9.999999999000000000e+09
1.319118741636030563e+03 1.003658274665899741e+00 4.999721621047292092e-03 -9.999999999000000000e+09
1.319129741902268506e+03 9.984329531692122117e-01 4.999721761637740229e-03 -9.999999999000000000e+09
1.319140742260238540e+03 1.003126118313173221e+00 4.999721902155472228e-03 -9.999999999000000000e+09
1.319151742709942027e+03 1.000827838507380330e+00 4.999722042600593906e-03 -9.999999999000000000e+09
1.319162743251379197e+03 9.928459054431900688e-01 4.999722182973215419e-03 -9.999999999000000000e+09
1.319173743884550959e+03 9.923748471691538064e-01 4.999722323273441717e-03 -9.999999999000000000e+09
1.319184744609458221e+03 1.008153956906405302e+00 4.999722463501382955e-03 -9.999999999000000000e+09
1.319195745426101666e+03 9.998380812980477428e-01 4.999722603657142349e-03 -9.999999999000000000e+09
1.319206746334481977e+03 9.974928148373513048e-01 4.999722743740828319e-03 -9.999999999000000000e+09
1.319217747334599835e+03 1.000748032921782826e+00 4.999722883752546684e-03 -9.999999999000000000e+09
1.319228748426456377e+03 9.996819581030036428e-01 4.999723023692403262e-03 -9.999999999000000000e+09
1.319239749610052286e+03 9.936967214344167854e-01 4.999723163560503870e-03 -9.999999999000000000e+09
1.319250750885387788e+03 1.002504858218179029e+00 4.999723303356952593e-03 -9.999999999000000000e+09
1.319261752252464476e+03 1.005625642951671450e+00 4.999723443081855248e-03 -9.999999999000000000e+09
1.319272753711282121e+03 1.003125935831790327e+00 4.999723582735315919e-03 -9.999999999000000000e+09
1.319283755261842543e+03 9.970990423495023069e-01 4.999723722317440423e-03 -9.999999999000000000e+09
1.319294756904145743e+03 1.005611488149683819e+00 4.999723861828332845e-03 -9.999999999000000000e+09
1.319305758638193083e+03 9.981432896657052023e-01 4.999724001268093798e-03 -9.999999999000000000e+09
1.319316760463985020e+03 9.940175141963524252e-01 4.999724140636828233e-03 -9.999999999000000000e+09
1.319327762381522007e+03 1.003704397196934828e+00 4.999724279934641968e-03 -9.999999999000000000e+09
1.319338764390805181e+03 1.009273238034614328e+00 4.999724419161633016e-03 -9.999999999000000000e+09
1.319349766491835226e+03 1.006969298417931480e+00 4.999724558317908928e-03 -9.999999999000000000e+09
1.319360768684612822e+03 9.943665624878957887e-01 4.999724697403568584e-03 -9.999999999000000000e+09
1.319371770969139106e+03 1.003167293628997703e+00 4.999724836418715200e-03 -9.999999999000000000e+09
1.319382773345414535e+03 9.944069154786480125e-01 4.999724975363448523e-03 -9.999999999000000000e+09
1.319393775813439788e+03 9.966945759251962800e-01 4.999725114237872636e-03 -9.999999999000000000e+09
1.319404778373215777e+03 1.007148609107029413e+00 4.999725253042086419e-03 -9.999999999000000000e+09
1.319415781024743410e+03 9.917531108732242640e-01 4.999725391776193087e-03 -9.999999999000000000e+09
1.319426783768022915e+03 9.986711528973897245e-01 4.999725530440290652e-03 -9.999999999000000000e+09
1.319437786603055656e+03 9.970888638438402118e-01 4.999725669034480596e-03 -9.999999999000000000e+09
1.319448789529842088e+03 9.945820576402646385e-01 4.999725807558862666e-03 -9.999999999000000000e+09
1.319459792548383120e+03 9.952991625861492553e-01 4.999725946013536607e-03 -9.999999999000000000e+09
1.319470795658679663e+03 9.934862388630913976e-01 4.999726084398602166e-03 -9.999999999000000000e+09
1.319481798860731942e+03 1.006275387237294927e+00 4.999726222714158223e-03 -9.999999999000000000e+09
1.319492802154541096e+03 9.990268614508293066e-01 4.999726360960302790e-03 -9.999999999000000000e+09
1.319503805540107805e+03 9.994754116287878354e-01 4.999726499137135613e-03 -9.999999999000000000e+09
1.319514809017432981e+03 1.006725678662192980e+00 4.999726637244752969e-03 -9.999999999000000000e+09
1.319525812586517304e+03 1.001698939315779135e+00 4.999726775283254605e-03 -9.999999999000000000e+09
1.319536816247361457e+03 1.002788792579544896e+00 4.999726913252738533e-03 -9.999999999000000000e+09
1.319547819999966350e+03 9.988455035227380430e-01 4.999727051153301030e-03 -9.999999999000000000e+09
1.319558823844332210e+03 1.003094826706319775e+00 4.999727188985041842e-03 -9.999999999000000000e+09
1.319569827780461083e+03 1.001992245509498058e+00 4.999727326748052043e-03 -9.999999999000000000e+09
1.319580831808352059e+03 9.981209342123368300e-01 4.999727464442433982e-03 -9.999999999000000000e+09
1.319591835928007413e+03 9.993722130187213670e-01 4.999727602068281332e-03 -9.999999999000000000e+09
1.319602840139426917e+03 1.004798088007549106e+00 4.999727739625690372e-03 -9.999999999000000000e+09
1.319613844442611708e+03 9.996484621547824245e-01 4.999727877114757378e-03 -9.999999999000000000e+09
1.319624848837562467e+03 1.007694632429726456e+00 4.999728014535578628e-03 -9.999999999000000000e+09
1.319635853324280333e+03 1.006042069298709540e+00 4.999728151888248665e-03 -9.999999999000000000e+09
1.319646857902765305e+03 9.953277690140398537e-01 4.999728289172862897e-03 -9.999999999000000000e+09
1.319657862573018747e+03 1.006685397233742840e+00 4.999728426389514133e-03 -9.999999999000000000e+09
1.319668867335041341e+03 9.948574617605538961e-01 4.999728563538297782e-03 -9.999999999000000000e+09
1.319679872188833542e+03 1.000160604273329978e+00 4.999728700619311857e-03 -9.999999999000000000e+09
1.319690877134396487e+03 1.003805704180186220e+00 4.999728837632644828e-03 -9.999999999000000000e+09
1.319701882171730631e+03 9.974892090100713204e-01 4.999728974578393839e-03 -9.999999999000000000e+09
1.319712887300837338e+03 9.961156971272273619e-01 4.999729111456649097e-03 -9.999999999000000000e+09
1.319723892521716607e+03 9.978766110581976934e-01 4.999729248267507746e-03 -9.999999999000000000e+09
1.319734897834369804e+03 1.009052595720549617e+00 4.999729385011059991e-03 -9.999999999000000000e+09
1.319745903238796927e+03 1.006486320094776010e+00 4.999729521687399508e-03 -9.999999999000000000e+09
1.319756908734999797e+03 9.995786035842365580e-01 4.999729658296619104e-03 -9.999999999000000000e+09
1.319767914322978413e+03 1.004711650752343477e+00 4.999729794838810720e-03 -9.999999999000000000e+09
1.319778920002733685e+03 1.002314484281548790e+00 4.999729931314064561e-03 -9.999999999000000000e+09
1.319789925774266521e+03 9.871005825130143574e-01 4.999730067722474303e-03 -9.999999999000000000e+09
1.319800931637577605e+03 1.004598482148617578e+00 4.999730204064129283e-03 -9.999999999000000000e+09
1.319811937592667618e+03 1.001253015831075288e+00 4.999730340339124911e-03 -9.999999999000000000e+09
1.319822943639537471e+03 9.974602116172814892e-01 4.999730476547548791e-03 -9.999999999000000000e+09
1.319833949778188071e+03 1.001065683871528611e+00 4.999730612689490261e-03 -9.999999999000000000e+09
1.319844956008619874e+03 1.003765335105107681e+00 4.999730748765043864e-03 -9.999999999000000000e+09
1.319855962330833790e+03 1.001169935428173119e+00 4.999730884774295468e-03 -9.999999999000000000e+09
1.319866968744830274e+03 1.004174339320403009e+00 4.999731020717338749e-03 -9.999999999000000000e+09
1.319877975250610689e+03 1.003948102621941896e+00 4.999731156594259575e-03 -9.999999999000000000e+09
1.319888981848175263e+03 1.004612970027072949e+00 4.999731292405151621e-03 -9.999999999000000000e+09
1.319899988537525132e+03 9.984519054253243597e-01 4.999731428150101624e-03 -9.999999999000000000e+09
1.319910995318660753e+03 1.001400030605037461e+00 4.999731563829198054e-03 -9.999999999000000000e+09
1.319922002191583033e+03 9.977316291169433526e-01 4.999731699442531117e-03 -9.999999999000000000e+09
1.319933009156293110e+03 1.005893833050027553e+00 4.999731834990187550e-03 -9.999999999000000000e+09
1.319944016212790984e+03 1.006634342006592853e+00 4.999731970472258424e-03 -9.999999999000000000e+09
1.319955023361078020e+03 1.003749407467169341e+00 4.999732105888827875e-03 -9.999999999000000000e+09
1.319966030601154898e+03 9.971691239887042757e-01 4.999732241239987843e-03 -9.999999999000000000e+09
1.319977037933021847e+03 9.938080444172829875e-01 4.999732376525822461e-03 -9.999999999000000000e+09
1.319988045356680686e+03 1.008124362744316382e+00 4.999732511746421068e-03 -9.999999999000000000e+09
1.319999052872131188e+03 9.979064728346160873e-01 4.999732646901869533e-03 -9.999999999000000000e+09
1.320010060479374715e+03 1.003128460880855943e+00 4.999732781992254592e-03 -9.999999999000000000e+09
1.320021068178411269e+03 1.002327933800966964e+00 4.999732917017663848e-03 -9.999999999000000000e+09
1.320032075969242669e+03 9.990259882108503131e-01 4.999733051978183171e-03 -9.999999999000000000e+09
1.320043083851868914e+03 9.931785710535002698e-01 4.999733186873898429e-03 -9.999999999000000000e+09
1.320054091826291142e+03 1.005252178155334297e+00 4.999733321704895490e-03 -9.999999999000000000e+09
1.320065099892510034e+03 1.006183674776604420e+00 4.999733456471260225e-03 -9.999999999000000000e+09
1.320076108050526273e+03 1.006919470244177939e+00 4.999733591173078501e-03 -9.999999999000000000e+09
1.320087116300340540e+03 9.948637524672777621e-01 4.999733725810436187e-03 -9.999999999000000000e+09
1.320098124641953746e+03 9.949264786639367975e-01 4.999733860383415683e-03 -9.999999999000000000e+09
1.320109133075367026e+03 1.009908986672138465e+00 4.999733994892103725e-03 -9.999999999000000000e+09
1.320120141600580382e+03 1.005625933507269920e+00 4.999734129336585314e-03 -9.999999999000000000e+09
1.320131150217594950e+03 9.972855435940942703e-01 4.999734263716943718e-03 -9.999999999000000000e+09
1.320142158926411639e+03 1.004952024343208405e+00 4.999734398033262202e-03 -9.999999999000000000e+09
1.320153167727031132e+03 9.949960518091026662e-01 4.999734532285624901e-03 -9.999999999000000000e+09
1.320164176619453883e+03 9.971200162059687955e-01 4.999734666474117684e-03 -9.999999999000000000e+09
1.320175185603681030e+03 9.979498141679115086e-01 4.999734800598822082e-03 -9.999999999000000000e+09
1.320186194679713253e+03 1.001402765518695004e+00 4.999734934659819628e-03 -9.999999999000000000e+09
1.320197203847551464e+03 9.999373036576217899e-01 4.999735068657197926e-03 -9.999999999000000000e+09
1.320208213107195888e+03 1.004968881925845769e+00 4.999735202591036771e-03 -9.999999999000000000e+09
1.320219222458648119e+03 9.964440359864923380e-01 4.999735336461418565e-03 -9.999999999000000000e+09
1.320230231901907928e+03 1.003603318263180499e+00 4.999735470268425706e-03 -9.999999999000000000e+09
1.320241241436977134e+03 1.001591981411742216e+00 4.999735604012140594e-03 -9.999999999000000000e+09
1.320252251063855738e+03 9.994315323011243590e-01 4.999735737692646495e-03 -9.999999999000000000e+09
1.320263260782544648e+03 1.003896767519890210e+00 4.999735871310022339e-03 -9.999999999000000000e+09
1.320274270593044776e+03 1.004414624450838955e+00 4.999736004864351394e-03 -9.999999999000000000e+09
1.320285280495356801e+03 9.974458055074489904e-01 4.999736138355715190e-03 -9.999999999000000000e+09
1.320296290489481635e+03 1.000951785345802536e+00 4.999736271784193525e-03 -9.999999999000000000e+09
1.320307300575420186e+03 1.001407496335572356e+00 4.999736405149868800e-03 -9.999999999000000000e+09
1.320318310753172454e+03 9.910705814951902282e-01 4.999736538452820810e-03 -9.999999999000000000e+09
1.320329321022740032e+03 1.003442556144001019e+00 4.999736671693127618e-03 -9.999999999000000000e+09
1.320340331384123374e+03 1.004274404682505839e+00 4.999736804870874227e-03 -9.999999999000000000e+09
1.320351341837323162e+03 9.984766234425811460e-01 4.999736937986137830e-03 -9.999999999000000000e+09
1.320362352382340077e+03 9.906835092242660679e-01 4.999737071038996492e-03 -9.999999999000000000e+09
1.320373363019175258e+03 9.946253341728650277e-01 4.999737204029531742e-03 -9.999999999000000000e+09
1.320384373747829386e+03 9.948020803047332716e-01 4.999737336957825115e-03 -9.999999999000000000e+09
1.320395384568302688e+03 1.001271419737866042e+00 4.999737469823952937e-03 -9.999999999000000000e+09
1.320406395480596984e+03 1.003838304177449903e+00 4.999737602627994139e-03 -9.999999999000000000e+09
1.320417406484711819e+03 9.993082987975646647e-01 4.999737735370027650e-03 -9.999999999000000000e+09
1.320428417580648784e+03 1.003884840485308017e+00 4.999737868050134135e-03 -9.999999999000000000e+09
1.320439428768408561e+03 1.001112614901826570e+00 4.999738000668389054e-03 -9.999999999000000000e+09
1.320450440047991606e+03 1.001877642409372715e+00 4.999738133224872205e-03 -9.999999999000000000e+09
1.320461451419398827e+03 1.000174681266830623e+00 4.999738265719660783e-03 -9.999999999000000000e+09
1.320472462882630907e+03 1.006027846364133227e+00 4.999738398152833718e-03 -9.999999999000000000e+09
1.320483474437688983e+03 1.006884395087883632e+00 4.999738530524467338e-03 -9.999999999000000000e+09
1.320494486084573282e+03 1.006676106420486771e+00 4.999738662834638837e-03 -9.999999999000000000e+09
1.320505497823284941e+03 9.930017297894477846e-01 4.999738795083426279e-03 -9.999999999000000000e+09
1.320516509653824642e+03 9.969558677236836086e-01 4.999738927270906859e-03 -9.999999999000000000e+09
1.320527521576193067e+03 1.008013553046222643e+00 4.999739059397157771e-03 -9.999999999000000000e+09
1.320538533590391125e+03 9.974384463766159392e-01 4.999739191462252742e-03 -9.999999999000000000e+09
1.320549545696419273e+03 1.003572517282645293e+00 4.999739323466269834e-03 -9.999999999000000000e+09
1.320560557894278645e+03 9.986074112178692230e-01 4.999739455409286243e-03 -9.999999999000000000e+09
1.320571570183969925e+03 9.969499489095620115e-01 4.999739587291375693e-03 -9.999999999000000000e+09
1.320582582565493794e+03 9.987955318249963632e-01 4.999739719112617116e-03 -9.999999999000000000e+09
1.320593595038850935e+03 1.006343726741364630e+00 4.999739850873083369e-03 -9.999999999000000000e+09
1.320604607604042258e+03 9.955547429591282693e-01 4.999739982572850780e-03 -9.999999999000000000e+09
1.320615620261068671e+03 9.929499719936328850e-01 4.999740114211993942e-03 -9.999999999000000000e+09
1.320626633009930401e+03 1.001169597229285557e+00 4.999740245790589184e-03 -9.999999999000000000e+09
1.320637645850628815e+03 9.979504007141356547e-01 4.999740377308710230e-03 -9.999999999000000000e+09
1.320648658783164137e+03 9.972749473475768234e-01 4.999740508766432542e-03 -9.999999999000000000e+09
1.320659671807537734e+03 1.001926117340567357e+00 4.999740640163829845e-03 -9.999999999000000000e+09
1.320670684923750059e+03 1.003253736552168984e+00 4.999740771500978467e-03 -9.999999999000000000e+09
1.320681698131802023e+03 9.982689351526187194e-01 4.999740902777948665e-03 -9.999999999000000000e+09
1.320692711431694079e+03 1.003167937608001603e+00 4.999741033994815897e-03 -9.999999999000000000e+09
1.320703724823427137e+03 1.000104382754607668e+00 4.999741165151655627e-03 -9.999999999000000000e+09
1.320714738307001880e+03 1.003447063797589411e+00 4.999741296248538976e-03 -9.999999999000000000e+09
1.320725751882419445e+03 9.988525749754887384e-01 4.999741427285540538e-03 -9.999999999000000000e+09
1.320736765549680513e+03 1.006962654319706774e+00 4.999741558262735773e-03 -9.999999999000000000e+09
1.320747779308785084e+03 9.984870836690044049e-01 4.999741689180194071e-03 -9.999999999000000000e+09
1.320758793159734978e+03 1.002313221218426254e+00 4.999741820037988289e-03 -9.999999999000000000e+09
1.320769807102530422e+03 1.001283916342980751e+00 4.999741950836192154e-03 -9.999999999000000000e+09
1.320780821137172097e+03 1.003512613855152447e+00 4.999742081574877657e-03 -9.999999999000000000e+09
1.320791835263661142e+03 1.003293766417454602e+00 4.999742212254118523e-03 -9.999999999000000000e+09
1.320802849481997782e+03 1.008055851653672175e+00 4.999742342873984141e-03 -9.999999999000000000e+09
1.320813863792183383e+03 1.002706895782332408e+00 4.999742473434549972e-03 -9.999999999000000000e+09
1.320824878194218627e+03 9.904070421633760501e-01 4.999742603935883670e-03 -9.999999999000000000e+09
1.320835892688103968e+03 9.962190771359886732e-01 4.999742734378059827e-03 -9.999999999000000000e+09
1.320846907273840088e+03 9.960474169003088463e-01 4.999742864761148702e-03 -9.999999999000000000e+09
1.320857921951428352e+03 1.003703499661878551e+00 4.999742995085221416e-03 -9.999999999000000000e+09
1.320868936720868760e+03 9.988438091121676354e-01 4.999743125350349093e-03 -9.999999999000000000e+09
1.320879951582162676e+03 9.995123470456037662e-01 4.999743255556601991e-03 -9.999999999000000000e+09
1.320890966535310554e+03 9.993316583593934155e-01 4.999743385704051232e-03 -9.999999999000000000e+09
1.320901981580313077e+03 1.003168431870046007e+00 4.999743515792767941e-03 -9.999999999000000000e+09
1.320912996717171382e+03 1.006652263125249469e+00 4.999743645822822373e-03 -9.999999999000000000e+09
1.320924011945885923e+03 9.969950766119746177e-01 4.999743775794283050e-03 -9.999999999000000000e+09
1.320935027266457837e+03 1.001779818018238455e+00 4.999743905707221096e-03 -9.999999999000000000e+09
1.320946042678887352e+03 1.004544985198782658e+00 4.999744035561705033e-03 -9.999999999000000000e+09
1.320957058183175832e+03 9.952520363907462198e-01 4.999744165357806851e-03 -9.999999999000000000e+09
1.320968073779323277e+03 9.887321976713668858e-01 4.999744295095595072e-03 -9.999999999000000000e+09
1.320979089467331505e+03 9.967144616155524384e-01 4.999744424775137350e-03 -9.999999999000000000e+09
1.320990105247200290e+03 9.991545534417030083e-01 4.999744554396504809e-03 -9.999999999000000000e+09
1.321001121118930769e+03 9.998267549825599065e-01 4.999744683959764235e-03 -9.999999999000000000e+09
1.321012137082523850e+03 9.997842549853295235e-01 4.999744813464987621e-03 -9.999999999000000000e+09
1.321023153137980216e+03 9.902392674756533841e-01 4.999744942912240885e-03 -9.999999999000000000e+09
1.321034169285300550e+03 1.000250712273413667e+00 4.999745072301592548e-03 -9.999999999000000000e+09
1.321045185524485532e+03 1.003605682607975558e+00 4.999745201633112868e-03 -9.999999999000000000e+09
1.321056201855536301e+03 1.002264876882859035e+00 4.999745330906868630e-03 -9.999999999000000000e+09
1.321067218278453311e+03 9.943251106476009848e-01 4.999745460122925755e-03 -9.999999999000000000e+09
1.321078234793237243e+03 1.000241295530838848e+00 4.999745589281356234e-03 -9.999999999000000000e+09
1.321089251399889008e+03 9.973381949851805039e-01 4.999745718382224251e-03 -9.999999999000000000e+09
1.321100268098409742e+03 9.976679549497083910e-01 4.999745847425599195e-03 -9.999999999000000000e+09
1.321111284888799673e+03 1.000497590593300679e+00 4.999745976411546985e-03 -9.999999999000000000e+09
1.321122301771059483e+03 1.001100914117743601e+00 4.999746105340135277e-03 -9.999999999000000000e+09
1.321133318745190309e+03 9.944574780305119877e-01 4.999746234211431724e-03 -9.999999999000000000e+09
1.321144335811193059e+03 1.000550090954147153e+00 4.999746363025502245e-03 -9.999999999000000000e+09
1.321155352969068190e+03 1.006167035488393591e+00 4.999746491782411893e-03 -9.999999999000000000e+09
1.321166370218816155e+03 9.971764194305872131e-01 4.999746620482230924e-03 -9.999999999000000000e+09
1.321177387560438547e+03 1.007373908537035234e+00 4.999746749125023523e-03 -9.999999999000000000e+09
1.321188404993935364e+03 9.992104283444611657e-01 4.999746877710853875e-03 -9.999999999000000000e+09
1.321199422519307973e+03 1.011402030287768872e+00 4.999747006239793103e-03 -9.999999999000000000e+09
1.321210440136556599e+03 9.994850082109770772e-01 4.999747134711901055e-03 -9.999999999000000000e+09
1.321221457845682380e+03 9.997430359696622970e-01 4.999747263127248854e-03 -9.999999999000000000e+09
1.321232475646685998e+03 1.000015548437363622e+00 4.999747391485898085e-03 -9.999999999000000000e+09
1.321243493539568135e+03 9.905111520921500157e-01 4.999747519787915533e-03 -9.999999999000000000e+09
1.321254511524329700e+03 9.828407728044110669e-01 4.999747648033366250e-03 -9.999999999000000000e+09
1.321265529600971149e+03 9.975068149584234156e-01 4.999747776222316156e-03 -9.999999999000000000e+09
1.321276547769493845e+03 9.946322784523649041e-01 4.999747904354827702e-03 -9.999999999000000000e+09
1.321287566029897789e+03 9.945356655425326986e-01 4.999748032430967673e-03 -9.999999999000000000e+09
1.321298584382184117e+03 9.997627575255646493e-01 4.999748160450801122e-03 -9.999999999000000000e+09
1.321309602826353739e+03 1.001531391082540745e+00 4.999748288414391367e-03 -9.999999999000000000e+09
1.321320621362407564e+03 9.931777934174347289e-01 4.999748416321802592e-03 -9.999999999000000000e+09
1.321331639990345820e+03 9.915280045499302863e-01 4.999748544173099850e-03 -9.999999999000000000e+09
1.321342658710169644e+03 1.000625369400186093e+00 4.999748671968345590e-03 -9.999999999000000000e+09
1.321353677521879490e+03 9.976976054991806286e-01 4.999748799707604864e-03 -9.999999999000000000e+09
1.321364696425476495e+03 1.007607163252695504e+00 4.999748927390940990e-03 -9.999999999000000000e+09
1.321375715420961342e+03 9.978156584913895344e-01 4.999749055018417286e-03 -9.999999999000000000e+09
1.321386734508334712e+03 9.972062768919892628e-01 4.999749182590097936e-03 -9.999999999000000000e+09
1.321397753687597287e+03 9.956755358587322524e-01 4.999749310106045390e-03 -9.999999999000000000e+09
1.321408772958749751e+03 9.979651191536267341e-01 4.999749437566323833e-03 -9.999999999000000000e+09
1.321419792321793238e+03 9.965724876177637359e-01 4.999749564970993980e-03 -9.999999999000000000e+09
1.321430811776728433e+03 9.969959870322954165e-01 4.999749692320119149e-03 -9.999999999000000000e+09
1.321441831323556016e+03 9.872308405163963130e-01 4.999749819613765259e-03 -9.999999999000000000e+09
1.321452850962276443e+03 1.005384752295861217e+00 4.999749946851990423e-03 -9.999999999000000000e+09
1.321463870692890850e+03 9.954737298843803206e-01 4.999750074034858827e-03 -9.999999999000000000e+09
1.321474890515399920e+03 9.956911740198933769e-01 4.999750201162433787e-03 -9.999999999000000000e+09
1.321485910429804562e+03 1.001792123562816661e+00 4.999750328234775151e-03 -9.999999999000000000e+09
1.321496930436105458e+03 9.954416568108545027e-01 4.999750455251945370e-03 -9.999999999000000000e+09
1.321507950534303063e+03 1.000460587325594952e+00 4.999750582214006894e-03 -9.999999999000000000e+09
1.321518970724398514e+03 1.002072579837333111e+00 4.999750709121021305e-03 -9.999999999000000000e+09
1.321529991006392493e+03 9.998649013472972191e-01 4.999750835973051054e-03 -9.999999999000000000e+09
1.321541011380285681e+03 1.002834825352843406e+00 4.999750962770155120e-03 -9.999999999000000000e+09
1.321552031846078762e+03 9.991983453037771579e-01 4.999751089512397689e-03 -9.999999999000000000e+09
1.321563052403772645e+03 1.001626226798879582e+00 4.999751216199834272e-03 -9.999999999000000000e+09
1.321574073053368465e+03 9.993835147098417693e-01 4.999751342832531656e-03 -9.999999999000000000e+09
1.321585093794866225e+03 9.972330862704339438e-01 4.999751469410549688e-03 -9.999999999000000000e+09
1.321596114628267287e+03 1.003778050320623727e+00 4.999751595933944748e-03 -9.999999999000000000e+09
1.321607135553572107e+03 9.916250583024118770e-01 4.999751722402782754e-03 -9.999999999000000000e+09
1.321618156570781593e+03 9.873665291527025101e-01 4.999751848817120085e-03 -9.999999999000000000e+09
1.321629177679896429e+03 9.965041359651808373e-01 4.999751975177018325e-03 -9.999999999000000000e+09
1.321640198880917524e+03 1.000793069598604035e+00 4.999752101482538187e-03 -9.999999999000000000e+09
1.321651220173845331e+03 9.959227389080242965e-01 4.999752227733739521e-03 -9.999999999000000000e+09
1.321662241558680989e+03 9.944066611982285142e-01 4.999752353930682174e-03 -9.999999999000000000e+09
1.321673263035425180e+03 9.984999939138936575e-01 4.999752480073423391e-03 -9.999999999000000000e+09
1.321684284604078584e+03 9.975513826916452276e-01 4.999752606162025624e-03 -9.999999999000000000e+09
1.321695306264641658e+03 1.002539286380486061e+00 4.999752732196546118e-03 -9.999999999000000000e+09
1.321706328017115766e+03 9.990963208270300377e-01 4.999752858177047322e-03 -9.999999999000000000e+09
1.321717349861501361e+03 9.942052072426171838e-01 4.999752984103583882e-03 -9.999999999000000000e+09
1.321728371797799355e+03 9.962619413863799123e-01 4.999753109976218246e-03 -9.999999999000000000e+09
1.321739393826010200e+03 1.006876412823262346e+00 4.999753235795008528e-03 -9.999999999000000000e+09
1.321750415946134808e+03 1.004960590135462795e+00 4.999753361560011107e-03 -9.999999999000000000e+09
1.321761438158174315e+03 9.976357556460382359e-01 4.999753487271287565e-03 -9.999999999000000000e+09
1.321772460462128947e+03 9.946062016118977223e-01 4.999753612928894281e-03 -9.999999999000000000e+09
1.321783482857999616e+03 1.001776787511043709e+00 4.999753738532891102e-03 -9.999999999000000000e+09
1.321794505345787456e+03 1.005242043713169720e+00 4.999753864083336143e-03 -9.999999999000000000e+09
1.321805527925492925e+03 9.924834965892275207e-01 4.999753989580286648e-03 -9.999999999000000000e+09
1.321816550597116702e+03 1.000796056739357454e+00 4.999754115023801598e-03 -9.999999999000000000e+09
1.321827573360659471e+03 9.956026535696369528e-01 4.999754240413934771e-03 -9.999999999000000000e+09
1.321838596216122596e+03 9.962808818817614487e-01 4.999754365750748615e-03 -9.999999999000000000e+09
1.321849619163505849e+03 9.926753962095608008e-01 4.999754491034298642e-03 -9.999999999000000000e+09
1.321860642202811277e+03 1.011110551768025223e+00 4.999754616264642966e-03 -9.999999999000000000e+09
1.321871665334038425e+03 1.002934155954104067e+00 4.999754741441839699e-03 -9.999999999000000000e+09
1.321882688557188885e+03 1.001152340293164134e+00 4.999754866565944353e-03 -9.999999999000000000e+09
1.321893711872263111e+03 1.003814355515101564e+00 4.999754991637011571e-03 -9.999999999000000000e+09
1.321904735279261786e+03 1.000948202376542584e+00 4.999755116655102936e-03 -9.999999999000000000e+09
1.321915758778186046e+03 9.952030842416550449e-01 4.999755241620273093e-03 -9.999999999000000000e+09
1.321926782369036118e+03 1.004956816561267452e+00 4.999755366532576684e-03 -9.999999999000000000e+09
1.321937806051813141e+03 1.000346707326677631e+00 4.999755491392075292e-03 -9.999999999000000000e+09
1.321948829826517567e+03 9.978966729970761840e-01 4.999755616198820092e-03 -9.999999999000000000e+09
1.321959853693150762e+03 9.994750407027422900e-01 4.999755740952870932e-03 -9.999999999000000000e+09
1.321970877651712726e+03 1.001809687614530819e+00 4.999755865654282455e-03 -9.999999999000000000e+09
1.321981901702204595e+03 9.993728912536294917e-01 4.999755990303107571e-03 -9.999999999000000000e+09
1.321992925844627507e+03 1.000714239851667298e+00 4.999756114899407862e-03 -9.999999999000000000e+09
1.322003950078981916e+03 1.002369626128788882e+00 4.999756239443236237e-03 -9.999999999000000000e+09
1.322014974405268049e+03 1.005673582874129224e+00 4.999756363934646473e-03 -9.999999999000000000e+09
1.322025998823487498e+03 9.981712724148468219e-01 4.999756488373698418e-03 -9.999999999000000000e+09
1.322037023333640718e+03 9.977683538103200300e-01 4.999756612760444113e-03 -9.999999999000000000e+09
1.322048047935728619e+03 9.961624511220055211e-01 4.999756737094939937e-03 -9.999999999000000000e+09
1.322059072629751427e+03 1.000006913249037233e+00 4.999756861377240534e-03 -9.999999999000000000e+09
1.322070097415710507e+03 1.008257064641129741e+00 4.999756985607400547e-03 -9.999999999000000000e+09
1.322081122293606313e+03 1.001138832629153264e+00 4.999757109785476356e-03 -9.999999999000000000e+09
1.322092147263439756e+03 1.001940251368044432e+00 4.999757233911522603e-03 -9.999999999000000000e+09
1.322103172325211290e+03 1.000617513233660993e+00 4.999757357985591330e-03 -9.999999999000000000e+09
1.322114197478922506e+03 9.965890311260129364e-01 4.999757482007740651e-03 -9.999999999000000000e+09
1.322125222724572950e+03 1.004911137978832691e+00 4.999757605978021741e-03 -9.999999999000000000e+09
1.322136248062164668e+03 1.002551839512968890e+00 4.999757729896490109e-03 -9.999999999000000000e+09
1.322147273491697433e+03 1.003127892915183672e+00 4.999757853763201268e-03 -9.999999999000000000e+09
1.322158299013172609e+03 1.005331257977394754e+00 4.999757977578207259e-03 -9.999999999000000000e+09
1.322169324626590424e+03 1.001623534679640937e+00 4.999758101341561858e-03 -9.999999999000000000e+09
1.322180350331952013e+03 9.975449345028577497e-01 4.999758225053322312e-03 -9.999999999000000000e+09
1.322191376129258288e+03 9.979876659991995247e-01 4.999758348713538060e-03 -9.999999999000000000e+09
1.322202402018509702e+03 9.965001112598022015e-01 4.999758472322265480e-03 -9.999999999000000000e+09
1.322213427999707164e+03 9.945292393132636466e-01 4.999758595879555748e-03 -9.999999999000000000e+09
1.322224454072851358e+03 1.002008595149131764e+00 4.999758719385464373e-03 -9.999999999000000000e+09
1.322235480237943193e+03 9.995427821292196535e-01 4.999758842840044265e-03 -9.999999999000000000e+09
1.322246506494983350e+03 9.990258212755289691e-01 4.999758966243346599e-03 -9.999999999000000000e+09
1.322257532843972513e+03 9.966699487267012270e-01 4.999759089595426018e-03 -9.999999999000000000e+09
1.322268559284911817e+03 9.996483108688094532e-01 4.999759212896334563e-03 -9.999999999000000000e+09
1.322279585817801262e+03 1.009886370706708059e+00 4.999759336146126013e-03 -9.999999999000000000e+09
1.322290612442642214e+03 9.980018679659395930e-01 4.999759459344852407e-03 -9.999999999000000000e+09
1.322301639159435581e+03 1.001318208505698415e+00 4.999759582492566655e-03 -9.999999999000000000e+09
1.322312665968181818e+03 9.967367767123760380e-01 4.999759705589319932e-03 -9.999999999000000000e+09
1.322323692868881608e+03 9.938929795552761126e-01 4.999759828635165146e-03 -9.999999999000000000e+09
1.322334719861535859e+03 1.001274945162548669e+00 4.999759951630155207e-03 -9.999999999000000000e+09
1.322345746946145482e+03 9.967474638749951321e-01 4.999760074574342156e-03 -9.999999999000000000e+09
1.322356774122710931e+03 1.003475118562366042e+00 4.999760197467776300e-03 -9.999999999000000000e+09
1.322367801391233115e+03 1.005646812686662672e+00 4.999760320310512283e-03 -9.999999999000000000e+09
1.322378828751712945e+03 1.000809841236963926e+00 4.999760443102600413e-03 -9.999999999000000000e+09
1.322389856204150874e+03 9.992055012685266968e-01 4.999760565844090128e-03 -9.999999999000000000e+09
1.322400883748548267e+03 9.999389037875745512e-01 4.999760688535036940e-03 -9.999999999000000000e+09
1.322411911384905125e+03 1.006531322073227042e+00 4.999760811175488553e-03 -9.999999999000000000e+09
1.322422939113222583e+03 1.000840849787524078e+00 4.999760933765498745e-03 -9.999999999000000000e+09
1.322433966933501324e+03 1.004013084327269434e+00 4.999761056305118689e-03 -9.999999999000000000e+09
1.322444994845742258e+03 1.000920454193132247e+00 4.999761178794397826e-03 -9.999999999000000000e+09
1.322456022849946294e+03 1.001052385130799971e+00 4.999761301233388196e-03 -9.999999999000000000e+09
1.322467050946113886e+03 9.989856971413990649e-01 4.999761423622140107e-03 -9.999999999000000000e+09
1.322478079134245718e+03 1.007206484114569589e+00 4.999761545960704733e-03 -9.999999999000000000e+09
1.322489107414342925e+03 9.949421672168285991e-01 4.999761668249132381e-03 -9.999999999000000000e+09
1.322500135786405963e+03 1.005789595611187970e+00 4.999761790487475960e-03 -9.999999999000000000e+09
1.322511164250435968e+03 9.965800013380418099e-01 4.999761912675781440e-03 -9.999999999000000000e+09
1.322522192806433168e+03 9.937027954549785269e-01 4.999762034814103466e-03 -9.999999999000000000e+09
1.322533221454398927e+03 1.002130615484432941e+00 4.999762156902488874e-03 -9.999999999000000000e+09
1.322544250194333472e+03 9.989710892032558354e-01 4.999762278940989707e-03 -9.999999999000000000e+09
1.322555279026237940e+03 9.903947380013984336e-01 4.999762400929655404e-03 -9.999999999000000000e+09
1.322566307950112559e+03 1.002594561774813320e+00 4.999762522868535404e-03 -9.999999999000000000e+09
1.322577336965959148e+03 9.988421719331623816e-01 4.999762644757680882e-03 -9.999999999000000000e+09
1.322588366073777479e+03 1.001345480626667950e+00 4.999762766597140411e-03 -9.999999999000000000e+09
1.322599395273568689e+03 1.001559802300908242e+00 4.999762888386963429e-03 -9.999999999000000000e+09
1.322610424565333687e+03 9.987086244466244489e-01 4.999763010127199377e-03 -9.999999999000000000e+09
1.322621453949072702e+03 1.018108296722349149e+00 4.999763131817898561e-03 -9.999999999000000000e+09
1.322632483424787097e+03 1.011640863582781158e+00 4.999763253459108686e-03 -9.999999999000000000e+09
1.322643512992477781e+03 9.968845678222654216e-01 4.999763375050883529e-03 -9.999999999000000000e+09
1.322654542652144755e+03 1.001538003729821158e+00 4.999763496593264724e-03 -9.999999999000000000e+09
1.322665572403789156e+03 1.007258222883979704e+00 4.999763618086306913e-03 -9.999999999000000000e+09
1.322676602247411893e+03 1.003657753916664896e+00 4.999763739530056067e-03 -9.999999999000000000e+09
1.322687632183013648e+03 1.001914360121943348e+00 4.999763860924562493e-03 -9.999999999000000000e+09
1.322698662210594875e+03 9.972371328002329616e-01 4.999763982269874764e-03 -9.999999999000000000e+09
1.322709692330157168e+03 9.997593130033254338e-01 4.999764103566040584e-03 -9.999999999000000000e+09
1.322720722541700297e+03 1.000804656851609797e+00 4.999764224813109392e-03 -9.999999999000000000e+09
1.322731752845225628e+03 1.004014228650800922e+00 4.999764346011127160e-03 -9.999999999000000000e+09
1.322742783240734070e+03 1.002842377455188672e+00 4.999764467160145928e-03 -9.999999999000000000e+09
1.322753813728225850e+03 1.005556658299443296e+00 4.999764588260211667e-03 -9.999999999000000000e+09
1.322764844307701878e+03 1.000609211374587026e+00 4.999764709311371215e-03 -9.999999999000000000e+09
1.322775874979163291e+03 9.985125428491968824e-01 4.999764830313674011e-03 -9.999999999000000000e+09
1.322786905742610315e+03 9.934379224514522377e-01 4.999764951267170361e-03 -9.999999999000000000e+09
1.322797936598044089e+03 9.988536344657019672e-01 4.999765072171903635e-03 -9.999999999000000000e+09
1.322808967545465521e+03 9.974712808988562829e-01 4.999765193027923271e-03 -9.999999999000000000e+09
1.322819998584874838e+03 1.002717643580657292e+00 4.999765313835276975e-03 -9.999999999000000000e+09
1.322831029716273406e+03 1.002899270587340741e+00 4.999765434594012452e-03 -9.999999999000000000e+09
1.322842060939661451e+03 9.933758750977541574e-01 4.999765555304176538e-03 -9.999999999000000000e+09
1.322853092255040110e+03 9.993593645184211116e-01 4.999765675965816940e-03 -9.999999999000000000e+09
1.322864123662410293e+03 1.003102402847545926e+00 4.999765796578979626e-03 -9.999999999000000000e+09
1.322875155161772454e+03 1.000549032415947392e+00 4.999765917143714038e-03 -9.999999999000000000e+09
1.322886186753127276e+03 1.000733961929576976e+00 4.999766037660064409e-03 -9.999999999000000000e+09
1.322897218436475441e+03 1.007193217950767883e+00 4.999766158128079313e-03 -9.999999999000000000e+09
1.322908250211818086e+03 1.000298773444108447e+00 4.999766278547805587e-03 -9.999999999000000000e+09
1.322919282079156119e+03 9.936598609561883011e-01 4.999766398919289201e-03 -9.999999999000000000e+09
1.322930314038489541e+03 9.982263389326838654e-01 4.999766519242576993e-03 -9.999999999000000000e+09
1.322941346089820172e+03 1.007588775258450475e+00 4.999766639517714932e-03 -9.999999999000000000e+09
1.322952378233147783e+03 1.001597502901636627e+00 4.999766759744750724e-03 -9.999999999000000000e+09
1.322963410468473739e+03 9.978480759541874523e-01 4.999766879923730339e-03 -9.999999999000000000e+09
1.322974442795798495e+03 9.954552544914045953e-01 4.999767000054698013e-03 -9.999999999000000000e+09
1.322985475215122960e+03 1.001453934794171774e+00 4.999767120137701450e-03 -9.999999999000000000e+09
1.322996507726448044e+03 9.999006042713732834e-01 4.999767240172786620e-03 -9.999999999000000000e+09
1.323007540329774201e+03 1.003593127372063742e+00 4.999767360160001228e-03 -9.999999999000000000e+09
1.323018573025102569e+03 1.001038748283930468e+00 4.999767480099387776e-03 -9.999999999000000000e+09
1.323029605812433601e+03 1.001651005472170564e+00 4.999767599990993967e-03 -9.999999999000000000e+09
1.323040638691768208e+03 9.995845439606114713e-01 4.999767719834864906e-03 -9.999999999000000000e+09
1.323051671663107072e+03 1.001514359443574476e+00 4.999767839631045693e-03 -9.999999999000000000e+09
1.323062704726451102e+03 1.003142723123643609e+00 4.999767959379584036e-03 -9.999999999000000000e+09
1.323073737881800753e+03 9.982617275919324351e-01 4.999768079080522433e-03 -9.999999999000000000e+09
1.323084771129157389e+03 9.993598464226751688e-01 4.999768198733906856e-03 -9.999999999000000000e+09
1.323095804468521237e+03 9.999388491509710875e-01 4.999768318339784141e-03 -9.999999999000000000e+09
1.323106837899892980e+03 9.984990277535911174e-01 4.999768437898196791e-03 -9.999999999000000000e+09
1.323117871423274210e+03 9.958147939414785377e-01 4.999768557409192508e-03 -9.999999999000000000e+09
1.323128905038664698e+03 9.957019662953082717e-01 4.999768676872813795e-03 -9.999999999000000000e+09
1.323139938746065354e+03 9.966805006680216072e-01 4.999768796289109224e-03 -9.999999999000000000e+09
1.323150972545477998e+03 9.977839545229690854e-01 4.999768915658118693e-03 -9.999999999000000000e+09
1.323162006436902175e+03 1.008160259775974454e+00 4.999769034979889039e-03 -9.999999999000000000e+09
1.323173040420339021e+03 1.001898136600090750e+00 4.999769154254466233e-03 -9.999999999000000000e+09
1.323184074495789218e+03 9.926207580266945829e-01 4.999769273481892776e-03 -9.999999999000000000e+09
1.323195108663254359e+03 1.000606523904983280e+00 4.999769392662212902e-03 -9.999999999000000000e+09
1.323206142922733989e+03 9.950490898846303667e-01 4.999769511795474318e-03 -9.999999999000000000e+09
1.323217177274229698e+03 1.007154685178455633e+00 4.999769630881716921e-03 -9.999999999000000000e+09
1.323228211717741942e+03 9.945979225544064883e-01 4.999769749920985815e-03 -9.999999999000000000e+09
1.323239246253271403e+03 9.949246261895356991e-01 4.999769868913326101e-03 -9.999999999000000000e+09
1.323250280880819219e+03 9.966669569976647214e-01 4.999769987858782017e-03 -9.999999999000000000e+09
1.323261315600385615e+03 9.963885664190430536e-01 4.999770106757396061e-03 -9.999999999000000000e+09
1.323272350411971956e+03 1.010489294757284107e+00 4.999770225609213338e-03 -9.999999999000000000e+09
1.323283385315578471e+03 1.003736641445767130e+00 4.999770344414277215e-03 -9.999999999000000000e+09
1.323294420311206522e+03 9.985726767245931557e-01 4.999770463172631060e-03 -9.999999999000000000e+09
1.323305455398856338e+03 9.937256507947516138e-01 4.999770581884316507e-03 -9.999999999000000000e+09
1.323316490578528828e+03 9.983944878856266802e-01 4.999770700549380394e-03 -9.999999999000000000e+09
1.323327525850224674e+03 9.986850239784188510e-01 4.999770819167863485e-03 -9.999999999000000000e+09
1.323338561213945013e+03 1.000158822729979358e+00 4.999770937739810017e-03 -9.999999999000000000e+09
1.323349596669690300e+03 1.002361567059347092e+00 4.999771056265264225e-03 -9.999999999000000000e+09
1.323360632217461443e+03 9.988333589077520447e-01 4.999771174744267743e-03 -9.999999999000000000e+09
1.323371667857259126e+03 9.968635215149598272e-01 4.999771293176863071e-03 -9.999999999000000000e+09
1.323382703589084031e+03 1.001834280954807754e+00 4.999771411563096180e-03 -9.999999999000000000e+09
1.323393739412937293e+03 1.003566169386508777e+00 4.999771529903005232e-03 -9.999999999000000000e+09
1.323404775328819142e+03 9.953823926902951591e-01 4.999771648196636199e-03 -9.999999999000000000e+09
1.323415811336730940e+03 1.004765133110455011e+00 4.999771766444029847e-03 -9.999999999000000000e+09
1.323426847436672915e+03 1.002405971729475986e+00 4.999771884645232145e-03 -9.999999999000000000e+09
1.323437883628645977e+03 9.939194615754710638e-01 4.999772002800281258e-03 -9.999999999000000000e+09
1.323448919912651263e+03 1.001000012673814332e+00 4.999772120909224023e-03 -9.999999999000000000e+09
1.323459956288689000e+03 1.005303364500086838e+00 4.999772238972098604e-03 -9.999999999000000000e+09
1.323470992756760097e+03 9.938394568134691909e-01 4.999772356988949236e-03 -9.999999999000000000e+09
1.323482029316865692e+03 1.007351632551530374e+00 4.999772474959818420e-03 -9.999999999000000000e+09
1.323493065969006011e+03 1.003067939930706753e+00 4.999772592884748658e-03 -9.999999999000000000e+09
1.323504102713182419e+03 1.003649811367741895e+00 4.999772710763780714e-03 -9.999999999000000000e+09
1.323515139549395144e+03 1.007084234574669557e+00 4.999772828596954488e-03 -9.999999999000000000e+09
1.323526176477645322e+03 1.002206894835833362e+00 4.999772946384316817e-03 -9.999999999000000000e+09
1.323537213497933635e+03 1.001973557089550715e+00 4.999773064125905865e-03 -9.999999999000000000e+09
1.323548250610260538e+03 1.007039710780639252e+00 4.999773181821762398e-03 -9.999999999000000000e+09
1.323559287814627396e+03 1.001932805342660382e+00 4.999773299471933254e-03 -9.999999999000000000e+09
1.323570325111034208e+03 1.006558933593760807e+00 4.999773417076453993e-03 -9.999999999000000000e+09
1.323581362499482339e+03 1.004381897734987428e+00 4.999773534635370588e-03 -9.999999999000000000e+09
1.323592399979972470e+03 9.956323658655225062e-01 4.999773652148721201e-03 -9.999999999000000000e+09
1.323603437552505511e+03 9.940404696202098656e-01 4.999773769616549200e-03 -9.999999999000000000e+09
1.323614475217081690e+03 9.919616061955489617e-01 4.999773887038894485e-03 -9.999999999000000000e+09
1.323625512973702143e+03 1.001686364651143801e+00 4.999774004415796953e-03 -9.999999999000000000e+09
1.323636550822367326e+03 1.008502365907629761e+00 4.999774121747302576e-03 -9.999999999000000000e+09
1.323647588763078602e+03 1.009407634277626142e+00 4.999774239033447781e-03 -9.999999999000000000e+09
1.323658626795836426e+03 9.980309073740886161e-01 4.999774356274273336e-03 -9.999999999000000000e+09
1.323669664920641480e+03 9.953776099125631882e-01 4.999774473469822608e-03 -9.999999999000000000e+09
1.323680703137494220e+03 9.976963308456957558e-01 4.999774590620136364e-03 -9.999999999000000000e+09
1.323691741446396009e+03 9.994459753130701118e-01 4.999774707725251899e-03 -9.999999999000000000e+09
1.323702779847347529e+03 9.914129940425506771e-01 4.999774824785213449e-03 -9.999999999000000000e+09
1.323713818340349235e+03 1.008459007909283445e+00 4.999774941800058312e-03 -9.999999999000000000e+09
1.323724856925402264e+03 9.983334198811070204e-01 4.999775058769830721e-03 -9.999999999000000000e+09
1.323735895602507298e+03 9.907095298544223994e-01 4.999775175694569709e-03 -9.999999999000000000e+09
1.323746934371664565e+03 1.000244749746870498e+00 4.999775292574312573e-03 -9.999999999000000000e+09
1.323757973232875429e+03 1.006623522483926836e+00 4.999775409409100944e-03 -9.999999999000000000e+09
1.323769012186140571e+03 1.003961619338572753e+00 4.999775526198977325e-03 -9.999999999000000000e+09
1.323780051231460448e+03 1.002567562813393653e+00 4.999775642943979879e-03 -9.999999999000000000e+09
1.323791090368836194e+03 9.949362366884227926e-01 4.999775759644148505e-03 -9.999999999000000000e+09
1.323802129598268493e+03 1.007528415357249019e+00 4.999775876299523102e-03 -9.999999999000000000e+09
1.323813168919758255e+03 1.001801475928856044e+00 4.999775992910145302e-03 -9.999999999000000000e+09
1.323824208333305705e+03 9.909656491677447665e-01 4.999776109476051535e-03 -9.999999999000000000e+09
1.323835247838911982e+03 9.987375622048745294e-01 4.999776225997284301e-03 -9.999999999000000000e+09
1.323846287436577995e+03 1.000463090877928396e+00 4.999776342473881766e-03 -9.999999999000000000e+09
1.323857327126304426e+03 9.944196502988850161e-01 4.999776458905882959e-03 -9.999999999000000000e+09
1.323868366908091730e+03 9.964004991365759123e-01 4.999776575293330381e-03 -9.999999999000000000e+09
1.323879406781941043e+03 9.921400606521711962e-01 4.999776691636259596e-03 -9.999999999000000000e+09
1.323890446747852593e+03 9.938638519457226872e-01 4.999776807934712235e-03 -9.999999999000000000e+09
1.323901486805827972e+03 9.997802034222863510e-01 4.999776924188725595e-03 -9.999999999000000000e+09
1.323912526955867406e+03 9.948277192757662979e-01 4.999777040398341310e-03 -9.999999999000000000e+09
1.323923567197971806e+03 9.987451618269760356e-01 4.999777156563595809e-03 -9.999999999000000000e+09
1.323934607532142081e+03 1.000906658209214095e+00 4.999777272684529858e-03 -9.999999999000000000e+09
1.323945647958378686e+03 9.939455087384055920e-01 4.999777388761182488e-03 -9.999999999000000000e+09
1.323956688476682302e+03 1.001896372238566979e+00 4.999777504793591863e-03 -9.999999999000000000e+09
1.323967729087054067e+03 9.997740359987765668e-01 4.999777620781797882e-03 -9.999999999000000000e+09
1.323978769789494663e+03 9.950868709796032441e-01 4.999777736725836974e-03 -9.999999999000000000e+09
1.323989810584004999e+03 1.000081390755089394e+00 4.999777852625748170e-03 -9.999999999000000000e+09
1.324000851470585530e+03 1.002906656402815289e+00 4.999777968481573104e-03 -9.999999999000000000e+09
1.324011892449236939e+03 1.004034354612793223e+00 4.999778084293346470e-03 -9.999999999000000000e+09
1.324022933519960588e+03 1.002048100268280173e+00 4.999778200061109901e-03 -9.999999999000000000e+09
1.324033974682756480e+03 9.960960353138247347e-01 4.999778315784898959e-03 -9.999999999000000000e+09
1.324045015937625976e+03 1.000155986925179930e+00 4.999778431464753543e-03 -9.999999999000000000e+09
1.324056057284569533e+03 9.953759837525538723e-01 4.999778547100711817e-03 -9.999999999000000000e+09
1.324067098723588060e+03 1.000705783037332042e+00 4.999778662692811945e-03 -9.999999999000000000e+09
1.324078140254682239e+03 9.948810296113983487e-01 4.999778778241091223e-03 -9.999999999000000000e+09
1.324089181877852980e+03 9.953729689135341063e-01 4.999778893745586948e-03 -9.999999999000000000e+09
1.324100223593100736e+03 9.984768760848762303e-01 4.999779009206339019e-03 -9.999999999000000000e+09
1.324111265400426646e+03 1.006394981451594228e+00 4.999779124623384731e-03 -9.999999999000000000e+09
1.324122307299831164e+03 9.969347669776323917e-01 4.999779239996761382e-03 -9.999999999000000000e+09
1.324133349291315426e+03 9.983515857742941702e-01 4.999779355326508003e-03 -9.999999999000000000e+09
1.324144391374879888e+03 9.970383568550850173e-01 4.999779470612660155e-03 -9.999999999000000000e+09
1.324155433550525458e+03 9.992518752047894193e-01 4.999779585855256871e-03 -9.999999999000000000e+09
1.324166475818252820e+03 9.980402579251246298e-01 4.999779701054333711e-03 -9.999999999000000000e+09
1.324177518178062655e+03 1.001235142838213132e+00 4.999779816209931442e-03 -9.999999999000000000e+09
1.324188560629956100e+03 1.005951873293849941e+00 4.999779931322083891e-03 -9.999999999000000000e+09
1.324199603173933610e+03 1.004341352566356260e+00 4.999780046390832691e-03 -9.999999999000000000e+09
1.324210645809995867e+03 9.986493184662466049e-01 4.999780161416211670e-03 -9.999999999000000000e+09
1.324221688538143781e+03 1.001693066331943882e+00 4.999780276398258123e-03 -9.999999999000000000e+09
1.324232731358378487e+03 1.001945070520544823e+00 4.999780391337009348e-03 -9.999999999000000000e+09
1.324243774270700214e+03 9.988184224286075219e-01 4.999780506232503509e-03 -9.999999999000000000e+09
1.324254817275109872e+03 9.977722893356101297e-01 4.999780621084776167e-03 -9.999999999000000000e+09
1.324265860371608142e+03 9.947813971566294988e-01 4.999780735893867220e-03 -9.999999999000000000e+09
1.324276903560196160e+03 9.977210271752573467e-01 4.999780850659809629e-03 -9.999999999000000000e+09
1.324287946840874383e+03 1.007553006044674682e+00 4.999780965382642425e-03 -9.999999999000000000e+09
1.324298990213643719e+03 9.940808590882936890e-01 4.999781080062402905e-03 -9.999999999000000000e+09
1.324310033678504624e+03 9.959638575050129283e-01 4.999781194699124895e-03 -9.999999999000000000e+09
1.324321077235458233e+03 9.978014491749318537e-01 4.999781309292847427e-03 -9.999999999000000000e+09
1.324332120884505457e+03 1.002899151051264814e+00 4.999781423843606062e-03 -9.999999999000000000e+09
1.324343164625646523e+03 1.003152282962270991e+00 4.999781538351438098e-03 -9.999999999000000000e+09
1.324354208458882567e+03 9.964204279838173584e-01 4.999781652816378229e-03 -9.999999999000000000e+09
1.324365252384214273e+03 9.955408494341786430e-01 4.999781767238463751e-03 -9.999999999000000000e+09
1.324376296401642321e+03 1.002373582802067897e+00 4.999781881617731960e-03 -9.999999999000000000e+09
1.324387340511167622e+03 9.935481493904138039e-01 4.999781995954217552e-03 -9.999999999000000000e+09
1.324398384712790858e+03 1.004806767950766400e+00 4.999782110247956955e-03 -9.999999999000000000e+09
1.324409429006512710e+03 9.939412454717925227e-01 4.999782224498986599e-03 -9.999999999000000000e+09
1.324420473392334316e+03 1.003093541725905924e+00 4.999782338707342046e-03 -9.999999999000000000e+09
1.324431517870255902e+03 9.961265058247027460e-01 4.999782452873059724e-03 -9.999999999000000000e+09
1.324442562440278607e+03 1.004338434079468545e+00 4.999782566996176063e-03 -9.999999999000000000e+09
1.324453607102403339e+03 9.983441412095748202e-01 4.999782681076724022e-03 -9.999999999000000000e+09
1.324464651856630553e+03 1.003253008551769687e+00 4.999782795114741767e-03 -9.999999999000000000e+09
1.324475696702960931e+03 9.950661245728250615e-01 4.999782909110264857e-03 -9.999999999000000000e+09
1.324486741641395611e+03 9.968912402097074299e-01 4.999783023063329723e-03 -9.999999999000000000e+09
1.324497786671934819e+03 1.007215423605765325e+00 4.999783136973969325e-03 -9.999999999000000000e+09
1.324508831794579919e+03 1.001959385996715746e+00 4.999783250842220958e-03 -9.999999999000000000e+09
1.324519877009331594e+03 1.003763014347456073e+00 4.999783364668118450e-03 -9.999999999000000000e+09
1.324530922316190299e+03 9.901083573712436969e-01 4.999783478451700833e-03 -9.999999999000000000e+09
1.324541967715156716e+03 9.944462051030953376e-01 4.999783592192999331e-03 -9.999999999000000000e+09
1.324553013206232208e+03 1.002108954119952378e+00 4.999783705892052108e-03 -9.999999999000000000e+09
1.324564058789417004e+03 1.006580397613690003e+00 4.999783819548892123e-03 -9.999999999000000000e+09
1.324575104464712012e+03 1.001916378243708383e+00 4.999783933163554940e-03 -9.999999999000000000e+09
1.324586150232118143e+03 9.995325644793503495e-01 4.999784046736076987e-03 -9.999999999000000000e+09
1.324597196091636079e+03 1.001629913537499528e+00 4.999784160266492090e-03 -9.999999999000000000e+09
1.324608242043266500e+03 9.962875591693277633e-01 4.999784273754834078e-03 -9.999999999000000000e+09
1.324619288087010318e+03 9.931197326703847805e-01 4.999784387201140247e-03 -9.999999999000000000e+09
1.324630334222867987e+03 1.006233036699187178e+00 4.999784500605445291e-03 -9.999999999000000000e+09
1.324641380450840643e+03 9.953016857824233954e-01 4.999784613967781302e-03 -9.999999999000000000e+09
1.324652426770928969e+03 1.003146986283969921e+00 4.999784727288184710e-03 -9.999999999000000000e+09
1.324663473183133647e+03 9.980100959641808878e-01 4.999784840566690210e-03 -9.999999999000000000e+09
1.324674519687455586e+03 1.003018042462745063e+00 4.999784953803331627e-03 -9.999999999000000000e+09
1.324685566283895469e+03 9.939177100082486893e-01 4.999785066998144525e-03 -9.999999999000000000e+09
1.324696612972453750e+03 9.961067789356694568e-01 4.999785180151162731e-03 -9.999999999000000000e+09
1.324707659753131793e+03 9.902967896047123464e-01 4.999785293262420070e-03 -9.999999999000000000e+09
1.324718706625930054e+03 1.000543417920991995e+00 4.999785406331952974e-03 -9.999999999000000000e+09
1.324729753590849214e+03 1.003239383245887018e+00 4.999785519359793533e-03 -9.999999999000000000e+09
1.324740800647890183e+03 1.004164286460072164e+00 4.999785632345974708e-03 -9.999999999000000000e+09
1.324751847797053870e+03 9.932168705051324098e-01 4.999785745290535530e-03 -9.999999999000000000e+09
1.324762895038340503e+03 9.957864699807349451e-01 4.999785858193505489e-03 -9.999999999000000000e+09
1.324773942371751446e+03 1.000895726294108723e+00 4.999785971054921015e-03 -9.999999999000000000e+09
1.324784989797287153e+03 9.915383979147041060e-01 4.999786083874814199e-03 -9.999999999000000000e+09
1.324796037314948762e+03 1.004439061298735725e+00 4.999786196653221472e-03 -9.999999999000000000e+09
1.324807084924736273e+03 1.002520890791352537e+00 4.999786309390173190e-03 -9.999999999000000000e+09
1.324818132626651050e+03 1.007068997469891425e+00 4.999786422085705784e-03 -9.999999999000000000e+09
1.324829180420694001e+03 1.006229599330279667e+00 4.999786534739853947e-03 -9.999999999000000000e+09
1.324840228306865583e+03 1.005020950513006328e+00 4.999786647352648036e-03 -9.999999999000000000e+09
1.324851276285166250e+03 1.002848588471373814e+00 4.999786759924123615e-03 -9.999999999000000000e+09
1.324862324355597593e+03 9.971291610689748675e-01 4.999786872454316244e-03 -9.999999999000000000e+09
1.324873372518159613e+03 1.005592220987115537e+00 4.999786984943253680e-03 -9.999999999000000000e+09
1.324884420772853673e+03 9.940911611426230809e-01 4.999787097390974086e-03 -9.999999999000000000e+09
1.324895469119680229e+03 9.962660179371247704e-01 4.999787209797509555e-03 -9.999999999000000000e+09
1.324906517558639734e+03 1.006758894473724020e+00 4.999787322162895647e-03 -9.999999999000000000e+09
1.324917566089733555e+03 9.927377741838938618e-01 4.999787434487160988e-03 -9.999999999000000000e+09
1.324928614712962144e+03 9.992388157516847169e-01 4.999787546770342005e-03 -9.999999999000000000e+09
1.324939663428326412e+03 9.986108875748570535e-01 4.999787659012470790e-03 -9.999999999000000000e+09
1.324950712235827041e+03 1.004239517545955307e+00 4.999787771213581172e-03 -9.999999999000000000e+09
1.324961761135464712e+03 9.970908694243861836e-01 4.999787883373705243e-03 -9.999999999000000000e+09
1.324972810127240336e+03 9.942911371048848146e-01 4.999787995492876828e-03 -9.999999999000000000e+09
1.324983859211154822e+03 9.989515075067066929e-01 4.999788107571128890e-03 -9.999999999000000000e+09
1.324994908387208625e+03 1.000857662907291390e+00 4.999788219608494386e-03 -9.999999999000000000e+09
1.325005957655402426e+03 1.006796063070990677e+00 4.999788331605004542e-03 -9.999999999000000000e+09
1.325017007015737363e+03 1.001424828915217669e+00 4.999788443560694053e-03 -9.999999999000000000e+09
1.325028056468214118e+03 9.996048631338180224e-01 4.999788555475595010e-03 -9.999999999000000000e+09
1.325039106012833372e+03 9.958432482921421025e-01 4.999788667349739507e-03 -9.999999999000000000e+09
1.325050155649595808e+03 9.986247878100528164e-01 4.999788779183161370e-03 -9.999999999000000000e+09
1.325061205378502336e+03 1.004857845037042008e+00 4.999788890975890958e-03 -9.999999999000000000e+09
1.325072255199553865e+03 9.999783226670642122e-01 4.999789002727963831e-03 -9.999999999000000000e+09
1.325083305112750850e+03 9.950344006814541009e-01 4.999789114439409481e-03 -9.999999999000000000e+09
1.325094355118094199e+03 1.006485285606941504e+00 4.999789226110260866e-03 -9.999999999000000000e+09
1.325105405215584369e+03 9.957951582539824598e-01 4.999789337740552682e-03 -9.999999999000000000e+09
1.325116455405222723e+03 9.949994069564729315e-01 4.999789449330314418e-03 -9.999999999000000000e+09
1.325127505687009943e+03 9.964913293961232821e-01 4.999789560879579903e-03 -9.999999999000000000e+09
1.325138556060946257e+03 9.963901835444480826e-01 4.999789672388380360e-03 -9.999999999000000000e+09
1.325149606527033029e+03 1.000100876963530228e+00 4.999789783856748750e-03 -9.999999999000000000e+09
1.325160657085270486e+03 1.004211593579620976e+00 4.999789895284715430e-03 -9.999999999000000000e+09
1.325171707735659766e+03 1.001302108075340591e+00 4.999790006672315094e-03 -9.999999999000000000e+09
1.325182758478201549e+03 1.001751091096847235e+00 4.999790118019578102e-03 -9.999999999000000000e+09
1.325193809312896747e+03 9.988302820160329665e-01 4.999790229326536543e-03 -9.999999999000000000e+09
1.325204860239746040e+03 1.013345323457833125e+00 4.999790340593221645e-03 -9.999999999000000000e+09
1.325215911258749884e+03 1.000730343511137210e+00 4.999790451819665499e-03 -9.999999999000000000e+09
1.325226962369909415e+03 9.895604274008379386e-01 4.999790563005899330e-03 -9.999999999000000000e+09
1.325238013573225317e+03 9.962009604805747154e-01 4.999790674151956965e-03 -9.999999999000000000e+09
1.325249064868698269e+03 9.996101137232621392e-01 4.999790785257867895e-03 -9.999999999000000000e+09
1.325260116256328956e+03 1.002278990277195359e+00 4.999790896323664212e-03 -9.999999999000000000e+09
1.325271167736118741e+03 9.906537384464058071e-01 4.999791007349379743e-03 -9.999999999000000000e+09
1.325282219308067624e+03 1.006110513430529929e+00 4.999791118335041376e-03 -9.999999999000000000e+09
1.325293270972176742e+03 9.997821141956328983e-01 4.999791229280683806e-03 -9.999999999000000000e+09
1.325304322728447005e+03 1.002478592376605304e+00 4.999791340186338258e-03 -9.999999999000000000e+09
1.325315374576878639e+03 1.002724816945053554e+00 4.999791451052034222e-03 -9.999999999000000000e+09
1.325326426517473010e+03 1.002375069862868617e+00 4.999791561877806392e-03 -9.999999999000000000e+09
1.325337478550230571e+03 1.009352196450986394e+00 4.999791672663682525e-03 -9.999999999000000000e+09
1.325348530675152233e+03 9.959913850949888570e-01 4.999791783409694712e-03 -9.999999999000000000e+09
1.325359582892238677e+03 9.928875248624329242e-01 4.999791894115875046e-03 -9.999999999000000000e+09
1.325370635201490813e+03 1.003475739312334136e+00 4.999792004782252150e-03 -9.999999999000000000e+09
1.325381687602909324e+03 1.004824504715116973e+00 4.999792115408860718e-03 -9.999999999000000000e+09
1.325392740096494663e+03 1.007083314131324681e+00 4.999792225995728506e-03 -9.999999999000000000e+09
1.325403792682247968e+03 1.001546553043289878e+00 4.999792336542887607e-03 -9.999999999000000000e+09
1.325414845360169920e+03 9.964515183628637196e-01 4.999792447050370979e-03 -9.999999999000000000e+09
1.325425898130261430e+03 1.012811001741542594e+00 4.999792557518205512e-03 -9.999999999000000000e+09
1.325436950992522952e+03 9.982974222223137684e-01 4.999792667946424164e-03 -9.999999999000000000e+09
1.325448003946955396e+03 9.950104496616183347e-01 4.999792778335057294e-03 -9.999999999000000000e+09
1.325459056993559443e+03 1.004935268857277908e+00 4.999792888684136127e-03 -9.999999999000000000e+09
1.325470110132336231e+03 1.000128229620256715e+00 4.999792998993690153e-03 -9.999999999000000000e+09
1.325481163363286214e+03 1.001667040005656206e+00 4.999793109263750597e-03 -9.999999999000000000e+09
1.325492216686410302e+03 9.921562060454505172e-01 4.999793219494347817e-03 -9.999999999000000000e+09
1.325503270101709177e+03 9.949586944059543026e-01 4.999793329685513904e-03 -9.999999999000000000e+09
1.325514323609183521e+03 1.008307328309578255e+00 4.999793439837276615e-03 -9.999999999000000000e+09
1.325525377208834016e+03 1.002137085124081395e+00 4.999793549949666308e-03 -9.999999999000000000e+09
1.325536430900661799e+03 1.001875460748171243e+00 4.999793660022715074e-03 -9.999999999000000000e+09
1.325547484684667324e+03 1.002804161939072181e+00 4.999793770056452404e-03 -9.999999999000000000e+09
1.325558538560851730e+03 1.002084129319177785e+00 4.999793880050909523e-03 -9.999999999000000000e+09
1.325569592529215470e+03 1.000297085063897251e+00 4.999793990006115053e-03 -9.999999999000000000e+09
1.325580646589759226e+03 1.004788994608700747e+00 4.999794099922099354e-03 -9.999999999000000000e+09
1.325591700742484136e+03 9.989502348359616812e-01 4.999794209798892781e-03 -9.999999999000000000e+09
1.325602754987390654e+03 9.945418545583449843e-01 4.999794319636525694e-03 -9.999999999000000000e+09
1.325613809324479689e+03 9.949699480919037553e-01 4.999794429435028449e-03 -9.999999999000000000e+09
1.325624863753751924e+03 9.991722184516704797e-01 4.999794539194428802e-03 -9.999999999000000000e+09
1.325635918275208041e+03 9.988160161209541643e-01 4.999794648914759713e-03 -9.999999999000000000e+09
1.325646972888849177e+03 1.000314671540010414e+00 4.999794758596049805e-03 -9.999999999000000000e+09
1.325658027594675787e+03 9.984829609844039222e-01 4.999794868238325966e-03 -9.999999999000000000e+09
1.325669082392688551e+03 1.005182657449362971e+00 4.999794977841621156e-03 -9.999999999000000000e+09
1.325680137282888836e+03 9.980962903367747163e-01 4.999795087405964865e-03 -9.999999999000000000e+09
1.325691192265276641e+03 1.004182463665176606e+00 4.999795196931387450e-03 -9.999999999000000000e+09
1.325702247339853102e+03 1.004015890952266288e+00 4.999795306417914934e-03 -9.999999999000000000e+09
1.325713302506618902e+03 1.002168172987512929e+00 4.999795415865580274e-03 -9.999999999000000000e+09
1.325724357765575178e+03 1.005385559489195391e+00 4.999795525274412962e-03 -9.999999999000000000e+09
1.325735413116722157e+03 9.957513175456028653e-01 4.999795634644439019e-03 -9.999999999000000000e+09
1.325746468560060976e+03 1.002063500796542383e+00 4.999795743975692271e-03 -9.999999999000000000e+09
1.325757524095592089e+03 1.005092487860460349e+00 4.999795853268197872e-03 -9.999999999000000000e+09
1.325768579723316634e+03 1.001502053809947501e+00 4.999795962521988782e-03 -9.999999999000000000e+09
1.325779635443235065e+03 9.956280841590210429e-01 4.999796071737091889e-03 -9.999999999000000000e+09
1.325790691255348293e+03 1.003055175561934353e+00 4.999796180913537551e-03 -9.999999999000000000e+09
1.325801747159656998e+03 9.987585133576091234e-01 4.999796290051355258e-03 -9.999999999000000000e+09
1.325812803156161863e+03 1.007141677868544916e+00 4.999796399150572765e-03 -9.999999999000000000e+09
1.325823859244864252e+03 9.942103966892713585e-01 4.999796508211219563e-03 -9.999999999000000000e+09
1.325834915425764166e+03 1.004173253717009384e+00 4.999796617233324275e-03 -9.999999999000000000e+09
1.325845971698862968e+03 9.992607097260407523e-01 4.999796726216917259e-03 -9.999999999000000000e+09
1.325857028064161113e+03 9.967140387373208954e-01 4.999796835162028004e-03 -9.999999999000000000e+09
1.325868084521659057e+03 1.009734227280124408e+00 4.999796944068681664e-03 -9.999999999000000000e+09
1.325879141071358390e+03 1.002134512444514458e+00 4.999797052936911200e-03 -9.999999999000000000e+09
1.325890197713259113e+03 1.001480011385303293e+00 4.999797161766742631e-03 -9.999999999000000000e+09
1.325901254447362589e+03 9.950929527986885903e-01 4.999797270558208051e-03 -9.999999999000000000e+09
1.325912311273669047e+03 1.003608613543617745e+00 4.999797379311332612e-03 -9.999999999000000000e+09
1.325923368192179851e+03 9.990954767342844489e-01 4.999797488026146673e-03 -9.999999999000000000e+09
1.325934425202895227e+03 1.009698084299507359e+00 4.999797596702677989e-03 -9.999999999000000000e+09
1.325945482305815858e+03 1.003103419611546920e+00 4.999797705340956050e-03 -9.999999999000000000e+09
1.325956539500943109e+03 9.926613556137696692e-01 4.999797813941008612e-03 -9.999999999000000000e+09
1.325967596788277206e+03 9.980558393334716394e-01 4.999797922502865165e-03 -9.999999999000000000e+09
1.325978654167819514e+03 9.960326437924977849e-01 4.999798031026552597e-03 -9.999999999000000000e+09
1.325989711639570260e+03 1.005868268196266735e+00 4.999798139512101267e-03 -9.999999999000000000e+09
1.326000769203530353e+03 9.985958272611523689e-01 4.999798247959538929e-03 -9.999999999000000000e+09
1.326011826859700705e+03 1.000118041993576901e+00 4.999798356368891604e-03 -9.999999999000000000e+09
1.326022884608081768e+03 9.989050345365294570e-01 4.999798464740190518e-03 -9.999999999000000000e+09
1.326033942448674679e+03 1.008604286736652700e+00 4.999798573073464293e-03 -9.999999999000000000e+09
1.326045000381480349e+03 1.002666400584027340e+00 4.999798681368736349e-03 -9.999999999000000000e+09
1.326056058406498778e+03 1.005319809809783971e+00 4.999798789626041379e-03 -9.999999999000000000e+09
1.326067116523731329e+03 9.980820491164321684e-01 4.999798897845401068e-03 -9.999999999000000000e+09
1.326078174733178685e+03 9.952693232746357976e-01 4.999799006026850109e-03 -9.999999999000000000e+09
1.326089233034841754e+03 1.003404107126809164e+00 4.999799114170411056e-03 -9.999999999000000000e+09
1.326100291428720993e+03 9.938800842942349112e-01 4.999799222276112530e-03 -9.999999999000000000e+09
1.326111349914817310e+03 9.991560732907504017e-01 4.999799330343985757e-03 -9.999999999000000000e+09
1.326122408493131388e+03 1.006074092872957904e+00 4.999799438374055889e-03 -9.999999999000000000e+09
1.326133467163664363e+03 9.985728613102554663e-01 4.999799546366351551e-03 -9.999999999000000000e+09
1.326144525926416463e+03 9.956714625790060724e-01 4.999799654320900497e-03 -9.999999999000000000e+09
1.326155584781388825e+03 1.000937338994779102e+00 4.999799762237730483e-03 -9.999999999000000000e+09
1.326166643728582130e+03 1.002234169309243805e+00 4.999799870116868397e-03 -9.999999999000000000e+09
1.326177702767996834e+03 9.967871740793758928e-01 4.999799977958343730e-03 -9.999999999000000000e+09
1.326188761899634301e+03 9.959658944908612588e-01 4.999800085762181635e-03 -9.999999999000000000e+09
1.326199821123495212e+03 9.997867413245341561e-01 4.999800193528412470e-03 -9.999999999000000000e+09
1.326210880439579796e+03 9.985387781176490174e-01 4.999800301257061388e-03 -9.999999999000000000e+09
1.326221939847889189e+03 9.940600367611668320e-01 4.999800408948156145e-03 -9.999999999000000000e+09
1.326232999348424073e+03 9.923059791472044200e-01 4.999800516601727099e-03 -9.999999999000000000e+09
1.326244058941185358e+03 1.002851166487497059e+00 4.999800624217797668e-03 -9.999999999000000000e+09
1.326255118626173726e+03 9.969713323438510466e-01 4.999800731796398209e-03 -9.999999999000000000e+09
1.326266178403389631e+03 1.006455791895734198e+00 4.999800839337554745e-03 -9.999999999000000000e+09
1.326277238272834666e+03 1.003042655615940193e+00 4.999800946841293295e-03 -9.999999999000000000e+09
1.326288298234508602e+03 1.001688636870031512e+00 4.999801054307643350e-03 -9.999999999000000000e+09
1.326299358288413032e+03 9.961855303538323936e-01 4.999801161736630931e-03 -9.999999999000000000e+09
1.326310418434548410e+03 1.000858936227789098e+00 4.999801269128285527e-03 -9.999999999000000000e+09
1.326321478672915191e+03 9.994860861041492406e-01 4.999801376482629692e-03 -9.999999999000000000e+09
1.326332539003514739e+03 9.962266585053093371e-01 4.999801483799693781e-03 -9.999999999000000000e+09
1.326343599426347282e+03 9.963838618721698737e-01 4.999801591079504684e-03 -9.999999999000000000e+09
1.326354659941413956e+03 9.968008075693162162e-01 4.999801698322088421e-03 -9.999999999000000000e+09
1.326365720548715217e+03 9.982002434571710658e-01 4.999801805527471880e-03 -9.999999999000000000e+09
1.326376781248252200e+03 1.004520210589034290e+00 4.999801912695682818e-03 -9.999999999000000000e+09
1.326387842040025362e+03 9.999840541707845087e-01 4.999802019826748989e-03 -9.999999999000000000e+09
1.326398902924035838e+03 9.931873002140082507e-01 4.999802126920694680e-03 -9.999999999000000000e+09
1.326409963900283856e+03 1.004114060446089862e+00 4.999802233977546778e-03 -9.999999999000000000e+09
1.326421024968770553e+03 1.003746347990702947e+00 4.999802340997335642e-03 -9.999999999000000000e+09
1.326432086129496838e+03 9.974514220517406438e-01 4.999802447980083824e-03 -9.999999999000000000e+09
1.326443147382463167e+03 9.941842342157436452e-01 4.999802554925819945e-03 -9.999999999000000000e+09
1.326454208727670448e+03 9.981403483125305121e-01 4.999802661834570894e-03 -9.999999999000000000e+09
1.326465270165119136e+03 9.969587610486556617e-01 4.999802768706363559e-03 -9.999999999000000000e+09
1.326476331694810597e+03 9.984104069017532002e-01 4.999802875541223095e-03 -9.999999999000000000e+09
1.326487393316745056e+03 9.928458043655169485e-01 4.999802982339176388e-03 -9.999999999000000000e+09
1.326498455030923878e+03 9.929615253817564158e-01 4.999803089100250328e-03 -9.999999999000000000e+09
1.326509516837347292e+03 1.007430228088129986e+00 4.999803195824470935e-03 -9.999999999000000000e+09
1.326520578736015977e+03 9.908184924013846429e-01 4.999803302511865097e-03 -9.999999999000000000e+09
1.326531640726931300e+03 9.995299156708744581e-01 4.999803409162459703e-03 -9.999999999000000000e+09
1.326542702810093488e+03 9.952281775713401890e-01 4.999803515776279905e-03 -9.999999999000000000e+09
1.326553764985503676e+03 9.977994620919090618e-01 4.999803622353352593e-03 -9.999999999000000000e+09
1.326564827253162548e+03 9.998646213622542911e-01 4.999803728893702920e-03 -9.999999999000000000e+09
1.326575889613070558e+03 9.944470243120091535e-01 4.999803835397357774e-03 -9.999999999000000000e+09
1.326586952065228843e+03 9.939794518096202181e-01 4.999803941864344042e-03 -9.999999999000000000e+09
1.326598014609637858e+03 1.006014742525251027e+00 4.999804048294688615e-03 -9.999999999000000000e+09
1.326609077246298739e+03 9.990726107701604075e-01 4.999804154688414909e-03 -9.999999999000000000e+09
1.326620139975212169e+03 1.005676632812652960e+00 4.999804261045551548e-03 -9.999999999000000000e+09
1.326631202796378830e+03 1.004123835732660064e+00 4.999804367366121084e-03 -9.999999999000000000e+09
1.326642265709799176e+03 9.993882742098858518e-01 4.999804473650153007e-03 -9.999999999000000000e+09
1.326653328715474800e+03 9.988451621184170071e-01 4.999804579897672470e-03 -9.999999999000000000e+09
1.326664391813405473e+03 1.005037264662379082e+00 4.999804686108703759e-03 -9.999999999000000000e+09
1.326675455003592788e+03 1.005464969410881038e+00 4.999804792283276365e-03 -9.999999999000000000e+09
1.326686518286037199e+03 1.002516727852081457e+00 4.999804898421411105e-03 -9.999999999000000000e+09
1.326697581660738933e+03 9.998888593050477835e-01 4.999805004523137468e-03 -9.999999999000000000e+09
1.326708645127700038e+03 1.003084163750164404e+00 4.999805110588478874e-03 -9.999999999000000000e+09
1.326719708686919830e+03 1.003149099332995009e+00 4.999805216617463077e-03 -9.999999999000000000e+09
1.326730772338400357e+03 1.000942803594135233e+00 4.999805322610115232e-03 -9.999999999000000000e+09
1.326741836082141390e+03 9.924784108854718401e-01 4.999805428566459625e-03 -9.999999999000000000e+09
1.326752899918144067e+03 1.001062571506732723e+00 4.999805534486523144e-03 -9.999999999000000000e+09
1.326763963846409524e+03 9.936504639906593717e-01 4.999805640370330942e-03 -9.999999999000000000e+09
1.326775027866938217e+03 1.005075540657728972e+00 4.999805746217908173e-03 -9.999999999000000000e+09
1.326786091979730600e+03 1.004002824597955534e+00 4.999805852029280857e-03 -9.999999999000000000e+09
1.326797156184788037e+03 1.003729002097545120e+00 4.999805957804475016e-03 -9.999999999000000000e+09
1.326808220482110755e+03 1.010208213922463294e+00 4.999806063543514069e-03 -9.999999999000000000e+09
1.326819284871700120e+03 1.002107893425417506e+00 4.999806169246424903e-03 -9.999999999000000000e+09
1.326830349353556358e+03 1.000481005802321910e+00 4.999806274913233539e-03 -9.999999999000000000e+09
1.326841413927680378e+03 1.002731855401027827e+00 4.999806380543963397e-03 -9.999999999000000000e+09
1.326852478594073091e+03 9.978859217979281215e-01 4.999806486138640496e-03 -9.999999999000000000e+09
1.326863543352735178e+03 1.003000588654132441e+00 4.999806591697289991e-03 -9.999999999000000000e+09
1.326874608203667549e+03 9.960872591785739916e-01 4.999806697219938770e-03 -9.999999999000000000e+09
1.326885673146870658e+03 9.988821508204853705e-01 4.999806802706609384e-03 -9.999999999000000000e+09
1.326896738182345416e+03 9.957085034623099906e-01 4.999806908157328721e-03 -9.999999999000000000e+09
1.326907803310092731e+03 1.005589910451317959e+00 4.999807013572120200e-03 -9.999999999000000000e+09
1.326918868530113286e+03 1.000901315709449735e+00 4.999807118951011577e-03 -9.999999999000000000e+09
1.326929933842408218e+03 9.999548281674888184e-01 4.999807224294023668e-03 -9.999999999000000000e+09
1.326940999246977526e+03 9.945891877081773913e-01 4.999807329601185096e-03 -9.999999999000000000e+09
1.326952064743822348e+03 1.001684087402109347e+00 4.999807434872520148e-03 -9.999999999000000000e+09
1.326963130332943592e+03 9.945550310369257740e-01 4.999807540108052242e-03 -9.999999999000000000e+09
1.326974196014341715e+03 9.970309370865985121e-01 4.999807645307808267e-03 -9.999999999000000000e+09
1.326985261788017851e+03 9.970439898498504316e-01 4.999807750471811640e-03 -9.999999999000000000e+09
1.326996327653972685e+03 9.986675379160253607e-01 4.999807855600086649e-03 -9.999999999000000000e+09
1.327007393612206670e+03 1.002547815146437760e+00 4.999807960692659314e-03 -9.999999999000000000e+09
1.327018459662720943e+03 9.975454587796239725e-01 4.999808065749553922e-03 -9.999999999000000000e+09
1.327029525805516187e+03 1.004915259636032010e+00 4.999808170770795625e-03 -9.999999999000000000e+09
1.327040592040593083e+03 1.004527049324784649e+00 4.999808275756407842e-03 -9.999999999000000000e+09
1.327051658367952541e+03 9.961671215791636502e-01 4.999808380706416595e-03 -9.999999999000000000e+09
1.327062724787595243e+03 9.986115958578398732e-01 4.999808485620846170e-03 -9.999999999000000000e+09
1.327073791299521645e+03 9.992455647447814338e-01 4.999808590499719117e-03 -9.999999999000000000e+09
1.327084857903733337e+03 9.996807170003620957e-01 4.999808695343062326e-03 -9.999999999000000000e+09
1.327095924600230319e+03 9.999264607000768468e-01 4.999808800150901816e-03 -9.999999999000000000e+09
1.327106991389013501e+03 1.012823570826929531e+00 4.999808904923255803e-03 -9.999999999000000000e+09
1.327118058270084020e+03 1.002917154616470574e+00 4.999809009660154645e-03 -9.999999999000000000e+09
1.327129125243441877e+03 1.006231449439316084e+00 4.999809114361620892e-03 -9.999999999000000000e+09
1.327140192309088889e+03 9.949160938172074697e-01 4.999809219027678830e-03 -9.999999999000000000e+09
1.327151259467025056e+03 9.927576518912704095e-01 4.999809323658351012e-03 -9.999999999000000000e+09
1.327162326717251744e+03 9.985108166909524297e-01 4.999809428253663458e-03 -9.999999999000000000e+09
1.327173394059768725e+03 1.000194337736301620e+00 4.999809532813641322e-03 -9.999999999000000000e+09
1.327184461494578045e+03 9.982744182187255344e-01 4.999809637338308889e-03 -9.999999999000000000e+09
1.327195529021679477e+03 1.002824679156099741e+00 4.999809741827686976e-03 -9.999999999000000000e+09
1.327206596641073929e+03 9.896084563020682845e-01 4.999809846281804207e-03 -9.999999999000000000e+09
1.327217664352762768e+03 1.006299172518960505e+00 4.999809950700678796e-03 -9.999999999000000000e+09
1.327228732156746446e+03 9.972602523029783228e-01 4.999810055084340232e-03 -9.999999999000000000e+09
1.327239800053025647e+03 1.006341989393004788e+00 4.999810159432811936e-03 -9.999999999000000000e+09
1.327250868041600825e+03 1.001804532514507295e+00 4.999810263746114723e-03 -9.999999999000000000e+09
1.327261936122473344e+03 9.931817932905976365e-01 4.999810368024276350e-03 -9.999999999000000000e+09
1.327273004295643659e+03 1.007508690909699745e+00 4.999810472267317632e-03 -9.999999999000000000e+09
1.327284072561112680e+03 1.001150621690429343e+00 4.999810576475263724e-03 -9.999999999000000000e+09
1.327295140918881089e+03 1.000987085807198085e+00 4.999810680648138043e-03 -9.999999999000000000e+09
1.327306209368949794e+03 9.978228876436928685e-01 4.999810784785964878e-03 -9.999999999000000000e+09
1.327317277911319024e+03 9.981310490912539413e-01 4.999810888888769379e-03 -9.999999999000000000e+09
1.327328346545990371e+03 9.980218658359012451e-01 4.999810992956573233e-03 -9.999999999000000000e+09
1.327339415272964061e+03 1.004050840085504159e+00 4.999811096989400724e-03 -9.999999999000000000e+09
1.327350484092241004e+03 1.003275267283524785e+00 4.999811200987275273e-03 -9.999999999000000000e+09
1.327361553003821882e+03 9.920797517260755427e-01 4.999811304950219429e-03 -9.999999999000000000e+09
1.327372622007707605e+03 1.008302238521487704e+00 4.999811408878261816e-03 -9.999999999000000000e+09
1.327383691103898855e+03 1.000580980405708198e+00 4.999811512771420649e-03 -9.999999999000000000e+09
1.327394760292396313e+03 1.006831669342250102e+00 4.999811616629721081e-03 -9.999999999000000000e+09
1.327405829573201117e+03 1.004344350257897034e+00 4.999811720453187398e-03 -9.999999999000000000e+09
1.327416898946313722e+03 9.968742860351890167e-01 4.999811824241843887e-03 -9.999999999000000000e+09
1.327427968411734810e+03 1.003624755453966788e+00 4.999811927995711364e-03 -9.999999999000000000e+09
1.327439037969465517e+03 9.998247571562112190e-01 4.999812031714814115e-03 -9.999999999000000000e+09
1.327450107619506298e+03 9.907204962322756492e-01 4.999812135399178160e-03 -9.999999999000000000e+09
1.327461177361858063e+03 1.002961226645009196e+00 4.999812239048823451e-03 -9.999999999000000000e+09
1.327472247196521494e+03 9.973111610830471818e-01 4.999812342663774271e-03 -9.999999999000000000e+09
1.327483317123497272e+03 9.982554189788738208e-01 4.999812446244055776e-03 -9.999999999000000000e+09
1.327494387142786536e+03 1.004952250088959831e+00 4.999812549789688781e-03 -9.999999999000000000e+09
1.327505457254389739e+03 9.976644573857250675e-01 4.999812653300697574e-03 -9.999999999000000000e+09
1.327516527458307792e+03 1.001755576655811941e+00 4.999812756777105571e-03 -9.999999999000000000e+09
1.327527597754541375e+03 9.989943562054093285e-01 4.999812860218936193e-03 -9.999999999000000000e+09
1.327538668143091172e+03 1.003585305167959740e+00 4.999812963626211124e-03 -9.999999999000000000e+09
1.327549738623958092e+03 9.909020731483955124e-01 4.999813066998956383e-03 -9.999999999000000000e+09
1.327560809197143044e+03 1.003614672172363109e+00 4.999813170337190187e-03 -9.999999999000000000e+09
1.327571879862646711e+03 1.003298426812323285e+00 4.999813273640939422e-03 -9.999999999000000000e+09
1.327582950620469546e+03 1.007741310497376030e+00 4.999813376910227508e-03 -9.999999999000000000e+09
1.327594021470612688e+03 9.983730611111958364e-01 4.999813480145076129e-03 -9.999999999000000000e+09
1.327605092413076591e+03 1.002682764033213436e+00 4.999813583345506969e-03 -9.999999999000000000e+09
1.327616163447862618e+03 9.932601268068305123e-01 4.999813686511546049e-03 -9.999999999000000000e+09
1.327627234574970998e+03 1.007647765265072159e+00 4.999813789643213317e-03 -9.999999999000000000e+09
1.327638305794402413e+03 1.002294819940954707e+00 4.999813892740532194e-03 -9.999999999000000000e+09
1.327649377106157772e+03 1.001289837626686774e+00 4.999813995803526964e-03 -9.999999999000000000e+09
1.327660448510238439e+03 9.963082541383425639e-01 4.999814098832219313e-03 -9.999999999000000000e+09
1.327671520006644414e+03 9.903869753173363266e-01 4.999814201826632658e-03 -9.999999999000000000e+09
1.327682591595376607e+03 1.003152483120339777e+00 4.999814304786789551e-03 -9.999999999000000000e+09
1.327693663276436155e+03 9.976494209857853512e-01 4.999814407712711677e-03 -9.999999999000000000e+09
1.327704735049823284e+03 9.998419664107417448e-01 4.999814510604422453e-03 -9.999999999000000000e+09
1.327715806915539360e+03 1.004031132720920594e+00 4.999814613461944432e-03 -9.999999999000000000e+09
1.327726878873584610e+03 1.001992106383014836e+00 4.999814716285301032e-03 -9.999999999000000000e+09
1.327737950923960170e+03 9.917421213247299416e-01 4.999814819074514805e-03 -9.999999999000000000e+09
1.327749023066666723e+03 9.981379429322316810e-01 4.999814921829607434e-03 -9.999999999000000000e+09
1.327760095301704951e+03 1.004676348471790659e+00 4.999815024550601471e-03 -9.999999999000000000e+09
1.327771167629075762e+03 1.006279506167686133e+00 4.999815127237519467e-03 -9.999999999000000000e+09
1.327782240048779613e+03 9.982523567312496793e-01 4.999815229890383975e-03 -9.999999999000000000e+09
1.327793312560817640e+03 9.950341365799667548e-01 4.999815332509216677e-03 -9.999999999000000000e+09
1.327804385165190752e+03 9.909175282972811916e-01 4.999815435094044462e-03 -9.999999999000000000e+09
1.327815457861899176e+03 1.003867285683444077e+00 4.999815537644882076e-03 -9.999999999000000000e+09
1.327826530650944051e+03 1.002661508785007038e+00 4.999815640161757273e-03 -9.999999999000000000e+09
1.327837603532325829e+03 9.982880563310531086e-01 4.999815742644692605e-03 -9.999999999000000000e+09
1.327848676506045649e+03 9.923049534652326198e-01 4.999815845093706287e-03 -9.999999999000000000e+09
1.327859749572104192e+03 9.962606504421250841e-01 4.999815947508824340e-03 -9.999999999000000000e+09
1.327870822730501914e+03 1.005883634603834675e+00 4.999816049890065846e-03 -9.999999999000000000e+09
1.327881895981240177e+03 9.973990009317281746e-01 4.999816152237456825e-03 -9.999999999000000000e+09
1.327892969324319211e+03 1.000787085735891591e+00 4.999816254551017226e-03 -9.999999999000000000e+09
1.327904042759739923e+03 1.005094334683506396e+00 4.999816356830769602e-03 -9.999999999000000000e+09
1.327915116287503224e+03 1.003561136231161610e+00 4.999816459076734769e-03 -9.999999999000000000e+09
1.327926189907610024e+03 9.973153116424258169e-01 4.999816561288937013e-03 -9.999999999000000000e+09
1.327937263620060548e+03 9.967366443892058392e-01 4.999816663467397150e-03 -9.999999999000000000e+09
1.327948337424856390e+03 9.916247797004732467e-01 4.999816765612136865e-03 -9.999999999000000000e+09
1.327959411321997322e+03 1.000845913416117616e+00 4.999816867723177842e-03 -9.999999999000000000e+09
1.327970485311484481e+03 9.934854232128091933e-01 4.999816969800544367e-03 -9.999999999000000000e+09
1.327981559393319230e+03 1.001333909010454271e+00 4.999817071844256389e-03 -9.999999999000000000e+09
1.327992633567501798e+03 9.916286549127641958e-01 4.999817173854336459e-03 -9.999999999000000000e+09
1.328003707834032866e+03 9.916115252118579138e-01 4.999817275830803660e-03 -9.999999999000000000e+09
1.328014782192913572e+03 1.000736016905067638e+00 4.999817377773684013e-03 -9.999999999000000000e+09
1.328025856644144369e+03 9.989150410190187346e-01 4.999817479683000068e-03 -9.999999999000000000e+09
1.328036931187725941e+03 1.002969992558140122e+00 4.999817581558769174e-03 -9.999999999000000000e+09
1.328048005823659651e+03 9.937097342536436173e-01 4.999817683401015615e-03 -9.999999999000000000e+09
1.328059080551945726e+03 1.007304477852421831e+00 4.999817785209759342e-03 -9.999999999000000000e+09
1.328070155372585077e+03 1.010953384668393573e+00 4.999817886985024641e-03 -9.999999999000000000e+09
1.328081230285578613e+03 1.006936384569668164e+00 4.999817988726831461e-03 -9.999999999000000000e+09
1.328092305290926788e+03 1.002416702846018248e+00 4.999818090435202353e-03 -9.999999999000000000e+09
1.328103380388630740e+03 1.004721461422491524e+00 4.999818192110159001e-03 -9.999999999000000000e+09
1.328114455578690922e+03 9.974861713874109137e-01 4.999818293751721356e-03 -9.999999999000000000e+09
1.328125530861108473e+03 1.000119366451952319e+00 4.999818395359913702e-03 -9.999999999000000000e+09
1.328136606235883391e+03 1.004510933721606269e+00 4.999818496934754254e-03 -9.999999999000000000e+09
1.328147681703017497e+03 1.008757496015712851e+00 4.999818598476266432e-03 -9.999999999000000000e+09
1.328158757262510790e+03 1.004063415638575929e+00 4.999818699984473654e-03 -9.999999999000000000e+09
1.328169832914364633e+03 1.001527635190645249e+00 4.999818801459393267e-03 -9.999999999000000000e+09
1.328180908658579483e+03 1.001223967944721904e+00 4.999818902901050424e-03 -9.999999999000000000e+09
1.328191984495155566e+03 9.963800363220498557e-01 4.999819004309463341e-03 -9.999999999000000000e+09
1.328203060424094701e+03 1.003547802487883223e+00 4.999819105684654569e-03 -9.999999999000000000e+09
1.328214136445396889e+03 1.008707605592460643e+00 4.999819207026645791e-03 -9.999999999000000000e+09
1.328225212559063266e+03 9.967014994452148002e-01 4.999819308335460427e-03 -9.999999999000000000e+09
1.328236288765094514e+03 9.921492469133984526e-01 4.999819409611114089e-03 -9.999999999000000000e+09
1.328247365063491316e+03 9.998040001276581323e-01 4.999819510853634533e-03 -9.999999999000000000e+09
1.328258441454254580e+03 1.006723939900615816e+00 4.999819612063039105e-03 -9.999999999000000000e+09
1.328269517937384535e+03 9.861118926144779584e-01 4.999819713239349490e-03 -9.999999999000000000e+09
1.328280594512882772e+03 9.988837893756321584e-01 4.999819814382586505e-03 -9.999999999000000000e+09
1.328291671180749972e+03 1.006111331859892655e+00 4.999819915492772701e-03 -9.999999999000000000e+09
1.328302747940986364e+03 9.990340542388083112e-01 4.999820016569929762e-03 -9.999999999000000000e+09
1.328313824793593085e+03 9.964893109489210143e-01 4.999820117614076770e-03 -9.999999999000000000e+09
1.328324901738570588e+03 1.003800482407319450e+00 4.999820218625233674e-03 -9.999999999000000000e+09
1.328335978775920239e+03 1.008945766539995237e+00 4.999820319603426495e-03 -9.999999999000000000e+09
1.328347055905642037e+03 9.972207293546968554e-01 4.999820420548670846e-03 -9.999999999000000000e+09
1.328358133127737574e+03 1.004412783723625413e+00 4.999820521460991013e-03 -9.999999999000000000e+09
1.328369210442206850e+03 9.980436168238576711e-01 4.999820622340407812e-03 -9.999999999000000000e+09
1.328380287849051001e+03 9.955081131738154898e-01 4.999820723186939458e-03 -9.999999999000000000e+09
1.328391365348270938e+03 1.003008980756820101e+00 4.999820824000609371e-03 -9.999999999000000000e+09
1.328402442939867115e+03 1.006347975612340351e+00 4.999820924781437498e-03 -9.999999999000000000e+09
1.328413520623840668e+03 1.000515140737640030e+00 4.999821025529445524e-03 -9.999999999000000000e+09
1.328424598400192281e+03 9.992266015545806512e-01 4.999821126244653399e-03 -9.999999999000000000e+09
1.328435676268922180e+03 9.894870498488698152e-01 4.999821226927082807e-03 -9.999999999000000000e+09
1.328446754230031729e+03 9.883192437407936071e-01 4.999821327576754564e-03 -9.999999999000000000e+09
1.328457832283521611e+03 1.000971324568181497e+00 4.999821428193686884e-03 -9.999999999000000000e+09
1.328468910429392508e+03 9.959129005036233551e-01 4.999821528777902320e-03 -9.999999999000000000e+09
1.328479988667645330e+03 9.906460957462409622e-01 4.999821629329422555e-03 -9.999999999000000000e+09
1.328491066998280530e+03 1.002321839759404698e+00 4.999821729848268406e-03 -9.999999999000000000e+09
1.328502145421299247e+03 1.003065532193490039e+00 4.999821830334456353e-03 -9.999999999000000000e+09
1.328513223936701706e+03 9.905542374326008481e-01 4.999821930788013284e-03 -9.999999999000000000e+09
1.328524302544489274e+03 9.966481075581468119e-01 4.999822031208954812e-03 -9.999999999000000000e+09
1.328535381244662403e+03 9.962518006273050064e-01 4.999822131597303487e-03 -9.999999999000000000e+09
1.328546460037222005e+03 9.975685241900371647e-01 4.999822231953079260e-03 -9.999999999000000000e+09
1.328557538922168760e+03 1.009067860292637064e+00 4.999822332276303814e-03 -9.999999999000000000e+09
1.328568617899503806e+03 9.951363927132390597e-01 4.999822432566997099e-03 -9.999999999000000000e+09
1.328579696969227143e+03 1.001548694915228355e+00 4.999822532825178197e-03 -9.999999999000000000e+09
1.328590776131340135e+03 9.989169053551886224e-01 4.999822633050869658e-03 -9.999999999000000000e+09
1.328601855385843464e+03 9.928581173679542626e-01 4.999822733244091433e-03 -9.999999999000000000e+09
1.328612934732737358e+03 1.009516964279960183e+00 4.999822833404860001e-03 -9.999999999000000000e+09
1.328624014172023635e+03 1.002285477112184520e+00 4.999822933533203118e-03 -9.999999999000000000e+09
1.328635093703702296e+03 1.001297075775617662e+00 4.999823033629133794e-03 -9.999999999000000000e+09
1.328646173327774250e+03 9.938061173443512031e-01 4.999823133692676315e-03 -9.999999999000000000e+09
1.328657253044240406e+03 9.856997226258550349e-01 4.999823233723851498e-03 -9.999999999000000000e+09
1.328668332853101447e+03 1.003425725358871423e+00 4.999823333722677558e-03 -9.999999999000000000e+09
1.328679412754358054e+03 9.944972936654158380e-01 4.999823433689176179e-03 -9.999999999000000000e+09
1.328690492748011138e+03 1.003808107424396745e+00 4.999823533623365575e-03 -9.999999999000000000e+09
1.328701572834061380e+03 9.920472849110576474e-01 4.999823633525267430e-03 -9.999999999000000000e+09
1.328712653012509918e+03 9.958253013814738486e-01 4.999823733394901694e-03 -9.999999999000000000e+09
1.328723733283356751e+03 1.009820333427652317e+00 4.999823833232288316e-03 -9.999999999000000000e+09
1.328734813646603470e+03 9.997040616706914795e-01 4.999823933037448979e-03 -9.999999999000000000e+09
1.328745894102250077e+03 1.009176908361129055e+00 4.999824032810401900e-03 -9.999999999000000000e+09
1.328756974650298162e+03 1.002475072259050082e+00 4.999824132551165291e-03 -9.999999999000000000e+09
1.328768055290747725e+03 9.985007547710429421e-01 4.999824232259763440e-03 -9.999999999000000000e+09
1.328779136023600131e+03 9.945632687427201635e-01 4.999824331936213694e-03 -9.999999999000000000e+09
1.328790216848855835e+03 1.012164397806256000e+00 4.999824431580537736e-03 -9.999999999000000000e+09
1.328801297766515518e+03 9.931747384908684584e-01 4.999824531192752913e-03 -9.999999999000000000e+09
1.328812378776580090e+03 1.010143649282981171e+00 4.999824630772880911e-03 -9.999999999000000000e+09
1.328823459879050461e+03 1.002321728621336838e+00 4.999824730320942545e-03 -9.999999999000000000e+09
1.328834541073927539e+03 9.939232821720244138e-01 4.999824829836955163e-03 -9.999999999000000000e+09
1.328845622361211326e+03 1.002136932702526240e+00 4.999824929320939582e-03 -9.999999999000000000e+09
1.328856703740903640e+03 1.000871363858053531e+00 4.999825028772916617e-03 -9.999999999000000000e+09
1.328867785213004254e+03 9.979415725727664999e-01 4.999825128192907954e-03 -9.999999999000000000e+09
1.328878866777514531e+03 1.006440930041603510e+00 4.999825227580928337e-03 -9.999999999000000000e+09
1.328889948434435155e+03 9.965116347092928262e-01 4.999825326937001185e-03 -9.999999999000000000e+09
1.328901030183767034e+03 1.001770931129882136e+00 4.999825426261144713e-03 -9.999999999000000000e+09
1.328912112025510396e+03 9.921588122741038518e-01 4.999825525553378003e-03 -9.999999999000000000e+09
1.328923193959666605e+03 1.004593347630565958e+00 4.999825624813721871e-03 -9.999999999000000000e+09
1.328934275986236116e+03 1.002975303674650709e+00 4.999825724042198001e-03 -9.999999999000000000e+09
1.328945358105219839e+03 1.000579562360389252e+00 4.999825823238822006e-03 -9.999999999000000000e+09
1.328956440316618455e+03 9.951361154372717621e-01 4.999825922403615570e-03 -9.999999999000000000e+09
1.328967522620432874e+03 9.971314245022645517e-01 4.999826021536598643e-03 -9.999999999000000000e+09
1.328978605016663550e+03 9.973694405422559583e-01 4.999826120637790305e-03 -9.999999999000000000e+09
1.328989687505311394e+03 9.990892542796305786e-01 4.999826219707208773e-03 -9.999999999000000000e+09
1.329000770086377543e+03 9.945957440337912514e-01 4.999826318744876597e-03 -9.999999999000000000e+09
1.329011852759862450e+03 1.007298313779001031e+00 4.999826417750811124e-03 -9.999999999000000000e+09
1.329022935525766798e+03 9.976088951693540263e-01 4.999826516725032304e-03 -9.999999999000000000e+09
1.329034018384091269e+03 9.993752480311607345e-01 4.999826615667558351e-03 -9.999999999000000000e+09
1.329045101334837227e+03 1.004670420659420138e+00 4.999826714578410082e-03 -9.999999999000000000e+09
1.329056184378004673e+03 9.915230323456051265e-01 4.999826813457607447e-03 -9.999999999000000000e+09
1.329067267513594970e+03 9.977520289235720652e-01 4.999826912305167792e-03 -9.999999999000000000e+09
1.329078350741608801e+03 1.005645173156510142e+00 4.999827011121111935e-03 -9.999999999000000000e+09
1.329089434062046621e+03 1.002308650063432394e+00 4.999827109905459824e-03 -9.999999999000000000e+09
1.329100517474909338e+03 9.970562700237951548e-01 4.999827208658229674e-03 -9.999999999000000000e+09
1.329111600980197863e+03 9.999126415211926355e-01 4.999827307379439700e-03 -9.999999999000000000e+09
1.329122684577912878e+03 1.001792029621568103e+00 4.999827406069111586e-03 -9.999999999000000000e+09
1.329133768268054837e+03 1.001851924489592038e+00 4.999827504727262679e-03 -9.999999999000000000e+09
1.329144852050625104e+03 1.003073888904184141e+00 4.999827603353912062e-03 -9.999999999000000000e+09
1.329155935925624135e+03 1.003349366289669309e+00 4.999827701949081417e-03 -9.999999999000000000e+09
1.329167019893052839e+03 1.002217251865408221e+00 4.999827800512787225e-03 -9.999999999000000000e+09
1.329178103952911897e+03 1.002277633148668246e+00 4.999827899045050303e-03 -9.999999999000000000e+09
1.329189188105201765e+03 9.985043260493997597e-01 4.999827997545888865e-03 -9.999999999000000000e+09
1.329200272349923807e+03 9.939291204232704180e-01 4.999828096015321126e-03 -9.999999999000000000e+09
1.329211356687078251e+03 1.000853584542281460e+00 4.999828194453367902e-03 -9.999999999000000000e+09
1.329222441116666459e+03 1.002430828053173517e+00 4.999828292860048276e-03 -9.999999999000000000e+09
1.329233525638688661e+03 1.008776089024481903e+00 4.999828391235379595e-03 -9.999999999000000000e+09
1.329244610253145765e+03 9.985013976748039477e-01 4.999828489579383542e-03 -9.999999999000000000e+09
1.329255694960038682e+03 1.000703294204529747e+00 4.999828587892074863e-03 -9.999999999000000000e+09
1.329266779759368319e+03 9.936037312339742744e-01 4.999828686173476110e-03 -9.999999999000000000e+09
1.329277864651134905e+03 9.984006477221033515e-01 4.999828784423604629e-03 -9.999999999000000000e+09
1.329288949635339577e+03 9.984792168121719991e-01 4.999828882642480370e-03 -9.999999999000000000e+09
1.329300034711983244e+03 1.000724129652509120e+00 4.999828980830122414e-03 -9.999999999000000000e+09
1.329311119881066361e+03 9.950209505440379409e-01 4.999829078986548110e-03 -9.999999999000000000e+09
1.329322205142589837e+03 9.970259736825335395e-01 4.999829177111777406e-03 -9.999999999000000000e+09
1.329333290496554355e+03 1.005480647235210911e+00 4.999829275205827650e-03 -9.999999999000000000e+09
1.329344375942961051e+03 9.999848430725907233e-01 4.999829373268719658e-03 -9.999999999000000000e+09
1.329355461481810153e+03 1.001619066202423136e+00 4.999829471300471645e-03 -9.999999999000000000e+09
1.329366547113102797e+03 1.001903086637378593e+00 4.999829569301101825e-03 -9.999999999000000000e+09
1.329377632836839894e+03 1.005685041298489901e+00 4.999829667270628414e-03 -9.999999999000000000e+09
1.329388718653021442e+03 9.950995837591840587e-01 4.999829765209072227e-03 -9.999999999000000000e+09
1.329399804561649262e+03 9.976530691182580179e-01 4.999829863116449745e-03 -9.999999999000000000e+09
1.329410890562723353e+03 9.959593482920114926e-01 4.999829960992780049e-03 -9.999999999000000000e+09
1.329421976656244851e+03 9.961953233358898929e-01 4.999830058838083090e-03 -9.999999999000000000e+09
1.329433062842214440e+03 1.000450226918345287e+00 4.999830156652376213e-03 -9.999999999000000000e+09
1.329444149120632801e+03 1.000561726096969029e+00 4.999830254435678502e-03 -9.999999999000000000e+09
1.329455235491500616e+03 9.959799586285665862e-01 4.999830352188008170e-03 -9.999999999000000000e+09
1.329466321954818795e+03 1.001013008980666141e+00 4.999830449909383433e-03 -9.999999999000000000e+09
1.329477408510588475e+03 1.000594141832144013e+00 4.999830547599825106e-03 -9.999999999000000000e+09
1.329488495158809883e+03 1.001709588358880687e+00 4.999830645259347936e-03 -9.999999999000000000e+09
1.329499581899483928e+03 1.007176165551261215e+00 4.999830742887973606e-03 -9.999999999000000000e+09
1.329510668732611748e+03 9.939231662472715056e-01 4.999830840485719463e-03 -9.999999999000000000e+09
1.329521755658193342e+03 9.979514029075080561e-01 4.999830938052602855e-03 -9.999999999000000000e+09
1.329532842676230075e+03 1.002117577742308141e+00 4.999831035588644598e-03 -9.999999999000000000e+09
1.329543929786722856e+03 9.965954692540102133e-01 4.999831133093861173e-03 -9.999999999000000000e+09
1.329555016989671913e+03 9.978048926296089194e-01 4.999831230568271660e-03 -9.999999999000000000e+09
1.329566104285078382e+03 9.932539996292929496e-01 4.999831328011895143e-03 -9.999999999000000000e+09
1.329577191672942945e+03 1.000516194619133659e+00 4.999831425424748968e-03 -9.999999999000000000e+09
1.329588279153266512e+03 1.000558125125503794e+00 4.999831522806849615e-03 -9.999999999000000000e+09
1.329599366726049539e+03 9.981800241239263682e-01 4.999831620158218769e-03 -9.999999999000000000e+09
1.329610454391292933e+03 9.996899541631765196e-01 4.999831717478873776e-03 -9.999999999000000000e+09
1.329621542148997605e+03 1.003423900331108065e+00 4.999831814768831983e-03 -9.999999999000000000e+09
1.329632629999164010e+03 1.013185081850751956e+00 4.999831912028110739e-03 -9.999999999000000000e+09
1.329643717941793284e+03 9.977732790445300592e-01 4.999832009256731727e-03 -9.999999999000000000e+09
1.329654805976886109e+03 9.970449871148074905e-01 4.999832106454708824e-03 -9.999999999000000000e+09
1.329665894104443169e+03 9.956496841783869511e-01 4.999832203622064583e-03 -9.999999999000000000e+09
1.329676982324465371e+03 1.002065689987422514e+00 4.999832300758813748e-03 -9.999999999000000000e+09
1.329688070636953171e+03 1.002194995121372889e+00 4.999832397864974534e-03 -9.999999999000000000e+09
1.329699159041907706e+03 9.933251843337365106e-01 4.999832494940568625e-03 -9.999999999000000000e+09
1.329710247539329430e+03 1.001140464839691102e+00 4.999832591985610766e-03 -9.999999999000000000e+09
1.329721336129219253e+03 9.990553861774399413e-01 4.999832689000119172e-03 -9.999999999000000000e+09
1.329732424811578312e+03 9.936738857314637574e-01 4.999832785984112057e-03 -9.999999999000000000e+09
1.329743513586406607e+03 1.004189776318473060e+00 4.999832882937609371e-03 -9.999999999000000000e+09
1.329754602453705502e+03 9.950185797076781524e-01 4.999832979860626726e-03 -9.999999999000000000e+09
1.329765691413475679e+03 1.001501782310991517e+00 4.999833076753183204e-03 -9.999999999000000000e+09
1.329776780465717593e+03 1.011850928866010024e+00 4.999833173615295286e-03 -9.999999999000000000e+09
1.329787869610432608e+03 9.996222178539192482e-01 4.999833270446984654e-03 -9.999999999000000000e+09
1.329798958847620725e+03 1.004750414268136716e+00 4.999833367248265187e-03 -9.999999999000000000e+09
1.329810048177283534e+03 1.013080369279710569e+00 4.999833464019156834e-03 -9.999999999000000000e+09
1.329821137599421036e+03 9.962537319748845377e-01 4.999833560759676943e-03 -9.999999999000000000e+09
1.329832227114034595e+03 1.005210446613100661e+00 4.999833657469843727e-03 -9.999999999000000000e+09
1.329843316721124665e+03 1.008140719216923609e+00 4.999833754149674535e-03 -9.999999999000000000e+09
1.329854406420692158e+03 9.941083810679133270e-01 4.999833850799185846e-03 -9.999999999000000000e+09
1.329865496212737753e+03 9.965344350134548446e-01 4.999833947418400211e-03 -9.999999999000000000e+09
1.329876586097262134e+03 1.000627429914034527e+00 4.999834044007329774e-03 -9.999999999000000000e+09
1.329887676074266210e+03 1.004213977520060475e+00 4.999834140565995351e-03 -9.999999999000000000e+09
1.329898766143750890e+03 9.949148605134033874e-01 4.999834237094414290e-03 -9.999999999000000000e+09
1.329909856305716858e+03 1.004464812119405082e+00 4.999834333592603069e-03 -9.999999999000000000e+09
1.329920946560164793e+03 9.934095865378229639e-01 4.999834430060580773e-03 -9.999999999000000000e+09
1.329932036907095153e+03 9.983917268582609417e-01 4.999834526498366481e-03 -9.999999999000000000e+09
1.329943127346509527e+03 9.988518812591671292e-01 4.999834622905973205e-03 -9.999999999000000000e+09
1.329954217878407917e+03 9.937384255459593696e-01 4.999834719283422629e-03 -9.999999999000000000e+09
1.329965308502791459e+03 9.958029665651330076e-01 4.999834815630732100e-03 -9.999999999000000000e+09
1.329976399219660834e+03 9.910513902349865623e-01 4.999834911947916363e-03 -9.999999999000000000e+09
1.329987490029016726e+03 9.908653239560036852e-01 4.999835008234994500e-03 -9.999999999000000000e+09
1.329998580930860271e+03 1.005261635664536968e+00 4.999835104491986461e-03 -9.999999999000000000e+09
1.330009671925191924e+03 1.009185002384889396e+00 4.999835200718906122e-03 -9.999999999000000000e+09
1.330020763012012367e+03 1.001732595827013128e+00 4.999835296915773435e-03 -9.999999999000000000e+09
1.330031854191322509e+03 9.992792120539119027e-01 4.999835393082604010e-03 -9.999999999000000000e+09
1.330042945463123260e+03 1.009917174238146531e+00 4.999835489219416930e-03 -9.999999999000000000e+09
1.330054036827415302e+03 1.007539781975747006e+00 4.999835585326228675e-03 -9.999999999000000000e+09
1.330065128284199318e+03 1.000656540598073407e+00 4.999835681403057459e-03 -9.999999999000000000e+09
1.330076219833476216e+03 1.008258213465957009e+00 4.999835777449919763e-03 -9.999999999000000000e+09
1.330087311475246452e+03 9.899647367375447038e-01 4.999835873466834668e-03 -9.999999999000000000e+09
1.330098403209511162e+03 9.979529006498841781e-01 4.999835969453817787e-03 -9.999999999000000000e+09
1.330109495036271028e+03 9.955868147904839427e-01 4.999836065410888201e-03 -9.999999999000000000e+09
1.330120586955526505e+03 9.934507494531985561e-01 4.999836161338058922e-03 -9.999999999000000000e+09
1.330131678967278731e+03 1.004260912493672775e+00 4.999836257235353368e-03 -9.999999999000000000e+09
1.330142771071528614e+03 9.974799802693588013e-01 4.999836353102784549e-03 -9.999999999000000000e+09
1.330153863268276609e+03 9.928672391570105837e-01 4.999836448940371547e-03 -9.999999999000000000e+09
1.330164955557523399e+03 9.986370227029950364e-01 4.999836544748131710e-03 -9.999999999000000000e+09
1.330176047939270120e+03 9.952041533417528285e-01 4.999836640526081517e-03 -9.999999999000000000e+09
1.330187140413517000e+03 9.993571503086752239e-01 4.999836736274236582e-03 -9.999999999000000000e+09
1.330198232980265630e+03 1.003656698432157768e+00 4.999836831992617719e-03 -9.999999999000000000e+09
1.330209325639516237e+03 1.002838048385172209e+00 4.999836927681239676e-03 -9.999999999000000000e+09
1.330220418391269504e+03 9.868053995595191807e-01 4.999837023340119799e-03 -9.999999999000000000e+09
1.330231511235526114e+03 1.007290666258527700e+00 4.999837118969276302e-03 -9.999999999000000000e+09
1.330242604172287656e+03 9.990712082711370456e-01 4.999837214568726533e-03 -9.999999999000000000e+09
1.330253697201553905e+03 1.001859167173029697e+00 4.999837310138485237e-03 -9.999999999000000000e+09
1.330264790323326224e+03 1.005175000739447322e+00 4.999837405678572363e-03 -9.999999999000000000e+09
1.330275883537605296e+03 1.003521462902484007e+00 4.999837501189001790e-03 -9.999999999000000000e+09
1.330286976844391347e+03 1.002130368643664449e+00 4.999837596669794333e-03 -9.999999999000000000e+09
1.330298070243686198e+03 9.970115097125316073e-01 4.999837692120963871e-03 -9.999999999000000000e+09
1.330309163735489619e+03 1.003616510906367276e+00 4.999837787542529485e-03 -9.999999999000000000e+09
1.330320257319802977e+03 9.919067405290767914e-01 4.999837882934505921e-03 -9.999999999000000000e+09
1.330331350996627179e+03 1.007584924714841623e+00 4.999837978296912261e-03 -9.999999999000000000e+09
1.330342444765962227e+03 9.960984945516553335e-01 4.999838073629764984e-03 -9.999999999000000000e+09
1.330353538627809485e+03 1.002244664911764227e+00 4.999838168933079703e-03 -9.999999999000000000e+09
1.330364632582169634e+03 1.000997784524402912e+00 4.999838264206874633e-03 -9.999999999000000000e+09
1.330375726629043584e+03 1.000920441416313311e+00 4.999838359451167988e-03 -9.999999999000000000e+09
1.330386820768431789e+03 1.004194559857406244e+00 4.999838454665973646e-03 -9.999999999000000000e+09
1.330397915000335161e+03 9.934628976437981374e-01 4.999838549851309821e-03 -9.999999999000000000e+09
1.330409009324754379e+03 9.967887894130510462e-01 4.999838645007193862e-03 -9.999999999000000000e+09
1.330420103741690355e+03 1.000785638794112087e+00 4.999838740133640512e-03 -9.999999999000000000e+09
1.330431198251143769e+03 9.925207058047744724e-01 4.999838835230670589e-03 -9.999999999000000000e+09
1.330442292853115759e+03 1.003196271515275129e+00 4.999838930298297970e-03 -9.999999999000000000e+09
1.330453387547606326e+03 9.992145767494451380e-01 4.999839025336539136e-03 -9.999999999000000000e+09
1.330464482334616832e+03 9.941842150468858108e-01 4.999839120345412301e-03 -9.999999999000000000e+09
1.330475577214147961e+03 1.002633910907192227e+00 4.999839215324932210e-03 -9.999999999000000000e+09
1.330486672186200167e+03 1.000699645448850150e+00 4.999839310275117944e-03 -9.999999999000000000e+09
1.330497767250774814e+03 1.000203198509051372e+00 4.999839405195985118e-03 -9.999999999000000000e+09
1.330508862407872357e+03 9.981157443701828003e-01 4.999839500087550209e-03 -9.999999999000000000e+09
1.330519957657493251e+03 9.997887090790216202e-01 4.999839594949829699e-03 -9.999999999000000000e+09
1.330531052999638860e+03 9.968821440285922098e-01 4.999839689782840067e-03 -9.999999999000000000e+09
1.330542148434309411e+03 9.984168191061930653e-01 4.999839784586600396e-03 -9.999999999000000000e+09
1.330553243961506041e+03 1.002602355140888468e+00 4.999839879361122827e-03 -9.999999999000000000e+09
1.330564339581229433e+03 1.001827756485226484e+00 4.999839974106428178e-03 -9.999999999000000000e+09
1.330575435293480268e+03 9.989738841802358049e-01 4.999840068822531194e-03 -9.999999999000000000e+09
1.330586531098259456e+03 9.970632554220075772e-01 4.999840163509449223e-03 -9.999999999000000000e+09
1.330597626995567680e+03 1.001566467605189192e+00 4.999840258167196141e-03 -9.999999999000000000e+09
1.330608722985405848e+03 1.000277592059416465e+00 4.999840352795791899e-03 -9.999999999000000000e+09
1.330619819067774642e+03 9.948754620234848689e-01 4.999840447395250374e-03 -9.999999999000000000e+09
1.330630915242674519e+03 1.001379834042325223e+00 4.999840541965588914e-03 -9.999999999000000000e+09
1.330642011510106613e+03 1.005754949272736010e+00 4.999840636506826599e-03 -9.999999999000000000e+09
1.330653107870071835e+03 9.988918142892544427e-01 4.999840731018974707e-03 -9.999999999000000000e+09
1.330664204322570640e+03 9.992169803425170471e-01 4.999840825502054054e-03 -9.999999999000000000e+09
1.330675300867603710e+03 1.008550654163339111e+00 4.999840919956078517e-03 -9.999999999000000000e+09
1.330686397505172181e+03 9.956387228987069182e-01 4.999841014381065443e-03 -9.999999999000000000e+09
1.330697494235276508e+03 1.002455508148501817e+00 4.999841108777031314e-03 -9.999999999000000000e+09
1.330708591057917829e+03 9.957232330099378137e-01 4.999841203143990873e-03 -9.999999999000000000e+09
1.330719687973096370e+03 9.894553101870063871e-01 4.999841297481964070e-03 -9.999999999000000000e+09
1.330730784980813269e+03 9.944592759200246990e-01 4.999841391790965650e-03 -9.999999999000000000e+09
1.330741882081069662e+03 9.960135196501830324e-01 4.999841486071009491e-03 -9.999999999000000000e+09
1.330752979273865549e+03 9.988947301861611505e-01 4.999841580322114676e-03 -9.999999999000000000e+09
1.330764076559202067e+03 1.004131724095893796e+00 4.999841674544295948e-03 -9.999999999000000000e+09
1.330775173937080126e+03 1.002309121457176877e+00 4.999841768737569789e-03 -9.999999999000000000e+09
1.330786271407500180e+03 1.008463935042231752e+00 4.999841862901952677e-03 -9.999999999000000000e+09
1.330797368970463594e+03 9.986190782288950629e-01 4.999841957037460226e-03 -9.999999999000000000e+09
1.330808466625970368e+03 9.945100563664580617e-01 4.999842051144111517e-03 -9.999999999000000000e+09
1.330819564374021638e+03 1.003411990802948850e+00 4.999842145221917826e-03 -9.999999999000000000e+09
1.330830662214618314e+03 1.000554966710135441e+00 4.999842239270899102e-03 -9.999999999000000000e+09
1.330841760147760624e+03 9.991503910371630770e-01 4.999842333291070959e-03 -9.999999999000000000e+09
1.330852858173450159e+03 9.973610461527858684e-01 4.999842427282448140e-03 -9.999999999000000000e+09
1.330863956291687145e+03 9.980672196649508221e-01 4.999842521245047994e-03 -9.999999999000000000e+09
1.330875054502472494e+03 9.961329676732937344e-01 4.999842615178886132e-03 -9.999999999000000000e+09
1.330886152805806887e+03 1.008113330943806840e+00 4.999842709083976433e-03 -9.999999999000000000e+09
1.330897251201691233e+03 1.011284921221671906e+00 4.999842802960338846e-03 -9.999999999000000000e+09
1.330908349690126215e+03 9.894750096716171672e-01 4.999842896807988116e-03 -9.999999999000000000e+09
1.330919448271112515e+03 1.001023886223382453e+00 4.999842990626938988e-03 -9.999999999000000000e+09
1.330930546944651041e+03 1.003710298908104814e+00 4.999843084417207942e-03 -9.999999999000000000e+09
1.330941645710742932e+03 1.000497716577362306e+00 4.999843178178811458e-03 -9.999999999000000000e+09
1.330952744569387960e+03 1.004038249627930757e+00 4.999843271911766883e-03 -9.999999999000000000e+09
1.330963843520588171e+03 1.003435882782887978e+00 4.999843365616087228e-03 -9.999999999000000000e+09
1.330974942564343337e+03 9.988925962900303546e-01 4.999843459291789839e-03 -9.999999999000000000e+09
1.330986041700654368e+03 9.921117225276112617e-01 4.999843552938889463e-03 -9.999999999000000000e+09
1.330997140929522402e+03 9.979584862693725578e-01 4.999843646557406915e-03 -9.999999999000000000e+09
1.331008240250948120e+03 9.973295111515145805e-01 4.999843740147351737e-03 -9.999999999000000000e+09
1.331019339664932204e+03 1.004375092346466936e+00 4.999843833708742143e-03 -9.999999999000000000e+09
1.331030439171475336e+03 1.002604347283543529e+00 4.999843927241594613e-03 -9.999999999000000000e+09
1.331041538770578427e+03 9.980435942886635159e-01 4.999844020745923892e-03 -9.999999999000000000e+09
1.331052638462241930e+03 1.005327592809400983e+00 4.999844114221746461e-03 -9.999999999000000000e+09
1.331063738246467437e+03 1.009014306990910992e+00 4.999844207669079665e-03 -9.999999999000000000e+09
1.331074838123254722e+03 1.001401996459388544e+00 4.999844301087935650e-03 -9.999999999000000000e+09
1.331085938092605375e+03 1.011079737687373248e+00 4.999844394478334363e-03 -9.999999999000000000e+09
1.331097038154519851e+03 9.947028820880202682e-01 4.999844487840288815e-03 -9.999999999000000000e+09
1.331108138308998377e+03 1.001588403370987201e+00 4.999844581173817221e-03 -9.999999999000000000e+09
1.331119238556042774e+03 1.005009550360788984e+00 4.999844674478929121e-03 -9.999999999000000000e+09
1.331130338895653040e+03 1.004263599154169739e+00 4.999844767755647935e-03 -9.999999999000000000e+09
1.331141439327830085e+03 1.006507299933029120e+00 4.999844861003984939e-03 -9.999999999000000000e+09
1.331152539852574819e+03 9.990194357297751404e-01 4.999844954223956611e-03 -9.999999999000000000e+09
1.331163640469887923e+03 1.002978055614948572e+00 4.999845047415579433e-03 -9.999999999000000000e+09
1.331174741179770308e+03 1.003110288919031756e+00 4.999845140578868148e-03 -9.999999999000000000e+09
1.331185841982222655e+03 1.006598514883038753e+00 4.999845233713838370e-03 -9.999999999000000000e+09
1.331196942877245874e+03 1.000884695820160708e+00 4.999845326820506579e-03 -9.999999999000000000e+09
1.331208043864840192e+03 1.000627816695656813e+00 4.999845419898889254e-03 -9.999999999000000000e+09
1.331219144945006974e+03 1.004651517562729079e+00 4.999845512948998538e-03 -9.999999999000000000e+09
1.331230246117746901e+03 9.910155610963593542e-01 4.999845605970851779e-03 -9.999999999000000000e+09
1.331241347383060656e+03 1.005595420777222859e+00 4.999845698964464590e-03 -9.999999999000000000e+09
1.331252448740948921e+03 1.000157924556081879e+00 4.999845791929854316e-03 -9.999999999000000000e+09
1.331263550191412378e+03 1.002959366609755820e+00 4.999845884867033970e-03 -9.999999999000000000e+09
1.331274651734452391e+03 1.001753396215745440e+00 4.999845977776018295e-03 -9.999999999000000000e+09
1.331285753370068960e+03 9.948544483522202553e-01 4.999846070656825507e-03 -9.999999999000000000e+09
1.331296855098263222e+03 9.973819696879160368e-01 4.999846163509470351e-03 -9.999999999000000000e+09
1.331307956919036087e+03 1.000163718313691330e+00 4.999846256333966704e-03 -9.999999999000000000e+09
1.331319058832388009e+03 1.008621274528866962e+00 4.999846349130331914e-03 -9.999999999000000000e+09
1.331330160838320126e+03 1.000924523348527995e+00 4.999846441898579859e-03 -9.999999999000000000e+09
1.331341262936832891e+03 9.933010332248806140e-01 4.999846534638727018e-03 -9.999999999000000000e+09
1.331352365127927214e+03 1.005023615458347619e+00 4.999846627350788136e-03 -9.999999999000000000e+09
1.331363467411603779e+03 1.002181785586887308e+00 4.999846720034777960e-03 -9.999999999000000000e+09
1.331374569787863493e+03 1.003866564298365960e+00 4.999846812690714702e-03 -9.999999999000000000e+09
1.331385672256706812e+03 9.941685666028272639e-01 4.999846905318609640e-03 -9.999999999000000000e+09
1.331396774818135100e+03 9.921815029731704261e-01 4.999846997918480120e-03 -9.999999999000000000e+09
1.331407877472148584e+03 9.987902974022632163e-01 4.999847090490342622e-03 -9.999999999000000000e+09
1.331418980218748402e+03 1.001180482964296736e+00 4.999847183034210156e-03 -9.999999999000000000e+09
1.331430083057935008e+03 9.941475812056601580e-01 4.999847275550100070e-03 -9.999999999000000000e+09
1.331441185989709311e+03 1.000310107188922215e+00 4.999847368038025375e-03 -9.999999999000000000e+09
1.331452289014072221e+03 9.948820874923582913e-01 4.999847460498002549e-03 -9.999999999000000000e+09
1.331463392131024648e+03 1.002539868202950268e+00 4.999847552930048074e-03 -9.999999999000000000e+09
1.331474495340566591e+03 9.948495633594227616e-01 4.999847645334174091e-03 -9.999999999000000000e+09
1.331485598642699642e+03 9.962340024640595759e-01 4.999847737710397949e-03 -9.999999999000000000e+09
1.331496702037424029e+03 1.004933435814326703e+00 4.999847830058736127e-03 -9.999999999000000000e+09
1.331507805524740888e+03 9.970772095288540360e-01 4.999847922379199901e-03 -9.999999999000000000e+09
1.331518909104650902e+03 1.003198461191084023e+00 4.999848014671807485e-03 -9.999999999000000000e+09
1.331530012777154752e+03 9.964952864077579742e-01 4.999848106936573625e-03 -9.999999999000000000e+09
1.331541116542253349e+03 1.004800307945162174e+00 4.999848199173511330e-03 -9.999999999000000000e+09
1.331552220399947373e+03 1.000554358411296363e+00 4.999848291382639684e-03 -9.999999999000000000e+09
1.331563324350237508e+03 9.907827960608739382e-01 4.999848383563969094e-03 -9.999999999000000000e+09
1.331574428393124663e+03 1.002542124881675045e+00 4.999848475717518642e-03 -9.999999999000000000e+09
1.331585532528609747e+03 1.010112322214812286e+00 4.999848567843299604e-03 -9.999999999000000000e+09
1.331596636756692988e+03 9.964467326985124718e-01 4.999848659941331062e-03 -9.999999999000000000e+09
1.331607741077375749e+03 9.943658554069476629e-01 4.999848752011624292e-03 -9.999999999000000000e+09
1.331618845490658487e+03 1.000844628328870778e+00 4.999848844054196641e-03 -9.999999999000000000e+09
1.331629949996542337e+03 9.980405724639073162e-01 4.999848936069062853e-03 -9.999999999000000000e+09
1.331641054595027526e+03 1.005159550777175115e+00 4.999849028056236808e-03 -9.999999999000000000e+09
1.331652159286114966e+03 9.948733627438026694e-01 4.999849120015734116e-03 -9.999999999000000000e+09
1.331663264069805791e+03 1.000465787320769406e+00 4.999849211947571259e-03 -9.999999999000000000e+09
1.331674368946100458e+03 1.001127606869427700e+00 4.999849303851760379e-03 -9.999999999000000000e+09
1.331685473914999875e+03 1.010529136562966057e+00 4.999849395728317089e-03 -9.999999999000000000e+09
1.331696578976504725e+03 9.999054518093440924e-01 4.999849487577257869e-03 -9.999999999000000000e+09
1.331707684130616144e+03 1.003577274029537225e+00 4.999849579398597463e-03 -9.999999999000000000e+09
1.331718789377334133e+03 1.007195991891315812e+00 4.999849671192348015e-03 -9.999999999000000000e+09
1.331729894716660056e+03 1.003280876146357636e+00 4.999849762958527739e-03 -9.999999999000000000e+09
1.331741000148594594e+03 9.998223967212960250e-01 4.999849854697147045e-03 -9.999999999000000000e+09
1.331752105673138431e+03 1.005095861001357171e+00 4.999849946408225880e-03 -9.999999999000000000e+09
1.331763211290292247e+03 9.986936152945570244e-01 4.999850038091777256e-03 -9.999999999000000000e+09
1.331774317000056953e+03 1.002617899392613143e+00 4.999850129747815050e-03 -9.999999999000000000e+09
1.331785422802433686e+03 1.000474444052793510e+00 4.999850221376354008e-03 -9.999999999000000000e+09
1.331796528697422673e+03 9.974564311833296060e-01 4.999850312977410609e-03 -9.999999999000000000e+09
1.331807634685024595e+03 1.008759625463635512e+00 4.999850404550996996e-03 -9.999999999000000000e+09
1.331818740765240818e+03 1.000868746562977307e+00 4.999850496097130517e-03 -9.999999999000000000e+09
1.331829846938071569e+03 9.973723807185707058e-01 4.999850587615824182e-03 -9.999999999000000000e+09
1.331840953203517756e+03 1.001241607098589670e+00 4.999850679107093604e-03 -9.999999999000000000e+09
1.331852059561580518e+03 1.005384691279643361e+00 4.999850770570952660e-03 -9.999999999000000000e+09
1.331863166012259853e+03 1.006341298355302838e+00 4.999850862007416095e-03 -9.999999999000000000e+09
1.331874272555557354e+03 1.001137445310823937e+00 4.999850953416498656e-03 -9.999999999000000000e+09
1.331885379191473703e+03 1.004624093518365680e+00 4.999851044798215953e-03 -9.999999999000000000e+09
1.331896485920008899e+03 1.000833974749511635e+00 4.999851136152582733e-03 -9.999999999000000000e+09
1.331907592741164535e+03 9.973039633661138215e-01 4.999851227479612005e-03 -9.999999999000000000e+09
1.331918699654941292e+03 9.940767453411071264e-01 4.999851318779317648e-03 -9.999999999000000000e+09
1.331929806661339398e+03 9.961742652097900219e-01 4.999851410051717876e-03 -9.999999999000000000e+09
1.331940913760359990e+03 9.971232734417870835e-01 4.999851501296823965e-03 -9.999999999000000000e+09
1.331952020952003977e+03 9.997068289952765197e-01 4.999851592514652394e-03 -9.999999999000000000e+09
1.331963128236271814e+03 1.003382364762513301e+00 4.999851683705215308e-03 -9.999999999000000000e+09
1.331974235613164410e+03 1.004435189797001193e+00 4.999851774868530052e-03 -9.999999999000000000e+09
1.331985343082682903e+03 9.967391587406624343e-01 4.999851866004610505e-03 -9.999999999000000000e+09
1.331996450644827291e+03 9.999450181726395881e-01 4.999851957113470545e-03 -9.999999999000000000e+09
1.332007558299599168e+03 1.005260804431810984e+00 4.999852048195124049e-03 -9.999999999000000000e+09
1.332018666046998533e+03 1.011198729951846120e+00 4.999852139249586630e-03 -9.999999999000000000e+09
1.332029773887026749e+03 9.969274810328172531e-01 4.999852230276871298e-03 -9.999999999000000000e+09
1.332040881819684273e+03 9.996915159178109134e-01 4.999852321276993666e-03 -9.999999999000000000e+09
1.332051989844972013e+03 1.001138658281068627e+00 4.999852412249967612e-03 -9.999999999000000000e+09
1.332063097962890879e+03 1.000199887071272498e+00 4.999852503195809615e-03 -9.999999999000000000e+09
1.332074206173441326e+03 9.990066958343623016e-01 4.999852594114530951e-03 -9.999999999000000000e+09
1.332085314476624262e+03 9.914897226228478466e-01 4.999852685006149836e-03 -9.999999999000000000e+09
1.332096422872440598e+03 1.005025929261081918e+00 4.999852775870675808e-03 -9.999999999000000000e+09
1.332107531360891016e+03 1.000216834007606748e+00 4.999852866708124483e-03 -9.999999999000000000e+09
1.332118639941975971e+03 1.000983143855212587e+00 4.999852957518513205e-03 -9.999999999000000000e+09
1.332129748615696826e+03 1.001494971695854108e+00 4.999853048301854119e-03 -9.999999999000000000e+09
1.332140857382054037e+03 1.004337776139471838e+00 4.999853139058162838e-03 -9.999999999000000000e+09
1.332151966241048058e+03 9.986700930048161284e-01 4.999853229787452370e-03 -9.999999999000000000e+09
1.332163075192680253e+03 1.001182259448300194e+00 4.999853320489735728e-03 -9.999999999000000000e+09
1.332174184236951078e+03 9.967980699428596880e-01 4.999853411165029390e-03 -9.999999999000000000e+09
1.332185293373861441e+03 9.962983580018123231e-01 4.999853501813348103e-03 -9.999999999000000000e+09
1.332196402603412025e+03 9.918122313065729223e-01 4.999853592434704008e-03 -9.999999999000000000e+09
1.332207511925603512e+03 9.991112290530392848e-01 4.999853683029114454e-03 -9.999999999000000000e+09
1.332218621340436584e+03 9.913467741471949646e-01 4.999853773596588981e-03 -9.999999999000000000e+09
1.332229730847912606e+03 9.946798694689577003e-01 4.999853864137145804e-03 -9.999999999000000000e+09
1.332240840448031804e+03 9.999133562674554776e-01 4.999853954650796198e-03 -9.999999999000000000e+09
1.332251950140795088e+03 9.944034415322807741e-01 4.999854045137556643e-03 -9.999999999000000000e+09
1.332263059926203141e+03 1.001603576930232053e+00 4.999854135597439284e-03 -9.999999999000000000e+09
1.332274169804257099e+03 9.979274467292970074e-01 4.999854226030461465e-03 -9.999999999000000000e+09
1.332285279774957189e+03 9.956401597786860291e-01 4.999854316436634465e-03 -9.999999999000000000e+09
1.332296389838304549e+03 9.994382293985436538e-01 4.999854406815973894e-03 -9.999999999000000000e+09
1.332307499994299633e+03 9.921065741134503790e-01 4.999854497168491896e-03 -9.999999999000000000e+09
1.332318610242943805e+03 9.988533466070688149e-01 4.999854587494204083e-03 -9.999999999000000000e+09
1.332329720584237521e+03 9.993920394709977506e-01 4.999854677793125202e-03 -9.999999999000000000e+09
1.332340831018181234e+03 9.997787464454350737e-01 4.999854768065267394e-03 -9.999999999000000000e+09
1.332351941544776082e+03 9.964346628112586979e-01 4.999854858310646272e-03 -9.999999999000000000e+09
1.332363052164022747e+03 1.001342695754998458e+00 4.999854948529276581e-03 -9.999999999000000000e+09
1.332374162875921911e+03 9.978514275326112459e-01 4.999855038721169598e-03 -9.999999999000000000e+09
1.332385273680474484e+03 9.989900840293298723e-01 4.999855128886340934e-03 -9.999999999000000000e+09
1.332396384577681602e+03 9.961241764946348054e-01 4.999855219024804467e-03 -9.999999999000000000e+09
1.332407495567543037e+03 1.008088887098105513e+00 4.999855309136574076e-03 -9.999999999000000000e+09
1.332418606650060383e+03 9.997011447301150655e-01 4.999855399221665372e-03 -9.999999999000000000e+09
1.332429717825234320e+03 9.981690551702253611e-01 4.999855489280089632e-03 -9.999999999000000000e+09
1.332440829093065304e+03 1.003023587023183838e+00 4.999855579311861600e-03 -9.999999999000000000e+09
1.332451940453554244e+03 9.947451178885153844e-01 4.999855669316996022e-03 -9.999999999000000000e+09
1.332463051906702049e+03 1.006400902750510085e+00 4.999855759295506775e-03 -9.999999999000000000e+09
1.332474163452509401e+03 9.884889365048287191e-01 4.999855849247406871e-03 -9.999999999000000000e+09
1.332485275090977211e+03 1.002528567617039901e+00 4.999855939172710186e-03 -9.999999999000000000e+09
1.332496386822105933e+03 1.003300903058873095e+00 4.999856029071430598e-03 -9.999999999000000000e+09
1.332507498645896476e+03 9.925039896918952387e-01 4.999856118943584588e-03 -9.999999999000000000e+09
1.332518610562349977e+03 1.002285798301976172e+00 4.999856208789182563e-03 -9.999999999000000000e+09
1.332529722571466664e+03 9.974796977582545132e-01 4.999856298608241004e-03 -9.999999999000000000e+09
1.332540834673247673e+03 9.987970096444200863e-01 4.999856388400770318e-03 -9.999999999000000000e+09
1.332551946867693232e+03 9.962710513524201117e-01 4.999856478166786120e-03 -9.999999999000000000e+09
1.332563059154804932e+03 9.971571707224335945e-01 4.999856567906304887e-03 -9.999999999000000000e+09
1.332574171534583002e+03 1.002405694820145188e+00 4.999856657619337896e-03 -9.999999999000000000e+09
1.332585284007028122e+03 1.002382939698668318e+00 4.999856747305897291e-03 -9.999999999000000000e+09
1.332596396572141657e+03 9.956480924217814277e-01 4.999856836965999550e-03 -9.999999999000000000e+09
1.332607509229923835e+03 9.997652197179028866e-01 4.999856926599656817e-03 -9.999999999000000000e+09
1.332618621980375337e+03 9.936675977404983984e-01 4.999857016206882103e-03 -9.999999999000000000e+09
1.332629734823497756e+03 1.002364255380890246e+00 4.999857105787693622e-03 -9.999999999000000000e+09
1.332640847759291091e+03 1.005443374370149412e+00 4.999857195342098312e-03 -9.999999999000000000e+09
1.332651960787756025e+03 9.995754160939893662e-01 4.999857284870116991e-03 -9.999999999000000000e+09
1.332663073908894148e+03 9.900237371895782568e-01 4.999857374371758333e-03 -9.999999999000000000e+09
1.332674187122705234e+03 1.002035489326694728e+00 4.999857463847037081e-03 -9.999999999000000000e+09
1.332685300429190875e+03 1.007050730837919739e+00 4.999857553295967115e-03 -9.999999999000000000e+09
1.332696413828351524e+03 1.004883893567055875e+00 4.999857642718562312e-03 -9.999999999000000000e+09
1.332707527320187637e+03 1.004076947191492541e+00 4.999857732114836549e-03 -9.999999999000000000e+09
1.332718640904700578e+03 1.000529499727387694e+00 4.999857821484803705e-03 -9.999999999000000000e+09
1.332729754581890802e+03 1.001880798064078260e+00 4.999857910828476790e-03 -9.999999999000000000e+09
1.332740868351759218e+03 9.972762083244338660e-01 4.999858000145868814e-03 -9.999999999000000000e+09
1.332751982214306054e+03 9.923974342621352251e-01 4.999858089436993655e-03 -9.999999999000000000e+09
1.332763096169533128e+03 1.004724811613289193e+00 4.999858178701865191e-03 -9.999999999000000000e+09
1.332774210217440213e+03 9.972204654201467511e-01 4.999858267940499035e-03 -9.999999999000000000e+09
1.332785324358028447e+03 9.967482698387342133e-01 4.999858357152903859e-03 -9.999999999000000000e+09
1.332796438591298738e+03 1.003675624472195382e+00 4.999858446339097012e-03 -9.999999999000000000e+09
1.332807552917251996e+03 1.002716031748161374e+00 4.999858535499091504e-03 -9.999999999000000000e+09
1.332818667335888449e+03 9.973993744445920351e-01 4.999858624632898610e-03 -9.999999999000000000e+09
1.332829781847209233e+03 9.912153833632726396e-01 4.999858713740533943e-03 -9.999999999000000000e+09
1.332840896451215258e+03 9.938580746848948433e-01 4.999858802822012248e-03 -9.999999999000000000e+09
1.332852011147906978e+03 9.931199359368516610e-01 4.999858891877343066e-03 -9.999999999000000000e+09
1.332863125937285304e+03 1.001448495072932987e+00 4.999858980906543744e-03 -9.999999999000000000e+09
1.332874240819350916e+03 1.003090038696546227e+00 4.999859069909623824e-03 -9.999999999000000000e+09
1.332885355794104726e+03 9.981658150610659419e-01 4.999859158886600652e-03 -9.999999999000000000e+09
1.332896470861547414e+03 1.006201137296092396e+00 4.999859247837484637e-03 -9.999999999000000000e+09
1.332907586021679890e+03 9.960386114134455182e-01 4.999859336762292258e-03 -9.999999999000000000e+09
1.332918701274502837e+03 9.921773629376092751e-01 4.999859425661033925e-03 -9.999999999000000000e+09
1.332929816620016709e+03 9.890246541493549204e-01 4.999859514533723515e-03 -9.999999999000000000e+09
1.332940932058222870e+03 9.975840793176280474e-01 4.999859603380376639e-03 -9.999999999000000000e+09
1.332952047589121776e+03 1.006377847792646607e+00 4.999859692201004575e-03 -9.999999999000000000e+09
1.332963163212714335e+03 1.002609790954639646e+00 4.999859780995620333e-03 -9.999999999000000000e+09
1.332974278929000775e+03 1.003587762509443593e+00 4.999859869764238657e-03 -9.999999999000000000e+09
1.332985394737982688e+03 9.981079355282258536e-01 4.999859958506871691e-03 -9.999999999000000000e+09
1.332996510639660528e+03 1.003776362462400540e+00 4.999860047223533312e-03 -9.999999999000000000e+09
1.333007626634034978e+03 9.989832817087542782e-01 4.999860135914236531e-03 -9.999999999000000000e+09
1.333018742721106491e+03 9.977462971648777268e-01 4.999860224578995226e-03 -9.999999999000000000e+09
1.333029858900876661e+03 9.966038569082225074e-01 4.999860313217822406e-03 -9.999999999000000000e+09
1.333040975173345487e+03 1.002178886317029338e+00 4.999860401830731084e-03 -9.999999999000000000e+09
1.333052091538514105e+03 1.008668085627683064e+00 4.999860490417734268e-03 -9.999999999000000000e+09
1.333063207996383426e+03 1.005090282034601712e+00 4.999860578978844970e-03 -9.999999999000000000e+09
1.333074324546953676e+03 9.984668837610465308e-01 4.999860667514077067e-03 -9.999999999000000000e+09
1.333085441190226220e+03 9.948636286787676530e-01 4.999860756023445305e-03 -9.999999999000000000e+09
1.333096557926201740e+03 9.983640061373029173e-01 4.999860844506959223e-03 -9.999999999000000000e+09
1.333107674754880691e+03 9.999245165341874575e-01 4.999860932964635303e-03 -9.999999999000000000e+09
1.333118791676263754e+03 9.976441345177464726e-01 4.999861021396483952e-03 -9.999999999000000000e+09
1.333129908690352295e+03 9.986899939991281672e-01 4.999861109802521651e-03 -9.999999999000000000e+09
1.333141025797146540e+03 1.003454211406774599e+00 4.999861198182757940e-03 -9.999999999000000000e+09
1.333152142996647626e+03 9.981837967603756079e-01 4.999861286537209300e-03 -9.999999999000000000e+09
1.333163260288856236e+03 1.004934958206267659e+00 4.999861374865884403e-03 -9.999999999000000000e+09
1.333174377673772824e+03 1.004904710607715579e+00 4.999861463168801465e-03 -9.999999999000000000e+09
1.333185495151398527e+03 9.959848937028817906e-01 4.999861551445970026e-03 -9.999999999000000000e+09
1.333196612721734255e+03 9.888382792125061105e-01 4.999861639697404832e-03 -9.999999999000000000e+09
1.333207730384780234e+03 9.985160459157997881e-01 4.999861727923118893e-03 -9.999999999000000000e+09
1.333218848140537602e+03 1.002915276033810255e+00 4.999861816123124351e-03 -9.999999999000000000e+09
1.333229965989007269e+03 1.008226435580001024e+00 4.999861904297435086e-03 -9.999999999000000000e+09
1.333241083930189689e+03 9.967717540481790817e-01 4.999861992446063240e-03 -9.999999999000000000e+09
1.333252201964085771e+03 1.003239213346381664e+00 4.999862080569021823e-03 -9.999999999000000000e+09
1.333263320090696197e+03 1.008315343634150318e+00 4.999862168666325581e-03 -9.999999999000000000e+09
1.333274438310022106e+03 9.999931003904170002e-01 4.999862256737984921e-03 -9.999999999000000000e+09
1.333285556622063496e+03 1.008596933552164732e+00 4.999862344784016324e-03 -9.999999999000000000e+09
1.333296675026822186e+03 1.003995673027274105e+00 4.999862432804428464e-03 -9.999999999000000000e+09
1.333307793524297949e+03 9.955984331495956186e-01 4.999862520799237819e-03 -9.999999999000000000e+09
1.333318912114491923e+03 9.908724028170141640e-01 4.999862608768454800e-03 -9.999999999000000000e+09
1.333330030797405243e+03 1.002644767987816765e+00 4.999862696712095017e-03 -9.999999999000000000e+09
1.333341149573038592e+03 9.946324134117758842e-01 4.999862784630168012e-03 -9.999999999000000000e+09
1.333352268441392425e+03 9.971035257146035891e-01 4.999862872522690266e-03 -9.999999999000000000e+09
1.333363387402467197e+03 9.941298128598131667e-01 4.999862960389672185e-03 -9.999999999000000000e+09
1.333374506456264271e+03 9.929656752195543667e-01 4.999863048231128516e-03 -9.999999999000000000e+09
1.333385625602784557e+03 1.009296017553139135e+00 4.999863136047069667e-03 -9.999999999000000000e+09
1.333396744842028738e+03 9.968419974136326633e-01 4.999863223837510383e-03 -9.999999999000000000e+09
1.333407864173996813e+03 9.941003450326660884e-01 4.999863311602463674e-03 -9.999999999000000000e+09
1.333418983598690374e+03 1.004310877401771496e+00 4.999863399341940816e-03 -9.999999999000000000e+09
1.333430103116109876e+03 1.000119574568524294e+00 4.999863487055957421e-03 -9.999999999000000000e+09
1.333441222726256456e+03 1.004687161107488791e+00 4.999863574744523032e-03 -9.999999999000000000e+09
1.333452342429130567e+03 9.938952622923850067e-01 4.999863662407651524e-03 -9.999999999000000000e+09
1.333463462224732893e+03 1.010508694995535972e+00 4.999863750045356776e-03 -9.999999999000000000e+09
1.333474582113064116e+03 1.003620744324976721e+00 4.999863837657650065e-03 -9.999999999000000000e+09
1.333485702094125372e+03 1.002168196643874465e+00 4.999863925244545267e-03 -9.999999999000000000e+09
1.333496822167917571e+03 1.000618440618809668e+00 4.999864012806055392e-03 -9.999999999000000000e+09
1.333507942334440941e+03 9.979013483813392593e-01 4.999864100342191718e-03 -9.999999999000000000e+09
1.333519062593696617e+03 9.939154007309708438e-01 4.999864187852968989e-03 -9.999999999000000000e+09
1.333530182945685283e+03 1.000021381795143105e+00 4.999864275338397612e-03 -9.999999999000000000e+09
1.333541303390407620e+03 1.000029134934148134e+00 4.999864362798492334e-03 -9.999999999000000000e+09
1.333552423927864311e+03 9.994295072377468170e-01 4.999864450233264430e-03 -9.999999999000000000e+09
1.333563544558056492e+03 1.002407254173018458e+00 4.999864537642727778e-03 -9.999999999000000000e+09
1.333574665280984846e+03 1.007387134854372590e+00 4.999864625026894521e-03 -9.999999999000000000e+09
1.333585786096649827e+03 9.985364029706650379e-01 4.999864712385777669e-03 -9.999999999000000000e+09
1.333596907005052572e+03 1.003037386015699139e+00 4.999864799719387631e-03 -9.999999999000000000e+09
1.333608028006193763e+03 9.977297875019679463e-01 4.999864887027739152e-03 -9.999999999000000000e+09
1.333619149100074083e+03 1.001846061348938388e+00 4.999864974310845242e-03 -9.999999999000000000e+09
1.333630270286694213e+03 1.000820640562214647e+00 4.999865061568718912e-03 -9.999999999000000000e+09
1.333641391566055290e+03 9.986360511129367401e-01 4.999865148801370569e-03 -9.999999999000000000e+09
1.333652512938157770e+03 1.005541723560109624e+00 4.999865236008814093e-03 -9.999999999000000000e+09
1.333663634403002334e+03 9.962621412509387042e-01 4.999865323191062493e-03 -9.999999999000000000e+09
1.333674755960589891e+03 9.948465178168980350e-01 4.999865410348127912e-03 -9.999999999000000000e+09
1.333685877610921352e+03 9.988516410710376325e-01 4.999865497480020758e-03 -9.999999999000000000e+09
1.333696999353997626e+03 9.916898846596249317e-01 4.999865584586757512e-03 -9.999999999000000000e+09
1.333708121189819167e+03 1.002441718311686047e+00 4.999865671668349450e-03 -9.999999999000000000e+09
1.333719243118386657e+03 9.926636954455921869e-01 4.999865758724806979e-03 -9.999999999000000000e+09
1.333730365139701235e+03 1.002435618759191627e+00 4.999865845756144844e-03 -9.999999999000000000e+09
1.333741487253763353e+03 1.006019926025343514e+00 4.999865932762374322e-03 -9.999999999000000000e+09
1.333752609460573922e+03 1.005176212420337389e+00 4.999866019743510158e-03 -9.999999999000000000e+09
1.333763731760133851e+03 9.943167000882902062e-01 4.999866106699560157e-03 -9.999999999000000000e+09
1.333774854152443595e+03 1.000605919516386333e+00 4.999866193630542535e-03 -9.999999999000000000e+09
1.333785976637504291e+03 9.968130693279620980e-01 4.999866280536465098e-03 -9.999999999000000000e+09
1.333797099215316393e+03 9.910777400306470808e-01 4.999866367417343457e-03 -9.999999999000000000e+09
1.333808221885880812e+03 1.001355105903381837e+00 4.999866454273188890e-03 -9.999999999000000000e+09
1.333819344649198229e+03 1.004177725431782964e+00 4.999866541104010936e-03 -9.999999999000000000e+09
1.333830467505269780e+03 1.005787141725008160e+00 4.999866627909827811e-03 -9.999999999000000000e+09
1.333841590454095922e+03 1.007240841559142952e+00 4.999866714690648188e-03 -9.999999999000000000e+09
1.333852713495677335e+03 1.001061952613955919e+00 4.999866801446484210e-03 -9.999999999000000000e+09
1.333863836630014930e+03 1.000072793932909265e+00 4.999866888177351490e-03 -9.999999999000000000e+09
1.333874959857109616e+03 1.002880505961418534e+00 4.999866974883256966e-03 -9.999999999000000000e+09
1.333886083176961620e+03 9.907533935822752102e-01 4.999867061564217986e-03 -9.999999999000000000e+09
1.333897206589572761e+03 9.999349236553323195e-01 4.999867148220245826e-03 -9.999999999000000000e+09
1.333908330094942812e+03 9.998181662625535981e-01 4.999867234851351760e-03 -9.999999999000000000e+09
1.333919453693072910e+03 9.957407067187553640e-01 4.999867321457546199e-03 -9.999999999000000000e+09
1.333930577383963737e+03 9.929140723207108277e-01 4.999867408038847355e-03 -9.999999999000000000e+09
1.333941701167616429e+03 1.003113430633167047e+00 4.999867494595261301e-03 -9.999999999000000000e+09
1.333952825044031442e+03 1.001614320869426811e+00 4.999867581126804517e-03 -9.999999999000000000e+09
1.333963949013209458e+03 1.002087127397673916e+00 4.999867667633484808e-03 -9.999999999000000000e+09
1.333975073075151613e+03 9.969022637141318199e-01 4.999867754115320390e-03 -9.999999999000000000e+09
1.333986197229858135e+03 1.000453168747602373e+00 4.999867840572319935e-03 -9.999999999000000000e+09
1.333997321477330161e+03 1.001793802023762670e+00 4.999867927004495588e-03 -9.999999999000000000e+09
1.334008445817568600e+03 1.003167976913961645e+00 4.999868013411860358e-03 -9.999999999000000000e+09
1.334019570250574134e+03 1.006242992135869541e+00 4.999868099794427256e-03 -9.999999999000000000e+09
1.334030694776347218e+03 1.001828194177904141e+00 4.999868186152205823e-03 -9.999999999000000000e+09
1.334041819394888762e+03 9.983911725969543127e-01 4.999868272485210804e-03 -9.999999999000000000e+09
1.334052944106200130e+03 1.000547774766642251e+00 4.999868358793455210e-03 -9.999999999000000000e+09
1.334064068910281094e+03 1.006959818392769268e+00 4.999868445076948581e-03 -9.999999999000000000e+09
1.334075193807133246e+03 1.002586374399184299e+00 4.999868531335703928e-03 -9.999999999000000000e+09
1.334086318796757041e+03 1.000236940406455721e+00 4.999868617569733394e-03 -9.999999999000000000e+09
1.334097443879153388e+03 9.942290313375712341e-01 4.999868703779049121e-03 -9.999999999000000000e+09
1.334108569054322516e+03 1.001883183899652474e+00 4.999868789963665856e-03 -9.999999999000000000e+09
1.334119694322265786e+03 1.003295902293707575e+00 4.999868876123591405e-03 -9.999999999000000000e+09
1.334130819682984111e+03 1.001272363156401557e+00 4.999868962258841379e-03 -9.999999999000000000e+09
1.334141945136477489e+03 9.940533666134611090e-01 4.999869048369425320e-03 -9.999999999000000000e+09
1.334153070682747511e+03 1.000635841572125262e+00 4.999869134455357973e-03 -9.999999999000000000e+09
1.334164196321794634e+03 1.001474118100342814e+00 4.999869220516648012e-03 -9.999999999000000000e+09
1.334175322053619311e+03 1.005552040153514737e+00 4.999869306553311049e-03 -9.999999999000000000e+09
1.334186447878222452e+03 9.945829534282043527e-01 4.999869392565356625e-03 -9.999999999000000000e+09
1.334197573795605422e+03 9.917662757316680899e-01 4.999869478552798618e-03 -9.999999999000000000e+09
1.334208699805768447e+03 9.986168039796256002e-01 4.999869564515647437e-03 -9.999999999000000000e+09
1.334219825908712437e+03 1.004137519336047335e+00 4.999869650453916958e-03 -9.999999999000000000e+09
1.334230952104437847e+03 9.978502021594625182e-01 4.999869736367616724e-03 -9.999999999000000000e+09
1.334242078392946269e+03 1.002410437004928934e+00 4.999869822256761479e-03 -9.999999999000000000e+09
1.334253204774237474e+03 9.997924490107505946e-01 4.999869908121361631e-03 -9.999999999000000000e+09
1.334264331248313056e+03 1.001037534871189516e+00 4.999869993961429324e-03 -9.999999999000000000e+09
1.334275457815173013e+03 9.981185956175083751e-01 4.999870079776976700e-03 -9.999999999000000000e+09
1.334286584474818937e+03 1.003998954703599011e+00 4.999870165568016771e-03 -9.999999999000000000e+09
1.334297711227251057e+03 9.980853002062284318e-01 4.999870251334559076e-03 -9.999999999000000000e+09
1.334308838072470280e+03 1.002464349567811164e+00 4.999870337076616628e-03 -9.999999999000000000e+09
1.334319965010477517e+03 1.003923878957248661e+00 4.999870422794202435e-03 -9.999999999000000000e+09
1.334331092041273223e+03 9.967463544954415777e-01 4.999870508487327773e-03 -9.999999999000000000e+09
1.334342219164858534e+03 1.003575181431666685e+00 4.999870594156005654e-03 -9.999999999000000000e+09
1.334353346381234132e+03 1.006237126033423745e+00 4.999870679800245618e-03 -9.999999999000000000e+09
1.334364473690400700e+03 9.965550122771901220e-01 4.999870765420061543e-03 -9.999999999000000000e+09
1.334375601092359148e+03 1.003009610852661160e+00 4.999870851015464704e-03 -9.999999999000000000e+09
1.334386728587109701e+03 1.000903610839134705e+00 4.999870936586466377e-03 -9.999999999000000000e+09
1.334397856174653953e+03 1.002034150792567413e+00 4.999871022133078706e-03 -9.999999999000000000e+09
1.334408983854992130e+03 1.000150842204529988e+00 4.999871107655314700e-03 -9.999999999000000000e+09
1.334420111628125369e+03 1.002304813531305294e+00 4.999871193153186504e-03 -9.999999999000000000e+09
1.334431239494054125e+03 9.987121823445200830e-01 4.999871278626702789e-03 -9.999999999000000000e+09
1.334442367452779081e+03 1.010640081890933351e+00 4.999871364075877435e-03 -9.999999999000000000e+09
1.334453495504301600e+03 1.008609090126681984e+00 4.999871449500722584e-03 -9.999999999000000000e+09
1.334464623648621910e+03 9.952602478103874661e-01 4.999871534901250379e-03 -9.999999999000000000e+09
1.334475751885740920e+03 1.008147551060080138e+00 4.999871620277471229e-03 -9.999999999000000000e+09
1.334486880215659539e+03 9.963966133702043537e-01 4.999871705629398144e-03 -9.999999999000000000e+09
1.334498008638378224e+03 1.005096740199650229e+00 4.999871790957041533e-03 -9.999999999000000000e+09
1.334509137153898109e+03 9.979486151010844575e-01 4.999871876260416140e-03 -9.999999999000000000e+09
1.334520265762219879e+03 9.952110149039584686e-01 4.999871961539529772e-03 -9.999999999000000000e+09
1.334531394463344213e+03 9.945916793233230413e-01 4.999872046794396306e-03 -9.999999999000000000e+09
1.334542523257271796e+03 1.013400165594152691e+00 4.999872132025028754e-03 -9.999999999000000000e+09
1.334553652144003763e+03 9.999559502683830203e-01 4.999872217231437523e-03 -9.999999999000000000e+09
1.334564781123540570e+03 9.928696583384144514e-01 4.999872302413632154e-03 -9.999999999000000000e+09
1.334575910195882898e+03 1.006675976151522045e+00 4.999872387571627393e-03 -9.999999999000000000e+09
1.334587039361032112e+03 9.951326534534773449e-01 4.999872472705434515e-03 -9.999999999000000000e+09
1.334598168618988211e+03 9.998325166912931383e-01 4.999872557815063061e-03 -9.999999999000000000e+09
1.334609297969752333e+03 9.955413218499066241e-01 4.999872642900527776e-03 -9.999999999000000000e+09
1.334620427413325615e+03 9.902284245090324788e-01 4.999872727961839070e-03 -9.999999999000000000e+09
1.334631556949708056e+03 1.006622402153765750e+00 4.999872812999005614e-03 -9.999999999000000000e+09
1.334642686578901021e+03 1.003239081013700185e+00 4.999872898012044757e-03 -9.999999999000000000e+09
1.334653816300904964e+03 1.005949486879839760e+00 4.999872983000964305e-03 -9.999999999000000000e+09
1.334664946115720795e+03 9.966511382155670562e-01 4.999873067965778135e-03 -9.999999999000000000e+09
1.334676076023349424e+03 9.964463942687903364e-01 4.999873152906494922e-03 -9.999999999000000000e+09
1.334687206023791532e+03 9.987219784652321408e-01 4.999873237823129410e-03 -9.999999999000000000e+09
1.334698336117047802e+03 9.945629416426224889e-01 4.999873322715690273e-03 -9.999999999000000000e+09
1.334709466303119143e+03 9.966689432894401124e-01 4.999873407584191388e-03 -9.999999999000000000e+09
1.334720596582006010e+03 9.977379838997967321e-01 4.999873492428644033e-03 -9.999999999000000000e+09
1.334731726953709540e+03 9.960085283697390768e-01 4.999873577249057746e-03 -9.999999999000000000e+09
1.334742857418230415e+03 1.003706977952808721e+00 4.999873662045446407e-03 -9.999999999000000000e+09
1.334753987975569316e+03 9.860681646701753289e-01 4.999873746817820423e-03 -9.999999999000000000e+09
1.334765118625727382e+03 1.000791447204917084e+00 4.999873831566192806e-03 -9.999999999000000000e+09
1.334776249368704612e+03 1.009461053888851323e+00 4.999873916290573962e-03 -9.999999999000000000e+09
1.334787380204502369e+03 9.951828922114521747e-01 4.999874000990973434e-03 -9.999999999000000000e+09
1.334798511133121565e+03 1.000484324707361372e+00 4.999874085667406834e-03 -9.999999999000000000e+09
1.334809642154562425e+03 9.945593125373224375e-01 4.999874170319881968e-03 -9.999999999000000000e+09
1.334820773268826088e+03 1.002159392888654965e+00 4.999874254948414448e-03 -9.999999999000000000e+09
1.334831904475913234e+03 9.961325148261811480e-01 4.999874339553011214e-03 -9.999999999000000000e+09
1.334843035775824774e+03 9.974479937283289299e-01 4.999874424133687011e-03 -9.999999999000000000e+09
1.334854167168561162e+03 1.002625196667300989e+00 4.999874508690451379e-03 -9.999999999000000000e+09
1.334865298654123762e+03 1.010813769159041753e+00 4.999874593223317329e-03 -9.999999999000000000e+09
1.334876430232512575e+03 1.002512350460830426e+00 4.999874677732296137e-03 -9.999999999000000000e+09
1.334887561903728965e+03 1.000736825371401739e+00 4.999874762217394741e-03 -9.999999999000000000e+09
1.334898693667773387e+03 9.926247829304213344e-01 4.999874846678631357e-03 -9.999999999000000000e+09
1.334909825524646749e+03 9.881663133939360133e-01 4.999874931116015525e-03 -9.999999999000000000e+09
1.334920957474349734e+03 9.986185663007018931e-01 4.999875015529555919e-03 -9.999999999000000000e+09
1.334932089516883480e+03 1.000464219855416781e+00 4.999875099919265549e-03 -9.999999999000000000e+09
1.334943221652247985e+03 1.001817729040292759e+00 4.999875184285158293e-03 -9.999999999000000000e+09
1.334954353880444842e+03 1.007892777252755723e+00 4.999875268627240223e-03 -9.999999999000000000e+09
1.334965486201474505e+03 1.006437388798687049e+00 4.999875352945526083e-03 -9.999999999000000000e+09
1.334976618615337429e+03 9.984017560548303916e-01 4.999875437240028017e-03 -9.999999999000000000e+09
1.334987751122035206e+03 9.975613328227406207e-01 4.999875521510756433e-03 -9.999999999000000000e+09
1.334998883721567609e+03 1.003835461025916809e+00 4.999875605757722608e-03 -9.999999999000000000e+09
1.335010016413936228e+03 9.957366559336783274e-01 4.999875689980936948e-03 -9.999999999000000000e+09
1.335021149199141291e+03 1.001427574916540220e+00 4.999875774180410730e-03 -9.999999999000000000e+09
1.335032282077183936e+03 1.006346731190418398e+00 4.999875858356156964e-03 -9.999999999000000000e+09
1.335043415048064617e+03 1.001436350104658368e+00 4.999875942508185192e-03 -9.999999999000000000e+09
1.335054548111784470e+03 9.895507316011328269e-01 4.999876026636509291e-03 -9.999999999000000000e+09
1.335065681268343951e+03 9.935540122967869703e-01 4.999876110741137067e-03 -9.999999999000000000e+09
1.335076814517744197e+03 1.001162365978634616e+00 4.999876194822083265e-03 -9.999999999000000000e+09
1.335087947859985661e+03 9.953752964322816199e-01 4.999876278879356560e-03 -9.999999999000000000e+09
1.335099081295068800e+03 1.000924265334250940e+00 4.999876362912969961e-03 -9.999999999000000000e+09
1.335110214822995204e+03 1.000095038560077976e+00 4.999876446922932142e-03 -9.999999999000000000e+09
1.335121348443765100e+03 9.989079417522784832e-01 4.999876530909257849e-03 -9.999999999000000000e+09
1.335132482157379627e+03 1.000675328892322913e+00 4.999876614871955754e-03 -9.999999999000000000e+09
1.335143615963839238e+03 9.996116710003167816e-01 4.999876698811038002e-03 -9.999999999000000000e+09
1.335154749863144389e+03 9.883208048118157230e-01 4.999876782726515867e-03 -9.999999999000000000e+09
1.335165883855296897e+03 9.971126247120443153e-01 4.999876866618401493e-03 -9.999999999000000000e+09
1.335177017940296309e+03 9.906977487148044270e-01 4.999876950486702686e-03 -9.999999999000000000e+09
1.335188152118144444e+03 1.002946105843172120e+00 4.999877034331434190e-03 -9.999999999000000000e+09
1.335199286388841529e+03 1.002345109199721973e+00 4.999877118152605548e-03 -9.999999999000000000e+09
1.335210420752388245e+03 9.979131738538270513e-01 4.999877201950228035e-03 -9.999999999000000000e+09
1.335221555208785730e+03 9.981596593305323006e-01 4.999877285724313794e-03 -9.999999999000000000e+09
1.335232689758034667e+03 9.982271209250445088e-01 4.999877369474874100e-03 -9.999999999000000000e+09
1.335243824400135509e+03 1.002317377612550242e+00 4.999877453201916760e-03 -9.999999999000000000e+09
1.335254959135089393e+03 1.002185359272774967e+00 4.999877536905456520e-03 -9.999999999000000000e+09
1.335266093962896775e+03 9.841260863958662952e-01 4.999877620585504653e-03 -9.999999999000000000e+09
1.335277228883559019e+03 9.899329111301281570e-01 4.999877704242070703e-03 -9.999999999000000000e+09
1.335288363897076351e+03 9.998984518535630750e-01 4.999877787875165076e-03 -9.999999999000000000e+09
1.335299499003449682e+03 9.934861136205697107e-01 4.999877871484799917e-03 -9.999999999000000000e+09
1.335310634202679694e+03 1.000979114009934667e+00 4.999877955070986500e-03 -9.999999999000000000e+09
1.335321769494767523e+03 1.000358116407814135e+00 4.999878038633736102e-03 -9.999999999000000000e+09
1.335332904879713396e+03 9.968725328646441675e-01 4.999878122173059131e-03 -9.999999999000000000e+09
1.335344040357518452e+03 1.000813642178030261e+00 4.999878205688966862e-03 -9.999999999000000000e+09
1.335355175928183371e+03 9.967460370245515566e-01 4.999878289181470571e-03 -9.999999999000000000e+09
1.335366311591709064e+03 9.972566916309952845e-01 4.999878372650580667e-03 -9.999999999000000000e+09
1.335377447348096439e+03 1.000473600653680517e+00 4.999878456096309293e-03 -9.999999999000000000e+09
1.335388583197345497e+03 1.007910369927048633e+00 4.999878539518665989e-03 -9.999999999000000000e+09
1.335399719139457829e+03 9.990149399910309702e-01 4.999878622917662899e-03 -9.999999999000000000e+09
1.335410855174433891e+03 1.001582436192112846e+00 4.999878706293311298e-03 -9.999999999000000000e+09
1.335421991302274591e+03 9.965342073498242303e-01 4.999878789645621595e-03 -9.999999999000000000e+09
1.335433127522980612e+03 1.000353122815725415e+00 4.999878872974604198e-03 -9.999999999000000000e+09
1.335444263836552636e+03 1.004612013707664619e+00 4.999878956280270383e-03 -9.999999999000000000e+09
1.335455400242991345e+03 1.001217232747670272e+00 4.999879039562631425e-03 -9.999999999000000000e+09
1.335466536742297876e+03 9.977561290825804896e-01 4.999879122821698600e-03 -9.999999999000000000e+09
1.335477673334472911e+03 9.994603145104967723e-01 4.999879206057482317e-03 -9.999999999000000000e+09
1.335488810019516905e+03 1.000704001600506432e+00 4.999879289269994719e-03 -9.999999999000000000e+09
1.335499946797430994e+03 1.003433677231990950e+00 4.999879372459244478e-03 -9.999999999000000000e+09
1.335511083668215861e+03 9.958566426631738633e-01 4.999879455625245474e-03 -9.999999999000000000e+09
1.335522220631871960e+03 9.998530235082614404e-01 4.999879538768004644e-03 -9.999999999000000000e+09
1.335533357688400656e+03 9.957640996708162495e-01 4.999879621887536735e-03 -9.999999999000000000e+09
1.335544494837802404e+03 1.001136627065750240e+00 4.999879704983850419e-03 -9.999999999000000000e+09
1.335555632080077658e+03 1.005919087256071709e+00 4.999879788056957840e-03 -9.999999999000000000e+09
1.335566769415227554e+03 9.990968465071728977e-01 4.999879871106869406e-03 -9.999999999000000000e+09
1.335577906843253231e+03 1.005501088802654985e+00 4.999879954133595525e-03 -9.999999999000000000e+09
1.335589044364154688e+03 9.961664221371226979e-01 4.999880037137147473e-03 -9.999999999000000000e+09
1.335600181977933062e+03 1.003196680185791223e+00 4.999880120117535659e-03 -9.999999999000000000e+09
1.335611319684589489e+03 1.006091809238151891e+00 4.999880203074771358e-03 -9.999999999000000000e+09
1.335622457484124197e+03 9.916311594233692128e-01 4.999880286008866713e-03 -9.999999999000000000e+09
1.335633595376538096e+03 1.001184158736955432e+00 4.999880368919829531e-03 -9.999999999000000000e+09
1.335644733361832095e+03 9.986450919583685915e-01 4.999880451807672821e-03 -9.999999999000000000e+09
1.335655871440006877e+03 9.970014025490614440e-01 4.999880534672407860e-03 -9.999999999000000000e+09
1.335667009611063122e+03 9.986266725493262442e-01 4.999880617514043321e-03 -9.999999999000000000e+09
1.335678147875001741e+03 9.992298781141514263e-01 4.999880700332592215e-03 -9.999999999000000000e+09
1.335689286231823644e+03 1.001368322404756039e+00 4.999880783128062348e-03 -9.999999999000000000e+09
1.335700424681529284e+03 1.000661160476285394e+00 4.999880865900468464e-03 -9.999999999000000000e+09
1.335711563224119800e+03 9.924905680294886512e-01 4.999880948649820106e-03 -9.999999999000000000e+09
1.335722701859595418e+03 1.007947463931347265e+00 4.999881031376125079e-03 -9.999999999000000000e+09
1.335733840587957729e+03 9.945814827166284955e-01 4.999881114079397261e-03 -9.999999999000000000e+09
1.335744979409206508e+03 1.000823946878597548e+00 4.999881196759644458e-03 -9.999999999000000000e+09
1.335756118323343571e+03 1.003900918591143832e+00 4.999881279416881416e-03 -9.999999999000000000e+09
1.335767257330368921e+03 9.974734118585771858e-01 4.999881362051116808e-03 -9.999999999000000000e+09
1.335778396430283465e+03 1.001481508613134785e+00 4.999881444662361042e-03 -9.999999999000000000e+09
1.335789535623088113e+03 9.979402371377538161e-01 4.999881527250626262e-03 -9.999999999000000000e+09
1.335800674908784003e+03 1.009477672932539427e+00 4.999881609815920273e-03 -9.999999999000000000e+09
1.335811814287371135e+03 1.000847530330463586e+00 4.999881692358256087e-03 -9.999999999000000000e+09
1.335822953758850872e+03 9.949998016551873103e-01 4.999881774877644111e-03 -9.999999999000000000e+09
1.335834093323223669e+03 1.005237572111857824e+00 4.999881857374093887e-03 -9.999999999000000000e+09
1.335845232980490664e+03 1.000488009699135761e+00 4.999881939847619292e-03 -9.999999999000000000e+09
1.335856372730652083e+03 9.905127628284015051e-01 4.999882022298226397e-03 -9.999999999000000000e+09
1.335867512573709291e+03 9.965481152924084984e-01 4.999882104725929081e-03 -9.999999999000000000e+09
1.335878652509662743e+03 1.000304251564320124e+00 4.999882187130736018e-03 -9.999999999000000000e+09
1.335889792538513348e+03 1.004697505188737461e+00 4.999882269512659350e-03 -9.999999999000000000e+09
1.335900932660261560e+03 1.001559081957531072e+00 4.999882351871709485e-03 -9.999999999000000000e+09
1.335912072874908517e+03 1.004563676975695818e+00 4.999882434207895965e-03 -9.999999999000000000e+09
1.335923213182454901e+03 1.004756909999787950e+00 4.999882516521230065e-03 -9.999999999000000000e+09
1.335934353582901394e+03 1.008180661122357158e+00 4.999882598811723929e-03 -9.999999999000000000e+09
1.335945494076248906e+03 9.963447534806731953e-01 4.999882681079385362e-03 -9.999999999000000000e+09
1.335956634662497891e+03 9.953238823869096086e-01 4.999882763324226508e-03 -9.999999999000000000e+09
1.335967775341649713e+03 1.001231111027615750e+00 4.999882845546257774e-03 -9.999999999000000000e+09
1.335978916113704599e+03 9.981269899703164583e-01 4.999882927745490438e-03 -9.999999999000000000e+09
1.335990056978663461e+03 1.009123039400997568e+00 4.999883009921934039e-03 -9.999999999000000000e+09
1.336001197936527205e+03 9.949126961534584535e-01 4.999883092075597252e-03 -9.999999999000000000e+09
1.336012338987296516e+03 1.009787547270879937e+00 4.999883174206494821e-03 -9.999999999000000000e+09
1.336023480130972303e+03 9.982525321496978910e-01 4.999883256314634553e-03 -9.999999999000000000e+09
1.336034621367555019e+03 1.000474816837695569e+00 4.999883338400026855e-03 -9.999999999000000000e+09
1.336045762697046030e+03 1.010540682005728996e+00 4.999883420462684740e-03 -9.999999999000000000e+09
1.336056904119445335e+03 9.919113900056115707e-01 4.999883502502616012e-03 -9.999999999000000000e+09
1.336068045634754299e+03 1.007674187012262745e+00 4.999883584519832815e-03 -9.999999999000000000e+09
1.336079187242973376e+03 9.978937225106996323e-01 4.999883666514343822e-03 -9.999999999000000000e+09
1.336090328944103476e+03 9.948065407418231754e-01 4.999883748486160309e-03 -9.999999999000000000e+09
1.336101470738145508e+03 1.003502692215698877e+00 4.999883830435292685e-03 -9.999999999000000000e+09
1.336112612625099928e+03 1.007184088288608281e+00 4.999883912361753960e-03 -9.999999999000000000e+09
1.336123754604967871e+03 9.981986287343507236e-01 4.999883994265551940e-03 -9.999999999000000000e+09
1.336134896677749794e+03 1.002096362941424124e+00 4.999884076146697900e-03 -9.999999999000000000e+09
1.336146038843446604e+03 9.984271182647577181e-01 4.999884158005198781e-03 -9.999999999000000000e+09
1.336157181102058985e+03 1.002747832886638601e+00 4.999884239841071061e-03 -9.999999999000000000e+09
1.336168323453587846e+03 9.858149493360438553e-01 4.999884321654322547e-03 -9.999999999000000000e+09
1.336179465898034096e+03 9.966015679177763209e-01 4.999884403444961913e-03 -9.999999999000000000e+09
1.336190608435398417e+03 9.944532320722646590e-01 4.999884485213002168e-03 -9.999999999000000000e+09
1.336201751065681265e+03 1.007372358981120097e+00 4.999884566958450252e-03 -9.999999999000000000e+09
1.336212893788883775e+03 1.001330475514910390e+00 4.999884648681320910e-03 -9.999999999000000000e+09
1.336224036605006177e+03 1.004768288587691183e+00 4.999884730381622816e-03 -9.999999999000000000e+09
1.336235179514050060e+03 9.904582937358453743e-01 4.999884812059365510e-03 -9.999999999000000000e+09
1.336246322516015653e+03 9.947320770935458301e-01 4.999884893714559402e-03 -9.999999999000000000e+09
1.336257465610904092e+03 9.991741153444686496e-01 4.999884975347214898e-03 -9.999999999000000000e+09
1.336268608798715832e+03 9.942923632628453134e-01 4.999885056957345010e-03 -9.999999999000000000e+09
1.336279752079451782e+03 1.003793989998535308e+00 4.999885138544954942e-03 -9.999999999000000000e+09
1.336290895453112398e+03 1.003493865491555503e+00 4.999885220110060306e-03 -9.999999999000000000e+09
1.336302038919699271e+03 9.904745954637740324e-01 4.999885301652668042e-03 -9.999999999000000000e+09
1.336313182479212401e+03 1.002243879064635967e+00 4.999885383172788557e-03 -9.999999999000000000e+09
1.336324326131652697e+03 1.004143506837896993e+00 4.999885464670434862e-03 -9.999999999000000000e+09
1.336335469877021069e+03 9.974396095312161314e-01 4.999885546145614763e-03 -9.999999999000000000e+09
1.336346613715318426e+03 1.009192240208080404e+00 4.999885627598337802e-03 -9.999999999000000000e+09
1.336357757646545224e+03 1.001259135570199632e+00 4.999885709028616988e-03 -9.999999999000000000e+09
1.336368901670702598e+03 1.006372901144434007e+00 4.999885790436462731e-03 -9.999999999000000000e+09
1.336380045787790777e+03 9.860469199300690990e-01 4.999885871821881968e-03 -9.999999999000000000e+09
1.336391189997811125e+03 1.001652650541610790e+00 4.999885953184886843e-03 -9.999999999000000000e+09
1.336402334300764551e+03 1.001719629730949856e+00 4.999886034525487764e-03 -9.999999999000000000e+09
1.336413478696650827e+03 1.001506557522927832e+00 4.999886115843697743e-03 -9.999999999000000000e+09
1.336424623185471773e+03 9.912864185822987118e-01 4.999886197139521114e-03 -9.999999999000000000e+09
1.336435767767227617e+03 9.970435550566077998e-01 4.999886278412971757e-03 -9.999999999000000000e+09
1.336446912441919267e+03 9.958159543738138719e-01 4.999886359664059213e-03 -9.999999999000000000e+09
1.336458057209547405e+03 1.001155907022846847e+00 4.999886440892793021e-03 -9.999999999000000000e+09
1.336469202070112942e+03 1.004571079440902848e+00 4.999886522099186194e-03 -9.999999999000000000e+09
1.336480347023617014e+03 1.007812277492717845e+00 4.999886603283245669e-03 -9.999999999000000000e+09
1.336491492070059394e+03 9.969727151550777933e-01 4.999886684444982722e-03 -9.999999999000000000e+09
1.336502637209441900e+03 9.951768303906028956e-01 4.999886765584408629e-03 -9.999999999000000000e+09
1.336513782441764533e+03 9.997457835669723014e-01 4.999886846701531197e-03 -9.999999999000000000e+09
1.336524927767028430e+03 9.917738396878209572e-01 4.999886927796362568e-03 -9.999999999000000000e+09
1.336536073185234727e+03 1.003358150129170845e+00 4.999887008868911416e-03 -9.999999999000000000e+09
1.336547218696383425e+03 9.974218610000862295e-01 4.999887089919190751e-03 -9.999999999000000000e+09
1.336558364300475887e+03 1.003311366351216094e+00 4.999887170947207513e-03 -9.999999999000000000e+09
1.336569509997512569e+03 1.006680851579943026e+00 4.999887251952973843e-03 -9.999999999000000000e+09
1.336580655787494379e+03 9.934358764818619347e-01 4.999887332936497550e-03 -9.999999999000000000e+09
1.336591801670422001e+03 1.001827451350000509e+00 4.999887413897792510e-03 -9.999999999000000000e+09
1.336602947646296116e+03 1.003285235988997881e+00 4.999887494836864794e-03 -9.999999999000000000e+09
1.336614093715118088e+03 1.007409401409761429e+00 4.999887575753727414e-03 -9.999999999000000000e+09
1.336625239876887917e+03 1.008834342633188719e+00 4.999887656648389044e-03 -9.999999999000000000e+09
1.336636386131606969e+03 9.956514487075389663e-01 4.999887737520860090e-03 -9.999999999000000000e+09
1.336647532479275696e+03 9.976961810488204074e-01 4.999887818371150962e-03 -9.999999999000000000e+09
1.336658678919895010e+03 1.008658868008077691e+00 4.999887899199271200e-03 -9.999999999000000000e+09
1.336669825453465592e+03 1.007313748751285321e+00 4.999887980005229479e-03 -9.999999999000000000e+09
1.336680972079988351e+03 1.001129747196915387e+00 4.999888060789039676e-03 -9.999999999000000000e+09
1.336692118799463742e+03 9.938876550237146779e-01 4.999888141550710464e-03 -9.999999999000000000e+09
1.336703265611892903e+03 1.004044763267815998e+00 4.999888222290248783e-03 -9.999999999000000000e+09
1.336714412517276514e+03 1.010613516108804566e+00 4.999888303007668511e-03 -9.999999999000000000e+09
1.336725559515615259e+03 1.003686001938925321e+00 4.999888383702977453e-03 -9.999999999000000000e+09
1.336736706606910047e+03 9.985827831503754082e-01 4.999888464376186885e-03 -9.999999999000000000e+09
1.336747853791161560e+03 9.892456589684495150e-01 4.999888545027304614e-03 -9.999999999000000000e+09
1.336759001068370253e+03 1.004319292754987547e+00 4.999888625656342782e-03 -9.999999999000000000e+09
1.336770148438537717e+03 9.994654526495995173e-01 4.999888706263311798e-03 -9.999999999000000000e+09
1.336781295901663952e+03 9.917988611513277597e-01 4.999888786848221203e-03 -9.999999999000000000e+09
1.336792443457749869e+03 1.001162597835753232e+00 4.999888867411079671e-03 -9.999999999000000000e+09
1.336803591106796830e+03 9.903160597550694222e-01 4.999888947951897610e-03 -9.999999999000000000e+09
1.336814738848805064e+03 1.000399425462500380e+00 4.999889028470686295e-03 -9.999999999000000000e+09
1.336825886683775479e+03 9.983369274117859238e-01 4.999889108967454400e-03 -9.999999999000000000e+09
1.336837034611708305e+03 9.934060625555730661e-01 4.999889189442212334e-03 -9.999999999000000000e+09
1.336848182632605358e+03 1.005313328937840200e+00 4.999889269894970505e-03 -9.999999999000000000e+09
1.336859330746466867e+03 1.002045026172157849e+00 4.999889350325736719e-03 -9.999999999000000000e+09
1.336870478953293741e+03 1.004671673523152009e+00 4.999889430734524853e-03 -9.999999999000000000e+09
1.336881627253086435e+03 1.003095269949504154e+00 4.999889511121340113e-03 -9.999999999000000000e+09
1.336892775645845859e+03 9.956204482127952726e-01 4.999889591486195509e-03 -9.999999999000000000e+09
1.336903924131573149e+03 9.966215139311334070e-01 4.999889671829101448e-03 -9.999999999000000000e+09
1.336915072710268532e+03 1.000667094265262902e+00 4.999889752150064870e-03 -9.999999999000000000e+09
1.336926221381933374e+03 1.006371096673990495e+00 4.999889832449097918e-03 -9.999999999000000000e+09
1.336937370146567901e+03 9.976587814669890530e-01 4.999889912726210132e-03 -9.999999999000000000e+09
1.336948519004173022e+03 1.013043545024312264e+00 4.999889992981410188e-03 -9.999999999000000000e+09
1.336959667954749648e+03 1.004015636540723122e+00 4.999890073214711093e-03 -9.999999999000000000e+09
1.336970816998298460e+03 9.939619664878205363e-01 4.999890153426118922e-03 -9.999999999000000000e+09
1.336981966134820595e+03 1.005757013868082250e+00 4.999890233615646683e-03 -9.999999999000000000e+09
1.336993115364316282e+03 1.004394348190911446e+00 4.999890313783301315e-03 -9.999999999000000000e+09
1.337004264686786655e+03 9.947823161549930182e-01 4.999890393929094096e-03 -9.999999999000000000e+09
1.337015414102232626e+03 1.015859697980975973e+00 4.999890474053036299e-03 -9.999999999000000000e+09
1.337026563610654193e+03 9.990031769323766131e-01 4.999890554155133997e-03 -9.999999999000000000e+09
1.337037713212052950e+03 9.973394837203857222e-01 4.999890634235400200e-03 -9.999999999000000000e+09
1.337048862906429122e+03 9.928529832343018224e-01 4.999890714293844449e-03 -9.999999999000000000e+09
1.337060012693784074e+03 1.002917943080815721e+00 4.999890794330475417e-03 -9.999999999000000000e+09
1.337071162574118034e+03 1.001627235107211300e+00 4.999890874345303514e-03 -9.999999999000000000e+09
1.337082312547432139e+03 9.944596304896514694e-01 4.999890954338338279e-03 -9.999999999000000000e+09
1.337093462613726842e+03 9.987884942140591304e-01 4.999891034309590122e-03 -9.999999999000000000e+09
1.337104612773003055e+03 9.946689606477980838e-01 4.999891114259066849e-03 -9.999999999000000000e+09
1.337115763025261685e+03 9.995700896527136559e-01 4.999891194186780602e-03 -9.999999999000000000e+09
1.337126913370503644e+03 9.944537768490077090e-01 4.999891274092740923e-03 -9.999999999000000000e+09
1.337138063808729157e+03 1.002566466628863839e+00 4.999891353976956485e-03 -9.999999999000000000e+09
1.337149214339939363e+03 1.002346802835059503e+00 4.999891433839435961e-03 -9.999999999000000000e+09
1.337160364964134942e+03 1.008836544964161641e+00 4.999891513680192363e-03 -9.999999999000000000e+09
1.337171515681316805e+03 1.002301425514710465e+00 4.999891593499232630e-03 -9.999999999000000000e+09
1.337182666491485634e+03 9.926724558416401001e-01 4.999891673296567168e-03 -9.999999999000000000e+09
1.337193817394642110e+03 1.004639480761705617e+00 4.999891753072207255e-03 -9.999999999000000000e+09
1.337204968390787371e+03 9.918265706601436804e-01 4.999891832826159829e-03 -9.999999999000000000e+09
1.337216119479921645e+03 1.008378268649345877e+00 4.999891912558437901e-03 -9.999999999000000000e+09
1.337227270662046067e+03 9.977765878185663739e-01 4.999891992269047541e-03 -9.999999999000000000e+09
1.337238421937161547e+03 9.934452836176115298e-01 4.999892071958000894e-03 -9.999999999000000000e+09
1.337249573305268541e+03 1.002089203523071292e+00 4.999892151625305765e-03 -9.999999999000000000e+09
1.337260724766367957e+03 9.961895934188861323e-01 4.999892231270975165e-03 -9.999999999000000000e+09
1.337271876320460478e+03 9.932333315395165396e-01 4.999892310895016033e-03 -9.999999999000000000e+09
1.337283027967546786e+03 9.934614361480935685e-01 4.999892390497437909e-03 -9.999999999000000000e+09
1.337294179707628246e+03 9.976145183323303911e-01 4.999892470078250335e-03 -9.999999999000000000e+09
1.337305331540704856e+03 1.002220982403269067e+00 4.999892549637464587e-03 -9.999999999000000000e+09
1.337316483466777754e+03 1.004549751866297136e+00 4.999892629175090204e-03 -9.999999999000000000e+09
1.337327635485847850e+03 9.968004309198974511e-01 4.999892708691135862e-03 -9.999999999000000000e+09
1.337338787597915598e+03 1.000519385263375582e+00 4.999892788185611101e-03 -9.999999999000000000e+09
1.337349939802982362e+03 9.999525722025518482e-01 4.999892867658525461e-03 -9.999999999000000000e+09
1.337361092101047916e+03 1.003907375205384422e+00 4.999892947109889352e-03 -9.999999999000000000e+09
1.337372244492114078e+03 1.008553271795433748e+00 4.999893026539712314e-03 -9.999999999000000000e+09
1.337383396976180848e+03 1.003142836644941527e+00 4.999893105948003021e-03 -9.999999999000000000e+09
1.337394549553249590e+03 1.001947575089499054e+00 4.999893185334770146e-03 -9.999999999000000000e+09
1.337405702223320759e+03 9.995044721221317818e-01 4.999893264700026700e-03 -9.999999999000000000e+09
1.337416854986395265e+03 1.003660155008311072e+00 4.999893344043779622e-03 -9.999999999000000000e+09
1.337428007842473562e+03 9.999593709998848556e-01 4.999893423366039320e-03 -9.999999999000000000e+09
1.337439160791556787e+03 1.000826937970087593e+00 4.999893502666815336e-03 -9.999999999000000000e+09
1.337450313833645396e+03 1.004130022496490193e+00 4.999893581946116342e-03 -9.999999999000000000e+09
1.337461466968740751e+03 9.962364482519392439e-01 4.999893661203952747e-03 -9.999999999000000000e+09
1.337472620196843081e+03 9.994200490408148285e-01 4.999893740440334959e-03 -9.999999999000000000e+09
1.337483773517953068e+03 1.005341453699729160e+00 4.999893819655270785e-03 -9.999999999000000000e+09
1.337494926932072076e+03 1.006054706200775861e+00 4.999893898848769766e-03 -9.999999999000000000e+09
1.337506080439200559e+03 9.942583159405425919e-01 4.999893978020842310e-03 -9.999999999000000000e+09
1.337517234039338973e+03 9.976672516544420333e-01 4.999894057171498825e-03 -9.999999999000000000e+09
1.337528387732488682e+03 1.003012628948776852e+00 4.999894136300745383e-03 -9.999999999000000000e+09
1.337539541518650367e+03 1.005179491973046790e+00 4.999894215408594994e-03 -9.999999999000000000e+09
1.337550695397824256e+03 1.002433844630748805e+00 4.999894294495058067e-03 -9.999999999000000000e+09
1.337561849370011487e+03 1.000976737043305587e+00 4.999894373560138938e-03 -9.999999999000000000e+09
1.337573003435212968e+03 9.974139177059332395e-01 4.999894452603849751e-03 -9.999999999000000000e+09
1.337584157593429154e+03 9.961410252642046714e-01 4.999894531626202648e-03 -9.999999999000000000e+09
1.337595311844661182e+03 9.969270333274834472e-01 4.999894610627202834e-03 -9.999999999000000000e+09
1.337606466188909508e+03 1.002162232571116141e+00 4.999894689606862452e-03 -9.999999999000000000e+09
1.337617620626175267e+03 1.001043445314681479e+00 4.999894768565191043e-03 -9.999999999000000000e+09
1.337628775156458914e+03 9.916541643427094765e-01 4.999894847502196413e-03 -9.999999999000000000e+09
1.337639929779761360e+03 1.011508367118981289e+00 4.999894926417887235e-03 -9.999999999000000000e+09
1.337651084496083058e+03 9.984768590109165398e-01 4.999895005312276521e-03 -9.999999999000000000e+09
1.337662239305425601e+03 9.984835596401516744e-01 4.999895084185370341e-03 -9.999999999000000000e+09
1.337673394207788988e+03 1.011283220787647874e+00 4.999895163037179971e-03 -9.999999999000000000e+09
1.337684549203174129e+03 9.962582226386812456e-01 4.999895241867714085e-03 -9.999999999000000000e+09
1.337695704291582160e+03 1.001097794981200773e+00 4.999895320676982224e-03 -9.999999999000000000e+09
1.337706859473013537e+03 9.964191179680953470e-01 4.999895399464993062e-03 -9.999999999000000000e+09
1.337718014747468942e+03 9.956530416483104773e-01 4.999895478231757874e-03 -9.999999999000000000e+09
1.337729170114949284e+03 1.003178806302202464e+00 4.999895556977282732e-03 -9.999999999000000000e+09
1.337740325575455472e+03 1.002528834758180887e+00 4.999895635701582380e-03 -9.999999999000000000e+09
1.337751481128988416e+03 9.954417738162396612e-01 4.999895714404659422e-03 -9.999999999000000000e+09
1.337762636775548572e+03 9.977701565670396011e-01 4.999895793086529469e-03 -9.999999999000000000e+09
1.337773792515136620e+03 9.924034793097169516e-01 4.999895871747196859e-03 -9.999999999000000000e+09
1.337784948347753470e+03 1.000576293620359269e+00 4.999895950386673733e-03 -9.999999999000000000e+09
1.337796104273400488e+03 9.909202572076939441e-01 4.999896029004969635e-03 -9.999999999000000000e+09
1.337807260292077444e+03 1.003977340748679614e+00 4.999896107602092368e-03 -9.999999999000000000e+09
1.337818416403785704e+03 1.000505479003538811e+00 4.999896186178052343e-03 -9.999999999000000000e+09
1.337829572608525723e+03 9.992797368848527206e-01 4.999896264732858232e-03 -9.999999999000000000e+09
1.337840728906298864e+03 9.984584670883085433e-01 4.999896343266521312e-03 -9.999999999000000000e+09
1.337851885297105355e+03 9.988379144500405538e-01 4.999896421779047653e-03 -9.999999999000000000e+09
1.337863041780945878e+03 1.008046800843974911e+00 4.999896500270448532e-03 -9.999999999000000000e+09
1.337874198357821570e+03 9.876661595832726404e-01 4.999896578740731755e-03 -9.999999999000000000e+09
1.337885355027733340e+03 1.006799203169699508e+00 4.999896657189908597e-03 -9.999999999000000000e+09
1.337896511790681643e+03 1.005802491505914720e+00 4.999896735617985997e-03 -9.999999999000000000e+09
1.337907668646666934e+03 1.000266637304370487e+00 4.999896814024975232e-03 -9.999999999000000000e+09
1.337918825595690805e+03 1.006782695070591815e+00 4.999896892410885842e-03 -9.999999999000000000e+09
1.337929982637753483e+03 9.924645466081603029e-01 4.999896970775726500e-03 -9.999999999000000000e+09
1.337941139772856104e+03 1.001958886126650183e+00 4.999897049119505880e-03 -9.999999999000000000e+09
1.337952297000999124e+03 9.975862348422384063e-01 4.999897127442232657e-03 -9.999999999000000000e+09
1.337963454322183225e+03 9.972686581523448890e-01 4.999897205743917238e-03 -9.999999999000000000e+09
1.337974611736409315e+03 9.941366031246142709e-01 4.999897284024567429e-03 -9.999999999000000000e+09
1.337985769243678305e+03 9.996776193016646550e-01 4.999897362284195373e-03 -9.999999999000000000e+09
1.337996926843991105e+03 1.012519345947022531e+00 4.999897440522807143e-03 -9.999999999000000000e+09
1.338008084537348168e+03 1.003069150634226636e+00 4.999897518740414014e-03 -9.999999999000000000e+09
1.338019242323750177e+03 1.001092084686045602e+00 4.999897596937024659e-03 -9.999999999000000000e+09
1.338030400203198496e+03 9.980373551574260871e-01 4.999897675112646885e-03 -9.999999999000000000e+09
1.338041558175693353e+03 9.969281754269363471e-01 4.999897753267291967e-03 -9.999999999000000000e+09
1.338052716241235657e+03 1.000624789839973161e+00 4.999897831400965977e-03 -9.999999999000000000e+09
1.338063874399826091e+03 9.920956529154257852e-01 4.999897909513681925e-03 -9.999999999000000000e+09
1.338075032651465563e+03 9.954057997224370347e-01 4.999897987605447618e-03 -9.999999999000000000e+09
1.338086190996154983e+03 1.002861192574398874e+00 4.999898065676272596e-03 -9.999999999000000000e+09
1.338097349433894806e+03 1.001971408070084335e+00 4.999898143726163799e-03 -9.999999999000000000e+09
1.338108507964686169e+03 9.928498519140682710e-01 4.999898221755131635e-03 -9.999999999000000000e+09
1.338119666588529526e+03 9.956067055846657965e-01 4.999898299763186511e-03 -9.999999999000000000e+09
1.338130825305425788e+03 1.001825315028102459e+00 4.999898377750335368e-03 -9.999999999000000000e+09
1.338141984115375863e+03 9.996346957900058561e-01 4.999898455716589481e-03 -9.999999999000000000e+09
1.338153143018380433e+03 1.004194519966062682e+00 4.999898533661957523e-03 -9.999999999000000000e+09
1.338164302014440182e+03 1.009175317395766047e+00 4.999898611586446433e-03 -9.999999999000000000e+09
1.338175461103555563e+03 1.006956523845717655e+00 4.999898689490067487e-03 -9.999999999000000000e+09
1.338186620285728168e+03 9.937474486599199297e-01 4.999898767372830226e-03 -9.999999999000000000e+09
1.338197779560958452e+03 9.940599875981325217e-01 4.999898845234740721e-03 -9.999999999000000000e+09
1.338208938929246642e+03 1.006591159495383359e+00 4.999898923075811116e-03 -9.999999999000000000e+09
1.338220098390594330e+03 9.995513013309139660e-01 4.999899000896050084e-03 -9.999999999000000000e+09
1.338231257945001516e+03 9.934305913916996467e-01 4.999899078695466299e-03 -9.999999999000000000e+09
1.338242417592469565e+03 9.997716145425949996e-01 4.999899156474067567e-03 -9.999999999000000000e+09
1.338253577332999157e+03 9.940194628342683414e-01 4.999899234231865164e-03 -9.999999999000000000e+09
1.338264737166590976e+03 1.006265544688054403e+00 4.999899311968866028e-03 -9.999999999000000000e+09
1.338275897093245703e+03 1.002078728703919897e+00 4.999899389685079701e-03 -9.999999999000000000e+09
1.338287057112964021e+03 1.001145617088962991e+00 4.999899467380517458e-03 -9.999999999000000000e+09
1.338298217225747067e+03 1.007385585087315238e+00 4.999899545055184504e-03 -9.999999999000000000e+09
1.338309377431595522e+03 9.940171282707720435e-01 4.999899622709092981e-03 -9.999999999000000000e+09
1.338320537730509841e+03 9.995902552899095239e-01 4.999899700342250695e-03 -9.999999999000000000e+09
1.338331698122491389e+03 1.002903910391067077e+00 4.999899777954667189e-03 -9.999999999000000000e+09
1.338342858607540165e+03 9.993083145999460681e-01 4.999899855546351135e-03 -9.999999999000000000e+09
1.338354019185657762e+03 9.972812210406319933e-01 4.999899933117311207e-03 -9.999999999000000000e+09
1.338365179856844406e+03 9.999361473892220964e-01 4.999900010667556946e-03 -9.999999999000000000e+09
1.338376340621101008e+03 1.005328797673584962e+00 4.999900088197096158e-03 -9.999999999000000000e+09
1.338387501478428248e+03 1.002581025700166384e+00 4.999900165705940119e-03 -9.999999999000000000e+09
1.338398662428827265e+03 9.970494872056736568e-01 4.999900243194094901e-03 -9.999999999000000000e+09
1.338409823472298513e+03 9.993551993487951313e-01 4.999900320661574381e-03 -9.999999999000000000e+09
1.338420984608842673e+03 9.940971185115889952e-01 4.999900398108381161e-03 -9.999999999000000000e+09
1.338432145838460656e+03 1.001732955760817445e+00 4.999900475534528252e-03 -9.999999999000000000e+09
1.338443307161153825e+03 9.925071608256635924e-01 4.999900552940023460e-03 -9.999999999000000000e+09
1.338454468576921727e+03 1.008051026942605954e+00 4.999900630324874591e-03 -9.999999999000000000e+09
1.338465630085766179e+03 9.967089539350466598e-01 4.999900707689093789e-03 -9.999999999000000000e+09
1.338476791687687410e+03 1.004912880708375145e+00 4.999900785032687124e-03 -9.999999999000000000e+09
1.338487953382686555e+03 9.996693410872846686e-01 4.999900862355664138e-03 -9.999999999000000000e+09
1.338499115170764298e+03 1.009727075713718225e+00 4.999900939658034373e-03 -9.999999999000000000e+09
1.338510277051921094e+03 9.974188412075192245e-01 4.999901016939806500e-03 -9.999999999000000000e+09
1.338521439026158305e+03 9.977691514705799847e-01 4.999901094200990062e-03 -9.999999999000000000e+09
1.338532601093475932e+03 9.907994435052235316e-01 4.999901171441591997e-03 -9.999999999000000000e+09
1.338543763253875568e+03 1.001200748958046338e+00 4.999901248661622714e-03 -9.999999999000000000e+09
1.338554925507357211e+03 9.972316202869156987e-01 4.999901325861091754e-03 -9.999999999000000000e+09
1.338566087853922227e+03 9.996413436242487238e-01 4.999901403040006923e-03 -9.999999999000000000e+09
1.338577250293571069e+03 9.981116738824912238e-01 4.999901480198376026e-03 -9.999999999000000000e+09
1.338588412826304875e+03 1.008512859731192535e+00 4.999901557336211208e-03 -9.999999999000000000e+09
1.338599575452124100e+03 1.004447265612403051e+00 4.999901634453517672e-03 -9.999999999000000000e+09
1.338610738171029425e+03 1.002026552061900055e+00 4.999901711550305827e-03 -9.999999999000000000e+09
1.338621900983021987e+03 9.993208598522690389e-01 4.999901788626586081e-03 -9.999999999000000000e+09
1.338633063888102470e+03 1.005368042069346490e+00 4.999901865682365373e-03 -9.999999999000000000e+09
1.338644226886271326e+03 1.000634453449110062e+00 4.999901942717651510e-03 -9.999999999000000000e+09
1.338655389977529694e+03 9.915898897166973702e-01 4.999902019732455766e-03 -9.999999999000000000e+09
1.338666553161878255e+03 1.004265000303850242e+00 4.999902096726785948e-03 -9.999999999000000000e+09
1.338677716439317692e+03 9.980794966032273674e-01 4.999902173700651598e-03 -9.999999999000000000e+09
1.338688879809848686e+03 9.932854039871450436e-01 4.999902250654059653e-03 -9.999999999000000000e+09
1.338700043273472374e+03 9.942193455121843826e-01 4.999902327587021390e-03 -9.999999999000000000e+09
1.338711206830189212e+03 1.003845910023302146e+00 4.999902404499543748e-03 -9.999999999000000000e+09
1.338722370480000336e+03 9.902834841412208045e-01 4.999902481391635400e-03 -9.999999999000000000e+09
1.338733534222906201e+03 1.002406069454583770e+00 4.999902558263307623e-03 -9.999999999000000000e+09
1.338744698058907488e+03 1.010204871206699995e+00 4.999902635114565619e-03 -9.999999999000000000e+09
1.338755861988005336e+03 9.995419186280135593e-01 4.999902711945420665e-03 -9.999999999000000000e+09
1.338767026010199970e+03 9.984675434678945694e-01 4.999902788755881435e-03 -9.999999999000000000e+09
1.338778190125492983e+03 1.003870373853364084e+00 4.999902865545954866e-03 -9.999999999000000000e+09
1.338789354333884376e+03 9.997557057163357630e-01 4.999902942315653104e-03 -9.999999999000000000e+09
1.338800518635375511e+03 9.982289038168009609e-01 4.999903019064980483e-03 -9.999999999000000000e+09
1.338811683029966844e+03 1.001699791419510932e+00 4.999903095793949148e-03 -9.999999999000000000e+09
1.338822847517658829e+03 1.006349099851833850e+00 4.999903172502566037e-03 -9.999999999000000000e+09
1.338834012098452831e+03 1.001276764952444776e+00 4.999903249190841559e-03 -9.999999999000000000e+09
1.338845176772349760e+03 1.002043463069753892e+00 4.999903325858782652e-03 -9.999999999000000000e+09
1.338856341539349842e+03 1.002244060211642029e+00 4.999903402506400592e-03 -9.999999999000000000e+09
1.338867506399453987e+03 9.999601877537694916e-01 4.999903479133699716e-03 -9.999999999000000000e+09
1.338878671352662877e+03 1.003560447089799190e+00 4.999903555740692167e-03 -9.999999999000000000e+09
1.338889836398977650e+03 9.986340979690649933e-01 4.999903632327387486e-03 -9.999999999000000000e+09
1.338901001538398987e+03 9.967708729307351856e-01 4.999903708893790877e-03 -9.999999999000000000e+09
1.338912166770927570e+03 1.004002065702173319e+00 4.999903785439913616e-03 -9.999999999000000000e+09
1.338923332096563854e+03 9.917055974562223319e-01 4.999903861965763509e-03 -9.999999999000000000e+09
1.338934497515309204e+03 1.002450028102260804e+00 4.999903938471349230e-03 -9.999999999000000000e+09
1.338945663027164073e+03 1.005122625391738467e+00 4.999904014956680319e-03 -9.999999999000000000e+09
1.338956828632129145e+03 1.001147000050468083e+00 4.999904091421763716e-03 -9.999999999000000000e+09
1.338967994330205556e+03 9.950891639259795696e-01 4.999904167866610696e-03 -9.999999999000000000e+09
1.338979160121393761e+03 1.001729942580867228e+00 4.999904244291226464e-03 -9.999999999000000000e+09
1.338990326005694669e+03 1.005876107983637802e+00 4.999904320695622295e-03 -9.999999999000000000e+09
1.339001491983108963e+03 1.006013150702653514e+00 4.999904397079806863e-03 -9.999999999000000000e+09
1.339012658053637324e+03 9.923565052335365788e-01 4.999904473443787974e-03 -9.999999999000000000e+09
1.339023824217281117e+03 1.001885821309190572e+00 4.999904549787571699e-03 -9.999999999000000000e+09
1.339034990474040342e+03 9.997782949524018914e-01 4.999904626111171917e-03 -9.999999999000000000e+09
1.339046156823916590e+03 1.001930851916623455e+00 4.999904702414593831e-03 -9.999999999000000000e+09
1.339057323266909407e+03 1.000596946110893670e+00 4.999904778697846983e-03 -9.999999999000000000e+09
1.339068489803020839e+03 1.002282671927656965e+00 4.999904854960940045e-03 -9.999999999000000000e+09
1.339079656432251340e+03 9.994304232341042482e-01 4.999904931203881693e-03 -9.999999999000000000e+09
1.339090823154601139e+03 1.005788542932833263e+00 4.999905007426678864e-03 -9.999999999000000000e+09
1.339101989970071600e+03 1.003833559008214804e+00 4.999905083629342835e-03 -9.999999999000000000e+09
1.339113156878662949e+03 1.005067311873713232e+00 4.999905159811879676e-03 -9.999999999000000000e+09
1.339124323880376551e+03 1.004524313128500212e+00 4.999905235974299797e-03 -9.999999999000000000e+09
1.339135490975212861e+03 1.001115950934936105e+00 4.999905312116611870e-03 -9.999999999000000000e+09
1.339146658163172788e+03 1.003006531073336705e+00 4.999905388238823703e-03 -9.999999999000000000e+09
1.339157825444257014e+03 1.004114674759424952e+00 4.999905464340942234e-03 -9.999999999000000000e+09
1.339168992818466450e+03 9.982345209691269039e-01 4.999905540422979605e-03 -9.999999999000000000e+09
1.339180160285801321e+03 9.895749759318445138e-01 4.999905616484940155e-03 -9.999999999000000000e+09
1.339191327846263221e+03 9.985370353955050904e-01 4.999905692526836025e-03 -9.999999999000000000e+09
1.339202495499852603e+03 9.940199893901584538e-01 4.999905768548675022e-03 -9.999999999000000000e+09
1.339213663246570150e+03 1.004646894922447409e+00 4.999905844550464086e-03 -9.999999999000000000e+09
1.339224831086416543e+03 9.983162939940575242e-01 4.999905920532214491e-03 -9.999999999000000000e+09
1.339235999019392693e+03 1.000943601212588074e+00 4.999905996493929708e-03 -9.999999999000000000e+09
1.339247167045499509e+03 1.003321498191133587e+00 4.999906072435625348e-03 -9.999999999000000000e+09
1.339258335164737446e+03 9.970421735380214923e-01 4.999906148357303147e-03 -9.999999999000000000e+09
1.339269503377107640e+03 9.980000581516544900e-01 4.999906224258975247e-03 -9.999999999000000000e+09
1.339280671682610773e+03 1.002117335209689708e+00 4.999906300140651190e-03 -9.999999999000000000e+09
1.339291840081247301e+03 9.897786127298950909e-01 4.999906376002337047e-03 -9.999999999000000000e+09
1.339303008573018360e+03 9.981470862919734621e-01 4.999906451844040624e-03 -9.999999999000000000e+09
1.339314177157924860e+03 1.000317137733399919e+00 4.999906527665773197e-03 -9.999999999000000000e+09
1.339325345835967255e+03 9.976364474957978290e-01 4.999906603467540837e-03 -9.999999999000000000e+09
1.339336514607146000e+03 9.985415112019584427e-01 4.999906679249354821e-03 -9.999999999000000000e+09
1.339347683471462688e+03 1.005783566573301480e+00 4.999906755011218618e-03 -9.999999999000000000e+09
1.339358852428917317e+03 1.005842796913713588e+00 4.999906830753146972e-03 -9.999999999000000000e+09
1.339370021479511252e+03 9.967824024507113689e-01 4.999906906475144221e-03 -9.999999999000000000e+09
1.339381190623244947e+03 1.008365333772828665e+00 4.999906982177217303e-03 -9.999999999000000000e+09
1.339392359860119541e+03 9.923317659084629483e-01 4.999907057859380097e-03 -9.999999999000000000e+09
1.339403529190135487e+03 1.001396811612511151e+00 4.999907133521636939e-03 -9.999999999000000000e+09
1.339414698613293240e+03 1.001957011573526346e+00 4.999907209163999104e-03 -9.999999999000000000e+09
1.339425868129594164e+03 1.005252545909800954e+00 4.999907284786472665e-03 -9.999999999000000000e+09
1.339437037739039170e+03 1.000086905524993242e+00 4.999907360389066295e-03 -9.999999999000000000e+09
1.339448207441628028e+03 9.947406011914413648e-01 4.999907435971788668e-03 -9.999999999000000000e+09
1.339459377237362787e+03 1.005786861700086465e+00 4.999907511534648456e-03 -9.999999999000000000e+09
1.339470547126243218e+03 1.001868391030059646e+00 4.999907587077653467e-03 -9.999999999000000000e+09
1.339481717108270686e+03 1.000417492737160741e+00 4.999907662600812375e-03 -9.999999999000000000e+09
1.339492887183445873e+03 9.955418924860076624e-01 4.999907738104134719e-03 -9.999999999000000000e+09
1.339504057351769234e+03 9.969022207828932558e-01 4.999907813587628307e-03 -9.999999999000000000e+09
1.339515227613241905e+03 1.004418781074581934e+00 4.999907889051300076e-03 -9.999999999000000000e+09
1.339526397967864568e+03 9.996304379646141491e-01 4.999907964495160437e-03 -9.999999999000000000e+09
1.339537568415637679e+03 9.994679562457465805e-01 4.999908039919215459e-03 -9.999999999000000000e+09
1.339548738956562374e+03 1.000556869775520275e+00 4.999908115323475552e-03 -9.999999999000000000e+09
1.339559909590639563e+03 9.947231109055492126e-01 4.999908190707948522e-03 -9.999999999000000000e+09
1.339571080317869701e+03 1.002145637110268384e+00 4.999908266072642174e-03 -9.999999999000000000e+09
1.339582251138253696e+03 9.982701208985296226e-01 4.999908341417565183e-03 -9.999999999000000000e+09
1.339593422051792459e+03 9.981404124451541682e-01 4.999908416742726222e-03 -9.999999999000000000e+09
1.339604593058486671e+03 9.982511940775655734e-01 4.999908492048132230e-03 -9.999999999000000000e+09
1.339615764158336788e+03 9.941347468430702383e-01 4.999908567333794483e-03 -9.999999999000000000e+09
1.339626935351343718e+03 1.001769598602331168e+00 4.999908642599719052e-03 -9.999999999000000000e+09
1.339638106637508827e+03 9.929389502751003738e-01 4.999908717845913744e-03 -9.999999999000000000e+09
1.339649278016832113e+03 1.009575202049762366e+00 4.999908793072387232e-03 -9.999999999000000000e+09
1.339660449489314715e+03 1.010005421751141164e+00 4.999908868279149057e-03 -9.999999999000000000e+09
1.339671621054957313e+03 9.970662141911322829e-01 4.999908943466207026e-03 -9.999999999000000000e+09
1.339682792713760819e+03 9.950715877111088181e-01 4.999909018633568077e-03 -9.999999999000000000e+09
1.339693964465726140e+03 1.010184685282057737e+00 4.999909093781243485e-03 -9.999999999000000000e+09
1.339705136310853277e+03 9.973006101805113044e-01 4.999909168909237589e-03 -9.999999999000000000e+09
1.339716308249144049e+03 1.005116916650210968e+00 4.999909244017561663e-03 -9.999999999000000000e+09
1.339727480280598684e+03 1.006616516042774023e+00 4.999909319106225249e-03 -9.999999999000000000e+09
1.339738652405217863e+03 9.994166678520480795e-01 4.999909394175230948e-03 -9.999999999000000000e+09
1.339749824623002723e+03 9.996467366481028849e-01 4.999909469224592638e-03 -9.999999999000000000e+09
1.339760996933953948e+03 9.970319588074055828e-01 4.999909544254315524e-03 -9.999999999000000000e+09
1.339772169338071990e+03 1.003619971315836468e+00 4.999909619264409147e-03 -9.999999999000000000e+09
1.339783341835357987e+03 9.986131858880217260e-01 4.999909694254881312e-03 -9.999999999000000000e+09
1.339794514425812395e+03 1.001731726325025829e+00 4.999909769225739826e-03 -9.999999999000000000e+09
1.339805687109436349e+03 9.950902137768197209e-01 4.999909844176992496e-03 -9.999999999000000000e+09
1.339816859886230304e+03 1.005074316124742184e+00 4.999909919108650597e-03 -9.999999999000000000e+09
1.339828032756195398e+03 9.930128589303384157e-01 4.999909994020717598e-03 -9.999999999000000000e+09
1.339839205719332085e+03 9.973541887851483656e-01 4.999910068913206510e-03 -9.999999999000000000e+09
1.339850378775641275e+03 1.003816082669473309e+00 4.999910143786122536e-03 -9.999999999000000000e+09
1.339861551925123649e+03 9.961636428250530972e-01 4.999910218639474352e-03 -9.999999999000000000e+09
1.339872725167780345e+03 1.002177666611920204e+00 4.999910293473273232e-03 -9.999999999000000000e+09
1.339883898503611590e+03 9.983028069660810910e-01 4.999910368287520043e-03 -9.999999999000000000e+09
1.339895071932618293e+03 9.954376114500100847e-01 4.999910443082228664e-03 -9.999999999000000000e+09
1.339906245454801592e+03 9.969185798858627434e-01 4.999910517857409503e-03 -9.999999999000000000e+09
1.339917419070162168e+03 1.003835106639305863e+00 4.999910592613063427e-03 -9.999999999000000000e+09
1.339928592778700249e+03 9.957089943330411641e-01 4.999910667349205182e-03 -9.999999999000000000e+09
1.339939766580417427e+03 9.999072941099186318e-01 4.999910742065839971e-03 -9.999999999000000000e+09
1.339950940475313701e+03 9.960017961163669664e-01 4.999910816762974733e-03 -9.999999999000000000e+09
1.339962114463390435e+03 9.971985524810461632e-01 4.999910891440619877e-03 -9.999999999000000000e+09
1.339973288544648312e+03 9.945158306027772621e-01 4.999910966098782342e-03 -9.999999999000000000e+09
1.339984462719088015e+03 1.004937386092316753e+00 4.999911040737472535e-03 -9.999999999000000000e+09
1.339995636986710224e+03 1.006551573421685442e+00 4.999911115356696530e-03 -9.999999999000000000e+09
1.340006811347515622e+03 9.973887075777922995e-01 4.999911189956461263e-03 -9.999999999000000000e+09
1.340017985801505347e+03 1.000226809592202670e+00 4.999911264536778012e-03 -9.999999999000000000e+09
1.340029160348680080e+03 1.002157074172554063e+00 4.999911339097651113e-03 -9.999999999000000000e+09
1.340040334989040275e+03 9.932468330964795422e-01 4.999911413639092708e-03 -9.999999999000000000e+09
1.340051509722587070e+03 1.003662901440777411e+00 4.999911488161108003e-03 -9.999999999000000000e+09
1.340062684549321148e+03 1.001428717584086581e+00 4.999911562663706538e-03 -9.999999999000000000e+09
1.340073859469242961e+03 1.003587956431459816e+00 4.999911637146896119e-03 -9.999999999000000000e+09
1.340085034482353649e+03 1.010546864028222691e+00 4.999911711610684553e-03 -9.999999999000000000e+09
1.340096209588654347e+03 1.009589550306042804e+00 4.999911786055079646e-03 -9.999999999000000000e+09
1.340107384788145055e+03 9.992138843816603666e-01 4.999911860480090071e-03 -9.999999999000000000e+09
1.340118560080826910e+03 1.006459533233760251e+00 4.999911934885724503e-03 -9.999999999000000000e+09
1.340129735466700822e+03 1.003392310221166817e+00 4.999912009271989879e-03 -9.999999999000000000e+09
1.340140910945767018e+03 1.000875438327063938e+00 4.999912083638894875e-03 -9.999999999000000000e+09
1.340152086518027090e+03 9.984472252702437656e-01 4.999912157986445560e-03 -9.999999999000000000e+09
1.340163262183481265e+03 9.995222786685244998e-01 4.999912232314654079e-03 -9.999999999000000000e+09
1.340174437942130453e+03 1.002694192414704144e+00 4.999912306623523900e-03 -9.999999999000000000e+09
1.340185613793975563e+03 1.003090109719541267e+00 4.999912380913068034e-03 -9.999999999000000000e+09
1.340196789739017049e+03 9.979346544720493206e-01 4.999912455183289951e-03 -9.999999999000000000e+09
1.340207965777256049e+03 9.921339200162567762e-01 4.999912529434200059e-03 -9.999999999000000000e+09
1.340219141908693018e+03 1.003874583873158421e+00 4.999912603665806164e-03 -9.999999999000000000e+09
1.340230318133329092e+03 9.928226338182347677e-01 4.999912677878115205e-03 -9.999999999000000000e+09
1.340241494451164726e+03 9.999785283032012195e-01 4.999912752071136723e-03 -9.999999999000000000e+09
1.340252670862200830e+03 9.986083690655436218e-01 4.999912826244877657e-03 -9.999999999000000000e+09
1.340263847366438085e+03 9.859887239545523929e-01 4.999912900399346681e-03 -9.999999999000000000e+09
1.340275023963877402e+03 1.008005092270997549e+00 4.999912974534550733e-03 -9.999999999000000000e+09
1.340286200654519689e+03 9.987401360099144032e-01 4.999913048650500222e-03 -9.999999999000000000e+09
1.340297377438365402e+03 1.008315435341606392e+00 4.999913122747200352e-03 -9.999999999000000000e+09
1.340308554315415222e+03 1.008104248378817847e+00 4.999913196824659796e-03 -9.999999999000000000e+09
1.340319731285670514e+03 9.998407266214254241e-01 4.999913270882888096e-03 -9.999999999000000000e+09
1.340330908349131505e+03 9.993516825676015403e-01 4.999913344921891323e-03 -9.999999999000000000e+09
1.340342085505799332e+03 9.934391517037020058e-01 4.999913418941678150e-03 -9.999999999000000000e+09
1.340353262755674677e+03 9.968246988570286238e-01 4.999913492942257252e-03 -9.999999999000000000e+09
1.340364440098757996e+03 9.973076805269038836e-01 4.999913566923635568e-03 -9.999999999000000000e+09
1.340375617535050424e+03 9.976143391076787159e-01 4.999913640885822637e-03 -9.999999999000000000e+09
1.340386795064552643e+03 1.008166495242022176e+00 4.999913714828823665e-03 -9.999999999000000000e+09
1.340397972687265565e+03 9.987960115815209816e-01 4.999913788752649059e-03 -9.999999999000000000e+09
1.340409150403189642e+03 1.000759217917531751e+00 4.999913862657304892e-03 -9.999999999000000000e+09
1.340420328212325785e+03 9.924791062130622343e-01 4.999913936542800703e-03 -9.999999999000000000e+09
1.340431506114674903e+03 9.982926616776999218e-01 4.999914010409144301e-03 -9.999999999000000000e+09
1.340442684110237906e+03 9.992526753971382458e-01 4.999914084256343490e-03 -9.999999999000000000e+09
1.340453862199015020e+03 9.999952478382815313e-01 4.999914158084404342e-03 -9.999999999000000000e+09
1.340465040381007611e+03 1.005464815283553692e+00 4.999914231893335531e-03 -9.999999999000000000e+09
1.340476218656216133e+03 1.004008481799684382e+00 4.999914305683147465e-03 -9.999999999000000000e+09
1.340487397024641496e+03 1.006858938922512658e+00 4.999914379453845349e-03 -9.999999999000000000e+09
1.340498575486284153e+03 1.000364454763710276e+00 4.999914453205438723e-03 -9.999999999000000000e+09
1.340509754041145470e+03 9.916691570420910207e-01 4.999914526937934527e-03 -9.999999999000000000e+09
1.340520932689225674e+03 9.993398948255787229e-01 4.999914600651340565e-03 -9.999999999000000000e+09
1.340532111430525674e+03 9.948721639064330713e-01 4.999914674345664646e-03 -9.999999999000000000e+09
1.340543290265046608e+03 1.004730052776922733e+00 4.999914748020915442e-03 -9.999999999000000000e+09
1.340554469192788929e+03 1.001210233700301044e+00 4.999914821677100760e-03 -9.999999999000000000e+09
1.340565648213753548e+03 9.975893562105817569e-01 4.999914895314228405e-03 -9.999999999000000000e+09
1.340576827327940919e+03 9.969677230617500774e-01 4.999914968932305318e-03 -9.999999999000000000e+09
1.340588006535352406e+03 9.924906191021564128e-01 4.999915042531341038e-03 -9.999999999000000000e+09
1.340599185835988010e+03 9.924164757050489838e-01 4.999915116111339902e-03 -9.999999999000000000e+09
1.340610365229849322e+03 1.006221733169228472e+00 4.999915189672314055e-03 -9.999999999000000000e+09
1.340621544716936342e+03 1.015209542842807844e+00 4.999915263214269566e-03 -9.999999999000000000e+09
1.340632724297250661e+03 1.002707455030119599e+00 4.999915336737212508e-03 -9.999999999000000000e+09
1.340643903970792735e+03 9.981075189156324301e-01 4.999915410241154157e-03 -9.999999999000000000e+09
1.340655083737562791e+03 9.970081090162141724e-01 4.999915483726101451e-03 -9.999999999000000000e+09
1.340666263597562420e+03 1.001546914698424384e+00 4.999915557192059594e-03 -9.999999999000000000e+09
1.340677443550791850e+03 1.005899966977237048e+00 4.999915630639036393e-03 -9.999999999000000000e+09
1.340688623597251990e+03 9.946817863460652998e-01 4.999915704067044858e-03 -9.999999999000000000e+09
1.340699803736943750e+03 9.928163628171238209e-01 4.999915777476087592e-03 -9.999999999000000000e+09
1.340710983969868039e+03 1.004097451191335866e+00 4.999915850866175002e-03 -9.999999999000000000e+09
1.340722164296025312e+03 1.000076739686978300e+00 4.999915924237314027e-03 -9.999999999000000000e+09
1.340733344715416479e+03 1.005792049098014784e+00 4.999915997589512474e-03 -9.999999999000000000e+09
1.340744525228042221e+03 1.004917487321870473e+00 4.999916070922777282e-03 -9.999999999000000000e+09
1.340755705833903676e+03 9.983186525063117989e-01 4.999916144237117124e-03 -9.999999999000000000e+09
1.340766886533001070e+03 1.000679624890012720e+00 4.999916217532541542e-03 -9.999999999000000000e+09
1.340778067325335542e+03 1.005054877078088937e+00 4.999916290809054004e-03 -9.999999999000000000e+09
1.340789248210907772e+03 9.946428228864966359e-01 4.999916364066665786e-03 -9.999999999000000000e+09
1.340800429189718443e+03 9.955509861485646317e-01 4.999916437305384695e-03 -9.999999999000000000e+09
1.340811610261768692e+03 1.005442751345684282e+00 4.999916510525215935e-03 -9.999999999000000000e+09
1.340822791427058974e+03 9.969438759364032121e-01 4.999916583726169914e-03 -9.999999999000000000e+09
1.340833972685589970e+03 1.000552382399875428e+00 4.999916656908253570e-03 -9.999999999000000000e+09
1.340845154037362818e+03 9.999518683312610401e-01 4.999916730071472110e-03 -9.999999999000000000e+09
1.340856335482377972e+03 9.986671561624984594e-01 4.999916803215837674e-03 -9.999999999000000000e+09
1.340867517020636342e+03 9.941053555969716626e-01 4.999916876341353733e-03 -9.999999999000000000e+09
1.340878698652138610e+03 9.938821543521375590e-01 4.999916949448031563e-03 -9.999999999000000000e+09
1.340889880376885912e+03 1.008933292294475148e+00 4.999917022535878101e-03 -9.999999999000000000e+09
1.340901062194878477e+03 1.003106211327096764e+00 4.999917095604899421e-03 -9.999999999000000000e+09
1.340912244106117669e+03 1.005765913926458088e+00 4.999917168655103328e-03 -9.999999999000000000e+09
1.340923426110603714e+03 9.984727784089513225e-01 4.999917241686498495e-03 -9.999999999000000000e+09
1.340934608208337977e+03 1.008247655716253410e+00 4.999917314699093597e-03 -9.999999999000000000e+09
1.340945790399320458e+03 1.003882521339497069e+00 4.999917387692894705e-03 -9.999999999000000000e+09
1.340956972683552749e+03 9.997375478958766548e-01 4.999917460667910492e-03 -9.999999999000000000e+09
1.340968155061035077e+03 1.010577143673650813e+00 4.999917533624147030e-03 -9.999999999000000000e+09
1.340979337531768351e+03 1.001263871812726913e+00 4.999917606561613860e-03 -9.999999999000000000e+09
1.340990520095753482e+03 1.003600259633071756e+00 4.999917679480318788e-03 -9.999999999000000000e+09
1.341001702752991150e+03 9.996896193258668628e-01 4.999917752380267019e-03 -9.999999999000000000e+09
1.341012885503482039e+03 1.003193244303468568e+00 4.999917825261467226e-03 -9.999999999000000000e+09
1.341024068347227058e+03 1.010030923802546887e+00 4.999917898123928950e-03 -9.999999999000000000e+09
1.341035251284226888e+03 1.000632666937523840e+00 4.999917970967658262e-03 -9.999999999000000000e+09
1.341046434314482667e+03 9.923165519472874063e-01 4.999918043792663837e-03 -9.999999999000000000e+09
1.341057617437994622e+03 9.966006780583060998e-01 4.999918116598952612e-03 -9.999999999000000000e+09
1.341068800654763891e+03 1.007545744513586472e+00 4.999918189386531528e-03 -9.999999999000000000e+09
1.341079983964791154e+03 1.004178732478644864e+00 4.999918262155409257e-03 -9.999999999000000000e+09
1.341091167368077095e+03 9.944281532501703103e-01 4.999918334905591871e-03 -9.999999999000000000e+09
1.341102350864622849e+03 9.947190357972481856e-01 4.999918407637089779e-03 -9.999999999000000000e+09
1.341113534454428418e+03 1.009897773480917360e+00 4.999918480349909919e-03 -9.999999999000000000e+09
1.341124718137495620e+03 9.988155496040944659e-01 4.999918553044058363e-03 -9.999999999000000000e+09
1.341135901913824455e+03 1.000329811203595654e+00 4.999918625719542049e-03 -9.999999999000000000e+09
1.341147085783416060e+03 9.999786902552428858e-01 4.999918698376369652e-03 -9.999999999000000000e+09
1.341158269746270662e+03 9.966853504457755530e-01 4.999918771014550713e-03 -9.999999999000000000e+09
1.341169453802389853e+03 9.966419148798936201e-01 4.999918843634090435e-03 -9.999999999000000000e+09
1.341180637951774088e+03 9.996427454155620840e-01 4.999918916234995757e-03 -9.999999999000000000e+09
1.341191822194423821e+03 9.958705380031765975e-01 4.999918988817278823e-03 -9.999999999000000000e+09
1.341203006530340417e+03 9.994212875455614764e-01 4.999919061380942234e-03 -9.999999999000000000e+09
1.341214190959524103e+03 9.976219263260706072e-01 4.999919133925995532e-03 -9.999999999000000000e+09
1.341225375481976016e+03 9.923249150607448277e-01 4.999919206452446523e-03 -9.999999999000000000e+09
1.341236560097696611e+03 9.987973668544243289e-01 4.999919278960300410e-03 -9.999999999000000000e+09
1.341247744806687251e+03 1.002399052305671834e+00 4.999919351449569338e-03 -9.999999999000000000e+09
1.341258929608947938e+03 9.996195115321326874e-01 4.999919423920256775e-03 -9.999999999000000000e+09
1.341270114504480034e+03 1.006753210502131068e+00 4.999919496372373130e-03 -9.999999999000000000e+09
1.341281299493283996e+03 9.962707765415185213e-01 4.999919568805923607e-03 -9.999999999000000000e+09
1.341292484575360959e+03 9.993346646344546391e-01 4.999919641220916013e-03 -9.999999999000000000e+09
1.341303669750711379e+03 1.006922208585293799e+00 4.999919713617359887e-03 -9.999999999000000000e+09
1.341314855019335937e+03 9.946989672412720473e-01 4.999919785995260435e-03 -9.999999999000000000e+09
1.341326040381235771e+03 9.996484867582627887e-01 4.999919858354627197e-03 -9.999999999000000000e+09
1.341337225836411562e+03 9.967402039460288021e-01 4.999919930695466246e-03 -9.999999999000000000e+09
1.341348411384863766e+03 9.904681287850721771e-01 4.999920003017785386e-03 -9.999999999000000000e+09
1.341359597026593519e+03 1.009452556607844942e+00 4.999920075321593292e-03 -9.999999999000000000e+09
1.341370782761601504e+03 9.973684879971354000e-01 4.999920147606895168e-03 -9.999999999000000000e+09
1.341381968589888402e+03 9.927346753072048280e-01 4.999920219873701423e-03 -9.999999999000000000e+09
1.341393154511454895e+03 9.960293746401672754e-01 4.999920292122017260e-03 -9.999999999000000000e+09
1.341404340526302121e+03 1.001284278336187272e+00 4.999920364351849618e-03 -9.999999999000000000e+09
1.341415526634430762e+03 9.956663863386174818e-01 4.999920436563208906e-03 -9.999999999000000000e+09
1.341426712835841499e+03 1.000321978695264180e+00 4.999920508756102062e-03 -9.999999999000000000e+09
1.341437899130535016e+03 1.000096138610866214e+00 4.999920580930534292e-03 -9.999999999000000000e+09
1.341449085518512220e+03 1.000297897987674434e+00 4.999920653086513400e-03 -9.999999999000000000e+09
1.341460271999774022e+03 9.940340427469566142e-01 4.999920725224048061e-03 -9.999999999000000000e+09
1.341471458574320650e+03 1.009392536630890236e+00 4.999920797343146081e-03 -9.999999999000000000e+09
1.341482645242153467e+03 1.007744946536574870e+00 4.999920869443813531e-03 -9.999999999000000000e+09
1.341493832003273155e+03 9.970774526647577796e-01 4.999920941526059953e-03 -9.999999999000000000e+09
1.341505018857680398e+03 1.010727202845119077e+00 4.999921013589891418e-03 -9.999999999000000000e+09
1.341516205805375876e+03 9.992424397378740775e-01 4.999921085635313997e-03 -9.999999999000000000e+09
1.341527392846360272e+03 1.003708146984699789e+00 4.999921157662336364e-03 -9.999999999000000000e+09
1.341538579980634722e+03 9.991833748880369903e-01 4.999921229670967193e-03 -9.999999999000000000e+09
1.341549767208199910e+03 1.005187900186628847e+00 4.999921301661213423e-03 -9.999999999000000000e+09
1.341560954529056517e+03 1.008033867168318443e+00 4.999921373633080257e-03 -9.999999999000000000e+09
1.341572141943205224e+03 9.982956031577409073e-01 4.999921445586579839e-03 -9.999999999000000000e+09
1.341583329450647170e+03 9.988101345862113734e-01 4.999921517521713037e-03 -9.999999999000000000e+09
1.341594517051382581e+03 1.003141704905751608e+00 4.999921589438493727e-03 -9.999999999000000000e+09
1.341605704745412822e+03 9.898520978816061078e-01 4.999921661336924512e-03 -9.999999999000000000e+09
1.341616892532738120e+03 1.002355157311459966e+00 4.999921733217014934e-03 -9.999999999000000000e+09
1.341628080413359612e+03 1.006777805716045693e+00 4.999921805078772798e-03 -9.999999999000000000e+09
1.341639268387277980e+03 9.944683903106225076e-01 4.999921876922203308e-03 -9.999999999000000000e+09
1.341650456454494361e+03 1.000046017416543309e+00 4.999921948747316006e-03 -9.999999999000000000e+09
1.341661644615008754e+03 9.996814530167879020e-01 4.999922020554120432e-03 -9.999999999000000000e+09
1.341672832868822297e+03 1.001167370727845007e+00 4.999922092342617454e-03 -9.999999999000000000e+09
1.341684021215936127e+03 9.973507413446752734e-01 4.999922164112818347e-03 -9.999999999000000000e+09
1.341695209656350471e+03 1.002121788990377294e+00 4.999922235864733520e-03 -9.999999999000000000e+09
1.341706398190066466e+03 9.983846998923301408e-01 4.999922307598365576e-03 -9.999999999000000000e+09
1.341717586817085021e+03 1.003996760708614211e+00 4.999922379313722319e-03 -9.999999999000000000e+09
1.341728775537406364e+03 1.000853189934782339e+00 4.999922451010813292e-03 -9.999999999000000000e+09
1.341739964351031631e+03 9.983316368178075662e-01 4.999922522689643697e-03 -9.999999999000000000e+09
1.341751153257961732e+03 9.976568921198636364e-01 4.999922594350223078e-03 -9.999999999000000000e+09
1.341762342258197350e+03 1.002445871773683717e+00 4.999922665992556636e-03 -9.999999999000000000e+09
1.341773531351738939e+03 1.000442288689799897e+00 4.999922737616653914e-03 -9.999999999000000000e+09
1.341784720538587408e+03 9.981985656117543515e-01 4.999922809222521851e-03 -9.999999999000000000e+09
1.341795909818744121e+03 9.928820441145059794e-01 4.999922880810167385e-03 -9.999999999000000000e+09
1.341807099192209080e+03 1.001196846385509653e+00 4.999922952379594852e-03 -9.999999999000000000e+09
1.341818288658983192e+03 9.981675714082074435e-01 4.999923023930815530e-03 -9.999999999000000000e+09
1.341829478219067596e+03 1.001285614175480676e+00 4.999923095463836356e-03 -9.999999999000000000e+09
1.341840667872463200e+03 9.950589353940719750e-01 4.999923166978662535e-03 -9.999999999000000000e+09
1.341851857619170232e+03 1.008956327096562244e+00 4.999923238475302741e-03 -9.999999999000000000e+09
1.341863047459189374e+03 9.983963744821889863e-01 4.999923309953764779e-03 -9.999999999000000000e+09
1.341874237392522218e+03 1.000610314338318929e+00 4.999923381414054721e-03 -9.999999999000000000e+09
1.341885427419168764e+03 1.002971207139296217e+00 4.999923452856180374e-03 -9.999999999000000000e+09
1.341896617539130375e+03 1.005322013357549560e+00 4.999923524280148676e-03 -9.999999999000000000e+09
1.341907807752407052e+03 9.918688368030375013e-01 4.999923595685968301e-03 -9.999999999000000000e+09
1.341918998059000387e+03 9.945997434008806426e-01 4.999923667073646188e-03 -9.999999999000000000e+09
1.341930188458911061e+03 1.003682517925301276e+00 4.999923738443187542e-03 -9.999999999000000000e+09
1.341941378952139303e+03 9.999491197663830100e-01 4.999923809794601035e-03 -9.999999999000000000e+09
1.341952569538686248e+03 1.005948605413655272e+00 4.999923881127895341e-03 -9.999999999000000000e+09
1.341963760218552807e+03 9.924636828004592681e-01 4.999923952443074797e-03 -9.999999999000000000e+09
1.341974950991739206e+03 1.000933443906560916e+00 4.999924023740148944e-03 -9.999999999000000000e+09
1.341986141858247038e+03 9.949685129829871633e-01 4.999924095019123854e-03 -9.999999999000000000e+09
1.341997332818076529e+03 9.955318885941243368e-01 4.999924166280008200e-03 -9.999999999000000000e+09
1.342008523871228363e+03 1.000372203486527445e+00 4.999924237522808054e-03 -9.999999999000000000e+09
1.342019715017703675e+03 1.000162025595477733e+00 4.999924308747531222e-03 -9.999999999000000000e+09
1.342030906257503148e+03 9.941055199914941021e-01 4.999924379954182908e-03 -9.999999999000000000e+09
1.342042097590627463e+03 9.958513926060020838e-01 4.999924451142772654e-03 -9.999999999000000000e+09
1.342053289017077532e+03 1.000848746292815505e+00 4.999924522313307397e-03 -9.999999999000000000e+09
1.342064480536854035e+03 1.005879268531213677e+00 4.999924593465794077e-03 -9.999999999000000000e+09
1.342075672149957654e+03 1.002769053335807570e+00 4.999924664600239634e-03 -9.999999999000000000e+09
1.342086863856389527e+03 9.951402609291393198e-01 4.999924735716652739e-03 -9.999999999000000000e+09
1.342098055656150109e+03 9.900586717993165031e-01 4.999924806815038598e-03 -9.999999999000000000e+09
1.342109247549240308e+03 1.005944164811173991e+00 4.999924877895405018e-03 -9.999999999000000000e+09
1.342120439535660353e+03 1.000694066488845957e+00 4.999924948957758936e-03 -9.999999999000000000e+09
1.342131631615411834e+03 1.000411976376067047e+00 4.999925020002108159e-03 -9.999999999000000000e+09
1.342142823788495434e+03 9.993591313309712065e-01 4.999925091028461360e-03 -9.999999999000000000e+09
1.342154016054911381e+03 9.956341970353778104e-01 4.999925162036822010e-03 -9.999999999000000000e+09
1.342165208414661038e+03 1.004136134079018472e+00 4.999925233027201384e-03 -9.999999999000000000e+09
1.342176400867744860e+03 9.987614868911723898e-01 4.999925303999602950e-03 -9.999999999000000000e+09
1.342187593414163530e+03 1.002812110013348690e+00 4.999925374954035384e-03 -9.999999999000000000e+09
1.342198786053918411e+03 1.001056086229415776e+00 4.999925445890506491e-03 -9.999999999000000000e+09
1.342209978787009504e+03 1.004942685474855768e+00 4.999925516809023210e-03 -9.999999999000000000e+09
1.342221171613437946e+03 9.987535144295788259e-01 4.999925587709593347e-03 -9.999999999000000000e+09
1.342232364533204645e+03 9.983774434376895268e-01 4.999925658592222107e-03 -9.999999999000000000e+09
1.342243557546310058e+03 9.982079805229816527e-01 4.999925729456917295e-03 -9.999999999000000000e+09
1.342254750652755547e+03 1.000707988168174412e+00 4.999925800303688453e-03 -9.999999999000000000e+09
1.342265943852541113e+03 1.015276120477996535e+00 4.999925871132539050e-03 -9.999999999000000000e+09
1.342277137145667893e+03 9.984443223111970633e-01 4.999925941943478627e-03 -9.999999999000000000e+09
1.342288330532137024e+03 9.992058452543903790e-01 4.999926012736514991e-03 -9.999999999000000000e+09
1.342299524011948733e+03 1.004854058988234433e+00 4.999926083511651610e-03 -9.999999999000000000e+09
1.342310717585103930e+03 9.947043441327668711e-01 4.999926154268898026e-03 -9.999999999000000000e+09
1.342321911251603524e+03 9.925476582981206386e-01 4.999926225008262046e-03 -9.999999999000000000e+09
1.342333105011448424e+03 9.984969817065026954e-01 4.999926295729750607e-03 -9.999999999000000000e+09
1.342344298864639086e+03 9.994240263719036399e-01 4.999926366433368914e-03 -9.999999999000000000e+09
1.342355492811176418e+03 9.994491000496081856e-01 4.999926437119126509e-03 -9.999999999000000000e+09
1.342366686851061331e+03 9.948604775038374370e-01 4.999926507787030329e-03 -9.999999999000000000e+09
1.342377880984294507e+03 1.005448681521200704e+00 4.999926578437083845e-03 -9.999999999000000000e+09
1.342389075210876626e+03 1.000094019127702571e+00 4.999926649069297464e-03 -9.999999999000000000e+09
1.342400269530808600e+03 1.004849814048923262e+00 4.999926719683678994e-03 -9.999999999000000000e+09
1.342411463944090883e+03 9.965748613225280383e-01 4.999926790280233638e-03 -9.999999999000000000e+09
1.342422658450724839e+03 9.972743237269293681e-01 4.999926860858969202e-03 -9.999999999000000000e+09
1.342433853050710923e+03 9.972455637151419472e-01 4.999926931419891758e-03 -9.999999999000000000e+09
1.342445047744049816e+03 9.999148457280724323e-01 4.999927001963010847e-03 -9.999999999000000000e+09
1.342456242530742429e+03 1.000359812200491083e+00 4.999927072488329072e-03 -9.999999999000000000e+09
1.342467437410789444e+03 9.943899020340744022e-01 4.999927142995858574e-03 -9.999999999000000000e+09
1.342478632384191997e+03 1.000926079689089754e+00 4.999927213485603691e-03 -9.999999999000000000e+09
1.342489827450950315e+03 9.994061966455244361e-01 4.999927283957571363e-03 -9.999999999000000000e+09
1.342501022611065309e+03 1.002033459569049878e+00 4.999927354411770261e-03 -9.999999999000000000e+09
1.342512217864538115e+03 1.003017607138422695e+00 4.999927424848206459e-03 -9.999999999000000000e+09
1.342523413211369189e+03 1.001173670306160668e+00 4.999927495266886894e-03 -9.999999999000000000e+09
1.342534608651559438e+03 1.001997687550656879e+00 4.999927565667816771e-03 -9.999999999000000000e+09
1.342545804185109546e+03 9.977789457111351235e-01 4.999927636051006499e-03 -9.999999999000000000e+09
1.342556999812020649e+03 9.998306213611405369e-01 4.999927706416461282e-03 -9.999999999000000000e+09
1.342568195532292975e+03 9.987638755710245286e-01 4.999927776764188925e-03 -9.999999999000000000e+09
1.342579391345927434e+03 9.937035125940959501e-01 4.999927847094195500e-03 -9.999999999000000000e+09
1.342590587252925388e+03 1.001134359277872754e+00 4.999927917406489682e-03 -9.999999999000000000e+09
1.342601783253286612e+03 9.962547142903832587e-01 4.999927987701075806e-03 -9.999999999000000000e+09
1.342612979347012924e+03 1.003049040039570627e+00 4.999928057977962546e-03 -9.999999999000000000e+09
1.342624175534104324e+03 9.950974946210038308e-01 4.999928128237158577e-03 -9.999999999000000000e+09
1.342635371814561722e+03 9.881889169354881597e-01 4.999928198478667367e-03 -9.999999999000000000e+09
1.342646568188386482e+03 9.996632832062408713e-01 4.999928268702497590e-03 -9.999999999000000000e+09
1.342657764655578376e+03 1.001967653914834999e+00 4.999928338908657052e-03 -9.999999999000000000e+09
1.342668961216139451e+03 1.006184033506484887e+00 4.999928409097150958e-03 -9.999999999000000000e+09
1.342680157870069252e+03 1.004146920196937298e+00 4.999928479267988848e-03 -9.999999999000000000e+09
1.342691354617369370e+03 1.001794531635623153e+00 4.999928549421175060e-03 -9.999999999000000000e+09
1.342702551458040034e+03 9.962597439577384195e-01 4.999928619556717399e-03 -9.999999999000000000e+09
1.342713748392082607e+03 9.997539824416801224e-01 4.999928689674623672e-03 -9.999999999000000000e+09
1.342724945419497317e+03 9.999027858251602341e-01 4.999928759774901685e-03 -9.999999999000000000e+09
1.342736142540285300e+03 9.985529114783903148e-01 4.999928829857555775e-03 -9.999999999000000000e+09
1.342747339754447239e+03 1.000318134601684950e+00 4.999928899922593747e-03 -9.999999999000000000e+09
1.342758537061983816e+03 9.989423443876449538e-01 4.999928969970022542e-03 -9.999999999000000000e+09
1.342769734462896167e+03 9.960057636954681159e-01 4.999929039999850833e-03 -9.999999999000000000e+09
1.342780931957184521e+03 9.916457923916185413e-01 4.999929110012084690e-03 -9.999999999000000000e+09
1.342792129544850013e+03 1.007436700542470476e+00 4.999929180006727585e-03 -9.999999999000000000e+09
1.342803327225893327e+03 1.004373393291687400e+00 4.999929249983792526e-03 -9.999999999000000000e+09
1.342814525000315143e+03 9.981084395672615850e-01 4.999929319943281249e-03 -9.999999999000000000e+09
1.342825722868116372e+03 9.966577170560794174e-01 4.999929389885205029e-03 -9.999999999000000000e+09
1.342836920829297924e+03 9.990655764057003729e-01 4.999929459809566469e-03 -9.999999999000000000e+09
1.342848118883860025e+03 9.899028860320324696e-01 4.999929529716376844e-03 -9.999999999000000000e+09
1.342859317031804267e+03 9.984883309189264144e-01 4.999929599605638757e-03 -9.999999999000000000e+09
1.342870515273131105e+03 9.984062879130565227e-01 4.999929669477362615e-03 -9.999999999000000000e+09
1.342881713607840766e+03 9.913488096115814496e-01 4.999929739331553623e-03 -9.999999999000000000e+09
1.342892912035934842e+03 9.975923669133864857e-01 4.999929809168217852e-03 -9.999999999000000000e+09
1.342904110557413560e+03 9.931065123183652199e-01 4.999929878987364844e-03 -9.999999999000000000e+09
1.342915309172277830e+03 9.998296299646037832e-01 4.999929948788998935e-03 -9.999999999000000000e+09
1.342926507880528789e+03 9.947597611984551058e-01 4.999930018573127063e-03 -9.999999999000000000e+09
1.342937706682166890e+03 1.002889515310235957e+00 4.999930088339760506e-03 -9.999999999000000000e+09
1.342948905577192590e+03 1.001408192245326623e+00 4.999930158088900130e-03 -9.999999999000000000e+09
1.342960104565607253e+03 1.001294046203078381e+00 4.999930227820554608e-03 -9.999999999000000000e+09
1.342971303647411332e+03 9.959153498847658215e-01 4.999930297534735217e-03 -9.999999999000000000e+09
1.342982502822605738e+03 1.005764055772158994e+00 4.999930367231442824e-03 -9.999999999000000000e+09
1.342993702091191381e+03 1.005093250011128259e+00 4.999930436910686102e-03 -9.999999999000000000e+09
1.343004901453168941e+03 9.957628728117945416e-01 4.999930506572474592e-03 -9.999999999000000000e+09
1.343016100908538874e+03 9.909011358031234451e-01 4.999930576216811765e-03 -9.999999999000000000e+09
1.343027300457302317e+03 1.001868059982842674e+00 4.999930645843705425e-03 -9.999999999000000000e+09
1.343038500099459952e+03 9.968065936207715083e-01 4.999930715453163380e-03 -9.999999999000000000e+09
1.343049699835012461e+03 9.938079036650671050e-01 4.999930785045192567e-03 -9.999999999000000000e+09
1.343060899663960527e+03 9.997777500907240045e-01 4.999930854619798193e-03 -9.999999999000000000e+09
1.343072099586305512e+03 9.955554029248905312e-01 4.999930924176988929e-03 -9.999999999000000000e+09
1.343083299602047873e+03 9.932757010182976520e-01 4.999930993716769981e-03 -9.999999999000000000e+09
1.343094499711187837e+03 9.918877148760026907e-01 4.999931063239149154e-03 -9.999999999000000000e+09
1.343105699913726994e+03 9.966301220229502045e-01 4.999931132744133387e-03 -9.999999999000000000e+09
1.343116900209665801e+03 9.949386916574265438e-01 4.999931202231727885e-03 -9.999999999000000000e+09
1.343128100599004711e+03 9.989973109247251015e-01 4.999931271701943056e-03 -9.999999999000000000e+09
1.343139301081744861e+03 9.954952421676135366e-01 4.999931341154782369e-03 -9.999999999000000000e+09
1.343150501657887389e+03 1.002742220795240113e+00 4.999931410590252763e-03 -9.999999999000000000e+09
1.343161702327432295e+03 9.965512832764972240e-01 4.999931480008362912e-03 -9.999999999000000000e+09
1.343172903090380714e+03 9.960863440004471547e-01 4.999931549409118887e-03 -9.999999999000000000e+09
1.343184103946733785e+03 1.003653826791260917e+00 4.999931618792526761e-03 -9.999999999000000000e+09
1.343195304896491734e+03 9.889938739779153831e-01 4.999931688158593471e-03 -9.999999999000000000e+09
1.343206505939655472e+03 9.900605441366823189e-01 4.999931757507327691e-03 -9.999999999000000000e+09
1.343217707076226134e+03 9.964085368429357326e-01 4.999931826838732891e-03 -9.999999999000000000e+09
1.343228908306203721e+03 1.005920126264155501e+00 4.999931896152818613e-03 -9.999999999000000000e+09
1.343240109629589824e+03 1.004566309822785719e+00 4.999931965449589191e-03 -9.999999999000000000e+09
1.343251311046385126e+03 9.968273095737847367e-01 4.999932034729054169e-03 -9.999999999000000000e+09
1.343262512556589627e+03 9.908535688680765174e-01 4.999932103991219616e-03 -9.999999999000000000e+09
1.343273714160205145e+03 1.000867218253815194e+00 4.999932173236090738e-03 -9.999999999000000000e+09
1.343284915857231908e+03 1.005556752826869182e+00 4.999932242463675340e-03 -9.999999999000000000e+09
1.343296117647670599e+03 9.957346280134277139e-01 4.999932311673981229e-03 -9.999999999000000000e+09
1.343307319531522353e+03 1.001250742627094681e+00 4.999932380867011875e-03 -9.999999999000000000e+09
1.343318521508787853e+03 9.926095471807846460e-01 4.999932450042777685e-03 -9.999999999000000000e+09
1.343329723579467554e+03 9.934867826737597829e-01 4.999932519201282996e-03 -9.999999999000000000e+09
1.343340925743562366e+03 9.985391827402066989e-01 4.999932588342536482e-03 -9.999999999000000000e+09
1.343352128001073424e+03 1.005142052879364423e+00 4.999932657466544215e-03 -9.999999999000000000e+09
1.343363330352001185e+03 1.004410339166630806e+00 4.999932726573311399e-03 -9.999999999000000000e+09
1.343374532796346557e+03 9.984246318989096203e-01 4.999932795662845840e-03 -9.999999999000000000e+09
1.343385735334109995e+03 1.006663615563588854e+00 4.999932864735154477e-03 -9.999999999000000000e+09
1.343396937965292636e+03 1.000571058622183207e+00 4.999932933790244248e-03 -9.999999999000000000e+09
1.343408140689895390e+03 1.004129262823519664e+00 4.999933002828121226e-03 -9.999999999000000000e+09
1.343419343507918711e+03 9.998337180166491089e-01 4.999933071848793216e-03 -9.999999999000000000e+09
1.343430546419363509e+03 9.987425864941277265e-01 4.999933140852264556e-03 -9.999999999000000000e+09
1.343441749424230466e+03 9.939644085080936442e-01 4.999933209838545653e-03 -9.999999999000000000e+09
1.343452952522520263e+03 1.005352331722242809e+00 4.999933278807639110e-03 -9.999999999000000000e+09
1.343464155714234039e+03 9.996420250605255742e-01 4.999933347759554468e-03 -9.999999999000000000e+09
1.343475358999372474e+03 9.947290291515674676e-01 4.999933416694296931e-03 -9.999999999000000000e+09
1.343486562377936025e+03 9.994790323770414986e-01 4.999933485611875172e-03 -9.999999999000000000e+09
1.343497765849925827e+03 1.000180725015942462e+00 4.999933554512293529e-03 -9.999999999000000000e+09
1.343508969415342563e+03 1.010632372447199057e+00 4.999933623395559808e-03 -9.999999999000000000e+09
1.343520173074186914e+03 1.006689149455018306e+00 4.999933692261680079e-03 -9.999999999000000000e+09
1.343531376826459791e+03 9.983964972368216673e-01 4.999933761110662150e-03 -9.999999999000000000e+09
1.343542580672161876e+03 1.007619419811299766e+00 4.999933829942511225e-03 -9.999999999000000000e+09
1.343553784611293850e+03 1.008448656816150146e+00 4.999933898757234242e-03 -9.999999999000000000e+09
1.343564988643856623e+03 9.948230869838777801e-01 4.999933967554841610e-03 -9.999999999000000000e+09
1.343576192769851104e+03 1.004949828641477527e+00 4.999934036335333329e-03 -9.999999999000000000e+09
1.343587396989277750e+03 9.898499253729191594e-01 4.999934105098719807e-03 -9.999999999000000000e+09
1.343598601302137922e+03 1.002458764879936792e+00 4.999934173845008850e-03 -9.999999999000000000e+09
1.343609805708431622e+03 9.962175092965358525e-01 4.999934242574203928e-03 -9.999999999000000000e+09
1.343621010208160214e+03 9.993705977139137886e-01 4.999934311286315450e-03 -9.999999999000000000e+09
1.343632214801324153e+03 1.001333124950579689e+00 4.999934379981346017e-03 -9.999999999000000000e+09
1.343643419487924348e+03 1.002985435468802144e+00 4.999934448659304302e-03 -9.999999999000000000e+09
1.343654624267961708e+03 1.004509639895024620e+00 4.999934517320198113e-03 -9.999999999000000000e+09
1.343665829141436689e+03 1.004259440589668317e+00 4.999934585964032653e-03 -9.999999999000000000e+09
1.343677034108350426e+03 9.983431410280396712e-01 4.999934654590813127e-03 -9.999999999000000000e+09
1.343688239168703603e+03 1.007404688284069705e+00 4.999934723200549075e-03 -9.999999999000000000e+09
1.343699444322496674e+03 9.955679072198346802e-01 4.999934791793245702e-03 -9.999999999000000000e+09
1.343710649569730776e+03 1.000883561982892189e+00 4.999934860368909079e-03 -9.999999999000000000e+09
1.343721854910406591e+03 9.975287845441670465e-01 4.999934928927546145e-03 -9.999999999000000000e+09
1.343733060344525029e+03 1.000657609949540561e+00 4.999934997469163839e-03 -9.999999999000000000e+09
1.343744265872086316e+03 9.959794244663922047e-01 4.999935065993769967e-03 -9.999999999000000000e+09
1.343755471493091818e+03 9.958683406052322162e-01 4.999935134501368866e-03 -9.999999999000000000e+09
1.343766677207542443e+03 9.946048529974933494e-01 4.999935202991967476e-03 -9.999999999000000000e+09
1.343777883015438420e+03 9.972107851920257726e-01 4.999935271465574468e-03 -9.999999999000000000e+09
1.343789088916780884e+03 1.007688148858808752e+00 4.999935339922193314e-03 -9.999999999000000000e+09
1.343800294911570518e+03 1.005523283384024857e+00 4.999935408361834421e-03 -9.999999999000000000e+09
1.343811500999807777e+03 9.959686487115666509e-01 4.999935476784500392e-03 -9.999999999000000000e+09
1.343822707181494025e+03 1.004589025003613134e+00 4.999935545190199900e-03 -9.999999999000000000e+09
1.343833913456629716e+03 9.995454218119674827e-01 4.999935613578939883e-03 -9.999999999000000000e+09
1.343845119825215761e+03 1.002504287559752072e+00 4.999935681950725547e-03 -9.999999999000000000e+09
1.343856326287252614e+03 9.895089700131399768e-01 4.999935750305563829e-03 -9.999999999000000000e+09
1.343867532842741639e+03 9.901115064911281127e-01 4.999935818643462537e-03 -9.999999999000000000e+09
1.343878739491683291e+03 1.000855981057017896e+00 4.999935886964426007e-03 -9.999999999000000000e+09
1.343889946234078025e+03 1.002288690723792008e+00 4.999935955268462913e-03 -9.999999999000000000e+09
1.343901153069927204e+03 1.012650491544071496e+00 4.999936023555577591e-03 -9.999999999000000000e+09
1.343912359999231057e+03 1.002886012067199406e+00 4.999936091825779583e-03 -9.999999999000000000e+09
1.343923567021990721e+03 9.986164242416247783e-01 4.999936160079073225e-03 -9.999999999000000000e+09
1.343934774138207104e+03 1.001394518725630345e+00 4.999936228315465456e-03 -9.999999999000000000e+09
1.343945981347880434e+03 9.970465520964447714e-01 4.999936296534963215e-03 -9.999999999000000000e+09
1.343957188651012075e+03 9.933075360303255108e-01 4.999936364737571706e-03 -9.999999999000000000e+09
1.343968396047602710e+03 1.006276787040147447e+00 4.999936432923299603e-03 -9.999999999000000000e+09
1.343979603537652793e+03 9.999574638637679369e-01 4.999936501092152111e-03 -9.999999999000000000e+09
1.343990811121163233e+03 9.982627646889423723e-01 4.999936569244136167e-03 -9.999999999000000000e+09
1.344002018798134714e+03 1.000101341724121795e+00 4.999936637379258711e-03 -9.999999999000000000e+09
1.344013226568568371e+03 9.960164594045073372e-01 4.999936705497524080e-03 -9.999999999000000000e+09
1.344024434432464886e+03 1.002526768855523498e+00 4.999936773598940946e-03 -9.999999999000000000e+09
1.344035642389824716e+03 9.962268172914547915e-01 4.999936841683514516e-03 -9.999999999000000000e+09
1.344046850440648768e+03 9.973698042348128068e-01 4.999936909751250859e-03 -9.999999999000000000e+09
1.344058058584938181e+03 9.996019115334161542e-01 4.999936977802159517e-03 -9.999999999000000000e+09
1.344069266822693407e+03 9.993351184488301620e-01 4.999937045836244827e-03 -9.999999999000000000e+09
1.344080475153915131e+03 9.999837187428691765e-01 4.999937113853513727e-03 -9.999999999000000000e+09
1.344091683578604261e+03 1.008535553980657085e+00 4.999937181853970555e-03 -9.999999999000000000e+09
1.344102892096761707e+03 9.991159938998447343e-01 4.999937249837624852e-03 -9.999999999000000000e+09
1.344114100708388150e+03 9.936529025724303299e-01 4.999937317804481821e-03 -9.999999999000000000e+09
1.344125309413484501e+03 1.007967612842498362e+00 4.999937385754547534e-03 -9.999999999000000000e+09
1.344136518212050987e+03 9.946853048968267164e-01 4.999937453687829797e-03 -9.999999999000000000e+09
1.344147727104089199e+03 9.983257732010739627e-01 4.999937521604333815e-03 -9.999999999000000000e+09
1.344158936089599138e+03 1.001831299592167213e+00 4.999937589504066526e-03 -9.999999999000000000e+09
1.344170145168582167e+03 9.894714101877049028e-01 4.999937657387032268e-03 -9.999999999000000000e+09
1.344181354341038968e+03 9.979600827599734991e-01 4.999937725253241448e-03 -9.999999999000000000e+09
1.344192563606969770e+03 9.972657187561949632e-01 4.999937793102698404e-03 -9.999999999000000000e+09
1.344203772966376164e+03 9.980497506380429096e-01 4.999937860935410074e-03 -9.999999999000000000e+09
1.344214982419258376e+03 9.945401827706750186e-01 4.999937928751380795e-03 -9.999999999000000000e+09
1.344226191965617545e+03 1.005578792818970335e+00 4.999937996550620975e-03 -9.999999999000000000e+09
1.344237401605454352e+03 1.006885671240157487e+00 4.999938064333133217e-03 -9.999999999000000000e+09
1.344248611338769251e+03 9.973123944854933587e-01 4.999938132098926194e-03 -9.999999999000000000e+09
1.344259821165563153e+03 9.992900922442400358e-01 4.999938199848005110e-03 -9.999999999000000000e+09
1.344271031085837194e+03 9.979643592358139470e-01 4.999938267580376905e-03 -9.999999999000000000e+09
1.344282241099591829e+03 9.903173936255121879e-01 4.999938335296048517e-03 -9.999999999000000000e+09
1.344293451206827967e+03 9.971934863302435170e-01 4.999938402995026017e-03 -9.999999999000000000e+09
1.344304661407546291e+03 9.958416132995057124e-01 4.999938470677316345e-03 -9.999999999000000000e+09
1.344315871701747483e+03 9.993046722439355989e-01 4.999938538342923837e-03 -9.999999999000000000e+09
1.344327082089432679e+03 9.942236620129697444e-01 4.999938605991855432e-03 -9.999999999000000000e+09
1.344338292570602334e+03 1.000728749038918508e+00 4.999938673624119805e-03 -9.999999999000000000e+09
1.344349503145257358e+03 1.003298541712852376e+00 4.999938741239722158e-03 -9.999999999000000000e+09
1.344360713813398661e+03 9.967922678114795598e-01 4.999938808838668564e-03 -9.999999999000000000e+09
1.344371924575026924e+03 9.977113073075896121e-01 4.999938876420965093e-03 -9.999999999000000000e+09
1.344383135430142374e+03 9.996835310095871785e-01 4.999938943986618686e-03 -9.999999999000000000e+09
1.344394346378746604e+03 1.001089660977945384e+00 4.999939011535635414e-03 -9.999999999000000000e+09
1.344405557420840296e+03 1.002737738709257309e+00 4.999939079068020480e-03 -9.999999999000000000e+09
1.344416768556423676e+03 1.004775174056030007e+00 4.999939146583783425e-03 -9.999999999000000000e+09
1.344427979785497882e+03 9.915183937236049516e-01 4.999939214082929455e-03 -9.999999999000000000e+09
1.344439191108064051e+03 1.002292670180172873e+00 4.999939281565462038e-03 -9.999999999000000000e+09
1.344450402524122183e+03 9.950946892353501605e-01 4.999939349031390715e-03 -9.999999999000000000e+09
1.344461614033673868e+03 1.002820753577182256e+00 4.999939416480721557e-03 -9.999999999000000000e+09
1.344472825636719108e+03 9.959371050459537855e-01 4.999939483913458903e-03 -9.999999999000000000e+09
1.344484037333259266e+03 1.000112329101928932e+00 4.999939551329612292e-03 -9.999999999000000000e+09
1.344495249123294798e+03 1.010110919172855226e+00 4.999939618729183459e-03 -9.999999999000000000e+09
1.344506461006826612e+03 9.996310514046863327e-01 4.999939686112182813e-03 -9.999999999000000000e+09
1.344517672983855391e+03 1.007687147078262679e+00 4.999939753478616425e-03 -9.999999999000000000e+09
1.344528885054382044e+03 9.972845920608817138e-01 4.999939820828487765e-03 -9.999999999000000000e+09
1.344540097218407482e+03 1.000578957232931776e+00 4.999939888161806373e-03 -9.999999999000000000e+09
1.344551309475932158e+03 1.016147820901553533e+00 4.999939955478576586e-03 -9.999999999000000000e+09
1.344562521826956981e+03 9.938029289192428228e-01 4.999940022778805344e-03 -9.999999999000000000e+09
1.344573734271482635e+03 1.003929441303875736e+00 4.999940090062497851e-03 -9.999999999000000000e+09
1.344584946809510029e+03 1.005079979521102063e+00 4.999940157329663647e-03 -9.999999999000000000e+09
1.344596159441040299e+03 9.946678808633023783e-01 4.999940224580306201e-03 -9.999999999000000000e+09
1.344607372166073446e+03 1.005904950945314402e+00 4.999940291814431587e-03 -9.999999999000000000e+09
1.344618584984610607e+03 1.005461526093990754e+00 4.999940359032047608e-03 -9.999999999000000000e+09
1.344629797896652917e+03 9.954396684045465626e-01 4.999940426233160339e-03 -9.999999999000000000e+09
1.344641010902200833e+03 9.973780335608568581e-01 4.999940493417774981e-03 -9.999999999000000000e+09
1.344652224001254808e+03 9.996853167750580083e-01 4.999940560585898475e-03 -9.999999999000000000e+09
1.344663437193816208e+03 1.001395573148240681e+00 4.999940627737537759e-03 -9.999999999000000000e+09
1.344674650479885713e+03 9.989798981951646395e-01 4.999940694872698037e-03 -9.999999999000000000e+09
1.344685863859463780e+03 9.927645398806855814e-01 4.999940761991386248e-03 -9.999999999000000000e+09
1.344697077332551544e+03 1.004150737472589761e+00 4.999940829093610199e-03 -9.999999999000000000e+09
1.344708290899149233e+03 1.007384805653632753e+00 4.999940896179372492e-03 -9.999999999000000000e+09
1.344719504559258212e+03 9.977393250281944015e-01 4.999940963248681799e-03 -9.999999999000000000e+09
1.344730718312878935e+03 9.933203935661572004e-01 4.999941030301545061e-03 -9.999999999000000000e+09
1.344741932160012539e+03 1.005766724519308264e+00 4.999941097337966614e-03 -9.999999999000000000e+09
1.344753146100659478e+03 9.970158835113329676e-01 4.999941164357952529e-03 -9.999999999000000000e+09
1.344764360134820436e+03 1.003595104952395678e+00 4.999941231361511480e-03 -9.999999999000000000e+09
1.344775574262496775e+03 1.002490788707452118e+00 4.999941298348649539e-03 -9.999999999000000000e+09
1.344786788483688724e+03 1.004237873733844211e+00 4.999941365319370175e-03 -9.999999999000000000e+09
1.344798002798396965e+03 1.004338033357851767e+00 4.999941432273682061e-03 -9.999999999000000000e+09
1.344809217206622634e+03 9.956598257860955759e-01 4.999941499211589535e-03 -9.999999999000000000e+09
1.344820431708366414e+03 9.981860760051137760e-01 4.999941566133101270e-03 -9.999999999000000000e+09
1.344831646303629213e+03 1.002684030227037892e+00 4.999941633038221603e-03 -9.999999999000000000e+09
1.344842860992411488e+03 1.004716024677643205e+00 4.999941699926956605e-03 -9.999999999000000000e+09
1.344854075774714374e+03 1.001425974372918359e+00 4.999941766799314083e-03 -9.999999999000000000e+09
1.344865290650538100e+03 1.003747655106590919e+00 4.999941833655299241e-03 -9.999999999000000000e+09
1.344876505619884256e+03 1.004280950967165964e+00 4.999941900494919017e-03 -9.999999999000000000e+09
1.344887720682753070e+03 9.975447259060337135e-01 4.999941967318179484e-03 -9.999999999000000000e+09
1.344898935839145224e+03 9.990754278038719294e-01 4.999942034125084110e-03 -9.999999999000000000e+09
1.344910151089062083e+03 9.965595554216309937e-01 4.999942100915643305e-03 -9.999999999000000000e+09
1.344921366432503874e+03 9.940057066941168085e-01 4.999942167689860537e-03 -9.999999999000000000e+09
1.344932581869471505e+03 1.003156092018384182e+00 4.999942234447742745e-03 -9.999999999000000000e+09
1.344943797399965888e+03 9.978601271893747793e-01 4.999942301189297736e-03 -9.999999999000000000e+09
1.344955013023987703e+03 1.002735038072829932e+00 4.999942367914528979e-03 -9.999999999000000000e+09
1.344966228741537634e+03 9.999319350866398004e-01 4.999942434623444280e-03 -9.999999999000000000e+09
1.344977444552616589e+03 1.005865387765671581e+00 4.999942501316050579e-03 -9.999999999000000000e+09
1.344988660457225706e+03 1.003940551800609038e+00 4.999942567992351344e-03 -9.999999999000000000e+09
1.344999876455364983e+03 1.002076869588321095e+00 4.999942634652355250e-03 -9.999999999000000000e+09
1.345011092547035787e+03 9.983391909256004171e-01 4.999942701296069235e-03 -9.999999999000000000e+09
1.345022308732238798e+03 1.003600353929599676e+00 4.999942767923495901e-03 -9.999999999000000000e+09
1.345033525010974699e+03 1.000105111173562156e+00 4.999942834534643922e-03 -9.999999999000000000e+09
1.345044741383244173e+03 1.002339346734586689e+00 4.999942901129517635e-03 -9.999999999000000000e+09
1.345055957849048127e+03 9.983979825940477726e-01 4.999942967708126580e-03 -9.999999999000000000e+09
1.345067174408387473e+03 9.965327334476916654e-01 4.999943034270474228e-03 -9.999999999000000000e+09
1.345078391061262892e+03 1.000917708945071372e+00 4.999943100816565782e-03 -9.999999999000000000e+09
1.345089607807674838e+03 1.001322745505135225e+00 4.999943167346409915e-03 -9.999999999000000000e+09
1.345100824647624449e+03 1.007790406284508666e+00 4.999943233860012701e-03 -9.999999999000000000e+09
1.345112041581112635e+03 9.983915460819898779e-01 4.999943300357378474e-03 -9.999999999000000000e+09
1.345123258608139849e+03 9.995596994886520870e-01 4.999943366838514175e-03 -9.999999999000000000e+09
1.345134475728707230e+03 9.929876094650671448e-01 4.999943433303426742e-03 -9.999999999000000000e+09
1.345145692942815231e+03 1.003501959950324540e+00 4.999943499752121379e-03 -9.999999999000000000e+09
1.345156910250464534e+03 1.000870565690998415e+00 4.999943566184604157e-03 -9.999999999000000000e+09
1.345168127651656278e+03 1.001982936533843072e+00 4.999943632600882884e-03 -9.999999999000000000e+09
1.345179345146391142e+03 9.951332112243531647e-01 4.999943699000961896e-03 -9.999999999000000000e+09
1.345190562734669584e+03 1.000356629486845339e+00 4.999943765384847263e-03 -9.999999999000000000e+09
1.345201780416492966e+03 9.991470246527968113e-01 4.999943831752545927e-03 -9.999999999000000000e+09
1.345212998191861516e+03 9.931873354119772346e-01 4.999943898104062222e-03 -9.999999999000000000e+09
1.345224216060776143e+03 1.001022319090770107e+00 4.999943964439404823e-03 -9.999999999000000000e+09
1.345235434023237758e+03 1.004856321780515982e+00 4.999944030758579801e-03 -9.999999999000000000e+09
1.345246652079247497e+03 1.001750418674655085e+00 4.999944097061591493e-03 -9.999999999000000000e+09
1.345257870228805359e+03 1.008172574302871993e+00 4.999944163348445970e-03 -9.999999999000000000e+09
1.345269088471912710e+03 9.936555495608844213e-01 4.999944229619151907e-03 -9.999999999000000000e+09
1.345280306808570003e+03 1.001047167015773454e+00 4.999944295873711905e-03 -9.999999999000000000e+09
1.345291525238778149e+03 9.978625239227600918e-01 4.999944362112133771e-03 -9.999999999000000000e+09
1.345302743762538057e+03 9.954219287232661806e-01 4.999944428334425310e-03 -9.999999999000000000e+09
1.345313962379850409e+03 9.910337833021775067e-01 4.999944494540589125e-03 -9.999999999000000000e+09
1.345325181090715660e+03 1.001976533444053574e+00 4.999944560730634757e-03 -9.999999999000000000e+09
1.345336399895135401e+03 1.002723531878253249e+00 4.999944626904563073e-03 -9.999999999000000000e+09
1.345347618793109632e+03 1.006977364141578679e+00 4.999944693062387084e-03 -9.999999999000000000e+09
1.345358837784639263e+03 1.003883820842176755e+00 4.999944759204107657e-03 -9.999999999000000000e+09
1.345370056869725431e+03 9.944626123081605762e-01 4.999944825329734333e-03 -9.999999999000000000e+09
1.345381276048368591e+03 9.949360550621825228e-01 4.999944891439269713e-03 -9.999999999000000000e+09
1.345392495320569424e+03 9.995408893433506137e-01 4.999944957532722473e-03 -9.999999999000000000e+09
1.345403714686329295e+03 9.926944930373265974e-01 4.999945023610097815e-03 -9.999999999000000000e+09
1.345414934145648431e+03 9.987856109957228279e-01 4.999945089671400944e-03 -9.999999999000000000e+09
1.345426153698527969e+03 1.001804030541706636e+00 4.999945155716640534e-03 -9.999999999000000000e+09
1.345437373344968137e+03 1.001515211386317494e+00 4.999945221745818319e-03 -9.999999999000000000e+09
1.345448593084970298e+03 9.956889276809373079e-01 4.999945287758945575e-03 -9.999999999000000000e+09
1.345459812918534908e+03 9.961043118028758414e-01 4.999945353756024037e-03 -9.999999999000000000e+09
1.345471032845663103e+03 9.974025436329346794e-01 4.999945419737061511e-03 -9.999999999000000000e+09
1.345482252866355111e+03 1.001107317158695054e+00 4.999945485702064069e-03 -9.999999999000000000e+09
1.345493472980612296e+03 1.001408248096633757e+00 4.999945551651036914e-03 -9.999999999000000000e+09
1.345504693188435112e+03 9.981507077513939175e-01 4.999945617583987853e-03 -9.999999999000000000e+09
1.345515913489824243e+03 9.974674187790936175e-01 4.999945683500921223e-03 -9.999999999000000000e+09
1.345527133884780824e+03 9.936660871650645488e-01 4.999945749401843963e-03 -9.999999999000000000e+09
1.345538354373305083e+03 1.000226126044243546e+00 4.999945815286760409e-03 -9.999999999000000000e+09
1.345549574955398612e+03 9.993262853690250136e-01 4.999945881155679235e-03 -9.999999999000000000e+09
1.345560795631061410e+03 1.000891572721817946e+00 4.999945947008603911e-03 -9.999999999000000000e+09
1.345572016400294615e+03 1.005961197441725297e+00 4.999946012845543977e-03 -9.999999999000000000e+09
1.345583237263099136e+03 9.957480328868899555e-01 4.999946078666500301e-03 -9.999999999000000000e+09
1.345594458219475428e+03 1.003399808670729199e+00 4.999946144471484159e-03 -9.999999999000000000e+09
1.345605679269424400e+03 9.900861976037841350e-01 4.999946210260499020e-03 -9.999999999000000000e+09
1.345616900412946734e+03 9.935632545627809398e-01 4.999946276033547486e-03 -9.999999999000000000e+09
1.345628121650043568e+03 1.003859928322403672e+00 4.999946341790641700e-03 -9.999999999000000000e+09
1.345639342980715355e+03 9.924166501166266086e-01 4.999946407531785132e-03 -9.999999999000000000e+09
1.345650564404963006e+03 9.972631445997235389e-01 4.999946473256982986e-03 -9.999999999000000000e+09
1.345661785922786976e+03 9.913257443016590953e-01 4.999946538966241333e-03 -9.999999999000000000e+09
1.345673007534188855e+03 9.994537401416012656e-01 4.999946604659566245e-03 -9.999999999000000000e+09
1.345684229239168417e+03 9.941082485847738681e-01 4.999946670336966395e-03 -9.999999999000000000e+09
1.345695451037727253e+03 1.006731441520027470e+00 4.999946735998442651e-03 -9.999999999000000000e+09
1.345706672929865817e+03 1.003196019628903368e+00 4.999946801644004554e-03 -9.999999999000000000e+09
1.345717894915584793e+03 9.964765160979127678e-01 4.999946867273658176e-03 -9.999999999000000000e+09
1.345729116994884862e+03 1.001358343396049344e+00 4.999946932887409587e-03 -9.999999999000000000e+09
1.345740339167767161e+03 9.976052123008094519e-01 4.999946998485262258e-03 -9.999999999000000000e+09
1.345751561434232372e+03 9.949000881808597319e-01 4.999947064067223994e-03 -9.999999999000000000e+09
1.345762783794281177e+03 9.962530810357457245e-01 4.999947129633300867e-03 -9.999999999000000000e+09
1.345774006247914485e+03 9.948347777978322481e-01 4.999947195183496347e-03 -9.999999999000000000e+09
1.345785228795132753e+03 9.954364559335179274e-01 4.999947260717820842e-03 -9.999999999000000000e+09
1.345796451435937115e+03 9.933447112279235602e-01 4.999947326236275219e-03 -9.999999999000000000e+09
1.345807674170328482e+03 9.931612972390992944e-01 4.999947391738870754e-03 -9.999999999000000000e+09
1.345818896998307082e+03 1.004720798542731774e+00 4.999947457225610049e-03 -9.999999999000000000e+09
1.345830119919873823e+03 1.001908380722153824e+00 4.999947522696498309e-03 -9.999999999000000000e+09
1.345841342935029843e+03 1.000094358224472124e+00 4.999947588151544206e-03 -9.999999999000000000e+09
1.345852566043775823e+03 1.000777041689983049e+00 4.999947653590751211e-03 -9.999999999000000000e+09
1.345863789246112447e+03 1.003035799048118237e+00 4.999947719014127129e-03 -9.999999999000000000e+09
1.345875012542040395e+03 9.922216375451995418e-01 4.999947784421677165e-03 -9.999999999000000000e+09
1.345886235931560805e+03 1.002322075199256091e+00 4.999947849813406522e-03 -9.999999999000000000e+09
1.345897459414673904e+03 9.897156552814554420e-01 4.999947915189322141e-03 -9.999999999000000000e+09
1.345908682991380829e+03 1.002798523861403224e+00 4.999947980549427490e-03 -9.999999999000000000e+09
1.345919906661682489e+03 1.008274540496119309e+00 4.999948045893732977e-03 -9.999999999000000000e+09
1.345931130425579340e+03 1.005660131676714197e+00 4.999948111222241205e-03 -9.999999999000000000e+09
1.345942354283072291e+03 9.972790022632297413e-01 4.999948176534959113e-03 -9.999999999000000000e+09
1.345953578234162251e+03 1.000206743652962471e+00 4.999948241831891904e-03 -9.999999999000000000e+09
1.345964802278849902e+03 9.969149910245347357e-01 4.999948307113045651e-03 -9.999999999000000000e+09
1.345976026417135927e+03 9.934568682721545141e-01 4.999948372378427291e-03 -9.999999999000000000e+09
1.345987250649021234e+03 9.988186574662759609e-01 4.999948437628041163e-03 -9.999999999000000000e+09
1.345998474974506280e+03 1.007182112997009105e+00 4.999948502861895072e-03 -9.999999999000000000e+09
1.346009699393592427e+03 9.996236316686221146e-01 4.999948568079992488e-03 -9.999999999000000000e+09
1.346020923906280132e+03 9.986949373894269399e-01 4.999948633282341216e-03 -9.999999999000000000e+09
1.346032148512570075e+03 9.919310952301205742e-01 4.999948698468945595e-03 -9.999999999000000000e+09
1.346043373212463166e+03 1.001880855008944637e+00 4.999948763639814296e-03 -9.999999999000000000e+09
1.346054598005960543e+03 9.958046551452196526e-01 4.999948828794949923e-03 -9.999999999000000000e+09
1.346065822893062204e+03 9.968261015758409505e-01 4.999948893934359415e-03 -9.999999999000000000e+09
1.346077047873769288e+03 1.005461762157457084e+00 4.999948959058047974e-03 -9.999999999000000000e+09
1.346088272948082931e+03 9.916289213485669496e-01 4.999949024166024276e-03 -9.999999999000000000e+09
1.346099498116003588e+03 1.016570946201688086e+00 4.999949089258291790e-03 -9.999999999000000000e+09
1.346110723377531940e+03 1.002154513140387948e+00 4.999949154334855719e-03 -9.999999999000000000e+09
1.346121948732668898e+03 9.968343657747239517e-01 4.999949219395723871e-03 -9.999999999000000000e+09
1.346133174181415370e+03 1.002812650648593484e+00 4.999949284440901448e-03 -9.999999999000000000e+09
1.346144399723771812e+03 9.952315545769548910e-01 4.999949349470393656e-03 -9.999999999000000000e+09
1.346155625359739588e+03 1.002327431530463553e+00 4.999949414484208300e-03 -9.999999999000000000e+09
1.346166851089318698e+03 9.932500633660348299e-01 4.999949479482347116e-03 -9.999999999000000000e+09
1.346178076912510278e+03 9.968770783627876053e-01 4.999949544464819644e-03 -9.999999999000000000e+09
1.346189302829315466e+03 9.967433497999541592e-01 4.999949609431630221e-03 -9.999999999000000000e+09
1.346200528839734716e+03 1.001912111830733032e+00 4.999949674382784919e-03 -9.999999999000000000e+09
1.346211754943768483e+03 1.000872378367068993e+00 4.999949739318291543e-03 -9.999999999000000000e+09
1.346222981141418131e+03 1.006905583368002732e+00 4.999949804238151829e-03 -9.999999999000000000e+09
1.346234207432684116e+03 1.004857644529882021e+00 4.999949869142373583e-03 -9.999999999000000000e+09
1.346245433817567118e+03 9.991838630171477886e-01 4.999949934030962877e-03 -9.999999999000000000e+09
1.346256660296068503e+03 1.010779863788588750e+00 4.999949998903926648e-03 -9.999999999000000000e+09
1.346267886868188270e+03 1.000415871574478199e+00 4.999950063761269235e-03 -9.999999999000000000e+09
1.346279113533927784e+03 1.000278679352408329e+00 4.999950128602994974e-03 -9.999999999000000000e+09
1.346290340293287500e+03 9.935478059011050300e-01 4.999950193429113406e-03 -9.999999999000000000e+09
1.346301567146268326e+03 1.000269195993942040e+00 4.999950258239628867e-03 -9.999999999000000000e+09
1.346312794092871172e+03 9.962435727830207810e-01 4.999950323034545695e-03 -9.999999999000000000e+09
1.346324021133096494e+03 9.995722642079855058e-01 4.999950387813870828e-03 -9.999999999000000000e+09
1.346335248266945428e+03 1.002480433671645299e+00 4.999950452577607736e-03 -9.999999999000000000e+09
1.346346475494418428e+03 9.982409512234143856e-01 4.999950517325765960e-03 -9.999999999000000000e+09
1.346357702815516632e+03 1.001397472260238342e+00 4.999950582058349836e-03 -9.999999999000000000e+09
1.346368930230240267e+03 9.935201845873841142e-01 4.999950646775364570e-03 -9.999999999000000000e+09
1.346380157738590697e+03 1.005893995783306849e+00 4.999950711476816231e-03 -9.999999999000000000e+09
1.346391385340568377e+03 9.985767669192039397e-01 4.999950776162708291e-03 -9.999999999000000000e+09
1.346402613036174216e+03 9.937472137404457229e-01 4.999950840833052024e-03 -9.999999999000000000e+09
1.346413840825408897e+03 1.011649987417282182e+00 4.999950905487849165e-03 -9.999999999000000000e+09
1.346425068708273557e+03 9.950833365924892648e-01 4.999950970127106653e-03 -9.999999999000000000e+09
1.346436296684768422e+03 9.968585554844104912e-01 4.999951034750828825e-03 -9.999999999000000000e+09
1.346447524754894630e+03 1.003816402043672840e+00 4.999951099359023488e-03 -9.999999999000000000e+09
1.346458752918652863e+03 9.995985980294634921e-01 4.999951163951694109e-03 -9.999999999000000000e+09
1.346469981176043575e+03 1.001236752086122506e+00 4.999951228528847630e-03 -9.999999999000000000e+09
1.346481209527068359e+03 9.966032506256380374e-01 4.999951293090490988e-03 -9.999999999000000000e+09
1.346492437971727213e+03 1.009679449924931971e+00 4.999951357636630254e-03 -9.999999999000000000e+09
1.346503666510021276e+03 1.002467048206249878e+00 4.999951422167268032e-03 -9.999999999000000000e+09
1.346514895141951456e+03 1.003065590017984565e+00 4.999951486682410393e-03 -9.999999999000000000e+09
1.346526123867517981e+03 9.984843278350484796e-01 4.999951551182066876e-03 -9.999999999000000000e+09
1.346537352686722215e+03 9.928397277617106997e-01 4.999951615666240086e-03 -9.999999999000000000e+09
1.346548581599564841e+03 1.000727366841099419e+00 4.999951680134936093e-03 -9.999999999000000000e+09
1.346559810606046312e+03 1.002835937864492433e+00 4.999951744588160100e-03 -9.999999999000000000e+09
1.346571039706167767e+03 1.001095984131026961e+00 4.999951809025920783e-03 -9.999999999000000000e+09
1.346582268899929659e+03 9.977095959414848947e-01 4.999951873448221611e-03 -9.999999999000000000e+09
1.346593498187333125e+03 1.000407907338117797e+00 4.999951937855066919e-03 -9.999999999000000000e+09
1.346604727568378621e+03 9.960149430066532750e-01 4.999952002246463648e-03 -9.999999999000000000e+09
1.346615957043067283e+03 9.964389229773064072e-01 4.999952066622419602e-03 -9.999999999000000000e+09
1.346627186611399338e+03 9.988963109876533020e-01 4.999952130982937386e-03 -9.999999999000000000e+09
1.346638416273376379e+03 1.002989553342541251e+00 4.999952195328023936e-03 -9.999999999000000000e+09
1.346649646028998404e+03 9.994144091716660183e-01 4.999952259657685326e-03 -9.999999999000000000e+09
1.346660875878266552e+03 9.920728463080895621e-01 4.999952323971926758e-03 -9.999999999000000000e+09
1.346672105821181731e+03 9.999443531590926915e-01 4.999952388270754305e-03 -9.999999999000000000e+09
1.346683335857744396e+03 9.938985504695657669e-01 4.999952452554174039e-03 -9.999999999000000000e+09
1.346694565987955230e+03 1.005468866473521850e+00 4.999952516822189427e-03 -9.999999999000000000e+09
1.346705796211815596e+03 9.958663660547470986e-01 4.999952581074808278e-03 -9.999999999000000000e+09
1.346717026529325949e+03 1.002999924391938746e+00 4.999952645312037529e-03 -9.999999999000000000e+09
1.346728256940486972e+03 1.004664468775917863e+00 4.999952709533880650e-03 -9.999999999000000000e+09
1.346739487445299574e+03 1.009814323577502115e+00 4.999952773740343713e-03 -9.999999999000000000e+09
1.346750718043764664e+03 9.990243009116455131e-01 4.999952837931431922e-03 -9.999999999000000000e+09
1.346761948735882470e+03 9.997880743763926104e-01 4.999952902107149613e-03 -9.999999999000000000e+09
1.346773179521654583e+03 1.003416265136185537e+00 4.999952966267507196e-03 -9.999999999000000000e+09
1.346784410401081232e+03 9.993202176847465479e-01 4.999953030412505536e-03 -9.999999999000000000e+09
1.346795641374163324e+03 1.003031785538464282e+00 4.999953094542153309e-03 -9.999999999000000000e+09
1.346806872440901543e+03 1.001826241384885519e+00 4.999953158656455718e-03 -9.999999999000000000e+09
1.346818103601296798e+03 1.009072358082130361e+00 4.999953222755415365e-03 -9.999999999000000000e+09
1.346829334855349998e+03 9.972854582337075113e-01 4.999953286839040924e-03 -9.999999999000000000e+09
1.346840566203061599e+03 1.002434013053553175e+00 4.999953350907339333e-03 -9.999999999000000000e+09
1.346851797644432736e+03 9.961247618856038377e-01 4.999953414960312328e-03 -9.999999999000000000e+09
1.346863029179463865e+03 9.954294794006784963e-01 4.999953478997968583e-03 -9.999999999000000000e+09
1.346874260808156123e+03 9.981798898790141816e-01 4.999953543020313300e-03 -9.999999999000000000e+09
1.346885492530509964e+03 1.004432207832311130e+00 4.999953607027349083e-03 -9.999999999000000000e+09
1.346896724346526298e+03 1.000520884905887309e+00 4.999953671019085472e-03 -9.999999999000000000e+09
1.346907956256205807e+03 9.958399010269770590e-01 4.999953734995526804e-03 -9.999999999000000000e+09
1.346919188259549401e+03 9.951106204309233538e-01 4.999953798956677416e-03 -9.999999999000000000e+09
1.346930420356557761e+03 1.002276392198256261e+00 4.999953862902545114e-03 -9.999999999000000000e+09
1.346941652547232025e+03 1.004380867801693222e+00 4.999953926833134235e-03 -9.999999999000000000e+09
1.346952884831572419e+03 1.003185689903799638e+00 4.999953990748449983e-03 -9.999999999000000000e+09
1.346964117209579854e+03 1.001529205983876958e+00 4.999954054648499298e-03 -9.999999999000000000e+09
1.346975349681255238e+03 1.014732392234893421e+00 4.999954118533285648e-03 -9.999999999000000000e+09
1.346986582246599482e+03 9.989911286913670807e-01 4.999954182402816839e-03 -9.999999999000000000e+09
1.346997814905613495e+03 1.013291017984518039e+00 4.999954246257098077e-03 -9.999999999000000000e+09
1.347009047658297504e+03 1.010105565533861993e+00 4.999954310096133697e-03 -9.999999999000000000e+09
1.347020280504652646e+03 9.999283634922193631e-01 4.999954373919931506e-03 -9.999999999000000000e+09
1.347031513444679831e+03 9.975182983332835374e-01 4.999954437728494107e-03 -9.999999999000000000e+09
1.347042746478379286e+03 1.003980903496470845e+00 4.999954501521830172e-03 -9.999999999000000000e+09
1.347053979605752374e+03 9.995019300224334824e-01 4.999954565299942304e-03 -9.999999999000000000e+09
1.347065212826799552e+03 9.952344375683167543e-01 4.999954629062837441e-03 -9.999999999000000000e+09
1.347076446141521956e+03 1.003232646339303313e+00 4.999954692810523391e-03 -9.999999999000000000e+09
1.347087679549920040e+03 9.987269209294380445e-01 4.999954756543001887e-03 -9.999999999000000000e+09
1.347098913051994487e+03 9.971529565111038051e-01 4.999954820260281603e-03 -9.999999999000000000e+09
1.347110146647746433e+03 1.000010729730293813e+00 4.999954883962366009e-03 -9.999999999000000000e+09
1.347121380337176561e+03 9.981071350462952241e-01 4.999954947649260309e-03 -9.999999999000000000e+09
1.347132614120285325e+03 1.009472957934098636e+00 4.999955011320971442e-03 -9.999999999000000000e+09
1.347143847997073863e+03 1.014199017721297613e+00 4.999955074977506346e-03 -9.999999999000000000e+09
1.347155081967542628e+03 9.997935469689346322e-01 4.999955138618868491e-03 -9.999999999000000000e+09
1.347166316031692986e+03 1.000749765168997163e+00 4.999955202245063950e-03 -9.999999999000000000e+09
1.347177550189525391e+03 1.000268656999532046e+00 4.999955265856097057e-03 -9.999999999000000000e+09
1.347188784441040070e+03 1.003520282725518520e+00 4.999955329451975621e-03 -9.999999999000000000e+09
1.347200018786238843e+03 9.988157751133521778e-01 4.999955393032703976e-03 -9.999999999000000000e+09
1.347211253225121709e+03 9.999738171139915810e-01 4.999955456598288196e-03 -9.999999999000000000e+09
1.347222487757690033e+03 9.933331972524253040e-01 4.999955520148731750e-03 -9.999999999000000000e+09
1.347233722383944041e+03 9.948407427318919360e-01 4.999955583684042443e-03 -9.999999999000000000e+09
1.347244957103884417e+03 1.007311946663856483e+00 4.999955647204227215e-03 -9.999999999000000000e+09
1.347256191917512751e+03 9.864808014005946868e-01 4.999955710709288667e-03 -9.999999999000000000e+09
1.347267426824829045e+03 1.002730507166750051e+00 4.999955774199232872e-03 -9.999999999000000000e+09
1.347278661825834433e+03 1.002813901826264065e+00 4.999955837674063298e-03 -9.999999999000000000e+09
1.347289896920529827e+03 9.964481848265980268e-01 4.999955901133792090e-03 -9.999999999000000000e+09
1.347301132108915908e+03 9.963329115187987695e-01 4.999955964578419246e-03 -9.999999999000000000e+09
1.347312367390993131e+03 9.982297572336850111e-01 4.999956028007950838e-03 -9.999999999000000000e+09
1.347323602766762633e+03 1.005370315278850235e+00 4.999956091422393806e-03 -9.999999999000000000e+09
1.347334838236224869e+03 9.933553654682049094e-01 4.999956154821753353e-03 -9.999999999000000000e+09
1.347346073799381202e+03 1.000144372391664538e+00 4.999956218206032948e-03 -9.999999999000000000e+09
1.347357309456231860e+03 9.938690585314001735e-01 4.999956281575240399e-03 -9.999999999000000000e+09
1.347368545206777753e+03 1.004814527132404489e+00 4.999956344929381777e-03 -9.999999999000000000e+09
1.347379781051019563e+03 9.973071871469033622e-01 4.999956408268460550e-03 -9.999999999000000000e+09
1.347391016988958654e+03 9.914366436249615333e-01 4.999956471592484526e-03 -9.999999999000000000e+09
1.347402253020595026e+03 1.001730690595244111e+00 4.999956534901455439e-03 -9.999999999000000000e+09
1.347413489145930043e+03 1.000662933111197139e+00 4.999956598195383697e-03 -9.999999999000000000e+09
1.347424725364964388e+03 1.003635109656065394e+00 4.999956661474270168e-03 -9.999999999000000000e+09
1.347435961677698288e+03 1.001231074806124610e+00 4.999956724738123526e-03 -9.999999999000000000e+09
1.347447198084133106e+03 1.008096820737087507e+00 4.999956787986948106e-03 -9.999999999000000000e+09
1.347458434584269753e+03 1.002599616084108414e+00 4.999956851220748247e-03 -9.999999999000000000e+09
1.347469671178108456e+03 1.005189769469455818e+00 4.999956914439531754e-03 -9.999999999000000000e+09
1.347480907865650124e+03 1.002997698275476912e+00 4.999956977643302096e-03 -9.999999999000000000e+09
1.347492144646895895e+03 9.976644292777067102e-01 4.999957040832066213e-03 -9.999999999000000000e+09
1.347503381521846222e+03 1.002556582034039190e+00 4.999957104005830176e-03 -9.999999999000000000e+09
1.347514618490502016e+03 9.992147329993621430e-01 4.999957167164595720e-03 -9.999999999000000000e+09
1.347525855552864414e+03 1.005347333773929153e+00 4.999957230308370651e-03 -9.999999999000000000e+09
1.347537092708933415e+03 9.968658165361355961e-01 4.999957293437162775e-03 -9.999999999000000000e+09
1.347548329958710156e+03 9.993016630057490746e-01 4.999957356550973828e-03 -9.999999999000000000e+09
1.347559567302195546e+03 9.945913944802328155e-01 4.999957419649811614e-03 -9.999999999000000000e+09
1.347570804739390496e+03 9.873863389048542771e-01 4.999957482733679605e-03 -9.999999999000000000e+09
1.347582042270295460e+03 1.006513746074139126e+00 4.999957545802584738e-03 -9.999999999000000000e+09
1.347593279894911348e+03 9.960432027391695753e-01 4.999957608856533085e-03 -9.999999999000000000e+09
1.347604517613239068e+03 1.001733218962904015e+00 4.999957671895528116e-03 -9.999999999000000000e+09
1.347615755425279076e+03 1.002765977283308407e+00 4.999957734919577637e-03 -9.999999999000000000e+09
1.347626993331032509e+03 9.990689060125663712e-01 4.999957797928684250e-03 -9.999999999000000000e+09
1.347638231330499821e+03 1.005512618168031391e+00 4.999957860922854894e-03 -9.999999999000000000e+09
1.347649469423682149e+03 9.989721083192235618e-01 4.999957923902095640e-03 -9.999999999000000000e+09
1.347660707610579720e+03 1.009596064748429667e+00 4.999957986866411692e-03 -9.999999999000000000e+09
1.347671945891193900e+03 9.950436618115479082e-01 4.999958049815805654e-03 -9.999999999000000000e+09
1.347683184265525369e+03 1.003534748559640866e+00 4.999958112750287065e-03 -9.999999999000000000e+09
1.347694422733575038e+03 9.970795612305813904e-01 4.999958175669860262e-03 -9.999999999000000000e+09
1.347705661295342907e+03 9.906413206812813010e-01 4.999958238574528716e-03 -9.999999999000000000e+09
1.347716899950830339e+03 9.963771595453335683e-01 4.999958301464300231e-03 -9.999999999000000000e+09
1.347728138700038471e+03 9.990043233945683498e-01 4.999958364339177411e-03 -9.999999999000000000e+09
1.347739377542967532e+03 1.000775028344923268e+00 4.999958427199168928e-03 -9.999999999000000000e+09
1.347750616479618202e+03 1.004421650296244639e+00 4.999958490044278253e-03 -9.999999999000000000e+09
1.347761855509991619e+03 1.000100855099280261e+00 4.999958552874510589e-03 -9.999999999000000000e+09
1.347773094634088466e+03 1.009487239586654539e+00 4.999958615689871141e-03 -9.999999999000000000e+09
1.347784333851909651e+03 9.998867805233069284e-01 4.999958678490367715e-03 -9.999999999000000000e+09
1.347795573163455856e+03 1.006472640133995844e+00 4.999958741276002913e-03 -9.999999999000000000e+09
1.347806812568727537e+03 1.004595664162713842e+00 4.999958804046783674e-03 -9.999999999000000000e+09
1.347818052067726057e+03 1.002338388813046821e+00 4.999958866802715202e-03 -9.999999999000000000e+09
1.347829291660451645e+03 1.005555512420324149e+00 4.999958929543802701e-03 -9.999999999000000000e+09
1.347840531346905891e+03 9.973238660809090605e-01 4.999958992270051375e-03 -9.999999999000000000e+09
1.347851771127088568e+03 1.004969013657760479e+00 4.999959054981466429e-03 -9.999999999000000000e+09
1.347863011001000814e+03 9.992101469991581109e-01 4.999959117678053067e-03 -9.999999999000000000e+09
1.347874250968643992e+03 1.001146574406294398e+00 4.999959180359818227e-03 -9.999999999000000000e+09
1.347885491030017874e+03 9.964671196697738598e-01 4.999959243026765379e-03 -9.999999999000000000e+09
1.347896731185124281e+03 9.966930549930490546e-01 4.999959305678901463e-03 -9.999999999000000000e+09
1.347907971433963212e+03 9.938883717786675120e-01 4.999959368316229079e-03 -9.999999999000000000e+09
1.347919211776535576e+03 1.005112699166464285e+00 4.999959430938757769e-03 -9.999999999000000000e+09
1.347930452212842738e+03 9.962770123786929277e-01 4.999959493546489268e-03 -9.999999999000000000e+09
1.347941692742884698e+03 1.000637269547451025e+00 4.999959556139431383e-03 -9.999999999000000000e+09
1.347952933366662592e+03 9.956499523245169181e-01 4.999959618717587581e-03 -9.999999999000000000e+09
1.347964174084177557e+03 9.980672407310122729e-01 4.999959681280964803e-03 -9.999999999000000000e+09
1.347975414895429594e+03 1.001794888224854629e+00 4.999959743829567385e-03 -9.999999999000000000e+09
1.347986655800420067e+03 9.924552857748201173e-01 4.999959806363400532e-03 -9.999999999000000000e+09
1.347997896799149657e+03 1.006457996318783632e+00 4.999959868882470314e-03 -9.999999999000000000e+09
1.348009137891619048e+03 1.004343566508250074e+00 4.999959931386781936e-03 -9.999999999000000000e+09
1.348020379077828920e+03 1.013389412408958412e+00 4.999959993876341470e-03 -9.999999999000000000e+09
1.348031620357780184e+03 1.004633879404328578e+00 4.999960056351152385e-03 -9.999999999000000000e+09
1.348042861731473977e+03 1.002367515616916505e+00 4.999960118811220752e-03 -9.999999999000000000e+09
1.348054103198910525e+03 1.000595369793492617e+00 4.999960181256551776e-03 -9.999999999000000000e+09
1.348065344760090738e+03 1.008467874400595043e+00 4.999960243687150661e-03 -9.999999999000000000e+09
1.348076586415015754e+03 1.006584820009420289e+00 4.999960306103024346e-03 -9.999999999000000000e+09
1.348087828163685799e+03 1.007544084629598435e+00 4.999960368504176300e-03 -9.999999999000000000e+09
1.348099070006102238e+03 1.005278068520552903e+00 4.999960430890614330e-03 -9.999999999000000000e+09
1.348110311942265298e+03 9.954983098138654452e-01 4.999960493262340169e-03 -9.999999999000000000e+09
1.348121553972175889e+03 1.001944052208237457e+00 4.999960555619361625e-03 -9.999999999000000000e+09
1.348132796095834919e+03 1.007493931182357860e+00 4.999960617961682167e-03 -9.999999999000000000e+09
1.348144038313243527e+03 9.985424711285550980e-01 4.999960680289308734e-03 -9.999999999000000000e+09
1.348155280624402167e+03 1.001790838377449200e+00 4.999960742602246530e-03 -9.999999999000000000e+09
1.348166523029311065e+03 1.003193325105545819e+00 4.999960804900499892e-03 -9.999999999000000000e+09
1.348177765527972042e+03 9.955734289328309616e-01 4.999960867184075758e-03 -9.999999999000000000e+09
1.348189008120385097e+03 9.982137433767157564e-01 4.999960929452977598e-03 -9.999999999000000000e+09
1.348200250806551367e+03 1.009497257686961191e+00 4.999960991707210617e-03 -9.999999999000000000e+09
1.348211493586471306e+03 9.899302577609635501e-01 4.999961053946780885e-03 -9.999999999000000000e+09
1.348222736460146507e+03 9.937167194710997409e-01 4.999961116171696210e-03 -9.999999999000000000e+09
1.348233979427576514e+03 9.962613627389351745e-01 4.999961178381955723e-03 -9.999999999000000000e+09
1.348245222488763375e+03 1.000458376092167478e+00 4.999961240577571568e-03 -9.999999999000000000e+09
1.348256465643706861e+03 1.000035387950261256e+00 4.999961302758544612e-03 -9.999999999000000000e+09
1.348267708892408336e+03 1.001820772100264767e+00 4.999961364924880927e-03 -9.999999999000000000e+09
1.348278952234868484e+03 1.010027272709378421e+00 4.999961427076585717e-03 -9.999999999000000000e+09
1.348290195671087986e+03 9.951350229345004017e-01 4.999961489213666788e-03 -9.999999999000000000e+09
1.348301439201067524e+03 1.002715930239217235e+00 4.999961551336125874e-03 -9.999999999000000000e+09
1.348312682824808007e+03 1.003848519260899019e+00 4.999961613443969048e-03 -9.999999999000000000e+09
1.348323926542310346e+03 9.981123562676708083e-01 4.999961675537203248e-03 -9.999999999000000000e+09
1.348335170353574995e+03 1.010150528603716902e+00 4.999961737615834546e-03 -9.999999999000000000e+09
1.348346414258603318e+03 1.004510960329958680e+00 4.999961799679862942e-03 -9.999999999000000000e+09
1.348357658257395315e+03 9.869446848851421983e-01 4.999961861729297977e-03 -9.999999999000000000e+09
1.348368902349952350e+03 1.004510372615303737e+00 4.999961923764144854e-03 -9.999999999000000000e+09
1.348380146536274879e+03 9.970529147865168085e-01 4.999961985784407911e-03 -9.999999999000000000e+09
1.348391390816364265e+03 1.000368021281220932e+00 4.999962047790093220e-03 -9.999999999000000000e+09
1.348402635190220280e+03 9.916119905945061097e-01 4.999962109781203382e-03 -9.999999999000000000e+09
1.348413879657844518e+03 9.997850285726761488e-01 4.999962171757746203e-03 -9.999999999000000000e+09
1.348425124219237659e+03 9.904936337176347694e-01 4.999962233719726021e-03 -9.999999999000000000e+09
1.348436368874400159e+03 1.006792147074006660e+00 4.999962295667150641e-03 -9.999999999000000000e+09
1.348447613623333154e+03 9.981539751046453190e-01 4.999962357600020064e-03 -9.999999999000000000e+09
1.348458858466037100e+03 1.009608589949813728e+00 4.999962419518342964e-03 -9.999999999000000000e+09
1.348470103402513132e+03 9.952624667191574126e-01 4.999962481422124544e-03 -9.999999999000000000e+09
1.348481348432761479e+03 1.003239447609008295e+00 4.999962543311370876e-03 -9.999999999000000000e+09
1.348492593556783731e+03 1.001707171347902214e+00 4.999962605186083694e-03 -9.999999999000000000e+09
1.348503838774579890e+03 1.004856565762999088e+00 4.999962667046269939e-03 -9.999999999000000000e+09
1.348515084086151319e+03 1.000128712341009196e+00 4.999962728891937415e-03 -9.999999999000000000e+09
1.348526329491498473e+03 9.978232717778898753e-01 4.999962790723087858e-03 -9.999999999000000000e+09
1.348537574990622034e+03 9.989421579978738919e-01 4.999962852539726471e-03 -9.999999999000000000e+09
1.348548820583523138e+03 1.007785602716471773e+00 4.999962914341861062e-03 -9.999999999000000000e+09
1.348560066270202469e+03 1.011217479620156290e+00 4.999962976129495099e-03 -9.999999999000000000e+09
1.348571312050660708e+03 9.991094555326236470e-01 4.999963037902634654e-03 -9.999999999000000000e+09
1.348582557924898310e+03 1.005724668496646101e+00 4.999963099661284931e-03 -9.999999999000000000e+09
1.348593803892916867e+03 9.999193441741749400e-01 4.999963161405450267e-03 -9.999999999000000000e+09
1.348605049954716378e+03 9.968245797569860178e-01 4.999963223135136733e-03 -9.999999999000000000e+09
1.348616296110298208e+03 9.854799816031125648e-01 4.999963284850346933e-03 -9.999999999000000000e+09
1.348627542359662812e+03 1.003695252165083707e+00 4.999963346551089538e-03 -9.999999999000000000e+09
1.348638788702810871e+03 1.001493889743473309e+00 4.999963408237368019e-03 -9.999999999000000000e+09
1.348650035139743522e+03 1.009399068663326071e+00 4.999963469909187580e-03 -9.999999999000000000e+09
1.348661281670461221e+03 1.002915672465223951e+00 4.999963531566554292e-03 -9.999999999000000000e+09
1.348672528294964877e+03 1.000701711073176847e+00 4.999963593209472493e-03 -9.999999999000000000e+09
1.348683775013255399e+03 9.949304627656408995e-01 4.999963654837949120e-03 -9.999999999000000000e+09
1.348695021825333470e+03 9.968805123693299519e-01 4.999963716451985909e-03 -9.999999999000000000e+09
1.348706268731199771e+03 9.996960625621209573e-01 4.999963778051589799e-03 -9.999999999000000000e+09
1.348717515730855439e+03 9.997882375128059884e-01 4.999963839636766862e-03 -9.999999999000000000e+09
1.348728762824300475e+03 9.976741883911334208e-01 4.999963901207520565e-03 -9.999999999000000000e+09
1.348740010011536469e+03 9.960572843326039871e-01 4.999963962763857850e-03 -9.999999999000000000e+09
1.348751257292563878e+03 9.898909312289922990e-01 4.999964024305783052e-03 -9.999999999000000000e+09
1.348762504667383837e+03 1.005327978687454049e+00 4.999964085833301375e-03 -9.999999999000000000e+09
1.348773752135996347e+03 9.948817784747141513e-01 4.999964147346418024e-03 -9.999999999000000000e+09
1.348784999698402771e+03 1.007271145264112544e+00 4.999964208845137335e-03 -9.999999999000000000e+09
1.348796247354603793e+03 1.010785608573016692e+00 4.999964270329465381e-03 -9.999999999000000000e+09
1.348807495104600321e+03 1.007410689577806329e+00 4.999964331799406497e-03 -9.999999999000000000e+09
1.348818742948392810e+03 1.000126978172003911e+00 4.999964393254966756e-03 -9.999999999000000000e+09
1.348829990885982170e+03 1.009358865445172615e+00 4.999964454696152229e-03 -9.999999999000000000e+09
1.348841238917369310e+03 9.965779370497935830e-01 4.999964516122963783e-03 -9.999999999000000000e+09
1.348852487042554912e+03 9.970945386726393078e-01 4.999964577535411826e-03 -9.999999999000000000e+09
1.348863735261539887e+03 9.925840345741463455e-01 4.999964638933498962e-03 -9.999999999000000000e+09
1.348874983574324915e+03 9.982900863004228187e-01 4.999964700317229525e-03 -9.999999999000000000e+09
1.348886231980910907e+03 1.002142414490389211e+00 4.999964761686611324e-03 -9.999999999000000000e+09
1.348897480481298089e+03 1.002901253813130777e+00 4.999964823041646092e-03 -9.999999999000000000e+09
1.348908729075488054e+03 9.924093592149958454e-01 4.999964884382341636e-03 -9.999999999000000000e+09
1.348919977763480802e+03 9.905837623388317192e-01 4.999964945708702292e-03 -9.999999999000000000e+09
1.348931226545277923e+03 9.992326349938932539e-01 4.999965007020730663e-03 -9.999999999000000000e+09
1.348942475420879418e+03 1.004196102385586986e+00 4.999965068318436290e-03 -9.999999999000000000e+09
1.348953724390286879e+03 1.001533962425243729e+00 4.999965129601821774e-03 -9.999999999000000000e+09
1.348964973453500306e+03 1.001991681601249073e+00 4.999965190870893188e-03 -9.999999999000000000e+09
1.348976222610520836e+03 1.000329193219531954e+00 4.999965252125654000e-03 -9.999999999000000000e+09
1.348987471861349150e+03 1.008680840986066585e+00 4.999965313366111150e-03 -9.999999999000000000e+09
1.348998721205986385e+03 1.006808771209644293e+00 4.999965374592268107e-03 -9.999999999000000000e+09
1.349009970644432997e+03 1.002852210696142610e+00 4.999965435804131809e-03 -9.999999999000000000e+09
1.349021220176689894e+03 1.003589041154003159e+00 4.999965497001706595e-03 -9.999999999000000000e+09
1.349032469802757760e+03 1.008541964163964355e+00 4.999965558184995933e-03 -9.999999999000000000e+09
1.349043719522637275e+03 1.000032334995610617e+00 4.999965619354007629e-03 -9.999999999000000000e+09
1.349054969336329350e+03 9.991878751610968612e-01 4.999965680508744285e-03 -9.999999999000000000e+09
1.349066219243834894e+03 1.004378971939244192e+00 4.999965741649211974e-03 -9.999999999000000000e+09
1.349077469245154589e+03 1.005906833803753786e+00 4.999965802775416766e-03 -9.999999999000000000e+09
1.349088719340288890e+03 1.012494624181208280e+00 4.999965863887362999e-03 -9.999999999000000000e+09
1.349099969529239388e+03 9.939087399018937674e-01 4.999965924985055876e-03 -9.999999999000000000e+09
1.349111219812005857e+03 1.014056750533152362e+00 4.999965986068499735e-03 -9.999999999000000000e+09
1.349122470188590114e+03 1.004571772355921988e+00 4.999966047137698912e-03 -9.999999999000000000e+09
1.349133720658992161e+03 1.003106899129583507e+00 4.999966108192661213e-03 -9.999999999000000000e+09
1.349144971223212906e+03 9.991594286283584925e-01 4.999966169233390108e-03 -9.999999999000000000e+09
1.349156221881253259e+03 9.970612649322541099e-01 4.999966230259889934e-03 -9.999999999000000000e+09
1.349167472633114130e+03 1.006287769471319038e+00 4.999966291272166762e-03 -9.999999999000000000e+09
1.349178723478795973e+03 1.003291834730856813e+00 4.999966352270226663e-03 -9.999999999000000000e+09
1.349189974418299926e+03 9.989003183469221669e-01 4.999966413254073108e-03 -9.999999999000000000e+09
1.349201225451626669e+03 1.004542049188102526e+00 4.999966474223710433e-03 -9.999999999000000000e+09
1.349212476578776887e+03 1.000103757804803539e+00 4.999966535179145577e-03 -9.999999999000000000e+09
1.349223727799751487e+03 1.002988818891947576e+00 4.999966596120382877e-03 -9.999999999000000000e+09
1.349234979114551152e+03 9.930842560958252907e-01 4.999966657047427536e-03 -9.999999999000000000e+09
1.349246230523176337e+03 1.000803488360965332e+00 4.999966717960282157e-03 -9.999999999000000000e+09
1.349257482025628633e+03 9.937710783317889041e-01 4.999966778858957149e-03 -9.999999999000000000e+09
1.349268733621908041e+03 1.005080152618402112e+00 4.999966839743452511e-03 -9.999999999000000000e+09
1.349279985312016152e+03 1.003701601638129048e+00 4.999966900613776050e-03 -9.999999999000000000e+09
1.349291237095952511e+03 9.966263991252840571e-01 4.999966961469931234e-03 -9.999999999000000000e+09
1.349302488973719392e+03 1.006429201540457230e+00 4.999967022311923269e-03 -9.999999999000000000e+09
1.349313740945316340e+03 1.004848220633051126e+00 4.999967083139758225e-03 -9.999999999000000000e+09
1.349324993010744720e+03 9.991123391859686453e-01 4.999967143953442175e-03 -9.999999999000000000e+09
1.349336245170005213e+03 1.000432171785380353e+00 4.999967204752975986e-03 -9.999999999000000000e+09
1.349347497423098730e+03 1.007242791871815646e+00 4.999967265538369197e-03 -9.999999999000000000e+09
1.349358749770025952e+03 9.973153441024098509e-01 4.999967326309622678e-03 -9.999999999000000000e+09
1.349370002210787334e+03 1.002294751730942401e+00 4.999967387066745102e-03 -9.999999999000000000e+09
1.349381254745384240e+03 1.005153480140702049e+00 4.999967447809739070e-03 -9.999999999000000000e+09
1.349392507373817125e+03 1.002187144871735880e+00 4.999967508538610654e-03 -9.999999999000000000e+09
1.349403760096087126e+03 9.994814891719306926e-01 4.999967569253365926e-03 -9.999999999000000000e+09
1.349415012912194470e+03 1.004079377199576628e+00 4.999967629954007488e-03 -9.999999999000000000e+09
1.349426265822140067e+03 1.000039150402330046e+00 4.999967690640542278e-03 -9.999999999000000000e+09
1.349437518825925054e+03 1.000231162629914516e+00 4.999967751312973767e-03 -9.999999999000000000e+09
1.349448771923549884e+03 1.010485991957090990e+00 4.999967811971307158e-03 -9.999999999000000000e+09
1.349460025115015469e+03 1.001071110354937899e+00 4.999967872615548523e-03 -9.999999999000000000e+09
1.349471278400322717e+03 1.000486032105799561e+00 4.999967933245703933e-03 -9.999999999000000000e+09
1.349482531779472083e+03 1.004105638875836259e+00 4.999967993861774256e-03 -9.999999999000000000e+09
1.349493785252464477e+03 1.008268363120994549e+00 4.999968054463769032e-03 -9.999999999000000000e+09
1.349505038819300808e+03 1.005594739663519865e+00 4.999968115051689997e-03 -9.999999999000000000e+09
1.349516292479981757e+03 9.955844671467090068e-01 4.999968175625544090e-03 -9.999999999000000000e+09
1.349527546234508236e+03 1.000844441788517392e+00 4.999968236185333911e-03 -9.999999999000000000e+09
1.349538800082880925e+03 1.000716876254195586e+00 4.999968296731068136e-03 -9.999999999000000000e+09
1.349550054025100508e+03 9.922472504732875453e-01 4.999968357262748499e-03 -9.999999999000000000e+09
1.349561308061167892e+03 1.007673095280268827e+00 4.999968417780380203e-03 -9.999999999000000000e+09
1.349572562191083989e+03 9.960170474986299594e-01 4.999968478283971056e-03 -9.999999999000000000e+09
1.349583816414849025e+03 9.983059260144276914e-01 4.999968538773523659e-03 -9.999999999000000000e+09
1.349595070732464364e+03 1.008596065842850775e+00 4.999968599249043216e-03 -9.999999999000000000e+09
1.349606325143930917e+03 1.006938153545700709e+00 4.999968659710534065e-03 -9.999999999000000000e+09
1.349617579649248682e+03 1.000089788410931435e+00 4.999968720158003144e-03 -9.999999999000000000e+09
1.349628834248419480e+03 1.007716095560622360e+00 4.999968780591453055e-03 -9.999999999000000000e+09
1.349640088941443082e+03 1.000123851197845859e+00 4.999968841010891604e-03 -9.999999999000000000e+09
1.349651343728320853e+03 1.002731549526314936e+00 4.999968901416319660e-03 -9.999999999000000000e+09
1.349662598609053475e+03 9.997922273771993051e-01 4.999968961807745894e-03 -9.999999999000000000e+09
1.349673853583641630e+03 9.998766375526291217e-01 4.999969022185173778e-03 -9.999999999000000000e+09
1.349685108652086456e+03 9.994038669223308524e-01 4.999969082548609382e-03 -9.999999999000000000e+09
1.349696363814387951e+03 1.003855258673964412e+00 4.999969142898055309e-03 -9.999999999000000000e+09
1.349707619070547935e+03 1.003451908026692596e+00 4.999969203233518497e-03 -9.999999999000000000e+09
1.349718874420566181e+03 1.007660692018513160e+00 4.999969263555001549e-03 -9.999999999000000000e+09
1.349730129864444280e+03 1.003876888911974907e+00 4.999969323862513138e-03 -9.999999999000000000e+09
1.349741385402182459e+03 9.983271896865859585e-01 4.999969384156056733e-03 -9.999999999000000000e+09
1.349752641033781856e+03 9.927530732394471702e-01 4.999969444435635804e-03 -9.999999999000000000e+09
1.349763896759242925e+03 1.006543844611218042e+00 4.999969504701255556e-03 -9.999999999000000000e+09
1.349775152578566804e+03 9.869128602843729725e-01 4.999969564952922926e-03 -9.999999999000000000e+09
1.349786408491754173e+03 9.971107527729904385e-01 4.999969625190639651e-03 -9.999999999000000000e+09
1.349797664498805489e+03 1.006589441745161073e+00 4.999969685414412668e-03 -9.999999999000000000e+09
1.349808920599722114e+03 9.928754279912760383e-01 4.999969745624248049e-03 -9.999999999000000000e+09
1.349820176794504505e+03 9.938200852285383746e-01 4.999969805820147530e-03 -9.999999999000000000e+09
1.349831433083153115e+03 1.003732905136500708e+00 4.999969866002118915e-03 -9.999999999000000000e+09
1.349842689465669309e+03 9.975694455361741042e-01 4.999969926170165675e-03 -9.999999999000000000e+09
1.349853945942053542e+03 9.987031253345893811e-01 4.999969986324292147e-03 -9.999999999000000000e+09
1.349865202512306951e+03 1.000908511830419956e+00 4.999970046464504402e-03 -9.999999999000000000e+09
1.349876459176429762e+03 1.007658006633967984e+00 4.999970106590806776e-03 -9.999999999000000000e+09
1.349887715934423113e+03 9.968224228297914991e-01 4.999970166703206209e-03 -9.999999999000000000e+09
1.349898972786287914e+03 1.005628501709935563e+00 4.999970226801705303e-03 -9.999999999000000000e+09
1.349910229732024618e+03 1.004933557675290245e+00 4.999970286886307527e-03 -9.999999999000000000e+09
1.349921486771633909e+03 9.941814112275154658e-01 4.999970346957021555e-03 -9.999999999000000000e+09
1.349932743905116922e+03 1.000380766222063400e+00 4.999970407013849989e-03 -9.999999999000000000e+09
1.349944001132474568e+03 9.951703887537336479e-01 4.999970467056797166e-03 -9.999999999000000000e+09
1.349955258453707302e+03 1.003374460618456032e+00 4.999970527085870024e-03 -9.999999999000000000e+09
1.349966515868815577e+03 9.947670665721474181e-01 4.999970587101071166e-03 -9.999999999000000000e+09
1.349977773377801213e+03 9.978933796760207642e-01 4.999970647102409266e-03 -9.999999999000000000e+09
1.349989030980663983e+03 1.009923401220812034e+00 4.999970707089883455e-03 -9.999999999000000000e+09
1.350000288677405024e+03 1.004547982185955091e+00 4.999970767063503276e-03 -9.999999999000000000e+09
1.350011546468025472e+03 9.941647806789201125e-01 4.999970827023271329e-03 -9.999999999000000000e+09
1.350022804352525554e+03 9.940162530971290433e-01 4.999970886969194554e-03 -9.999999999000000000e+09
1.350034062330906181e+03 9.989515301985207874e-01 4.999970946901274686e-03 -9.999999999000000000e+09
1.350045320403168489e+03 9.994958618395555217e-01 4.999971006819519531e-03 -9.999999999000000000e+09
1.350056578569313160e+03 9.884802391047456949e-01 4.999971066723933426e-03 -9.999999999000000000e+09
1.350067836829340422e+03 1.008037231261242894e+00 4.999971126614518972e-03 -9.999999999000000000e+09
1.350079095183251638e+03 9.994812546652653840e-01 4.999971186491283109e-03 -9.999999999000000000e+09
1.350090353631047492e+03 1.008832821589294992e+00 4.999971246354229307e-03 -9.999999999000000000e+09
1.350101612172728665e+03 1.009166907073155039e+00 4.999971306203364503e-03 -9.999999999000000000e+09
1.350112870808295838e+03 9.900427341888451416e-01 4.999971366038693035e-03 -9.999999999000000000e+09
1.350124129537749923e+03 9.969131456304731742e-01 4.999971425860218373e-03 -9.999999999000000000e+09
1.350135388361092055e+03 9.980364546441475859e-01 4.999971485667946587e-03 -9.999999999000000000e+09
1.350146647278322234e+03 1.013565216702716709e+00 4.999971545461880280e-03 -9.999999999000000000e+09
1.350157906289441598e+03 1.001867488006585205e+00 4.999971605242028126e-03 -9.999999999000000000e+09
1.350169165394451511e+03 9.930155533713753702e-01 4.999971665008390992e-03 -9.999999999000000000e+09
1.350180424593351745e+03 1.003824218541113700e+00 4.999971724760977551e-03 -9.999999999000000000e+09
1.350191683886144119e+03 9.970293509743916038e-01 4.999971784499789539e-03 -9.999999999000000000e+09
1.350202943272828634e+03 1.000291372476200369e+00 4.999971844224832158e-03 -9.999999999000000000e+09
1.350214202753406198e+03 9.982029184643507191e-01 4.999971903936110615e-03 -9.999999999000000000e+09
1.350225462327877722e+03 1.008510892339035792e+00 4.999971963633631847e-03 -9.999999999000000000e+09
1.350236721996244341e+03 1.008293341222919359e+00 4.999972023317397589e-03 -9.999999999000000000e+09
1.350247981758506057e+03 1.003991598402170782e+00 4.999972082987414780e-03 -9.999999999000000000e+09
1.350259241614664461e+03 1.001704251124885259e+00 4.999972142643686890e-03 -9.999999999000000000e+09
1.350270501564719780e+03 1.008295043102809929e+00 4.999972202286219990e-03 -9.999999999000000000e+09
1.350281761608672923e+03 1.007140973234176284e+00 4.999972261915016682e-03 -9.999999999000000000e+09
1.350293021746524801e+03 9.985613787590288393e-01 4.999972321530083905e-03 -9.999999999000000000e+09
1.350304281978275867e+03 1.000694588023325782e+00 4.999972381131425996e-03 -9.999999999000000000e+09
1.350315542303927487e+03 1.001769075823035537e+00 4.999972440719048158e-03 -9.999999999000000000e+09
1.350326802723480114e+03 9.916617984191846702e-01 4.999972500292953863e-03 -9.999999999000000000e+09
1.350338063236934431e+03 1.000205680204234726e+00 4.999972559853150048e-03 -9.999999999000000000e+09
1.350349323844291348e+03 9.947740064050690778e-01 4.999972619399637580e-03 -9.999999999000000000e+09
1.350360584545551546e+03 1.006685289646317427e+00 4.999972678932426001e-03 -9.999999999000000000e+09
1.350371845340715936e+03 9.940913611626757129e-01 4.999972738451517046e-03 -9.999999999000000000e+09
1.350383106229785199e+03 9.941913226898293487e-01 4.999972797956915051e-03 -9.999999999000000000e+09
1.350394367212760244e+03 1.002517464900451571e+00 4.999972857448627822e-03 -9.999999999000000000e+09
1.350405628289641754e+03 1.003369162109866597e+00 4.999972916926658829e-03 -9.999999999000000000e+09
1.350416889460430639e+03 1.000662905515484091e+00 4.999972976391011542e-03 -9.999999999000000000e+09
1.350428150725127580e+03 9.993233311605930203e-01 4.999973035841691164e-03 -9.999999999000000000e+09
1.350439412083733259e+03 9.993097694093655559e-01 4.999973095278702900e-03 -9.999999999000000000e+09
1.350450673536248360e+03 1.004383584208102587e+00 4.999973154702051954e-03 -9.999999999000000000e+09
1.350461935082674017e+03 1.007830485654320318e+00 4.999973214111743530e-03 -9.999999999000000000e+09
1.350473196723010915e+03 1.005035283638389343e+00 4.999973273507781098e-03 -9.999999999000000000e+09
1.350484458457259734e+03 1.000755852075469354e+00 4.999973332890168126e-03 -9.999999999000000000e+09
1.350495720285421385e+03 1.001364626423745019e+00 4.999973392258915024e-03 -9.999999999000000000e+09
1.350506982207496549e+03 9.984858830071050573e-01 4.999973451614018322e-03 -9.999999999000000000e+09
1.350518244223486136e+03 1.005143335872271892e+00 4.999973510955489295e-03 -9.999999999000000000e+09
1.350529506333390827e+03 9.982044368052518379e-01 4.999973570283330546e-03 -9.999999999000000000e+09
1.350540768537211079e+03 9.991285441749243601e-01 4.999973629597547278e-03 -9.999999999000000000e+09
1.350552030834948255e+03 1.001218905568892925e+00 4.999973688898143830e-03 -9.999999999000000000e+09
1.350563293226602809e+03 9.979691725227604060e-01 4.999973748185124536e-03 -9.999999999000000000e+09
1.350574555712175652e+03 1.005529863605293173e+00 4.999973807458494603e-03 -9.999999999000000000e+09
1.350585818291667692e+03 9.967905113473022327e-01 4.999973866718256631e-03 -9.999999999000000000e+09
1.350597080965079385e+03 1.002178768959589794e+00 4.999973925964420161e-03 -9.999999999000000000e+09
1.350608343732411413e+03 1.005480982167761939e+00 4.999973985196986062e-03 -9.999999999000000000e+09
1.350619606593665139e+03 9.963696999494084938e-01 4.999974044415960404e-03 -9.999999999000000000e+09
1.350630869548840792e+03 9.975751209824473831e-01 4.999974103621348392e-03 -9.999999999000000000e+09
1.350642132597939508e+03 1.002028703225861239e+00 4.999974162813153496e-03 -9.999999999000000000e+09
1.350653395740961969e+03 9.990621248903831519e-01 4.999974221991380918e-03 -9.999999999000000000e+09
1.350664658977908857e+03 1.003725850501307582e+00 4.999974281156035864e-03 -9.999999999000000000e+09
1.350675922308781082e+03 9.973806214227118883e-01 4.999974340307122671e-03 -9.999999999000000000e+09
1.350687185733579554e+03 1.006725035992087403e+00 4.999974399444645674e-03 -9.999999999000000000e+09
1.350698449252304727e+03 1.003430470385464179e+00 4.999974458568610079e-03 -9.999999999000000000e+09
1.350709712864957282e+03 9.980912726785911016e-01 4.999974517679021090e-03 -9.999999999000000000e+09
1.350720976571538586e+03 9.924476205035601684e-01 4.999974576775883042e-03 -9.999999999000000000e+09
1.350732240372048864e+03 9.975552691596050181e-01 4.999974635859200274e-03 -9.999999999000000000e+09
1.350743504266489253e+03 9.983251779707041917e-01 4.999974694928975387e-03 -9.999999999000000000e+09
1.350754768254860437e+03 9.972419405488281985e-01 4.999974753985218789e-03 -9.999999999000000000e+09
1.350766032337163097e+03 1.003392276562468322e+00 4.999974813027930481e-03 -9.999999999000000000e+09
1.350777296513398142e+03 9.977841736714608833e-01 4.999974872057116534e-03 -9.999999999000000000e+09
1.350788560783566254e+03 9.937485647386611332e-01 4.999974931072782153e-03 -9.999999999000000000e+09
1.350799825147668571e+03 1.004984623920514908e+00 4.999974990074930806e-03 -9.999999999000000000e+09
1.350811089605705092e+03 9.928018408618655144e-01 4.999975049063566830e-03 -9.999999999000000000e+09
1.350822354157677410e+03 9.865880001850502179e-01 4.999975108038698900e-03 -9.999999999000000000e+09
1.350833618803585750e+03 9.984673375710544363e-01 4.999975167000326147e-03 -9.999999999000000000e+09
1.350844883543431479e+03 1.003233646231154630e+00 4.999975225948458113e-03 -9.999999999000000000e+09
1.350856148377214595e+03 1.005327716868181342e+00 4.999975284883095665e-03 -9.999999999000000000e+09
1.350867413304936690e+03 1.001704409981908794e+00 4.999975343804245742e-03 -9.999999999000000000e+09
1.350878678326597765e+03 9.991780328881953999e-01 4.999975402711911814e-03 -9.999999999000000000e+09
1.350889943442199183e+03 9.885360209656502972e-01 4.999975461606099951e-03 -9.999999999000000000e+09
1.350901208651741854e+03 1.008093472415788616e+00 4.999975520486814491e-03 -9.999999999000000000e+09
1.350912473955225778e+03 1.000299042907842884e+00 4.999975579354058904e-03 -9.999999999000000000e+09
1.350923739352652774e+03 9.958402531263647051e-01 4.999975638207837525e-03 -9.999999999000000000e+09
1.350935004844022387e+03 9.964763316459042120e-01 4.999975697048157294e-03 -9.999999999000000000e+09
1.350946270429336892e+03 9.974412872266964492e-01 4.999975755875020814e-03 -9.999999999000000000e+09
1.350957536108595605e+03 1.010396482674603913e+00 4.999975814688434154e-03 -9.999999999000000000e+09
1.350968801881800346e+03 9.982011459661116470e-01 4.999975873488401654e-03 -9.999999999000000000e+09
1.350980067748951114e+03 1.004284846624312388e+00 4.999975932274928515e-03 -9.999999999000000000e+09
1.350991333710049503e+03 1.003414299459446379e+00 4.999975991048018209e-03 -9.999999999000000000e+09
1.351002599765095738e+03 9.876129692008656091e-01 4.999976049807675939e-03 -9.999999999000000000e+09
1.351013865914090729e+03 9.999822904530581980e-01 4.999976108553904307e-03 -9.999999999000000000e+09
1.351025132157035387e+03 1.004685331893011346e+00 4.999976167286711987e-03 -9.999999999000000000e+09
1.351036398493930164e+03 9.945726766215293724e-01 4.999976226006102448e-03 -9.999999999000000000e+09
1.351047664924776200e+03 1.004406183189196167e+00 4.999976284712077425e-03 -9.999999999000000000e+09
1.351058931449574402e+03 9.957457653850767532e-01 4.999976343404645591e-03 -9.999999999000000000e+09
1.351070198068325226e+03 9.965947404975031843e-01 4.999976402083806948e-03 -9.999999999000000000e+09
1.351081464781029354e+03 1.005449340274305881e+00 4.999976460749571035e-03 -9.999999999000000000e+09
1.351092731587687695e+03 1.000008850202845245e+00 4.999976519401939587e-03 -9.999999999000000000e+09
1.351103998488301386e+03 1.004770705465843239e+00 4.999976578040917809e-03 -9.999999999000000000e+09
1.351115265482870655e+03 9.986497538194880619e-01 4.999976636666510037e-03 -9.999999999000000000e+09
1.351126532571396638e+03 9.934105751551697283e-01 4.999976695278722343e-03 -9.999999999000000000e+09
1.351137799753880017e+03 9.990312989507939001e-01 4.999976753877558196e-03 -9.999999999000000000e+09
1.351149067030321703e+03 1.001820163895914551e+00 4.999976812463021933e-03 -9.999999999000000000e+09
1.351160334400722149e+03 1.002024393958984350e+00 4.999976871035118758e-03 -9.999999999000000000e+09
1.351171601865082721e+03 1.001133068204361765e+00 4.999976929593851274e-03 -9.999999999000000000e+09
1.351182869423403417e+03 1.001822283365700450e+00 4.999976988139229021e-03 -9.999999999000000000e+09
1.351194137075685603e+03 9.956893253246288378e-01 4.999977046671252000e-03 -9.999999999000000000e+09
1.351205404821929960e+03 9.898321477956774084e-01 4.999977105189925414e-03 -9.999999999000000000e+09
1.351216672662136943e+03 9.953556150525433299e-01 4.999977163695257937e-03 -9.999999999000000000e+09
1.351227940596307917e+03 1.000515937029773372e+00 4.999977222187248702e-03 -9.999999999000000000e+09
1.351239208624443108e+03 1.001662845949491176e+00 4.999977280665904647e-03 -9.999999999000000000e+09
1.351250476746543654e+03 1.007904283988154459e+00 4.999977339131230977e-03 -9.999999999000000000e+09
1.351261744962610237e+03 1.000317360590739169e+00 4.999977397583232029e-03 -9.999999999000000000e+09
1.351273013272643539e+03 1.002578107800568219e+00 4.999977456021912139e-03 -9.999999999000000000e+09
1.351284281676644696e+03 9.909472273465282921e-01 4.999977514447275645e-03 -9.999999999000000000e+09
1.351295550174614164e+03 9.942134927699602942e-01 4.999977572859326015e-03 -9.999999999000000000e+09
1.351306818766552396e+03 9.987415666227937860e-01 4.999977631258072791e-03 -9.999999999000000000e+09
1.351318087452460759e+03 9.987878358013349001e-01 4.999977689643513371e-03 -9.999999999000000000e+09
1.351329356232339933e+03 9.969760222317641807e-01 4.999977748015658162e-03 -9.999999999000000000e+09
1.351340625106190828e+03 1.001357412503605548e+00 4.999977806374509767e-03 -9.999999999000000000e+09
1.351351894074013444e+03 1.002550548155752175e+00 4.999977864720070789e-03 -9.999999999000000000e+09
1.351363163135809828e+03 9.990845646892433374e-01 4.999977923052349900e-03 -9.999999999000000000e+09
1.351374432291579751e+03 9.971441330213725029e-01 4.999977981371347968e-03 -9.999999999000000000e+09
1.351385701541324124e+03 1.006436066036805688e+00 4.999978039677071065e-03 -9.999999999000000000e+09
1.351396970885044084e+03 9.989509180075933914e-01 4.999978097969523527e-03 -9.999999999000000000e+09
1.351408240322740312e+03 9.942713381473043954e-01 4.999978156248709692e-03 -9.999999999000000000e+09
1.351419509854413491e+03 1.004329567603246876e+00 4.999978214514636497e-03 -9.999999999000000000e+09
1.351430779480064530e+03 1.003361372190024303e+00 4.999978272767305679e-03 -9.999999999000000000e+09
1.351442049199693884e+03 1.002985508085697530e+00 4.999978331006722440e-03 -9.999999999000000000e+09
1.351453319013302689e+03 1.002828817987645671e+00 4.999978389232891118e-03 -9.999999999000000000e+09
1.351464588920891856e+03 1.001702610042568109e+00 4.999978447445816918e-03 -9.999999999000000000e+09
1.351475858922461839e+03 9.934998532358916279e-01 4.999978505645505909e-03 -9.999999999000000000e+09
1.351487129018013320e+03 9.961869360471811152e-01 4.999978563831959828e-03 -9.999999999000000000e+09
1.351498399207547436e+03 1.004083972126204927e+00 4.999978622005183879e-03 -9.999999999000000000e+09
1.351509669491064642e+03 1.005806101698101696e+00 4.999978680165183265e-03 -9.999999999000000000e+09
1.351520939868566074e+03 1.003413996889181314e+00 4.999978738311962323e-03 -9.999999999000000000e+09
1.351532210340052416e+03 9.982413856847006661e-01 4.999978796445527125e-03 -9.999999999000000000e+09
1.351543480905524120e+03 9.991282252419581011e-01 4.999978854565880274e-03 -9.999999999000000000e+09
1.351554751564982325e+03 9.925357404445170895e-01 4.999978912673026105e-03 -9.999999999000000000e+09
1.351566022318427713e+03 9.965371334152985927e-01 4.999978970766970690e-03 -9.999999999000000000e+09
1.351577293165861192e+03 9.994615292001408635e-01 4.999979028847717499e-03 -9.999999999000000000e+09
1.351588564107283446e+03 9.990504796292546397e-01 4.999979086915270002e-03 -9.999999999000000000e+09
1.351599835142694928e+03 9.889363122013238305e-01 4.999979144969635136e-03 -9.999999999000000000e+09
1.351611106272097004e+03 1.001607749118667678e+00 4.999979203010817240e-03 -9.999999999000000000e+09
1.351622377495490355e+03 1.002509702949447412e+00 4.999979261038819782e-03 -9.999999999000000000e+09
1.351633648812875208e+03 9.926680821475935002e-01 4.999979319053646232e-03 -9.999999999000000000e+09
1.351644920224252701e+03 1.009985060751328101e+00 4.999979377055304396e-03 -9.999999999000000000e+09
1.351656191729623743e+03 1.004323115880876971e+00 4.999979435043795141e-03 -9.999999999000000000e+09
1.351667463328989243e+03 9.958566043793349865e-01 4.999979493019124539e-03 -9.999999999000000000e+09
1.351678735022349656e+03 9.996977484362746802e-01 4.999979550981297795e-03 -9.999999999000000000e+09
1.351690006809705665e+03 9.989970058055998026e-01 4.999979608930318377e-03 -9.999999999000000000e+09
1.351701278691058405e+03 9.861854017688154173e-01 4.999979666866191490e-03 -9.999999999000000000e+09
1.351712550666408788e+03 9.993524206399174714e-01 4.999979724788922338e-03 -9.999999999000000000e+09
1.351723822735757039e+03 1.009196983692311145e+00 4.999979782698514390e-03 -9.999999999000000000e+09
1.351735094899104070e+03 9.946349781089401931e-01 4.999979840594971983e-03 -9.999999999000000000e+09
1.351746367156451242e+03 9.945916149844226117e-01 4.999979898478299455e-03 -9.999999999000000000e+09
1.351757639507798558e+03 9.976631321734983349e-01 4.999979956348502008e-03 -9.999999999000000000e+09
1.351768911953147381e+03 9.968296734393953251e-01 4.999980014205583981e-03 -9.999999999000000000e+09
1.351780184492498165e+03 1.000062655989810256e+00 4.999980072049550577e-03 -9.999999999000000000e+09
1.351791457125851821e+03 1.000944793052519266e+00 4.999980129880405265e-03 -9.999999999000000000e+09
1.351802729853209257e+03 9.980482924761961971e-01 4.999980187698152383e-03 -9.999999999000000000e+09
1.351814002674570929e+03 1.005208073434246119e+00 4.999980245502797134e-03 -9.999999999000000000e+09
1.351825275589937974e+03 9.988006327400005269e-01 4.999980303294343856e-03 -9.999999999000000000e+09
1.351836548599310845e+03 1.012514675174902568e+00 4.999980361072796017e-03 -9.999999999000000000e+09
1.351847821702690453e+03 9.933287997059588870e-01 4.999980418838161425e-03 -9.999999999000000000e+09
1.351859094900077707e+03 1.004112621372392544e+00 4.999980476590440079e-03 -9.999999999000000000e+09
1.351870368191473517e+03 1.001460108151042805e+00 4.999980534329638918e-03 -9.999999999000000000e+09
1.351881641576878337e+03 9.945241549172846307e-01 4.999980592055762278e-03 -9.999999999000000000e+09
1.351892915056293077e+03 9.957260811676911239e-01 4.999980649768814497e-03 -9.999999999000000000e+09
1.351904188629718419e+03 9.969125156792478792e-01 4.999980707468800779e-03 -9.999999999000000000e+09
1.351915462297155273e+03 1.000593145699279818e+00 4.999980765155722859e-03 -9.999999999000000000e+09
1.351926736058604547e+03 9.980388087515312812e-01 4.999980822829588542e-03 -9.999999999000000000e+09
1.351938009914066470e+03 9.918633977924291578e-01 4.999980880490402166e-03 -9.999999999000000000e+09
1.351949283863542632e+03 9.955014303213997051e-01 4.999980938138164598e-03 -9.999999999000000000e+09
1.351960557907033490e+03 9.995580756048687565e-01 4.999980995772882776e-03 -9.999999999000000000e+09
1.351971832044539497e+03 9.975418267547233597e-01 4.999981053394561906e-03 -9.999999999000000000e+09
1.351983106276061790e+03 9.907760820342776942e-01 4.999981111003205456e-03 -9.999999999000000000e+09
1.351994380601600824e+03 1.002298968309102811e+00 4.999981168598818630e-03 -9.999999999000000000e+09
1.352005655021157963e+03 9.970985505617767641e-01 4.999981226181404032e-03 -9.999999999000000000e+09
1.352016929534733436e+03 1.001266989245297667e+00 4.999981283750969466e-03 -9.999999999000000000e+09
1.352028204142328150e+03 1.003072996105296433e+00 4.999981341307515800e-03 -9.999999999000000000e+09
1.352039478843943016e+03 1.000077225041786200e+00 4.999981398851048239e-03 -9.999999999000000000e+09
1.352050753639578943e+03 1.007411923685917809e+00 4.999981456381572854e-03 -9.999999999000000000e+09
1.352062028529236386e+03 9.900620303373459663e-01 4.999981513899093115e-03 -9.999999999000000000e+09
1.352073303512916482e+03 1.003089544757792773e+00 4.999981571403614225e-03 -9.999999999000000000e+09
1.352084578590619685e+03 9.986848391205002118e-01 4.999981628895139654e-03 -9.999999999000000000e+09
1.352095853762346678e+03 9.967354485432122768e-01 4.999981686373672872e-03 -9.999999999000000000e+09
1.352107129028098825e+03 1.001852023305694894e+00 4.999981743839220817e-03 -9.999999999000000000e+09
1.352118404387876353e+03 9.918308857593348682e-01 4.999981801291787827e-03 -9.999999999000000000e+09
1.352129679841680627e+03 1.008267084742993980e+00 4.999981858731375635e-03 -9.999999999000000000e+09
1.352140955389511646e+03 9.904371947738002113e-01 4.999981916157990314e-03 -9.999999999000000000e+09
1.352152231031370775e+03 9.933977768718676993e-01 4.999981973571637935e-03 -9.999999999000000000e+09
1.352163506767258923e+03 9.974981589832589979e-01 4.999982030972319365e-03 -9.999999999000000000e+09
1.352174782597176090e+03 9.990464607899444127e-01 4.999982088360041543e-03 -9.999999999000000000e+09
1.352186058521123641e+03 1.003722901549413349e+00 4.999982145734807940e-03 -9.999999999000000000e+09
1.352197334539102485e+03 1.002786056752140942e+00 4.999982203096622890e-03 -9.999999999000000000e+09
1.352208610651113304e+03 1.000361248055503083e+00 4.999982260445492467e-03 -9.999999999000000000e+09
1.352219886857156325e+03 1.003247509198437859e+00 4.999982317781419272e-03 -9.999999999000000000e+09
1.352231163157233141e+03 1.002174754869770368e+00 4.999982375104408509e-03 -9.999999999000000000e+09
1.352242439551344205e+03 9.976881447292758054e-01 4.999982432414464516e-03 -9.999999999000000000e+09
1.352253716039490200e+03 9.937618018398264308e-01 4.999982489711590761e-03 -9.999999999000000000e+09
1.352264992621671809e+03 1.006221727424136070e+00 4.999982546995792448e-03 -9.999999999000000000e+09
1.352276269297890167e+03 9.974703584829497371e-01 4.999982604267073916e-03 -9.999999999000000000e+09
1.352287546068145730e+03 1.003594726420111272e+00 4.999982661525441234e-03 -9.999999999000000000e+09
1.352298822932439634e+03 1.003539531957917230e+00 4.999982718770896138e-03 -9.999999999000000000e+09
1.352310099890772563e+03 1.006207377504257705e+00 4.999982776003443832e-03 -9.999999999000000000e+09
1.352321376943144742e+03 1.000275132439854220e+00 4.999982833223089521e-03 -9.999999999000000000e+09
1.352332654089557764e+03 1.005893616437929294e+00 4.999982890429836672e-03 -9.999999999000000000e+09
1.352343931330012083e+03 1.000058102793136561e+00 4.999982947623690492e-03 -9.999999999000000000e+09
1.352355208664508154e+03 1.001518998386752735e+00 4.999983004804655316e-03 -9.999999999000000000e+09
1.352366486093047342e+03 1.006795492857115670e+00 4.999983061972732880e-03 -9.999999999000000000e+09
1.352377763615630101e+03 9.991861954674867707e-01 4.999983119127931856e-03 -9.999999999000000000e+09
1.352389041232257341e+03 9.983976696519457628e-01 4.999983176270254848e-03 -9.999999999000000000e+09
1.352400318942929516e+03 1.003089912297970621e+00 4.999983233399705324e-03 -9.999999999000000000e+09
1.352411596747647991e+03 1.011080998099364026e+00 4.999983290516287621e-03 -9.999999999000000000e+09
1.352422874646413220e+03 1.005383213785618679e+00 4.999983347620008678e-03 -9.999999999000000000e+09
1.352434152639225886e+03 9.910222435028028798e-01 4.999983404710871097e-03 -9.999999999000000000e+09
1.352445430726086897e+03 1.002589212283655717e+00 4.999983461788877481e-03 -9.999999999000000000e+09
1.352456708906996937e+03 9.919946336162527301e-01 4.999983518854034768e-03 -9.999999999000000000e+09
1.352467987181956914e+03 1.001301562615406482e+00 4.999983575906346428e-03 -9.999999999000000000e+09
1.352479265550967739e+03 9.930931924725121540e-01 4.999983632945817665e-03 -9.999999999000000000e+09
1.352490544014030093e+03 1.003111710337313278e+00 4.999983689972451080e-03 -9.999999999000000000e+09
1.352501822571144430e+03 1.004027000916273504e+00 4.999983746986251879e-03 -9.999999999000000000e+09
1.352513101222311889e+03 1.000435771441027466e+00 4.999983803987226132e-03 -9.999999999000000000e+09
1.352524379967533150e+03 9.957765257894207744e-01 4.999983860975375574e-03 -9.999999999000000000e+09
1.352535658806809124e+03 1.004471095863290975e+00 4.999983917950705410e-03 -9.999999999000000000e+09
1.352546937740140493e+03 9.936267951300759016e-01 4.999983974913219976e-03 -9.999999999000000000e+09
1.352558216767528165e+03 1.005617897605945998e+00 4.999984031862923610e-03 -9.999999999000000000e+09
1.352569495888972597e+03 1.001965629095585175e+00 4.999984088799823249e-03 -9.999999999000000000e+09
1.352580775104474696e+03 9.997652358125520555e-01 4.999984145723918895e-03 -9.999999999000000000e+09
1.352592054414035374e+03 1.009498709416207340e+00 4.999984202635216618e-03 -9.999999999000000000e+09
1.352603333817655766e+03 9.970909746998666279e-01 4.999984259533721623e-03 -9.999999999000000000e+09
1.352614613315335873e+03 1.009616264539464847e+00 4.999984316419439113e-03 -9.999999999000000000e+09
1.352625892907077059e+03 9.973446494734651280e-01 4.999984373292369957e-03 -9.999999999000000000e+09
1.352637172592879551e+03 9.956826065297785799e-01 4.999984430152522828e-03 -9.999999999000000000e+09
1.352648452372744714e+03 1.000606186512128293e+00 4.999984486999897726e-03 -9.999999999000000000e+09
1.352659732246673229e+03 1.005903189168496636e+00 4.999984543834501589e-03 -9.999999999000000000e+09
1.352671012214665780e+03 1.003746906478199863e+00 4.999984600656337888e-03 -9.999999999000000000e+09
1.352682292276722819e+03 9.978092167469639895e-01 4.999984657465412694e-03 -9.999999999000000000e+09
1.352693572432845940e+03 9.970257768170236456e-01 4.999984714261727740e-03 -9.999999999000000000e+09
1.352704852683035142e+03 1.003512036185432166e+00 4.999984771045289100e-03 -9.999999999000000000e+09
1.352716133027291562e+03 9.974884862542892083e-01 4.999984827816101110e-03 -9.999999999000000000e+09
1.352727413465615882e+03 9.951875082065181344e-01 4.999984884574166372e-03 -9.999999999000000000e+09
1.352738693998008785e+03 9.982921471146407599e-01 4.999984941319490089e-03 -9.999999999000000000e+09
1.352749974624471406e+03 1.004353219326448610e+00 4.999984998052078335e-03 -9.999999999000000000e+09
1.352761255345004429e+03 1.003946821097502440e+00 4.999985054771931975e-03 -9.999999999000000000e+09
1.352772536159608308e+03 1.004972680319802469e+00 4.999985111479059684e-03 -9.999999999000000000e+09
1.352783817068283952e+03 9.929524600869723550e-01 4.999985168173461461e-03 -9.999999999000000000e+09
1.352795098071032726e+03 1.000382810185599824e+00 4.999985224855145113e-03 -9.999999999000000000e+09
1.352806379167854629e+03 1.006858549081964815e+00 4.999985281524112375e-03 -9.999999999000000000e+09
1.352817660358750800e+03 1.004234652010125739e+00 4.999985338180368451e-03 -9.999999999000000000e+09
1.352828941643721919e+03 1.004188890120659705e+00 4.999985394823916809e-03 -9.999999999000000000e+09
1.352840223022768669e+03 1.005719290827053580e+00 4.999985451454764390e-03 -9.999999999000000000e+09
1.352851504495892186e+03 9.998201359059095683e-01 4.999985508072912060e-03 -9.999999999000000000e+09
1.352862786063093154e+03 1.007154909404313292e+00 4.999985564678367626e-03 -9.999999999000000000e+09
1.352874067724372253e+03 9.976244919449742676e-01 4.999985621271132823e-03 -9.999999999000000000e+09
1.352885349479730166e+03 1.002439908127650270e+00 4.999985677851212854e-03 -9.999999999000000000e+09
1.352896631329168031e+03 9.961789259989282108e-01 4.999985734418612056e-03 -9.999999999000000000e+09
1.352907913272685846e+03 9.961272325202805700e-01 4.999985790973334766e-03 -9.999999999000000000e+09
1.352919195310285431e+03 9.931267376228740673e-01 4.999985847515384454e-03 -9.999999999000000000e+09
1.352930477441967014e+03 9.964430259595636885e-01 4.999985904044766324e-03 -9.999999999000000000e+09
1.352941759667731276e+03 1.003393739047703459e+00 4.999985960561483846e-03 -9.999999999000000000e+09
1.352953041987579354e+03 1.003563130942193515e+00 4.999986017065543090e-03 -9.999999999000000000e+09
1.352964324401511703e+03 1.000013241931043240e+00 4.999986073556944924e-03 -9.999999999000000000e+09
1.352975606909529461e+03 1.003380866950309702e+00 4.999986130035697154e-03 -9.999999999000000000e+09
1.352986889511632853e+03 9.931581706421171996e-01 4.999986186501802383e-03 -9.999999999000000000e+09
1.352998172207823245e+03 9.963303750223505562e-01 4.999986242955264948e-03 -9.999999999000000000e+09
1.353009454998101091e+03 1.010856934166774135e+00 4.999986299396090919e-03 -9.999999999000000000e+09
1.353020737882467301e+03 1.003200399376764418e+00 4.999986355824281165e-03 -9.999999999000000000e+09
1.353032020860922785e+03 1.001163817840333925e+00 4.999986412239841756e-03 -9.999999999000000000e+09
1.353043303933468223e+03 1.003381035592406656e+00 4.999986468642777897e-03 -9.999999999000000000e+09
1.353054587100104300e+03 9.997255567934001386e-01 4.999986525033092190e-03 -9.999999999000000000e+09
1.353065870360831696e+03 9.973737130024110664e-01 4.999986581410789839e-03 -9.999999999000000000e+09
1.353077153715651548e+03 1.000512244184914801e+00 4.999986637775875181e-03 -9.999999999000000000e+09
1.353088437164564311e+03 9.934939448668720363e-01 4.999986694128350818e-03 -9.999999999000000000e+09
1.353099720707570896e+03 1.001736185731462392e+00 4.999986750468223690e-03 -9.999999999000000000e+09
1.353111004344672210e+03 9.995686936949567114e-01 4.999986806795496397e-03 -9.999999999000000000e+09
1.353122288075868937e+03 1.004201620856062682e+00 4.999986863110172410e-03 -9.999999999000000000e+09
1.353133571901161986e+03 1.005506724669174456e+00 4.999986919412259534e-03 -9.999999999000000000e+09
1.353144855820551584e+03 1.007170942560278393e+00 4.999986975701756903e-03 -9.999999999000000000e+09
1.353156139834039323e+03 9.934538038746884014e-01 4.999987031978673190e-03 -9.999999999000000000e+09
1.353167423941625430e+03 1.002517841846439772e+00 4.999987088243010129e-03 -9.999999999000000000e+09
1.353178708143311042e+03 9.966306480825656289e-01 4.999987144494772925e-03 -9.999999999000000000e+09
1.353189992439096613e+03 9.972349938693650939e-01 4.999987200733965048e-03 -9.999999999000000000e+09
1.353201276828983055e+03 9.997512699862950436e-01 4.999987256960592569e-03 -9.999999999000000000e+09
1.353212561312971047e+03 1.001150654082781699e+00 4.999987313174657222e-03 -9.999999999000000000e+09
1.353223845891061956e+03 1.002600495341667397e+00 4.999987369376165947e-03 -9.999999999000000000e+09
1.353235130563256007e+03 1.006343994334027547e+00 4.999987425565119610e-03 -9.999999999000000000e+09
1.353246415329553656e+03 1.005261754021616216e+00 4.999987481741526019e-03 -9.999999999000000000e+09
1.353257700189956495e+03 1.001684799733248754e+00 4.999987537905385172e-03 -9.999999999000000000e+09
1.353268985144464978e+03 9.926879550651869222e-01 4.999987594056705745e-03 -9.999999999000000000e+09
1.353280270193079559e+03 1.011612777900694704e+00 4.999987650195489471e-03 -9.999999999000000000e+09
1.353291555335801604e+03 1.000034542736196963e+00 4.999987706321740687e-03 -9.999999999000000000e+09
1.353302840572631339e+03 9.879366601069835552e-01 4.999987762435465465e-03 -9.999999999000000000e+09
1.353314125903569902e+03 1.002114284937166921e+00 4.999987818536665539e-03 -9.999999999000000000e+09
1.353325411328617975e+03 9.957312424961638486e-01 4.999987874625346114e-03 -9.999999999000000000e+09
1.353336696847776693e+03 9.984325920242327346e-01 4.999987930701511527e-03 -9.999999999000000000e+09
1.353347982461046058e+03 1.001136941123536461e+00 4.999987986765166113e-03 -9.999999999000000000e+09
1.353359268168427661e+03 1.005149270015663898e+00 4.999988042816314211e-03 -9.999999999000000000e+09
1.353370553969921730e+03 9.997274349183491449e-01 4.999988098854959290e-03 -9.999999999000000000e+09
1.353381839865529173e+03 1.003018087070894016e+00 4.999988154881105686e-03 -9.999999999000000000e+09
1.353393125855251128e+03 1.004602058059241854e+00 4.999988210894758603e-03 -9.999999999000000000e+09
1.353404411939088050e+03 9.950476119669379171e-01 4.999988266895921511e-03 -9.999999999000000000e+09
1.353415698117040620e+03 1.000759959956472933e+00 4.999988322884598747e-03 -9.999999999000000000e+09
1.353426984389109975e+03 1.001680470194871164e+00 4.999988378860792913e-03 -9.999999999000000000e+09
1.353438270755296571e+03 9.995591850252776300e-01 4.999988434824511815e-03 -9.999999999000000000e+09
1.353449557215601317e+03 9.974690151369651758e-01 4.999988490775756321e-03 -9.999999999000000000e+09
1.353460843770025122e+03 9.978782988631668127e-01 4.999988546714532502e-03 -9.999999999000000000e+09
1.353472130418568440e+03 1.006984211284686515e+00 4.999988602640843827e-03 -9.999999999000000000e+09
1.353483417161232637e+03 9.939185629780357134e-01 4.999988658554692898e-03 -9.999999999000000000e+09
1.353494703998017712e+03 1.001059940206184828e+00 4.999988714456087523e-03 -9.999999999000000000e+09
1.353505990928925257e+03 9.973623299587291990e-01 4.999988770345028567e-03 -9.999999999000000000e+09
1.353517277953955272e+03 9.959824701777288958e-01 4.999988826221522104e-03 -9.999999999000000000e+09
1.353528565073109348e+03 9.985652537792713002e-01 4.999988882085570734e-03 -9.999999999000000000e+09
1.353539852286387486e+03 9.930291390120562500e-01 4.999988937937180529e-03 -9.999999999000000000e+09
1.353551139593791277e+03 9.983242877949550786e-01 4.999988993776354959e-03 -9.999999999000000000e+09
1.353562426995320948e+03 9.931034339662725419e-01 4.999989049603096626e-03 -9.999999999000000000e+09
1.353573714490977181e+03 1.003518866686954114e+00 4.999989105417413336e-03 -9.999999999000000000e+09
1.353585002080761114e+03 9.982444437813997595e-01 4.999989161219305957e-03 -9.999999999000000000e+09
1.353596289764673656e+03 9.856285577211553184e-01 4.999989217008779692e-03 -9.999999999000000000e+09
1.353607577542715035e+03 1.002807665728051134e+00 4.999989272785838011e-03 -9.999999999000000000e+09
1.353618865414886386e+03 1.007621340674801136e+00 4.999989328550486119e-03 -9.999999999000000000e+09
1.353630153381188393e+03 1.000519302793007270e+00 4.999989384302727484e-03 -9.999999999000000000e+09
1.353641441441622192e+03 9.990063279067671331e-01 4.999989440042569046e-03 -9.999999999000000000e+09
1.353652729596188010e+03 1.001723705025950650e+00 4.999989495770009937e-03 -9.999999999000000000e+09
1.353664017844887212e+03 1.002863184972039301e+00 4.999989551485057963e-03 -9.999999999000000000e+09
1.353675306187720025e+03 9.998663873399801227e-01 4.999989607187715727e-03 -9.999999999000000000e+09
1.353686594624687586e+03 9.982752898014969345e-01 4.999989662877988433e-03 -9.999999999000000000e+09
1.353697883155790578e+03 1.001844871391667446e+00 4.999989718555877816e-03 -9.999999999000000000e+09
1.353709171781029454e+03 9.937332922278919733e-01 4.999989774221391681e-03 -9.999999999000000000e+09
1.353720460500405807e+03 9.995412920565803772e-01 4.999989829874531763e-03 -9.999999999000000000e+09
1.353731749313919863e+03 1.001737019150596097e+00 4.999989885515303267e-03 -9.999999999000000000e+09
1.353743038221572306e+03 1.005658764733588839e+00 4.999989941143710530e-03 -9.999999999000000000e+09
1.353754327223364271e+03 9.956482516456092169e-01 4.999989996759755286e-03 -9.999999999000000000e+09
1.353765616319296214e+03 1.003787778066540959e+00 4.999990052363444473e-03 -9.999999999000000000e+09
1.353776905509369271e+03 9.903177268694233204e-01 4.999990107954781562e-03 -9.999999999000000000e+09
1.353788194793583898e+03 1.004882351068931756e+00 4.999990163533769155e-03 -9.999999999000000000e+09
1.353799484171941231e+03 9.978215815007484002e-01 4.999990219100413323e-03 -9.999999999000000000e+09
1.353810773644441497e+03 9.974245182111588504e-01 4.999990274654717536e-03 -9.999999999000000000e+09
1.353822063211086061e+03 1.003607169720386549e+00 4.999990330196683527e-03 -9.999999999000000000e+09
1.353833352871875377e+03 9.943237917071405807e-01 4.999990385726320839e-03 -9.999999999000000000e+09
1.353844642626810582e+03 9.984787715877186942e-01 4.999990441243629472e-03 -9.999999999000000000e+09
1.353855932475891905e+03 9.954315852565992495e-01 4.999990496748613761e-03 -9.999999999000000000e+09
1.353867222419120708e+03 1.004917988432757925e+00 4.999990552241279779e-03 -9.999999999000000000e+09
1.353878512456496992e+03 1.002054952664562570e+00 4.999990607721629260e-03 -9.999999999000000000e+09
1.353889802588022576e+03 9.931463792097472432e-01 4.999990663189668276e-03 -9.999999999000000000e+09
1.353901092813697460e+03 1.009798109390881216e+00 4.999990718645399429e-03 -9.999999999000000000e+09
1.353912383133522781e+03 1.003872408731659283e+00 4.999990774088827923e-03 -9.999999999000000000e+09
1.353923673547499448e+03 9.924365969464989945e-01 4.999990829519958963e-03 -9.999999999000000000e+09
1.353934964055627461e+03 1.007167512025366252e+00 4.999990884938792547e-03 -9.999999999000000000e+09
1.353946254657908639e+03 9.964027207141562537e-01 4.999990940345336483e-03 -9.999999999000000000e+09
1.353957545354343210e+03 1.006363632826486887e+00 4.999990995739594241e-03 -9.999999999000000000e+09
1.353968836144932084e+03 1.005260215850828809e+00 4.999991051121570156e-03 -9.999999999000000000e+09
1.353980127029675941e+03 9.965521743450392878e-01 4.999991106491265963e-03 -9.999999999000000000e+09
1.353991418008575693e+03 9.985372098439105892e-01 4.999991161848688602e-03 -9.999999999000000000e+09
1.354002709081632020e+03 9.985100462295654067e-01 4.999991217193839807e-03 -9.999999999000000000e+09
1.354014000248845605e+03 1.006161436099251683e+00 4.999991272526726517e-03 -9.999999999000000000e+09
1.354025291510217812e+03 9.955035848489964811e-01 4.999991327847351334e-03 -9.999999999000000000e+09
1.354036582865748869e+03 9.983285180246562751e-01 4.999991383155716861e-03 -9.999999999000000000e+09
1.354047874315439458e+03 1.007127652240117577e+00 4.999991438451829168e-03 -9.999999999000000000e+09
1.354059165859290715e+03 9.983897737127208627e-01 4.999991493735691725e-03 -9.999999999000000000e+09
1.354070457497303323e+03 9.955976054584980695e-01 4.999991549007308869e-03 -9.999999999000000000e+09
1.354081749229478191e+03 1.007324910080922065e+00 4.999991604266684937e-03 -9.999999999000000000e+09
1.354093041055815775e+03 1.002830754965500892e+00 4.999991659513823399e-03 -9.999999999000000000e+09
1.354104332976317210e+03 1.005171781996517133e+00 4.999991714748727722e-03 -9.999999999000000000e+09
1.354115624990982951e+03 1.006843855375758157e+00 4.999991769971402246e-03 -9.999999999000000000e+09
1.354126917099814136e+03 9.958058311948182473e-01 4.999991825181852173e-03 -9.999999999000000000e+09
1.354138209302811219e+03 9.977552608437524340e-01 4.999991880380080973e-03 -9.999999999000000000e+09
1.354149501599975110e+03 9.909297452250069860e-01 4.999991935566092116e-03 -9.999999999000000000e+09
1.354160793991306946e+03 1.006102553801664801e+00 4.999991990739890806e-03 -9.999999999000000000e+09
1.354172086476806953e+03 1.001783613256539418e+00 4.999992045901480511e-03 -9.999999999000000000e+09
1.354183379056476042e+03 9.983863945780294680e-01 4.999992101050864703e-03 -9.999999999000000000e+09
1.354194671730315122e+03 9.996806551016460540e-01 4.999992156188050318e-03 -9.999999999000000000e+09
1.354205964498325329e+03 1.002223974900247283e+00 4.999992211313036491e-03 -9.999999999000000000e+09
1.354217257360506892e+03 1.005130189563721022e+00 4.999992266425831028e-03 -9.999999999000000000e+09
1.354228550316860492e+03 1.002699808397013337e+00 4.999992321526436530e-03 -9.999999999000000000e+09
1.354239843367387721e+03 1.002974495524511900e+00 4.999992376614858201e-03 -9.999999999000000000e+09
1.354251136512088578e+03 9.951987853332148193e-01 4.999992431691098645e-03 -9.999999999000000000e+09
1.354262429750963975e+03 9.944883907504380449e-01 4.999992486755161329e-03 -9.999999999000000000e+09
1.354273723084015273e+03 1.008538537888790554e+00 4.999992541807054061e-03 -9.999999999000000000e+09
1.354285016511242475e+03 1.000521795058434416e+00 4.999992596846776841e-03 -9.999999999000000000e+09
1.354296310032646716e+03 9.986503249777893831e-01 4.999992651874335739e-03 -9.999999999000000000e+09
1.354307603648228678e+03 1.007783352489313389e+00 4.999992706889735093e-03 -9.999999999000000000e+09
1.354318897357989499e+03 9.969755461362664883e-01 4.999992761892975771e-03 -9.999999999000000000e+09
1.354330191161929861e+03 9.990108448151743259e-01 4.999992816884066445e-03 -9.999999999000000000e+09
1.354341485060050218e+03 9.989627640529594732e-01 4.999992871863008850e-03 -9.999999999000000000e+09
1.354352779052351480e+03 9.960689884547775375e-01 4.999992926829805590e-03 -9.999999999000000000e+09
1.354364073138834556e+03 1.006695285868230316e+00 4.999992981784464469e-03 -9.999999999000000000e+09
1.354375367319500356e+03 1.001786756896160258e+00 4.999993036726984620e-03 -9.999999999000000000e+09
1.354386661594349334e+03 9.920969789611749912e-01 4.999993091657374718e-03 -9.999999999000000000e+09
1.354397955963382401e+03 9.989894841600981401e-01 4.999993146575635629e-03 -9.999999999000000000e+09
1.354409250426600238e+03 9.905166360384036750e-01 4.999993201481772558e-03 -9.999999999000000000e+09
1.354420544984004209e+03 1.004366819376592002e+00 4.999993256375791575e-03 -9.999999999000000000e+09
1.354431839635594315e+03 9.938984427032188096e-01 4.999993311257691815e-03 -9.999999999000000000e+09
1.354443134381371465e+03 9.973790476303235897e-01 4.999993366127481950e-03 -9.999999999000000000e+09
1.354454429221337023e+03 1.002094156837749273e+00 4.999993420985162848e-03 -9.999999999000000000e+09
1.354465724155491444e+03 1.007700369739587209e+00 4.999993475830742315e-03 -9.999999999000000000e+09
1.354477019183835182e+03 9.899982583701252281e-01 4.999993530664218616e-03 -9.999999999000000000e+09
1.354488314306369375e+03 9.859811404141568536e-01 4.999993585485601293e-03 -9.999999999000000000e+09
1.354499609523094932e+03 9.966456120903073312e-01 4.999993640294892079e-03 -9.999999999000000000e+09
1.354510904834012308e+03 1.003545444342335280e+00 4.999993695092094445e-03 -9.999999999000000000e+09
1.354522200239122412e+03 1.001451027856073317e+00 4.999993749877212727e-03 -9.999999999000000000e+09
1.354533495738426154e+03 9.971213358608063126e-01 4.999993804650251263e-03 -9.999999999000000000e+09
1.354544791331924216e+03 1.003887879557097129e+00 4.999993859411214388e-03 -9.999999999000000000e+09
1.354556087019617507e+03 1.005154787832345908e+00 4.999993914160105572e-03 -9.999999999000000000e+09
1.354567382801506483e+03 9.978667440496142849e-01 4.999993968896928286e-03 -9.999999999000000000e+09
1.354578678677592279e+03 1.005916681010930791e+00 4.999994023621687732e-03 -9.999999999000000000e+09
1.354589974647875351e+03 9.997971165045396180e-01 4.999994078334387380e-03 -9.999999999000000000e+09
1.354601270712357064e+03 9.950386331727381073e-01 4.999994133035031568e-03 -9.999999999000000000e+09
1.354612566871037416e+03 1.007194963884146199e+00 4.999994187723623765e-03 -9.999999999000000000e+09
1.354623863123917772e+03 9.883218521548433610e-01 4.999994242400168307e-03 -9.999999999000000000e+09
1.354635159470998815e+03 9.989812186350877088e-01 4.999994297064668664e-03 -9.999999999000000000e+09
1.354646455912280999e+03 9.930070862045631275e-01 4.999994351717129172e-03 -9.999999999000000000e+09
1.354657752447765461e+03 9.972751216343314073e-01 4.999994406357553302e-03 -9.999999999000000000e+09
1.354669049077452883e+03 1.006354074235383589e+00 4.999994460985946257e-03 -9.999999999000000000e+09
1.354680345801344174e+03 1.004460809561361412e+00 4.999994515602311507e-03 -9.999999999000000000e+09
1.354691642619440017e+03 1.009207049575616910e+00 4.999994570206653388e-03 -9.999999999000000000e+09
1.354702939531740867e+03 1.006726506306686364e+00 4.999994624798974503e-03 -9.999999999000000000e+09
1.354714236538248088e+03 1.000847492076953227e+00 4.999994679379279189e-03 -9.999999999000000000e+09
1.354725533638962361e+03 9.935186656327342769e-01 4.999994733947571782e-03 -9.999999999000000000e+09
1.354736830833883914e+03 1.002364465114185865e+00 4.999994788503858353e-03 -9.999999999000000000e+09
1.354748128123014112e+03 1.007406152518503184e+00 4.999994843048138904e-03 -9.999999999000000000e+09
1.354759425506353864e+03 9.997427599645680729e-01 4.999994897580419505e-03 -9.999999999000000000e+09
1.354770722983903170e+03 9.953350110989876987e-01 4.999994952100703625e-03 -9.999999999000000000e+09
1.354782020555663394e+03 1.001405355739452219e+00 4.999995006608996470e-03 -9.999999999000000000e+09
1.354793318221635673e+03 9.925585028424898093e-01 4.999995061105301508e-03 -9.999999999000000000e+09
1.354804615981820007e+03 1.000892430799540600e+00 4.999995115589622209e-03 -9.999999999000000000e+09
1.354815913836217305e+03 1.000136086803856239e+00 4.999995170061963777e-03 -9.999999999000000000e+09
1.354827211784828933e+03 1.009087571094961611e+00 4.999995224522327947e-03 -9.999999999000000000e+09
1.354838509827655344e+03 1.011887905470946203e+00 4.999995278970718188e-03 -9.999999999000000000e+09
1.354849807964696993e+03 1.003389170428605981e+00 4.999995333407141439e-03 -9.999999999000000000e+09
1.354861106195955017e+03 1.006734281571089795e+00 4.999995387831595098e-03 -9.999999999000000000e+09
1.354872404521430326e+03 1.004171650847472508e+00 4.999995442243949061e-03 -9.999999999000000000e+09
1.354883702941123147e+03 1.004303008513084183e+00 4.999995496641740887e-03 -9.999999999000000000e+09
1.354895001455035072e+03 9.902379654589492652e-01 4.999995550994240819e-03 -9.999999999000000000e+09
1.354906300063166100e+03 1.002568512386726729e+00 4.999995605045950975e-03 -9.999999999000000000e+09
1.354917598765517596e+03 9.993458897915374894e-01 4.999995657400511766e-03 -9.999999999000000000e+09
1.354928897562090242e+03 1.006101622436533338e+00 4.999995703192364714e-03 -9.999999999000000000e+09
1.354940196452884493e+03 9.894412915495293115e-01 4.999995732379609349e-03 -9.999999999000000000e+09
1.354951495437901713e+03 1.000977549233240671e+00 4.999995735569161270e-03 -9.999999999000000000e+09
1.354962794517141901e+03 1.010412433083015094e+00 4.999995717558610754e-03 -9.999999999000000000e+09
1.354974093690606196e+03 9.959778249070234679e-01 4.999995699815219796e-03 -9.999999999000000000e+09
1.354985392958295733e+03 1.001786863736391808e+00 4.999995701786419042e-03 -9.999999999000000000e+09
1.354996692320211196e+03 1.001099747675754159e+00 4.999995725409489555e-03 -9.999999999000000000e+09
1.355007991776353037e+03 9.902823316799874709e-01 4.999995761267477141e-03 -9.999999999000000000e+09
1.355019291326721941e+03 9.945271302096952981e-01 4.999995801027382579e-03 -9.999999999000000000e+09
1.355030590971319270e+03 9.960458827493315903e-01 4.999995841068459804e-03 -9.999999999000000000e+09
1.355041890710145253e+03 9.862119577119695668e-01 4.999995880403386612e-03 -9.999999999000000000e+09
1.355053190543200799e+03 9.968958617175440740e-01 4.999995918806502369e-03 -9.999999999000000000e+09
1.355064490470487272e+03 1.004719211593638528e+00 4.999995956180523782e-03 -9.999999999000000000e+09
1.355075790492004671e+03 1.000178038779841572e+00 4.999995992434828895e-03 -9.999999999000000000e+09
1.355087090607754135e+03 9.966454854252542184e-01 4.999996027469923512e-03 -9.999999999000000000e+09
1.355098390817736572e+03 1.001697355462953576e+00 4.999996061174957068e-03 -9.999999999000000000e+09
1.355109691121952665e+03 1.007302552095851844e+00 4.999996093426051225e-03 -9.999999999000000000e+09
1.355120991520402868e+03 9.943634025943143273e-01 4.999996124084415960e-03 -9.999999999000000000e+09
1.355132292013088545e+03 1.008606081811852517e+00 4.999996152994148207e-03 -9.999999999000000000e+09
1.355143592600009924e+03 1.002035712706795367e+00 4.999996179979628030e-03 -9.999999999000000000e+09
1.355154893281168370e+03 1.001230883390178406e+00 4.999996204842449034e-03 -9.999999999000000000e+09
1.355166194056564109e+03 1.004613917811778778e+00 4.999996227357774575e-03 -9.999999999000000000e+09
1.355177494926198051e+03 1.011659629710069286e+00 4.999996247270000957e-03 -9.999999999000000000e+09
1.355188795890071333e+03 1.005494205234406913e+00 4.999996264287551520e-03 -9.999999999000000000e+09
1.355200096948184182e+03 9.995296257222031633e-01 4.999996278076629906e-03 -9.999999999000000000e+09
1.355211398100538190e+03 9.921928256778501654e-01 4.999996288253667938e-03 -9.999999999000000000e+09
1.355222699347133357e+03 1.002818314237813313e+00 4.999996294376134187e-03 -9.999999999000000000e+09
1.355234000687971047e+03 1.001403876263925685e+00 4.999996295931314651e-03 -9.999999999000000000e+09
1.355245302123051488e+03 1.003483865164134237e+00 4.999996292322520831e-03 -9.999999999000000000e+09
1.355256603652375816e+03 9.979216732379512234e-01 4.999996282852020926e-03 -9.999999999000000000e+09
1.355267905275944713e+03 1.010063788737839419e+00 4.999996266699791199e-03 -9.999999999000000000e+09
1.355279206993759090e+03 1.004760792620012610e+00 4.999996242896869759e-03 -9.999999999000000000e+09
1.355290508805819854e+03 1.006091448520458176e+00 4.999996210291688184e-03 -9.999999999000000000e+09
1.355301810712127235e+03 1.002195534149095790e+00 4.999996167507190017e-03 -9.999999999000000000e+09
1.355313112712682369e+03 1.003638269541565098e+00 4.999996112885748099e-03 -9.999999999000000000e+09
1.355324414807486392e+03 1.009215837506330260e+00 4.999996044417772019e-03 -9.999999999000000000e+09
1.355335716996539304e+03 9.968078252591582311e-01 4.999995959648257694e-03 -9.999999999000000000e+09
1.355347019279842698e+03 1.011381418393163756e+00 4.999995855553223886e-03 -9.999999999000000000e+09
1.355358321657397028e+03 9.921219585736269497e-01 4.999995728374506676e-03 -9.999999999000000000e+09
1.355369624129202748e+03 1.007308859140734425e+00 4.999926666559724973e-03 -9.999999999000000000e+09
1.355380926695260996e+03 9.984843666051201883e-01 4.998599866387019690e-03 -9.999999999000000000e+09
1.355392229355572681e+03 9.933706790316350066e-01 4.996800970094118777e-03 -9.999999999000000000e+09
1.355403532110138258e+03 9.941508691470858361e-01 4.994935021986538284e-03 -9.999999999000000000e+09
1.355414834958958636e+03 9.974828602636921504e-01 4.992998195685612040e-03 -9.999999999000000000e+09
1.355426137902034725e+03 9.931974131711169829e-01 4.990986365676690524e-03 -9.999999999000000000e+09
1.355437440939367207e+03 9.989961787803756099e-01 4.988895076550163045e-03 -9.999999999000000000e+09
1.355448744070956764e+03 9.910178652018749590e-01 4.986719508022667037e-03 -9.999999999000000000e+09
1.355460047296804305e+03 9.918119172787356330e-01 4.984454435047028925e-03 -9.999999999000000000e+09
1.355471350616910513e+03 9.996126468099661988e-01 4.982094182426943622e-03 -9.999999999000000000e+09
1.355482654031276525e+03 1.002228226133399458e+00 4.979632573886072673e-03 -9.999999999000000000e+09
1.355493957539902794e+03 9.986384520849574953e-01 4.977062876886366449e-03 -9.999999999000000000e+09
1.355505261142790005e+03 9.911230952395783111e-01 4.974377746896043589e-03 -9.999999999000000000e+09
1.355516564839939520e+03 9.919796810097842865e-01 4.971569177646865435e-03 -9.999999999000000000e+09
1.355527868631351339e+03 9.884487053243815602e-01 4.968628464632069038e-03 -9.999999999000000000e+09
1.355539172517026827e+03 9.895383036317945136e-01 4.965546183057096760e-03 -9.999999999000000000e+09
1.355550476496966439e+03 9.924313723460974623e-01 4.962312164956616915e-03 -9.999999999000000000e+09
1.355561780571171084e+03 9.904901554331173585e-01 4.958915436982417636e-03 -9.999999999000000000e+09
1.355573084739641672e+03 9.847842992571532728e-01 4.955344066439311933e-03 -9.999999999000000000e+09
1.355584389002378884e+03 9.886714051206834108e-01 4.951584879838636169e-03 -9.999999999000000000e+09
1.355595693359383176e+03 9.897159150293527441e-01 4.947623071184730804e-03 -9.999999999000000000e+09
1.355606997810656139e+03 9.819389423540386685e-01 4.943441778588128672e-03 -9.999999999000000000e+09
1.355618302356198001e+03 9.807443319329710585e-01 4.939021728449322600e-03 -9.999999999000000000e+09
1.355629606996009443e+03 9.906511908928128385e-01 4.934340998534222922e-03 -9.999999999000000000e+09
1.355640911730091375e+03 9.755195260976959881e-01 4.929374861145261258e-03 -9.999999999000000000e+09
1.355652216558444707e+03 9.848299657522845418e-01 4.924095598211561745e-03 -9.999999999000000000e+09
1.355663521481070347e+03 9.778103005090089672e-01 4.918472175568767112e-03 -9.999999999000000000e+09
1.355674826497968752e+03 9.817619614892679758e-01 4.912469713431530036e-03 -9.999999999000000000e+09
1.355686131609140830e+03 9.741358787086441540e-01 4.906048746652811286e-03 -9.999999999000000000e+09
1.355697436814587491e+03 9.699687881208484130e-01 4.899164292701459547e-03 -9.999999999000000000e+09
1.355708742114309416e+03 9.734922757485720002e-01 4.891764731641668092e-03 -9.999999999000000000e+09
1.355720047508307289e+03 9.707091178034452650e-01 4.883790468605199615e-03 -9.999999999000000000e+09
1.355731352996582018e+03 9.718200120924136431e-01 4.875172313680693065e-03 -9.999999999000000000e+09
1.355742658579134286e+03 9.627820478297666185e-01 4.865829483046855454e-03 -9.999999999000000000e+09
1.355753964255965002e+03 9.597299440089978040e-01 4.855667094187815676e-03 -9.999999999000000000e+09
1.355765270027075076e+03 9.664974333323702593e-01 4.844572988707131038e-03 -9.999999999000000000e+09
1.355776575892464962e+03 9.629949737503782359e-01 4.832413659890785924e-03 -9.999999999000000000e+09
1.355787881852135797e+03 9.609818746987909277e-01 4.819028979574891194e-03 -9.999999999000000000e+09
1.355799187906088036e+03 9.617848288129349221e-01 4.804225298018246007e-03 -9.999999999000000000e+09
1.355810494054322589e+03 9.556845228394256209e-01 4.787766313357168929e-03 -9.999999999000000000e+09
1.355821800296840365e+03 9.459298482627056526e-01 4.769360846126755732e-03 -9.999999999000000000e+09
1.355833106633642046e+03 9.393647139962520987e-01 4.748646267137117578e-03 -9.999999999000000000e+09
1.355844413064728087e+03 9.282564835572943984e-01 4.725165751702599393e-03 -9.999999999000000000e+09
1.355855719590100307e+03 9.305118444824227453e-01 4.698336685351530741e-03 -9.999999999000000000e+09
1.355867026209758251e+03 9.270740482254183901e-01 4.667406332812603677e-03 -9.999999999000000000e+09
1.355878332923703510e+03 9.111757278031167306e-01 4.631389277732943059e-03 -9.999999999000000000e+09
1.355889639731936541e+03 9.007896054920635498e-01 4.588979450637077975e-03 -9.999999999000000000e+09
1.355900946634458251e+03 8.964832054767377656e-01 4.538429172383107862e-03 -9.999999999000000000e+09
1.355912253631269323e+03 8.817065612374967998e-01 4.477392745085817007e-03 -9.999999999000000000e+09
1.355923560722370439e+03 8.533762857719450201e-01 4.402752568964509415e-03 -9.999999999000000000e+09
1.355934867907762737e+03 8.280922539955568595e-01 4.310498384864801767e-03 -9.999999999000000000e+09
1.355946175187446897e+03 8.075173645618878293e-01 4.195828925691366847e-03 -9.999999999000000000e+09
1.355957482561423376e+03 7.728060611658728041e-01 4.053764273672637135e-03 -9.999999999000000000e+09
1.355968790029693309e+03 7.270938990339418373e-01 3.880574291314122914e-03 -9.999999999000000000e+09
1.355980097592257607e+03 6.748325302518368707e-01 3.676029449746647405e-03 -9.999999999000000000e+09
1.355991405249116497e+03 6.129420637308594655e-01 3.445761448128806942e-03 -9.999999999000000000e+09
1.356002713000271115e+03 -1.002631549720698547e+10 4.582575694497583061e+07 -9.999999999000000000e+09
