9.049142379139851755e+02 5.272863026567093936e-01 3.170410752754115186e-02 -9.999999999000000000e+09
9.049217840864602067e+02 5.257587842040236659e-01 3.170384128243232402e-02 -9.999999999000000000e+09
9.049293303218636311e+02 5.318415529984567014e-01 3.170357503675375749e-02 -9.999999999000000000e+09
9.049368766201955623e+02 5.350255512537303026e-01 3.170330879050558409e-02 -9.999999999000000000e+09
9.049444229814572509e+02 5.446720253876569107e-01 3.170304254368793567e-02 -9.999999999000000000e+09
9.049519694056485832e+02 5.534845817177129756e-01 3.170277629630095795e-02 -9.999999999000000000e+09
9.049595158927704688e+02 5.220914227420535569e-01 3.170251004834478969e-02 -9.999999999000000000e+09
9.049670624428232486e+02 5.101209724707606030e-01 3.170224379981959051e-02 -9.999999999000000000e+09
9.049746090558073774e+02 5.787257816064911298e-01 3.170197755072548529e-02 -9.999999999000000000e+09
9.049821557317235374e+02 5.638755277448896930e-01 3.170171130106261281e-02 -9.999999999000000000e+09
9.049897024705721833e+02 5.574505428957774456e-01 3.170144505083111880e-02 -9.999999999000000000e+09
9.049972492723538835e+02 5.090946695429382496e-01 3.170117880003115590e-02 -9.999999999000000000e+09
9.050047961370693201e+02 5.125763639553106987e-01 3.170091254866282821e-02 5.301615715438734444e-01
9.050123430647187206e+02 5.027593404539181243e-01 3.170064629672631612e-02 5.301663427963883013e-01
9.050198900553025396e+02 5.540153962033298463e-01 3.170038004422175842e-02 5.301711182011599188e-01
9.050274371088216867e+02 4.932804970571585956e-01 3.170011379114927308e-02 5.301758977581103593e-01
9.050349842252762755e+02 5.395382631592914313e-01 3.169984753750901968e-02 5.301806814671624624e-01
9.050425314046673293e+02 5.569054283093576307e-01 3.169958128330113006e-02 5.301854693282385123e-01
9.050500786469948480e+02 5.672571155912400354e-01 3.169931502852575689e-02 5.301902613412610155e-01
9.050576259522597411e+02 5.261906140394794207e-01 3.169904877318303199e-02 5.301950575061529225e-01
9.050651733204622360e+02 4.892058555489226523e-01 3.169878251727308721e-02 5.301998578228361847e-01
9.050727207516030148e+02 5.107986091754397329e-01 3.169851626079608908e-02 5.302046622912334195e-01
9.050802682456827597e+02 5.092511676697912826e-01 3.169825000375215557e-02 5.302094709112669113e-01
9.050878158027016980e+02 5.290460454020374792e-01 3.169798374614143932e-02 5.302142836828593886e-01
9.050953634226606255e+02 5.742212164117659334e-01 3.169771748796407912e-02 5.302191006059333578e-01
9.051029111055598833e+02 5.103073775578810256e-01 3.169745122922021374e-02 5.302239216804109923e-01
9.051104588513999261e+02 5.563395771747176033e-01 3.169718496990999584e-02 5.302287469062150205e-01
9.051180066601813223e+02 5.393519166764777495e-01 3.169691871003356420e-02 5.302335762832676158e-01
9.051255545319049816e+02 5.451599074416723090e-01 3.169665244959103678e-02 5.302384098114913957e-01
9.051331024665709037e+02 5.464461464571417348e-01 3.169638618858258011e-02 5.302432474908085336e-01
9.051406504641797710e+02 5.439053827861646262e-01 3.169611992700832603e-02 5.302480893211418689e-01
9.051481985247323792e+02 5.392494543419127373e-01 3.169585366486842026e-02 5.302529353024134640e-01
9.051557466482288419e+02 5.142180833524329087e-01 3.169558740216300158e-02 5.302577854345458253e-01
9.051632948346699550e+02 4.893913502791495396e-01 3.169532113889220876e-02 5.302626397174612372e-01
9.051708430840562869e+02 5.459156750241180855e-01 3.169505487505618752e-02 5.302674981510822061e-01
9.051783913963880650e+02 5.494663771820786913e-01 3.169478861065507663e-02 5.302723607353311275e-01
9.051859397716660851e+02 5.530314143162327056e-01 3.169452234568902182e-02 5.302772274701301747e-01
9.051934882098908020e+02 4.751316675002545398e-01 3.169425608015815493e-02 5.302820983554019652e-01
9.052010367110624429e+02 4.854839044294719241e-01 3.169398981406263555e-02 5.302869733910687833e-01
9.052085852751820312e+02 5.077214259287996523e-01 3.169372354740258857e-02 5.302918525770528024e-01
9.052161339022499078e+02 5.719602171524723611e-01 3.169345728017815278e-02 5.302967359132766401e-01
9.052236825922665275e+02 4.712840194223202883e-01 3.169319101238948083e-02 5.303016233996624695e-01
9.052312313452324588e+02 5.226375643199470122e-01 3.169292474403670457e-02 5.303065150361327973e-01
9.052387801611482701e+02 5.762836852511672436e-01 3.169265847511996970e-02 5.303114108226095746e-01
9.052463290400141886e+02 5.229895730319329417e-01 3.169239220563942888e-02 5.303163107590155301e-01
9.052538779818312378e+02 5.849165596410084156e-01 3.169212593559521396e-02 5.303212148452727259e-01
9.052614269865995311e+02 5.297157575623684389e-01 3.169185966498745677e-02 5.303261230813037796e-01
9.052689760543198645e+02 5.249859909503205024e-01 3.169159339381630996e-02 5.303310354670307536e-01
9.052765251849924653e+02 4.807684077738954564e-01 3.169132712208191927e-02 5.303359520023755991e-01
9.052840743786183566e+02 5.004181035299035685e-01 3.169106084978440263e-02 5.303408726872612666e-01
9.052916236351974248e+02 5.425917415543139999e-01 3.169079457692394047e-02 5.303457975216094855e-01
9.052991729547306932e+02 5.204899059039763687e-01 3.169052830350062994e-02 5.303507265053428732e-01
9.053067223372183889e+02 5.171274167471414662e-01 3.169026202951465143e-02 5.303556596383837141e-01
9.053142717826611943e+02 5.734473330905223154e-01 3.168999575496611598e-02 5.303605969206539594e-01
9.053218212910596776e+02 5.454168820680669327e-01 3.168972947985519706e-02 5.303655383520761157e-01
9.053293708624142937e+02 4.941559254050646444e-01 3.168946320418199181e-02 5.303704839325723563e-01
9.053369204967253836e+02 5.838716779742624263e-01 3.168919692794668758e-02 5.303754336620649656e-01
9.053444701939937431e+02 5.334605284683625603e-01 3.168893065114940927e-02 5.303803875404760060e-01
9.053520199542199407e+02 4.922078956226123569e-01 3.168866437379028178e-02 5.303853455677280948e-01
9.053595697774042037e+02 5.327749801964535292e-01 3.168839809586946471e-02 5.303903077437428504e-01
9.053671196635472143e+02 5.675076163454230160e-01 3.168813181738708989e-02 5.303952740684430012e-01
9.053746696126495408e+02 4.876197506800434844e-01 3.168786553834330305e-02 5.304002445417504985e-01
9.053822196247117517e+02 5.069760196876024194e-01 3.168759925873824296e-02 5.304052191635878488e-01
9.053897696997340745e+02 5.554033086114362749e-01 3.168733297857206921e-02 5.304101979338766704e-01
9.053973198377175322e+02 5.341880676930914618e-01 3.168706669784489977e-02 5.304151808525396916e-01
9.054048700386621249e+02 5.112172562361119166e-01 3.168680041655688728e-02 5.304201679194987529e-01
9.054124203025686484e+02 5.479453502980011770e-01 3.168653413470817054e-02 5.304251591346763606e-01
9.054199706294377847e+02 5.323032303950032684e-01 3.168626785229887444e-02 5.304301544979942440e-01
9.054275210192697614e+02 5.293576150860664908e-01 3.168600156932917244e-02 5.304351540093750206e-01
9.054350714720651467e+02 5.400817856229499503e-01 3.168573528579919640e-02 5.304401576687404196e-01
9.054426219878245092e+02 5.352063397459293492e-01 3.168546900170907815e-02 5.304451654760127255e-01
9.054501725665484173e+02 6.165073673194573223e-01 3.168520271705895647e-02 5.304501774311141116e-01
9.054577232082374394e+02 5.557377211261513850e-01 3.168493643184898401e-02 5.304551935339670843e-01
9.054652739128920302e+02 5.734929344035094578e-01 3.168467014607929955e-02 5.304602137844932619e-01
9.054728246805125309e+02 5.970777814695579222e-01 3.168440385975004187e-02 5.304652381826148178e-01
9.054803755110999646e+02 5.406115024651919621e-01 3.168413757286135668e-02 5.304702667282540363e-01
9.054879264046543312e+02 5.521354926161231580e-01 3.168387128541337583e-02 5.304752994213328687e-01
9.054954773611764267e+02 4.846329857956225284e-01 3.168360499740625197e-02 5.304803362617735996e-01
9.055030283806667057e+02 5.756622999816459751e-01 3.168333870884012388e-02 5.304853772494982911e-01
9.055105794631258505e+02 5.485470840694792738e-01 3.168307241971512339e-02 5.304904223844288946e-01
9.055181306085542019e+02 5.324830475427204668e-01 3.168280613003141011e-02 5.304954716664875836e-01
9.055256818169521011e+02 5.283385132011676477e-01 3.168253983978911587e-02 5.305005250955961982e-01
9.055332330883205714e+02 4.798859678597726108e-01 3.168227354898837250e-02 5.305055826716771339e-01
9.055407844226594989e+02 4.981426245454029789e-01 3.168200725762934655e-02 5.305106443946522310e-01
9.055483358199702479e+02 5.811350205878150765e-01 3.168174096571214210e-02 5.305157102644437739e-01
9.055558872802524775e+02 6.002192904379661798e-01 3.168147467323693955e-02 5.305207802809734918e-01
9.055634388035074380e+02 5.323191104672921892e-01 3.168120838020386382e-02 5.305258544441636692e-01
9.055709903897351296e+02 5.446699750234981208e-01 3.168094208661305367e-02 5.305309327539363684e-01
9.055785420389363480e+02 5.391381291229078165e-01 3.168067579246465482e-02 5.305360152102134297e-01
9.055860937511115480e+02 5.407872942198801436e-01 3.168040949775879911e-02 5.305411018129169154e-01
9.055936455262610707e+02 5.344073383427749846e-01 3.168014320249564614e-02 5.305461925619688879e-01
9.056011973643857118e+02 5.827028535201461690e-01 3.167987690667532774e-02 5.305512874572912985e-01
9.056087492654860398e+02 4.875837575293849868e-01 3.167961061029798964e-02 5.305563864988060985e-01
9.056163012295622821e+02 5.660961292298224423e-01 3.167934431336375672e-02 5.305614896864355723e-01
9.056238532566152344e+02 5.491937074849825295e-01 3.167907801587279554e-02 5.305665970201014492e-01
9.056314053466453515e+02 5.645222453177155542e-01 3.167881171782523098e-02 5.305717084997255695e-01
9.056389574996529745e+02 5.434469433134871963e-01 3.167854541922120876e-02 5.305768241252302175e-01
9.056465097156388993e+02 5.125737791767644991e-01 3.167827912006087460e-02 5.305819438965373447e-01
9.056540619946034667e+02 5.278372007862314197e-01 3.167801282034436033e-02 5.305870678135684582e-01
9.056616143365473590e+02 5.691189979280775191e-01 3.167774652007181863e-02 5.305921958762461754e-01
9.056691667414708036e+02 5.053161716214671362e-01 3.167748021924339519e-02 5.305973280844918927e-01
9.056767192093747099e+02 4.918182095947554178e-01 3.167721391785920798e-02 5.306024644382278943e-01
9.056842717402593053e+02 5.573657009330975631e-01 3.167694761591943048e-02 5.306076049373759096e-01
9.056918243341252719e+02 4.886499174731516182e-01 3.167668131342418064e-02 5.306127495818580009e-01
9.056993769909729508e+02 5.052754873546903003e-01 3.167641501037360419e-02 5.306178983715960085e-01
9.057069297108033652e+02 5.226731468198011488e-01 3.167614870676784683e-02 5.306230513065118837e-01
9.057144824936162877e+02 5.286717966051214246e-01 3.167588240260705429e-02 5.306282083865274668e-01
9.057220353394129688e+02 4.931176528529107594e-01 3.167561609789134452e-02 5.306333696115645981e-01
9.057295882481932949e+02 5.214716988845107259e-01 3.167534979262090489e-02 5.306385349815452290e-01
9.057371412199582892e+02 5.395648741756986499e-01 3.167508348679583252e-02 5.306437044963914218e-01
9.057446942547084063e+02 5.341707858499346040e-01 3.167481718041629396e-02 5.306488781560249057e-01
9.057522473524438738e+02 5.444889108299866276e-01 3.167455087348242798e-02 5.306540559603674101e-01
9.057598005131652599e+02 5.185066226137434731e-01 3.167428456599437336e-02 5.306592379093408862e-01
9.057673537368733605e+02 5.386802508212725771e-01 3.167401825795226888e-02 5.306644240028675075e-01
9.057749070235687441e+02 5.315826684417611636e-01 3.167375194935624638e-02 5.306696142408687811e-01
9.057824603732516380e+02 5.389912936615449679e-01 3.167348564020646545e-02 5.306748086232666584e-01
9.057900137859226106e+02 5.770680679308143324e-01 3.167321933050307181e-02 5.306800071499828686e-01
9.057975672615823441e+02 5.108643199087891107e-01 3.167295302024617648e-02 5.306852098209393631e-01
9.058051208002312933e+02 5.474546612818904645e-01 3.167268670943595987e-02 5.306904166360580932e-01
9.058126744018697991e+02 5.170272326509112171e-01 3.167242039807255383e-02 5.306956275952604551e-01
9.058202280664988848e+02 5.024593503275275319e-01 3.167215408615606936e-02 5.307008426984686222e-01
9.058277817941184367e+02 5.145465219715840144e-01 3.167188777368667996e-02 5.307060619456042128e-01
9.058353355847294779e+02 5.268928115100756093e-01 3.167162146066451051e-02 5.307112853365889560e-01
9.058428894383322358e+02 5.285445698200207376e-01 3.167135514708972754e-02 5.307165128713451363e-01
9.058504433549275063e+02 5.097749022156076171e-01 3.167108883296243516e-02 5.307217445497942609e-01
9.058579973345156304e+02 5.527140778872401405e-01 3.167082251828281375e-02 5.307269803718577261e-01
9.058655513770970629e+02 5.724744149850469199e-01 3.167055620305098823e-02 5.307322203374578162e-01
9.058731054826724858e+02 4.844005887699434076e-01 3.167028988726709043e-02 5.307374644465161495e-01
9.058806596512423539e+02 5.538994061327018326e-01 3.167002357093126608e-02 5.307427126989543442e-01
9.058882138828072357e+02 5.337171053069924564e-01 3.166975725404366782e-02 5.307479650946941296e-01
9.058957681773675858e+02 5.894182323281116354e-01 3.166949093660443443e-02 5.307532216336573461e-01
9.059033225349238592e+02 5.191459530420812207e-01 3.166922461861371857e-02 5.307584823157658338e-01
9.059108769554769651e+02 5.704986221603721708e-01 3.166895830007162432e-02 5.307637471409412111e-01
9.059184314390269037e+02 5.201900224553005492e-01 3.166869198097833210e-02 5.307690161091052072e-01
9.059259859855745844e+02 5.441740341298352268e-01 3.166842566133395293e-02 5.307742892201797735e-01
9.059335405951203484e+02 5.595144085959145031e-01 3.166815934113866027e-02 5.307795664740861952e-01
9.059410952676648776e+02 5.196466144742321047e-01 3.166789302039257903e-02 5.307848478707465345e-01
9.059486500032086269e+02 5.347564478534374555e-01 3.166762669909585493e-02 5.307901334100820767e-01
9.059562048017520510e+02 5.245283701211979066e-01 3.166736037724861286e-02 5.307954230920151062e-01
9.059637596632956047e+02 5.677119667360348565e-01 3.166709405485101936e-02 5.308007169164667971e-01
9.059713145878399700e+02 5.153820870162965084e-01 3.166682773190321321e-02 5.308060148833588787e-01
9.059788695753854881e+02 4.970247512677817836e-01 3.166656140840531930e-02 5.308113169926131913e-01
9.059864246259330685e+02 5.083373277117967381e-01 3.166629508435749030e-02 5.308166232441514643e-01
9.059939797394828247e+02 5.765571183705365810e-01 3.166602875975988579e-02 5.308219336378952047e-01
9.060015349160354390e+02 5.268220756372395952e-01 3.166576243461260987e-02 5.308272481737659199e-01
9.060090901555915934e+02 5.333419531610249509e-01 3.166549610891582212e-02 5.308325668516856721e-01
9.060166454581515154e+02 5.724562870040550422e-01 3.166522978266967520e-02 5.308378896715755246e-01
9.060242008237160007e+02 5.971765839794845876e-01 3.166496345587428707e-02 5.308432166333577618e-01
9.060317562522853905e+02 5.188974958064466181e-01 3.166469712852983120e-02 5.308485477369536687e-01
9.060393117438603667e+02 5.849359047424257385e-01 3.166443080063642557e-02 5.308538829822848637e-01
9.060468672984411569e+02 5.453399026390149951e-01 3.166416447219422281e-02 5.308592223692727430e-01
9.060544229160286704e+02 5.534957964462579039e-01 3.166389814320336171e-02 5.308645658978394799e-01
9.060619785966230211e+02 5.019095055271696193e-01 3.166363181366398105e-02 5.308699135679061376e-01
9.060695343402252320e+02 5.901792957271436713e-01 3.166336548357623348e-02 5.308752653793944454e-01
9.060770901468354168e+02 4.366223510854427836e-01 3.166309915294023697e-02 5.308806213322262435e-01
9.060846460164543714e+02 5.358537203608662036e-01 3.166283282175615110e-02 5.308859814263228172e-01
9.060922019490824368e+02 5.655209280797625082e-01 3.166256649002412854e-02 5.308913456616057847e-01
9.060997579447201815e+02 5.216061384516156307e-01 3.166230015774429418e-02 5.308967140379968752e-01
9.061073140033681739e+02 4.968991108640216647e-01 3.166203382491678681e-02 5.309020865554172630e-01
9.061148701250267550e+02 5.008364842449245513e-01 3.166176749154176601e-02 5.309074632137890104e-01
9.061224263096967206e+02 5.014562371587814038e-01 3.166150115761937056e-02 5.309128440130332915e-01
9.061299825573784119e+02 5.412958010636226280e-01 3.166123482314971843e-02 5.309182289530717247e-01
9.061375388680726246e+02 5.239170592544692973e-01 3.166096848813297615e-02 5.309236180338258171e-01
9.061450952417795861e+02 5.782907905772727286e-01 3.166070215256927556e-02 5.309290112552174090e-01
9.061526516784998648e+02 5.350173277439871367e-01 3.166043581645876237e-02 5.309344086171674526e-01
9.061602081782340292e+02 5.627890244323091595e-01 3.166016947980158230e-02 5.309398101195978992e-01
9.061677647409827614e+02 5.477663502341497681e-01 3.165990314259786720e-02 5.309452157624299229e-01
9.061753213667462887e+02 5.616996812923724658e-01 3.165963680484776277e-02 5.309506255455855861e-01
9.061828780555254070e+02 5.005020785383548221e-01 3.165937046655142167e-02 5.309560394689858409e-01
9.061904348073205711e+02 5.206013043849863076e-01 3.165910412770896881e-02 5.309614575325520835e-01
9.061979916221320082e+02 4.854974020615002717e-01 3.165883778832055684e-02 5.309668797362062653e-01
9.062055484999607415e+02 5.856143435370149142e-01 3.165857144838632453e-02 5.309723060798695604e-01
9.062131054408069986e+02 4.986671692804042766e-01 3.165830510790642455e-02 5.309777365634634760e-01
9.062206624446713477e+02 5.124373941573731051e-01 3.165803876688096791e-02 5.309831711869096305e-01
9.062282195115543573e+02 5.401669481873736522e-01 3.165777242531012808e-02 5.309886099501291978e-01
9.062357766414563685e+02 5.705488116062559234e-01 3.165750608319404386e-02 5.309940528530437964e-01
9.062433338343782907e+02 5.689893094304095955e-01 3.165723974053284012e-02 5.309994998955749335e-01
9.062508910903201240e+02 5.045467459996673121e-01 3.165697339732668342e-02 5.310049510776437831e-01
9.062584484092828916e+02 4.965305254029719895e-01 3.165670705357568476e-02 5.310104063991717416e-01
9.062660057912669345e+02 5.619514216056064049e-01 3.165644070928001069e-02 5.310158658600806492e-01
9.062735632362727074e+02 5.700915982157390705e-01 3.165617436443979305e-02 5.310213294602915690e-01
9.062811207443007788e+02 5.549856720681064504e-01 3.165590801905517060e-02 5.310267971997258973e-01
9.062886783153517172e+02 4.856272660218974302e-01 3.165564167312629601e-02 5.310322690783052524e-01
9.062962359494258635e+02 5.134598985492982992e-01 3.165537532665330805e-02 5.310377450959509193e-01
9.063037936465240136e+02 5.004591147002294127e-01 3.165510897963633857e-02 5.310432252525842944e-01
9.063113514066467360e+02 4.833125913191665957e-01 3.165484263207554716e-02 5.310487095481266628e-01
9.063189092297942580e+02 5.503962579469869887e-01 3.165457628397106565e-02 5.310541979824993097e-01
9.063264671159671479e+02 5.371804827708674956e-01 3.165430993532303283e-02 5.310596905556239644e-01
9.063340250651660881e+02 5.438984504008735898e-01 3.165404358613160135e-02 5.310651872674214680e-01
9.063415830773915332e+02 5.205552417692914657e-01 3.165377723639690305e-02 5.310706881178136607e-01
9.063491411526440515e+02 5.532261065508560227e-01 3.165351088611907671e-02 5.310761931067216057e-01
9.063566992909239843e+02 5.465886630710141691e-01 3.165324453529828885e-02 5.310817022340665883e-01
9.063642574922322410e+02 5.851756516291825028e-01 3.165297818393465051e-02 5.310872154997703376e-01
9.063718157565690490e+02 6.012383577051926276e-01 3.165271183202831434e-02 5.310927329037535838e-01
9.063793740839348629e+02 4.826008699273338642e-01 3.165244547957943300e-02 5.310982544459380561e-01
9.063869324743303650e+02 5.091516752540019564e-01 3.165217912658814525e-02 5.311037801262450397e-01
9.063944909277563511e+02 5.877082549290214564e-01 3.165191277305457601e-02 5.311093099445958199e-01
9.064020494442127074e+02 5.718904497323447078e-01 3.165164641897889181e-02 5.311148439009115707e-01
9.064096080237004571e+02 5.647937800970317390e-01 3.165138006436122448e-02 5.311203819951135774e-01
9.064171666662199414e+02 5.706817768296921223e-01 3.165111370920171280e-02 5.311259242271232361e-01
9.064247253717717285e+02 5.382683157488992176e-01 3.165084735350050249e-02 5.311314705968618322e-01
9.064322841403563871e+02 4.916766314892927481e-01 3.165058099725773233e-02 5.311370211042504286e-01
9.064398429719742580e+02 5.201284566190866876e-01 3.165031464047354803e-02 5.311425757492104216e-01
9.064474018666260235e+02 5.471032075748077927e-01 3.165004828314809532e-02 5.311481345316633185e-01
9.064549608243124794e+02 5.261783488899146599e-01 3.164978192528149215e-02 5.311536974515298493e-01
9.064625198450333983e+02 5.286598151954582381e-01 3.164951556687391893e-02 5.311592645087317432e-01
9.064700789287901443e+02 4.830436505194793950e-01 3.164924920792549362e-02 5.311648357031898415e-01
9.064776380755826040e+02 5.143965771740167670e-01 3.164898284843636195e-02 5.311704110348256513e-01
9.064851972854116866e+02 5.156218843558668663e-01 3.164871648840666962e-02 5.311759905035602358e-01
9.064927565582777333e+02 5.619318198618029614e-01 3.164845012783656236e-02 5.311815741093148802e-01
9.065003158941814263e+02 5.415959122737491471e-01 3.164818376672616507e-02 5.311871618520107585e-01
9.065078752931229928e+02 5.374902559091251364e-01 3.164791740507564427e-02 5.311927537315691561e-01
9.065154347551034562e+02 5.070988573716359582e-01 3.164765104288511793e-02 5.311983497479112470e-01
9.065229942801228162e+02 5.146526855131289269e-01 3.164738468015474565e-02 5.312039499009582055e-01
9.065305538681819826e+02 5.558278995580480109e-01 3.164711831688466620e-02 5.312095541906309837e-01
9.065381135192812962e+02 5.704725019702311384e-01 3.164685195307501142e-02 5.312151626168510887e-01
9.065456732334210983e+02 5.016073421681479516e-01 3.164658558872594091e-02 5.312207751795396948e-01
9.065532330106024119e+02 5.027526443276491008e-01 3.164631922383757956e-02 5.312263918786175321e-01
9.065607928508253508e+02 5.013020762886538639e-01 3.164605285841008003e-02 5.312320127140062187e-01
9.065683527540905970e+02 5.358996833334297438e-01 3.164578649244359498e-02 5.312376376856267068e-01
9.065759127203986054e+02 5.345221126807290224e-01 3.164552012593824237e-02 5.312432667934002817e-01
9.065834727497500580e+02 5.366924459025550487e-01 3.164525375889416792e-02 5.312489000372477843e-01
9.065910328421451823e+02 5.791106174466250645e-01 3.164498739131153815e-02 5.312545374170906110e-01
9.065985929975848876e+02 5.368325430338876103e-01 3.164472102319047103e-02 5.312601789328497137e-01
9.066061532160692877e+02 5.277735764532618390e-01 3.164445465453111922e-02 5.312658245844461558e-01
9.066137134975994059e+02 4.673797664857644030e-01 3.164418828533361455e-02 5.312714743718014443e-01
9.066212738421753556e+02 5.623179943733636055e-01 3.164392191559811662e-02 5.312771282948363094e-01
9.066288342497977055e+02 5.099213267839040054e-01 3.164365554532475033e-02 5.312827863534719253e-01
9.066363947204672513e+02 5.372692010797125439e-01 3.164338917451366834e-02 5.312884485476294660e-01
9.066439552541841067e+02 5.419061514547356406e-01 3.164312280316500942e-02 5.312941148772299949e-01
9.066515158509491812e+02 5.674333673385920651e-01 3.164285643127892622e-02 5.312997853421943528e-01
9.066590765107628158e+02 5.889924355517563992e-01 3.164259005885554366e-02 5.313054599424440472e-01
9.066666372336255790e+02 4.977680281476819513e-01 3.164232368589500743e-02 5.313111386778995859e-01
9.066741980195379256e+02 5.602477802206821123e-01 3.164205731239747715e-02 5.313168215484823653e-01
9.066817588685004239e+02 5.435076489220520557e-01 3.164179093836307077e-02 5.313225085541135595e-01
9.066893197805137561e+02 4.973670535119529834e-01 3.164152456379194095e-02 5.313281996947140096e-01
9.066968807555781495e+02 5.172727984630925979e-01 3.164125818868424034e-02 5.313338949702046676e-01
9.067044417936944001e+02 4.931665671533965734e-01 3.164099181304010078e-02 5.313395943805064858e-01
9.067120028948629624e+02 5.602571936767337668e-01 3.164072543685965411e-02 5.313452979255410824e-01
9.067195640590842913e+02 5.156948603496396277e-01 3.164045906014305992e-02 5.313510056052288544e-01
9.067271252863588415e+02 5.250428039850830730e-01 3.164019268289046394e-02 5.313567174194908649e-01
9.067346865766872952e+02 5.635444472247714831e-01 3.163992630510199106e-02 5.313624333682482881e-01
9.067422479300701070e+02 5.575141195254189608e-01 3.163965992677780087e-02 5.313681534514221871e-01
9.067498093465078455e+02 5.302688654438463267e-01 3.163939354791800440e-02 5.313738776689336252e-01
9.067573708260009653e+02 5.685488274455534619e-01 3.163912716852279594e-02 5.313796060207033323e-01
9.067649323685501486e+02 5.513058766293431612e-01 3.163886078859227263e-02 5.313853385066522605e-01
9.067724939741556227e+02 5.512570123003416311e-01 3.163859440812659407e-02 5.313910751267013621e-01
9.067800556428181835e+02 5.247913556601726537e-01 3.163832802712589903e-02 5.313968158807719222e-01
9.067876173745383994e+02 5.490249093494981025e-01 3.163806164559034018e-02 5.314025607687845598e-01
9.067951791693164978e+02 4.872700876000407577e-01 3.163779526352004934e-02 5.314083097906603381e-01
9.068027410271532744e+02 5.475153005226798264e-01 3.163752888091515836e-02 5.314140629463202092e-01
9.068103029480490704e+02 4.507643316227825103e-01 3.163726249777583377e-02 5.314198202356850143e-01
9.068178649320046816e+02 5.456297316723835999e-01 3.163699611410220047e-02 5.314255816586758163e-01
9.068254269790203352e+02 5.056821664573503128e-01 3.163672972989441806e-02 5.314313472152136786e-01
9.068329890890965999e+02 5.618108133919909042e-01 3.163646334515259756e-02 5.314371169052192201e-01
9.068405512622341575e+02 4.945571864437341980e-01 3.163619695987691938e-02 5.314428907286132819e-01
9.068481134984333494e+02 5.184531384223498574e-01 3.163593057406751535e-02 5.314486686853169273e-01
9.068556757976949712e+02 5.694513453337304298e-01 3.163566418772449651e-02 5.314544507752512192e-01
9.068632381600192502e+02 5.241652865464982991e-01 3.163539780084804326e-02 5.314602369983367769e-01
9.068708005854069825e+02 5.641150709553680587e-01 3.163513141343827356e-02 5.314660273544945523e-01
9.068783630738585089e+02 4.602376136351572500e-01 3.163486502549534701e-02 5.314718218436456088e-01
9.068859256253742842e+02 5.131916071677766755e-01 3.163459863701940933e-02 5.314776204657103431e-01
9.068934882399551043e+02 5.061973582983726461e-01 3.163433224801057153e-02 5.314834232206102627e-01
9.069010509176011965e+02 6.123348999010279625e-01 3.163406585846901403e-02 5.314892301082656534e-01
9.069086136583132429e+02 5.160347028533358582e-01 3.163379946839486173e-02 5.314950411285976895e-01
9.069161764620919257e+02 5.746769572457869346e-01 3.163353307778824647e-02 5.315008562815269899e-01
9.069237393289372449e+02 5.102162579919037322e-01 3.163326668664934171e-02 5.315066755669743959e-01
9.069313022588503372e+02 5.080214003229472919e-01 3.163300029497825155e-02 5.315124989848611925e-01
9.069388652518314302e+02 5.170242788480400309e-01 3.163273390277514252e-02 5.315183265351075548e-01
9.069464283078813196e+02 6.152014464267877569e-01 3.163246751004015339e-02 5.315241582176346569e-01
9.069539914270001191e+02 5.365204344129959058e-01 3.163220111677341601e-02 5.315299940323633399e-01
9.069615546091883971e+02 5.408264130126830826e-01 3.163193472297508996e-02 5.315358339792141118e-01
9.069691178544470631e+02 5.090491053131973587e-01 3.163166832864530709e-02 5.315416780581081468e-01
9.069766811627763445e+02 4.857124630457645975e-01 3.163140193378421311e-02 5.315475262689658420e-01
9.069842445341766961e+02 5.244522635849980796e-01 3.163113553839196068e-02 5.315533786117082604e-01
9.069918079686490273e+02 5.915154476696794505e-01 3.163086914246866083e-02 5.315592350862560211e-01
9.069993714661933382e+02 5.092182941213069247e-01 3.163060274601449395e-02 5.315650956925299653e-01
9.070069350268105381e+02 5.445422540641188247e-01 3.163033634902957802e-02 5.315709604304508229e-01
9.070144986505010820e+02 5.456653800723724190e-01 3.163006995151405182e-02 5.315768292999393241e-01
9.070220623372654245e+02 5.403109180840178771e-01 3.162980355346808187e-02 5.315827023009164209e-01
9.070296260871042477e+02 4.883434509043280691e-01 3.162953715489178613e-02 5.315885794333025105e-01
9.070371899000178928e+02 4.858160331438133306e-01 3.162927075578531727e-02 5.315944606970184338e-01
9.070447537760068144e+02 5.449598974360267967e-01 3.162900435614883488e-02 5.316003460919851431e-01
9.070523177150716947e+02 5.710258283925444545e-01 3.162873795598245691e-02 5.316062356181232573e-01
9.070598817172131021e+02 5.372088654006496045e-01 3.162847155528633603e-02 5.316121292753532845e-01
9.070674457824314914e+02 4.978045329227069882e-01 3.162820515406061100e-02 5.316180270635959548e-01
9.070750099107274309e+02 5.295410632692182373e-01 3.162793875230542062e-02 5.316239289827721093e-01
9.070825741021014892e+02 5.937369901015139284e-01 3.162767235002091060e-02 5.316298350328025890e-01
9.070901383565538936e+02 4.972522134507725289e-01 3.162740594720724052e-02 5.316357452136077910e-01
9.070977026740854399e+02 5.709756600934028370e-01 3.162713954386452836e-02 5.316416595251084454e-01
9.071052670546966965e+02 5.781373212801808048e-01 3.162687313999292676e-02 5.316475779672253932e-01
9.071128314983881182e+02 5.339205895636063293e-01 3.162660673559257452e-02 5.316535005398790315e-01
9.071203960051601598e+02 5.534013507582673519e-01 3.162634033066362427e-02 5.316594272429904233e-01
9.071279605750135033e+02 5.589955684987580886e-01 3.162607392520620786e-02 5.316653580764797438e-01
9.071355252079482625e+02 5.507424031048331337e-01 3.162580751922048489e-02 5.316712930402679449e-01
9.071430899039654605e+02 5.398343836644263760e-01 3.162554111270656637e-02 5.316772321342755347e-01
9.071506546630656658e+02 5.371908955774503669e-01 3.162527470566461885e-02 5.316831753584234654e-01
9.071582194852488783e+02 5.350508236076401136e-01 3.162500829809478803e-02 5.316891227126316899e-01
9.071657843705158939e+02 5.151211770513504096e-01 3.162474188999719882e-02 5.316950741968214933e-01
9.071733493188675084e+02 5.653856102831312791e-01 3.162447548137199693e-02 5.317010298109130506e-01
9.071809143303037217e+02 5.757432880065312952e-01 3.162420907221934196e-02 5.317069895548269809e-01
9.071884794048255571e+02 5.260440436532399788e-01 3.162394266253935882e-02 5.317129534284842363e-01
9.071960445424331283e+02 4.770448622698388874e-01 3.162367625233220708e-02 5.317189214318052137e-01
9.072036097431274584e+02 5.351069399062470255e-01 3.162340984159800472e-02 5.317248935647105323e-01
9.072111750069084337e+02 5.770985663788268383e-01 3.162314343033692521e-02 5.317308698271204781e-01
9.072187403337769638e+02 5.526243711268292724e-01 3.162287701854908650e-02 5.317368502189561141e-01
9.072263057237337307e+02 5.462987954636001620e-01 3.162261060623463432e-02 5.317428347401376154e-01
9.072338711767789619e+02 5.616824254202636979e-01 3.162234419339371438e-02 5.317488233905857120e-01
9.072414366929133394e+02 5.403021053140417695e-01 3.162207778002647240e-02 5.317548161702210230e-01
9.072490022721372043e+02 5.440979725418739754e-01 3.162181136613306104e-02 5.317608130789640564e-01
9.072565679144512387e+02 5.821027040026259813e-01 3.162154495171360519e-02 5.317668141167348761e-01
9.072641336198560111e+02 5.352796569883863098e-01 3.162127853676823669e-02 5.317728192834547674e-01
9.072716993883518626e+02 5.082406778884884790e-01 3.162101212129713596e-02 5.317788285790439051e-01
9.072792652199395889e+02 5.475544895120766364e-01 3.162074570530041401e-02 5.317848420034226864e-01
9.072868311146195310e+02 5.381026346067556698e-01 3.162047928877823044e-02 5.317908595565118413e-01
9.072943970723921439e+02 5.087536349256492896e-01 3.162021287173072404e-02 5.317968812382317667e-01
9.073019630932579958e+02 5.279633236168290722e-01 3.161994645415802663e-02 5.318029070485028598e-01
9.073095291772177688e+02 5.163718999342888916e-01 3.161968003606030475e-02 5.318089369872457395e-01
9.073170953242720316e+02 5.110253300170390922e-01 3.161941361743766249e-02 5.318149710543810249e-01
9.073246615344210113e+02 5.359805986430805635e-01 3.161914719829028025e-02 5.318210092498290020e-01
9.073322278076653902e+02 4.405208168049125073e-01 3.161888077861828295e-02 5.318270515735100679e-01
9.073397941440056229e+02 5.455917576621632792e-01 3.161861435842181628e-02 5.318330980253449525e-01
9.073473605434425053e+02 5.039341848729699258e-01 3.161834793770101903e-02 5.318391486052538308e-01
9.073549270059761511e+02 5.693841376691227696e-01 3.161808151645604387e-02 5.318452033131573220e-01
9.073624935316074698e+02 5.550789724229876487e-01 3.161781509468702261e-02 5.318512621489758230e-01
9.073700601203368024e+02 5.028595909385467078e-01 3.161754867239410793e-02 5.318573251126296197e-01
9.073776267721647173e+02 5.706923808332257098e-01 3.161728224957743166e-02 5.318633922040394424e-01
9.073851934870915557e+02 5.040812502555969132e-01 3.161701582623714646e-02 5.318694634231255769e-01
9.073927602651181132e+02 5.718826822795253229e-01 3.161674940237339110e-02 5.318755387698084203e-01
9.074003271062448448e+02 5.426021205476846410e-01 3.161648297798629742e-02 5.318816182440084805e-01
9.074078940104722051e+02 5.629173174933851387e-01 3.161621655307602502e-02 5.318877018456458217e-01
9.074154609778007625e+02 5.081600880712165980e-01 3.161595012764271267e-02 5.318937895746411737e-01
9.074230280082309719e+02 5.603259197139078829e-01 3.161568370168649916e-02 5.318998814309150447e-01
9.074305951017634015e+02 5.519987534271442176e-01 3.161541727520753714e-02 5.319059774143873875e-01
9.074381622583987337e+02 5.381014126036162137e-01 3.161515084820593763e-02 5.319120775249788213e-01
9.074457294781373093e+02 5.163356673388094231e-01 3.161488442068188104e-02 5.319181817626097430e-01
9.074532967609796970e+02 6.333183435546906326e-01 3.161461799263550615e-02 5.319242901272003277e-01
9.074608641069263513e+02 6.078900242755279626e-01 3.161435156406693092e-02 5.319304026186711942e-01
9.074684315159779544e+02 5.447427195171209435e-01 3.161408513497631495e-02 5.319365192369425177e-01
9.074759989881350748e+02 4.955042408851455527e-01 3.161381870536379007e-02 5.319426399819349172e-01
9.074835665233978261e+02 5.364195891492490320e-01 3.161355227522952283e-02 5.319487648535683455e-01
9.074911341217672316e+02 5.313283968323118112e-01 3.161328584457363117e-02 5.319548938517633108e-01
9.074987017832436322e+02 5.388077883275150803e-01 3.161301941339627469e-02 5.319610269764400989e-01
9.075062695078274828e+02 5.502660699192608584e-01 3.161275298169757830e-02 5.319671642275189960e-01
9.075138372955193518e+02 5.024072222295501433e-01 3.161248654947769465e-02 5.319733056049203990e-01
9.075214051463198075e+02 5.438019481157879698e-01 3.161222011673676252e-02 5.319794511085644828e-01
9.075289730602293048e+02 5.469449144644294991e-01 3.161195368347494844e-02 5.319856007383717555e-01
9.075365410372484121e+02 5.180323897473070316e-01 3.161168724969235649e-02 5.319917544942625032e-01
9.075441090773778114e+02 4.689584020222765659e-01 3.161142081538915322e-02 5.319979123761566786e-01
9.075516771806177303e+02 5.451194223306881081e-01 3.161115438056547738e-02 5.320040743839747899e-01
9.075592453469687371e+02 5.475137985722681178e-01 3.161088794522147472e-02 5.320102405176369009e-01
9.075668135764316276e+02 5.241267501150704833e-01 3.161062150935728399e-02 5.320164107770636308e-01
9.075743818690066291e+02 5.205420724578707636e-01 3.161035507297304398e-02 5.320225851621750435e-01
9.075819502246944239e+02 5.173395023772423551e-01 3.161008863606890734e-02 5.320287636728913139e-01
9.075895186434956941e+02 5.089319834861775194e-01 3.160982219864500592e-02 5.320349463091329500e-01
9.075970871254104395e+02 5.438184316723045919e-01 3.160955576070149237e-02 5.320411330708199049e-01
9.076046556704397972e+02 5.109088239319456992e-01 3.160928932223849852e-02 5.320473239578722424e-01
9.076122242785839944e+02 4.781723946824264493e-01 3.160902288325617010e-02 5.320535189702108037e-01
9.076197929498434860e+02 4.837120030783392255e-01 3.160875644375466670e-02 5.320597181077552085e-01
9.076273616842191814e+02 4.639773134230703033e-01 3.160849000373409934e-02 5.320659213704261870e-01
9.076349304817109669e+02 5.426976806696970357e-01 3.160822356319464843e-02 5.320721287581434700e-01
9.076424993423199794e+02 5.449808722588677101e-01 3.160795712213642500e-02 5.320783402708273435e-01
9.076500682660463326e+02 5.731804287039042878e-01 3.160769068055959558e-02 5.320845559083983156e-01
9.076576372528908223e+02 5.211660461445007941e-01 3.160742423846428506e-02 5.320907756707761171e-01
9.076652063028539033e+02 5.493040385658437552e-01 3.160715779585063223e-02 5.320969995578812561e-01
9.076727754159359165e+02 5.088377327669389993e-01 3.160689135271881750e-02 5.321032275696335745e-01
9.076803445921375442e+02 5.558867170151460257e-01 3.160662490906893801e-02 5.321094597059536913e-01
9.076879138314594684e+02 5.201983467119355442e-01 3.160635846490116030e-02 5.321156959667613373e-01
9.076954831339019165e+02 5.559997132513418983e-01 3.160609202021561620e-02 5.321219363519769097e-01
9.077030524994656844e+02 5.134728275629947269e-01 3.160582557501246531e-02 5.321281808615204723e-01
9.077106219281508857e+02 5.111333351804385750e-01 3.160555912929183947e-02 5.321344294953122001e-01
9.077181914199586572e+02 5.337475386689405354e-01 3.160529268305387052e-02 5.321406822532722680e-01
9.077257609748889990e+02 5.735796631514012978e-01 3.160502623629872498e-02 5.321469391353206291e-01
9.077333305929427070e+02 4.611759195421238910e-01 3.160475978902652777e-02 5.321532001413774582e-01
9.077409002741202357e+02 5.651079385321794435e-01 3.160449334123742460e-02 5.321594652713628193e-01
9.077484700184221538e+02 5.509315764831475004e-01 3.160422689293156812e-02 5.321657345251969984e-01
9.077560398258489158e+02 5.423493335439575347e-01 3.160396044410909017e-02 5.321720079027999484e-01
9.077636096964010903e+02 5.058656927550805316e-01 3.160369399477014341e-02 5.321782854040916222e-01
9.077711796300791320e+02 5.574926194587782602e-01 3.160342754491485273e-02 5.321845670289923058e-01
9.077787496268836094e+02 5.492098666303137922e-01 3.160316109454338468e-02 5.321908527774221742e-01
9.077863196868150908e+02 5.708780506940168697e-01 3.160289464365587109e-02 5.321971426493009583e-01
9.077938898098740310e+02 5.027131431463701672e-01 3.160262819225245073e-02 5.322034366445490550e-01
9.078014599960612259e+02 5.793963781982669481e-01 3.160236174033326934e-02 5.322097347630860842e-01
9.078090302453765617e+02 5.976456131112797276e-01 3.160209528789847955e-02 5.322160370048324429e-01
9.078166005578212889e+02 4.983332030070819485e-01 3.160182883494821321e-02 5.322223433697083061e-01
9.078241709333955214e+02 5.102105023028571384e-01 3.160156238148260910e-02 5.322286538576331827e-01
9.078317413721000548e+02 4.723677559309307772e-01 3.160129592750181293e-02 5.322349684685276916e-01
9.078393118739351166e+02 5.446262580927371255e-01 3.160102947300597737e-02 5.322412872023114527e-01
9.078468824389013889e+02 5.112596488676840467e-01 3.160076301799524118e-02 5.322476100589048631e-01
9.078544530669994401e+02 5.255182265332500879e-01 3.160049656246973621e-02 5.322539370382273205e-01
9.078620237582294976e+02 5.384641367615652374e-01 3.160023010642963592e-02 5.322602681401992220e-01
9.078695945125925846e+02 5.293748303082680406e-01 3.159996364987504441e-02 5.322666033647406314e-01
9.078771653300888147e+02 5.040827911686458496e-01 3.159969719280612127e-02 5.322729427117713907e-01
9.078847362107190975e+02 5.641912039314914695e-01 3.159943073522300527e-02 5.322792861812113419e-01
9.078923071544835466e+02 4.704913520322368536e-01 3.159916427712585602e-02 5.322856337729806597e-01
9.078998781613828442e+02 5.857923561750205677e-01 3.159889781851481227e-02 5.322919854869992973e-01
9.079074492314175586e+02 4.911456602386289338e-01 3.159863135938999201e-02 5.322983413231872074e-01
9.079150203645882584e+02 5.398096116369056618e-01 3.159836489975156870e-02 5.323047012814642320e-01
9.079225915608953983e+02 5.492911068527194240e-01 3.159809843959966030e-02 5.323110653617504351e-01
9.079301628203394330e+02 5.068514686215255249e-01 3.159783197893444029e-02 5.323174335639657695e-01
9.079377341429210446e+02 5.354718900323893749e-01 3.159756551775601968e-02 5.323238058880299661e-01
9.079453055286406880e+02 4.991582794670446077e-01 3.159729905606455808e-02 5.323301823338632000e-01
9.079528769774989314e+02 5.009490005925705258e-01 3.159703259386018037e-02 5.323365629013852018e-01
9.079604484894963434e+02 5.858153804578493107e-01 3.159676613114305310e-02 5.323429475905160357e-01
9.079680200646331514e+02 5.560730137068290446e-01 3.159649966791332892e-02 5.323493364011756546e-01
9.079755917029101511e+02 5.095337257660660368e-01 3.159623320417111192e-02 5.323557293332836782e-01
9.079831634043280246e+02 5.665013245133844189e-01 3.159596673991656862e-02 5.323621263867601705e-01
9.079907351688867720e+02 5.031713874876911907e-01 3.159570027514984475e-02 5.323685275615249735e-01
9.079983069965874165e+02 5.345847587117176225e-01 3.159543380987107908e-02 5.323749328574981510e-01
9.080058788874302991e+02 5.634811948435572981e-01 3.159516734408041039e-02 5.323813422745992119e-01
9.080134508414159882e+02 5.729241074813243850e-01 3.159490087777797745e-02 5.323877558127485532e-01
9.080210228585448249e+02 4.780224597808767073e-01 3.159463441096393987e-02 5.323941734718653507e-01
9.080285949388176050e+02 5.714533940244209687e-01 3.159436794363842255e-02 5.324005952518698903e-01
9.080361670822348970e+02 5.392141211588695748e-01 3.159410147580157119e-02 5.324070211526820140e-01
9.080437392887969281e+02 4.912798576451075649e-01 3.159383500745353845e-02 5.324134511742215636e-01
9.080513115585041533e+02 5.825168411122866319e-01 3.159356853859447700e-02 5.324198853164081591e-01
9.080588838913574818e+02 5.447079582066193248e-01 3.159330206922450479e-02 5.324263235791617532e-01
9.080664562873573686e+02 4.923173054130143278e-01 3.159303559934377448e-02 5.324327659624021880e-01
9.080740287465041547e+02 5.638887647763706212e-01 3.159276912895244566e-02 5.324392124660491943e-01
9.080816012687985221e+02 5.488845312401432475e-01 3.159250265805062241e-02 5.324456630900227250e-01
9.080891738542408120e+02 5.704951568696113862e-01 3.159223618663849209e-02 5.324521178342423999e-01
9.080967465028318202e+02 4.979208405220812983e-01 3.159196971471616572e-02 5.324585766986282831e-01
9.081043192145716603e+02 4.878217596459205607e-01 3.159170324228380289e-02 5.324650396830997723e-01
9.081118919894612418e+02 5.267943310792111422e-01 3.159143676934153544e-02 5.324715067875768204e-01
9.081194648275011332e+02 5.697760983825207459e-01 3.159117029588952991e-02 5.324779780119792694e-01
9.081270377286914481e+02 5.145771909594873961e-01 3.159090382192789731e-02 5.324844533562268500e-01
9.081346106930333235e+02 5.279583934348502927e-01 3.159063734745679031e-02 5.324909328202392933e-01
9.081421837205265319e+02 5.702689213766430898e-01 3.159037087247636849e-02 5.324974164039363300e-01
9.081497568111722103e+02 4.873509640444080304e-01 3.159010439698676370e-02 5.325039041072378021e-01
9.081573299649705859e+02 5.051126990802528027e-01 3.158983792098811472e-02 5.325103959300632184e-01
9.081649031819222273e+02 5.309220312460627422e-01 3.158957144448056725e-02 5.325168918723326428e-01
9.081724764620278165e+02 4.838780734983223475e-01 3.158930496746426703e-02 5.325233919339654731e-01
9.081800498052875810e+02 4.871443477823189094e-01 3.158903848993935282e-02 5.325298961148816623e-01
9.081876232117023164e+02 4.533408885413816591e-01 3.158877201190598422e-02 5.325364044150006082e-01
9.081951966812725914e+02 5.195345561806006263e-01 3.158850553336427919e-02 5.325429168342424857e-01
9.082027702139987468e+02 4.724176394349397512e-01 3.158823905431439039e-02 5.325494333725264706e-01
9.082103438098812376e+02 5.391392361004593292e-01 3.158797257475647047e-02 5.325559540297727379e-01
9.082179174689208594e+02 5.569341350566541227e-01 3.158770609469065821e-02 5.325624788059007964e-01
9.082254911911179533e+02 5.584150769373846801e-01 3.158743961411709239e-02 5.325690077008300438e-01
9.082330649764729742e+02 5.226949650132393099e-01 3.158717313303590485e-02 5.325755407144805442e-01
9.082406388249867177e+02 5.445380654036111601e-01 3.158690665144726212e-02 5.325820778467716954e-01
9.082482127366595250e+02 5.082419666463284802e-01 3.158664016935129604e-02 5.325886190976232282e-01
9.082557867114920782e+02 5.817513026436841317e-01 3.158637368674814538e-02 5.325951644669550955e-01
9.082633607494846046e+02 4.995964938993004978e-01 3.158610720363795588e-02 5.326017139546864732e-01
9.082709348506379001e+02 5.666487667047355181e-01 3.158584072002088017e-02 5.326082675607370920e-01
9.082785090149523057e+02 5.176531635767193107e-01 3.158557423589705010e-02 5.326148252850266829e-01
9.082860832424285036e+02 5.133502509061131924e-01 3.158530775126661139e-02 5.326213871274749767e-01
9.082936575330669484e+02 5.355599751985433699e-01 3.158504126612970281e-02 5.326279530880011492e-01
9.083012318868680950e+02 5.114458207718911575e-01 3.158477478048649090e-02 5.326345231665253754e-01
9.083088063038327391e+02 5.796733698687528413e-01 3.158450829433708668e-02 5.326410973629668311e-01
9.083163807839611081e+02 5.374574356960286625e-01 3.158424180768164280e-02 5.326476756772453580e-01
9.083239553272538842e+02 4.781444249602541108e-01 3.158397532052031886e-02 5.326542581092805762e-01
9.083315299337115221e+02 4.945029956791486825e-01 3.158370883285323977e-02 5.326608446589918833e-01
9.083391046033347038e+02 5.272148713791400265e-01 3.158344234468055123e-02 5.326674353262988992e-01
9.083466793361236569e+02 5.661493037591965871e-01 3.158317585600240590e-02 5.326740301111213549e-01
9.083542541320791770e+02 5.191886718847928961e-01 3.158290936681893563e-02 5.326806290133785371e-01
9.083618289912014916e+02 5.916340143631075854e-01 3.158264287713030694e-02 5.326872320329901767e-01
9.083694039134915101e+02 5.606135512011410915e-01 3.158237638693662391e-02 5.326938391698756714e-01
9.083769788989495737e+02 5.497535330942808773e-01 3.158210989623805309e-02 5.327004504239548632e-01
9.083845539475761370e+02 4.934198633602219219e-01 3.158184340503474713e-02 5.327070657951469279e-01
9.083921290593719959e+02 5.401446599085485412e-01 3.158157691332682399e-02 5.327136852833715963e-01
9.083997042343372641e+02 5.012588461076750157e-01 3.158131042111445019e-02 5.327203088885483773e-01
9.084072794724728510e+02 5.403695958502412466e-01 3.158104392839775065e-02 5.327269366105968906e-01
9.084148547737790977e+02 5.292246722919962121e-01 3.158077743517688496e-02 5.327335684494363122e-01
9.084224301382566864e+02 5.806443101901610504e-01 3.158051094145198495e-02 5.327402044049864838e-01
9.084300055659058444e+02 5.364660900963941215e-01 3.158024444722319635e-02 5.327468444771666922e-01
9.084375810567272538e+02 4.973420432512590250e-01 3.157997795249066486e-02 5.327534886658964464e-01
9.084451566107213694e+02 5.343880686680551051e-01 3.157971145725452927e-02 5.327601369710952550e-01
9.084527322278889869e+02 4.906983925425035808e-01 3.157944496151492836e-02 5.327667893926826270e-01
9.084603079082303339e+02 5.352716491643920715e-01 3.157917846527202865e-02 5.327734459305780712e-01
9.084678836517460923e+02 5.363499473751754953e-01 3.157891196852594118e-02 5.327801065847008744e-01
9.084754594584368306e+02 5.650847390929754077e-01 3.157864547127683941e-02 5.327867713549705453e-01
9.084830353283028899e+02 5.910885058577599604e-01 3.157837897352483436e-02 5.327934402413067039e-01
9.084906112613449523e+02 4.799109315268211828e-01 3.157811247527009257e-02 5.328001132436284148e-01
9.084981872575635862e+02 4.956151602909235065e-01 3.157784597651275282e-02 5.328067903618556311e-01
9.085057633169592464e+02 5.980948927530469472e-01 3.157757947725295389e-02 5.328134715959075285e-01
9.085133394395322739e+02 5.291644600474005866e-01 3.157731297749085536e-02 5.328201569457032827e-01
9.085209156252832372e+02 5.063049131712701323e-01 3.157704647722657521e-02 5.328268464111627356e-01
9.085284918742130458e+02 5.161274738449388444e-01 3.157677997646027301e-02 5.328335399922049520e-01
9.085360681863219270e+02 4.713145882579637957e-01 3.157651347519208063e-02 5.328402376887492187e-01
9.085436445616104493e+02 5.469388111281777709e-01 3.157624697342215070e-02 5.328469395007155995e-01
9.085512210000790674e+02 4.753919765527970798e-01 3.157598047115063589e-02 5.328536454280227153e-01
9.085587975017283497e+02 5.683326521538258902e-01 3.157571396837764721e-02 5.328603554705905188e-01
9.085663740665590922e+02 5.759253291777628458e-01 3.157544746510335815e-02 5.328670696283379637e-01
9.085739506945712947e+02 5.691126759344273811e-01 3.157518096132790053e-02 5.328737879011844480e-01
9.085815273857658667e+02 5.480762107491763402e-01 3.157491445705142008e-02 5.328805102890498135e-01
9.085891041401433768e+02 5.061680755505019169e-01 3.157464795227405557e-02 5.328872367918527919e-01
9.085966809577041658e+02 4.935427355057753762e-01 3.157438144699595273e-02 5.328939674095132251e-01
9.086042578384488024e+02 5.349003961795713025e-01 3.157411494121725726e-02 5.329007021419501777e-01
9.086118347823776276e+02 5.582385110214329593e-01 3.157384843493810794e-02 5.329074409890829367e-01
9.086194117894916644e+02 5.270707766647363401e-01 3.157358192815865050e-02 5.329141839508308998e-01
9.086269888597910267e+02 5.730558044889205727e-01 3.157331542087903065e-02 5.329209310271133537e-01
9.086345659932762828e+02 5.628072236999936973e-01 3.157304891309938716e-02 5.329276822178498074e-01
9.086421431899480012e+02 5.706396663194496233e-01 3.157278240481986575e-02 5.329344375229589925e-01
9.086497204498068641e+02 5.519303980927114939e-01 3.157251589604061215e-02 5.329411969423611950e-01
9.086572977728530986e+02 5.111814455703690419e-01 3.157224938676175818e-02 5.329479604759747025e-01
9.086648751590876145e+02 5.119127965922948276e-01 3.157198287698345651e-02 5.329547281237194678e-01
9.086724526085107527e+02 5.378498375183365932e-01 3.157171636670585979e-02 5.329614998855146668e-01
9.086800301211227406e+02 5.105208326665071628e-01 3.157144985592909986e-02 5.329682757612790311e-01
9.086876076969244878e+02 5.161061934059962830e-01 3.157118334465330856e-02 5.329750557509325137e-01
9.086951853359166762e+02 5.305643651088959301e-01 3.157091683287864547e-02 5.329818398543938462e-01
9.087027630380993060e+02 5.221808629621126352e-01 3.157065032060524939e-02 5.329886280715827596e-01
9.087103408034731729e+02 5.448737237141457745e-01 3.157038380783326603e-02 5.329954204024180964e-01
9.087179186320389590e+02 5.966000277387046857e-01 3.157011729456283416e-02 5.330022168468191435e-01
9.087254965237968918e+02 5.239221489831483725e-01 3.156985078079410645e-02 5.330090174047054097e-01
9.087330744787476533e+02 5.703828505917684089e-01 3.156958426652721472e-02 5.330158220759958487e-01
9.087406524968918120e+02 4.952757900514508926e-01 3.156931775176231164e-02 5.330226308606097474e-01
9.087482305782298226e+02 5.145334241089393190e-01 3.156905123649951517e-02 5.330294437584663925e-01
9.087558087227621400e+02 5.312929242483580561e-01 3.156878472073901265e-02 5.330362607694848487e-01
9.087633869304895597e+02 5.070682596156329547e-01 3.156851820448091511e-02 5.330430818935842918e-01
9.087709652014123094e+02 5.492757545958060206e-01 3.156825168772537521e-02 5.330499071306842307e-01
9.087785435355311847e+02 5.366862400430435498e-01 3.156798517047251784e-02 5.330567364807035080e-01
9.087861219328461857e+02 4.466163726127548861e-01 3.156771865272253730e-02 5.330635699435614105e-01
9.087937003933585629e+02 5.783970239772033839e-01 3.156745213447550991e-02 5.330704075191772251e-01
9.088012789170685437e+02 5.090052639811746271e-01 3.156718561573162996e-02 5.330772492074699054e-01
9.088088575039763555e+02 4.802343684756882336e-01 3.156691909649102235e-02 5.330840950083584051e-01
9.088164361540829077e+02 4.815459126152940583e-01 3.156665257675381892e-02 5.330909449217623441e-01
9.088240148673885415e+02 5.331138973295064254e-01 3.156638605652019314e-02 5.330977989476007872e-01
9.088315936438939389e+02 5.473181973863141536e-01 3.156611953579026297e-02 5.331046570857927991e-01
9.088391724835995547e+02 5.749291365850571767e-01 3.156585301456416720e-02 5.331115193362572224e-01
9.088467513865058436e+02 5.351775678880790199e-01 3.156558649284207235e-02 5.331183856989134551e-01
9.088543303526132604e+02 5.028453252067082158e-01 3.156531997062411027e-02 5.331252561736805617e-01
9.088619093819224872e+02 5.543751604621979245e-01 3.156505344791041973e-02 5.331321307604779403e-01
9.088694884744340925e+02 4.843409343484335050e-01 3.156478692470115338e-02 5.331390094592241002e-01
9.088770676301485310e+02 4.971399960984071442e-01 3.156452040099644307e-02 5.331458922698384395e-01
9.088846468490663710e+02 4.618083607945636659e-01 3.156425387679643452e-02 5.331527791922402448e-01
9.088922261311878401e+02 6.042243258651273097e-01 3.156398735210129425e-02 5.331596702263482479e-01
9.088998054765140751e+02 5.479396949604076195e-01 3.156372082691113329e-02 5.331665653720817355e-01
9.089073848850450759e+02 5.020617088137067086e-01 3.156345430122610429e-02 5.331734646293596613e-01
9.089149643567815247e+02 5.215786080229146693e-01 3.156318777504635298e-02 5.331803679981010902e-01
9.089225438917239899e+02 5.739560153682234933e-01 3.156292124837202506e-02 5.331872754782251977e-01
9.089301234898729263e+02 5.358344273040904771e-01 3.156265472120328014e-02 5.331941870696508268e-01
9.089377031512287886e+02 5.683803908555142836e-01 3.156238819354022229e-02 5.332011027722971530e-01
9.089452828757924863e+02 5.545314721871775765e-01 3.156212166538301805e-02 5.332080225860831302e-01
9.089528626635640194e+02 5.282134713137706106e-01 3.156185513673182702e-02 5.332149465109279340e-01
9.089604425145445248e+02 6.416834213622039096e-01 3.156158860758674634e-02 5.332218745467504073e-01
9.089680224287338888e+02 5.195206784027165403e-01 3.156132207794797029e-02 5.332288066934698367e-01
9.089756024061330208e+02 5.134654728196724749e-01 3.156105554781561684e-02 5.332357429510047320e-01
9.089831824467423758e+02 5.061318662766866039e-01 3.156078901718982477e-02 5.332426833192746018e-01
9.089907625505624083e+02 4.867860726368400393e-01 3.156052248607073979e-02 5.332496277981981780e-01
9.089983427175939141e+02 4.958600113367373496e-01 3.156025595445851456e-02 5.332565763876944143e-01
9.090059229478370071e+02 5.143214008166909768e-01 3.155998942235328786e-02 5.332635290876824863e-01
9.090135032412924829e+02 5.613922616934936549e-01 3.155972288975521234e-02 5.332704858980810148e-01
9.090210835979606827e+02 5.280997588391604936e-01 3.155945635666441290e-02 5.332774468188095085e-01
9.090286640178425159e+02 5.012068947730968782e-01 3.155918982308103526e-02 5.332844118497863661e-01
9.090362445009379826e+02 5.378046448375666255e-01 3.155892328900523208e-02 5.332913809909308744e-01
9.090438250472479922e+02 5.748003888410370132e-01 3.155865675443715601e-02 5.332983542421617651e-01
9.090514056567728858e+02 5.314784702682402440e-01 3.155839021937692501e-02 5.333053316033982139e-01
9.090589863295132318e+02 4.950265020002860283e-01 3.155812368382471256e-02 5.333123130745589524e-01
9.090665670654698260e+02 4.888911006754791400e-01 3.155785714778061579e-02 5.333192986555629345e-01
9.090741478646427822e+02 5.259441074972326380e-01 3.155759061124481513e-02 5.333262883463291137e-01
9.090817287270326688e+02 5.418447943242483689e-01 3.155732407421746322e-02 5.333332821467764440e-01
9.090893096526402815e+02 5.214424145041871572e-01 3.155705753669867802e-02 5.333402800568236568e-01
9.090968906414659614e+02 5.204499282962226081e-01 3.155679099868861220e-02 5.333472820763900391e-01
9.091044716935105043e+02 5.138109221962273709e-01 3.155652446018739760e-02 5.333542882053941003e-01
9.091120528087739103e+02 5.478461341471876356e-01 3.155625792119520073e-02 5.333612984437545723e-01
9.091196339872573162e+02 5.562635183783406490e-01 3.155599138171213264e-02 5.333683127913907418e-01
9.091272152289607220e+02 5.462255302250847988e-01 3.155572484173837372e-02 5.333753312482214515e-01
9.091347965338849235e+02 5.552588730840499753e-01 3.155545830127404194e-02 5.333823538141653220e-01
9.091423779020303755e+02 4.969931247486911730e-01 3.155519176031928302e-02 5.333893804891414181e-01
9.091499593333977600e+02 5.434253847544007199e-01 3.155492521887424268e-02 5.333964112730681384e-01
9.091575408279871908e+02 4.887592826526935275e-01 3.155465867693908744e-02 5.334034461658649917e-01
9.091651223857998048e+02 5.239972835801516293e-01 3.155439213451392139e-02 5.334104851674504877e-01
9.091727040068356018e+02 5.504309069364783369e-01 3.155412559159891800e-02 5.334175282777433580e-01
9.091802856910953778e+02 5.602387554057055574e-01 3.155385904819420217e-02 5.334245754966624453e-01
9.091878674385795875e+02 4.996111135279270310e-01 3.155359250429991963e-02 5.334316268241267034e-01
9.091954492492889131e+02 4.775589783967993940e-01 3.155332595991622302e-02 5.334386822600549749e-01
9.092030311232235817e+02 4.964148899184334662e-01 3.155305941504324418e-02 5.334457418043658805e-01
9.092106130603842757e+02 5.338679034429070214e-01 3.155279286968112884e-02 5.334528054569782629e-01
9.092181950607713361e+02 5.699089681791613682e-01 3.155252632383005046e-02 5.334598732178106317e-01
9.092257771243856723e+02 4.955637218588694326e-01 3.155225977749009925e-02 5.334669450867823848e-01
9.092333592512277392e+02 5.272012082677759448e-01 3.155199323066145561e-02 5.334740210638120317e-01
9.092409414412976503e+02 4.905572541800915509e-01 3.155172668334425140e-02 5.334811011488180821e-01
9.092485236945965426e+02 5.338983041750752223e-01 3.155146013553863232e-02 5.334881853417193787e-01
9.092561060111244160e+02 5.529879386747222902e-01 3.155119358724473716e-02 5.334952736424352082e-01
9.092636883908820664e+02 4.775514166657401915e-01 3.155092703846271163e-02 5.335023660508835253e-01
9.092712708338699485e+02 5.580190469743596671e-01 3.155066048919270144e-02 5.335094625669836166e-01
9.092788533400886308e+02 5.216026800228583671e-01 3.155039393943485232e-02 5.335165631906539918e-01
9.092864359095385680e+02 5.818125144757987366e-01 3.155012738918930304e-02 5.335236679218133826e-01
9.092940185422203285e+02 5.184525501432890593e-01 3.154986083845619238e-02 5.335307767603804097e-01
9.093016012381344808e+02 5.151002144504820413e-01 3.154959428723566606e-02 5.335378897062741377e-01
9.093091839972814796e+02 5.447928737498658469e-01 3.154932773552786979e-02 5.335450067594127432e-01
9.093167668196618934e+02 5.519171838231633487e-01 3.154906118333294929e-02 5.335521279197154021e-01
9.093243497052760631e+02 5.363004619346853907e-01 3.154879463065105721e-02 5.335592531871004018e-01
9.093319326541248984e+02 5.117273076557339317e-01 3.154852807748231847e-02 5.335663825614869182e-01
9.093395156662085128e+02 5.119328850616523541e-01 3.154826152382687876e-02 5.335735160427931278e-01
9.093470987415280433e+02 5.348834844168043334e-01 3.154799496968487688e-02 5.335806536309382064e-01
9.093546818800833762e+02 5.031807726727509644e-01 3.154772841505647935e-02 5.335877953258403306e-01
9.093622650818751936e+02 5.523249377398468107e-01 3.154746185994181801e-02 5.335949411274182319e-01
9.093698483469041776e+02 5.612058828641572905e-01 3.154719530434102470e-02 5.336020910355907532e-01
9.093774316751706692e+02 5.474158142915089842e-01 3.154692874825424515e-02 5.336092450502765150e-01
9.093850150666754644e+02 5.561634567511622995e-01 3.154666219168163893e-02 5.336164031713941380e-01
9.093925985214190177e+02 4.845920797779465494e-01 3.154639563462333096e-02 5.336235653988621319e-01
9.094001820394015567e+02 5.285956720611679760e-01 3.154612907707948083e-02 5.336307317325991173e-01
9.094077656206239908e+02 5.764152096774842748e-01 3.154586251905022037e-02 5.336379021725237148e-01
9.094153492650865473e+02 5.596209030400600692e-01 3.154559596053569531e-02 5.336450767185546562e-01
9.094229329727900222e+02 5.210008356901096871e-01 3.154532940153604442e-02 5.336522553706105620e-01
9.094305167437348700e+02 5.063695383025528240e-01 3.154506284205142036e-02 5.336594381286098310e-01
9.094381005779214320e+02 5.354129257192064006e-01 3.154479628208195496e-02 5.336666249924711947e-01
9.094456844753502764e+02 5.508150718139984692e-01 3.154452972162781477e-02 5.336738159621134958e-01
9.094532684360221992e+02 5.111380210945889457e-01 3.154426316068911079e-02 5.336810110374546889e-01
9.094608524599374277e+02 5.322354817219449030e-01 3.154399659926600957e-02 5.336882102184135057e-01
9.094684365470967577e+02 5.984529798552324920e-01 3.154373003735864989e-02 5.336954135049088999e-01
9.094760206975004166e+02 5.153178260575139724e-01 3.154346347496717051e-02 5.337026208968592700e-01
9.094836049111492002e+02 5.313252319030491444e-01 3.154319691209171717e-02 5.337098323941829037e-01
9.094911891880434496e+02 5.131625571584733647e-01 3.154293034873242169e-02 5.337170479967984216e-01
9.094987735281837331e+02 5.444301201927684852e-01 3.154266378488945061e-02 5.337242677046246664e-01
9.095063579315707329e+02 4.989416804243340664e-01 3.154239722056292189e-02 5.337314915175795926e-01
9.095139423982046765e+02 4.977002721774567151e-01 3.154213065575300901e-02 5.337387194355823761e-01
9.095215269280863595e+02 5.335919896400999063e-01 3.154186409045982298e-02 5.337459514585509712e-01
9.095291115212161230e+02 5.205346900821529177e-01 3.154159752468353728e-02 5.337531875864042208e-01
9.095366961775946493e+02 5.374347941260804173e-01 3.154133095842425599e-02 5.337604278190604123e-01
9.095442808972225066e+02 5.025639077904382468e-01 3.154106439168215953e-02 5.337676721564383886e-01
9.095518656801000361e+02 5.354412578561057456e-01 3.154079782445737973e-02 5.337749205984563261e-01
9.095594505262278062e+02 5.466518268758880916e-01 3.154053125675006231e-02 5.337821731450324014e-01
9.095670354356063854e+02 4.703613853866944750e-01 3.154026468856033216e-02 5.337894297960856793e-01
9.095746204082363420e+02 5.091980752954125000e-01 3.153999811988834889e-02 5.337966905515344473e-01
9.095822054441181308e+02 5.019744569371181742e-01 3.153973155073425821e-02 5.338039554112968821e-01
9.095897905432523203e+02 5.250358400888816002e-01 3.153946498109819196e-02 5.338112243752916042e-01
9.095973757056393652e+02 5.969759736755766433e-01 3.153919841098030280e-02 5.338184974434373453e-01
9.096049609312799475e+02 5.620543016763540622e-01 3.153893184038072950e-02 5.338257746156520600e-01
9.096125462201745222e+02 4.723041824508906750e-01 3.153866526929961778e-02 5.338330558918544799e-01
9.096201315723235439e+02 5.496408850364599141e-01 3.153839869773710641e-02 5.338403412719628927e-01
9.096277169877274673e+02 4.903428159416636234e-01 3.153813212569334112e-02 5.338476307558955858e-01
9.096353024663870883e+02 5.321873989539398497e-01 3.153786555316847456e-02 5.338549243435712910e-01
9.096428880083028616e+02 5.642360561772979954e-01 3.153759898016263163e-02 5.338622220349081848e-01
9.096504736134751283e+02 5.687346942856320586e-01 3.153733240667596499e-02 5.338695238298247769e-01
9.096580592819044568e+02 6.019590915742495385e-01 3.153706583270861341e-02 5.338768297282394659e-01
9.096656450135917567e+02 4.983879743831044484e-01 3.153679925826072261e-02 5.338841397300704283e-01
9.096732308085369141e+02 5.853161082919358105e-01 3.153653268333244525e-02 5.338914538352361738e-01
9.096808166667410660e+02 4.854633180741049769e-01 3.153626610792391316e-02 5.338987720436551010e-01
9.096884025882043261e+02 4.877871227966681933e-01 3.153599953203526512e-02 5.339060943552453864e-01
9.096959885729272628e+02 5.925516175862522994e-01 3.153573295566666768e-02 5.339134207699256507e-01
9.097035746209106719e+02 5.634985181501963591e-01 3.153546637881823184e-02 5.339207512876138484e-01
9.097111607321548945e+02 5.184254475732987810e-01 3.153519980149013108e-02 5.339280859082288222e-01
9.097187469066603853e+02 5.670893828816311322e-01 3.153493322368248336e-02 5.339354246316886377e-01
9.097263331444278265e+02 4.834871479053211019e-01 3.153466664539544828e-02 5.339427674579113603e-01
9.097339194454575590e+02 5.240623676962274935e-01 3.153440006662916462e-02 5.339501143868158328e-01
9.097415058097503788e+02 4.838334489485151546e-01 3.153413348738377114e-02 5.339574654183200098e-01
9.097490922373067406e+02 5.781284451817162440e-01 3.153386690765940664e-02 5.339648205523421787e-01
9.097566787281268716e+02 5.217977360611534277e-01 3.153360032745623071e-02 5.339721797888007382e-01
9.097642652822115679e+02 5.508638300573386326e-01 3.153333374677438905e-02 5.339795431276138649e-01
9.097718518995615113e+02 5.111476780141054332e-01 3.153306716561398576e-02 5.339869105687000683e-01
9.097794385801769295e+02 5.048373161530502751e-01 3.153280058397520819e-02 5.339942821119774141e-01
9.097870253240583907e+02 4.873483058509027743e-01 3.153253400185817429e-02 5.340016577573644119e-01
9.097946121312065770e+02 5.308932769465607437e-01 3.153226741926304366e-02 5.340090375047789051e-01
9.098021990016218297e+02 5.231645618679318099e-01 3.153200083618994121e-02 5.340164213541397364e-01
9.098097859353049444e+02 5.526528508975180332e-01 3.153173425263902652e-02 5.340238093053644164e-01
9.098173729322560348e+02 5.420818908428067795e-01 3.153146766861043143e-02 5.340312013583717876e-01
9.098249599924758968e+02 5.145976282386423017e-01 3.153120108410430861e-02 5.340385975130796936e-01
9.098325471159652125e+02 5.257572158835346343e-01 3.153093449912079682e-02 5.340459977694065330e-01
9.098401343027242092e+02 6.053664281081279075e-01 3.153066791366002097e-02 5.340534021272705933e-01
9.098477215527534554e+02 5.174129531143314420e-01 3.153040132772216148e-02 5.340608105865898292e-01
9.098553088660537469e+02 5.898325956558631011e-01 3.153013474130733629e-02 5.340682231472827501e-01
9.098628962426254247e+02 5.781790130173803943e-01 3.152986815441568419e-02 5.340756398092675328e-01
9.098704836824688300e+02 5.479147818185863272e-01 3.152960156704736477e-02 5.340830605724620206e-01
9.098780711855847585e+02 5.205891014674999262e-01 3.152933497920250988e-02 5.340904854367847232e-01
9.098856587519737786e+02 5.860544099045363886e-01 3.152906839088125829e-02 5.340979144021537062e-01
9.098932463816361178e+02 5.221759552845021135e-01 3.152880180208376959e-02 5.341053474684869240e-01
9.099008340745725718e+02 5.151202045874004876e-01 3.152853521281018256e-02 5.341127846357031084e-01
9.099084218307834817e+02 4.849765060699469110e-01 3.152826862306062211e-02 5.341202259037196587e-01
9.099160096502696433e+02 5.722677077358656605e-01 3.152800203283524783e-02 5.341276712724555287e-01
9.099235975330311703e+02 4.804083301335443923e-01 3.152773544213419848e-02 5.341351207418278957e-01
9.099311854790689722e+02 5.307947185056661743e-01 3.152746885095762674e-02 5.341425743117558245e-01
9.099387734883832763e+02 4.814445086792802919e-01 3.152720225930565751e-02 5.341500319821568254e-01
9.099463615609749922e+02 5.305110616697336079e-01 3.152693566717844342e-02 5.341574937529492972e-01
9.099539496968442336e+02 5.487942807458652261e-01 3.152666907457612328e-02 5.341649596240513054e-01
9.099615378959919099e+02 4.878958738371452775e-01 3.152640248149884278e-02 5.341724295953810264e-01
9.099691261584182485e+02 5.782753324442893028e-01 3.152613588794675459e-02 5.341799036668561929e-01
9.099767144841238178e+02 5.735629469258444191e-01 3.152586929391998360e-02 5.341873818383954253e-01
9.099843028731093000e+02 5.198088949749850585e-01 3.152560269941868942e-02 5.341948641099163453e-01
9.099918913253752635e+02 5.215273854537560982e-01 3.152533610444299000e-02 5.342023504813372403e-01
9.099994798409217083e+02 5.062777290565509958e-01 3.152506950899305882e-02 5.342098409525761760e-01
9.100070684197498849e+02 5.173003271494496236e-01 3.152480291306901383e-02 5.342173355235512178e-01
9.100146570618600208e+02 5.294189281855081752e-01 3.152453631667101464e-02 5.342248341941803202e-01
9.100222457672524570e+02 5.638062372512357978e-01 3.152426971979920001e-02 5.342323369643816600e-01
9.100298345359278755e+02 5.849280417899247464e-01 3.152400312245370179e-02 5.342398438340731914e-01
9.100374233678869587e+02 5.183587631854116307e-01 3.152373652463467957e-02 5.342473548031729802e-01
9.100450122631299337e+02 5.314047441973986929e-01 3.152346992634227213e-02 5.342548698715988698e-01
9.100526012216577101e+02 5.369314388553494410e-01 3.152320332757659743e-02 5.342623890392692587e-01
9.100601902434702879e+02 5.428493919263400747e-01 3.152293672833783589e-02 5.342699123061017685e-01
9.100677793285689177e+02 4.738459836892611188e-01 3.152267012862609852e-02 5.342774396720146868e-01
9.100753684769533720e+02 4.831800932475640575e-01 3.152240352844155880e-02 5.342849711369257459e-01
9.100829576886245604e+02 5.140539867697283549e-01 3.152213692778433468e-02 5.342925067007530116e-01
9.100905469635829377e+02 5.088713240578670582e-01 3.152187032665457189e-02 5.343000463634145492e-01
9.100981363018290722e+02 4.980376210640056200e-01 3.152160372505242308e-02 5.343075901248284243e-01
9.101057257033636461e+02 5.812971228175892735e-01 3.152133712297802010e-02 5.343151379849124805e-01
9.101133151681868867e+02 5.309581217604973924e-01 3.152107052043152252e-02 5.343226899435846722e-01
9.101209046962994762e+02 5.448073511307014449e-01 3.152080391741304832e-02 5.343302460007628429e-01
9.101284942877017556e+02 5.095185879602013301e-01 3.152053731392277097e-02 5.343378061563651693e-01
9.101360839423945208e+02 5.310658636520223519e-01 3.152027070996080149e-02 5.343453704103092727e-01
9.101436736603782265e+02 5.563699674494158032e-01 3.152000410552729948e-02 5.343529387625133298e-01
9.101512634416534411e+02 5.426664770989453324e-01 3.151973750062240370e-02 5.343605112128951840e-01
9.101588532862205057e+02 5.697902813779812670e-01 3.151947089524626683e-02 5.343680877613727898e-01
9.101664431940801023e+02 5.338549127737483024e-01 3.151920428939901375e-02 5.343756684078639907e-01
9.101740331652326859e+02 4.967464027303558627e-01 3.151893768308079019e-02 5.343832531522868523e-01
9.101816231996788247e+02 5.200766399278792251e-01 3.151867107629174880e-02 5.343908419945589960e-01
9.101892132974189735e+02 5.395627539026401909e-01 3.151840446903202836e-02 5.343984349345983764e-01
9.101968034584538145e+02 5.340575399015889957e-01 3.151813786130177458e-02 5.344060319723229480e-01
9.102043936827839161e+02 5.534060474025935816e-01 3.151787125310110543e-02 5.344136331076507762e-01
9.102119839704092783e+02 5.713848098492313454e-01 3.151760464443020826e-02 5.344212383404993716e-01
9.102195743213310379e+02 5.382198806606660613e-01 3.151733803528919409e-02 5.344288476707866886e-01
9.102271647355496498e+02 5.556482847120942647e-01 3.151707142567820169e-02 5.344364610984310149e-01
9.102347552130653412e+02 5.238014474323884340e-01 3.151680481559738373e-02 5.344440786233493057e-01
9.102423457538789080e+02 5.190628813123445706e-01 3.151653820504687897e-02 5.344517002454602927e-01
9.102499363579906912e+02 5.584781908482132629e-01 3.151627159402684009e-02 5.344593259646810424e-01
9.102575270254013731e+02 5.431016481901161930e-01 3.151600498253739890e-02 5.344669557809301752e-01
9.102651177561114082e+02 5.340634176227387897e-01 3.151573837057870114e-02 5.344745896941246466e-01
9.102727085501213651e+02 4.865789008472074517e-01 3.151547175815087865e-02 5.344822277041828551e-01
9.102802994074316985e+02 5.073074784594381326e-01 3.151520514525409794e-02 5.344898698110223112e-01
9.102878903280427494e+02 5.181933416670372328e-01 3.151493853188847699e-02 5.344975160145608584e-01
9.102954813119555411e+02 5.155478568502027681e-01 3.151467191805417539e-02 5.345051663147163401e-01
9.103030723591701872e+02 5.723753388749203141e-01 3.151440530375132498e-02 5.345128207114064889e-01
9.103106634696873698e+02 5.731894464477749196e-01 3.151413868898005760e-02 5.345204792045491482e-01
9.103182546435075437e+02 5.738399585370091982e-01 3.151387207374053978e-02 5.345281417940620505e-01
9.103258458806313911e+02 4.893846403974623227e-01 3.151360545803290336e-02 5.345358084798628173e-01
9.103334371810592529e+02 4.900707752607669776e-01 3.151333884185728712e-02 5.345434792618691811e-01
9.103410285447919250e+02 5.383241174585212674e-01 3.151307222521382984e-02 5.345511541399992073e-01
9.103486199718297485e+02 5.443645879438754331e-01 3.151280560810267029e-02 5.345588331141704064e-01
9.103562114621730643e+02 5.378172245988915856e-01 3.151253899052397500e-02 5.345665161843002888e-01
9.103638030158225547e+02 5.448057887298002333e-01 3.151227237247786889e-02 5.345742033503066981e-01
9.103713946327790154e+02 4.988016484056946309e-01 3.151200575396448378e-02 5.345818946121074777e-01
9.103789863130426738e+02 4.715268654468318665e-01 3.151173913498397233e-02 5.345895899696204712e-01
9.103865780566140984e+02 5.423849172183595746e-01 3.151147251553648027e-02 5.345972894227629668e-01
9.103941698634938575e+02 5.143552570180359718e-01 3.151120589562215329e-02 5.346049929714530302e-01
9.104017617336825197e+02 5.234129884490037465e-01 3.151093927524111632e-02 5.346127006156077277e-01
9.104093536671804259e+02 5.425097926827636696e-01 3.151067265439351506e-02 5.346204123551455689e-01
9.104169456639883720e+02 5.713828092174000339e-01 3.151040603307950216e-02 5.346281281899833981e-01
9.104245377241065853e+02 5.633563277298272443e-01 3.151013941129922336e-02 5.346358481200395030e-01
9.104321298475359754e+02 5.460253093352537279e-01 3.150987278905278965e-02 5.346435721452311718e-01
9.104397220342767696e+02 4.864541382107028245e-01 3.150960616634038841e-02 5.346513002654761371e-01
9.104473142843296500e+02 5.206351546791845308e-01 3.150933954316210983e-02 5.346590324806920203e-01
9.104549065976950715e+02 5.264986724927723793e-01 3.150907291951813433e-02 5.346667687907965538e-01
9.104624989743733749e+02 4.979364080893713407e-01 3.150880629540859373e-02 5.346745091957071372e-01
9.104700914143654700e+02 5.073361621376037967e-01 3.150853967083361989e-02 5.346822536953415028e-01
9.104776839176718113e+02 5.196125508259145098e-01 3.150827304579336546e-02 5.346900022896171611e-01
9.104852764842926263e+02 4.787485141107539754e-01 3.150800642028796228e-02 5.346977549784519557e-01
9.104928691142285970e+02 5.677136631864453387e-01 3.150773979431756300e-02 5.347055117617630637e-01
9.105004618074802920e+02 5.268771919086473465e-01 3.150747316788229946e-02 5.347132726394683289e-01
9.105080545640483933e+02 4.869048220974656060e-01 3.150720654098232432e-02 5.347210376114853725e-01
9.105156473839332421e+02 5.565066754724797837e-01 3.150693991361776247e-02 5.347288066777317050e-01
9.105232402671354066e+02 5.518321893671672695e-01 3.150667328578875964e-02 5.347365798381246149e-01
9.105308332136553418e+02 5.693128750824189011e-01 3.150640665749546848e-02 5.347443570925818346e-01
9.105384262234936159e+02 5.408873807953313850e-01 3.150614002873802083e-02 5.347521384410210965e-01
9.105460192966505701e+02 5.159258747943138435e-01 3.150587339951656934e-02 5.347599238833595781e-01
9.105536124331272276e+02 4.782557272079538957e-01 3.150560676983123198e-02 5.347677134195147897e-01
9.105612056329237021e+02 4.777604845953650758e-01 3.150534013968216834e-02 5.347755070494046858e-01
9.105687988960407893e+02 4.816925806484497752e-01 3.150507350906951720e-02 5.347833047729464440e-01
9.105763922224788303e+02 4.874615007888166707e-01 3.150480687799340346e-02 5.347911065900575744e-01
9.105839856122381661e+02 5.160996431608804169e-01 3.150454024645400752e-02 5.347989125006554767e-01
9.105915790653199338e+02 5.369787142928036383e-01 3.150427361445141267e-02 5.348067225046577722e-01
9.105991725817240194e+02 5.847580642115424165e-01 3.150400698198581317e-02 5.348145366019819713e-01
9.106067661614512190e+02 5.369077513448636818e-01 3.150374034905733395e-02 5.348223547925454735e-01
9.106143598045022145e+02 5.538540253839641103e-01 3.150347371566607907e-02 5.348301770762657892e-01
9.106219535108773471e+02 5.009894468306563819e-01 3.150320708181224283e-02 5.348380034530599847e-01
9.106295472805769577e+02 5.219952479415187474e-01 3.150294044749594319e-02 5.348458339228460146e-01
9.106371411136019560e+02 5.239781226206146059e-01 3.150267381271731892e-02 5.348536684855412782e-01
9.106447350099526830e+02 4.881727277338763216e-01 3.150240717747650188e-02 5.348615071410627309e-01
9.106523289696298207e+02 5.626775032382249631e-01 3.150214054177365164e-02 5.348693498893281051e-01
9.106599229926335966e+02 4.953492142107159824e-01 3.150187390560890005e-02 5.348771967302548003e-01
9.106675170789648064e+02 5.467944520330271230e-01 3.150160726898237895e-02 5.348850476637603268e-01
9.106751112286236776e+02 5.235539141670300101e-01 3.150134063189424793e-02 5.348929026897615291e-01
9.106827054416111196e+02 5.175059010508260560e-01 3.150107399434463190e-02 5.349007618081763615e-01
9.106902997179275872e+02 5.804877316017162947e-01 3.150080735633366963e-02 5.349086250189222236e-01
9.106978940575733077e+02 5.259888437549045115e-01 3.150054071786151377e-02 5.349164923219161816e-01
9.107054884605491907e+02 5.318042013479028496e-01 3.150027407892829617e-02 5.349243637170756349e-01
9.107130829268554635e+02 5.610062645978758367e-01 3.150000743953414867e-02 5.349322392043178720e-01
9.107206774564925809e+02 5.499741760450586048e-01 3.149974079967924473e-02 5.349401187835602922e-01
9.107282720494614523e+02 5.679989775938715235e-01 3.149947415936368844e-02 5.349480024547204060e-01
9.107358667057625325e+02 5.245177271394653173e-01 3.149920751858762552e-02 5.349558902177153907e-01
9.107434614253961627e+02 5.187228236355755362e-01 3.149894087735120168e-02 5.349637820724624238e-01
9.107510562083626837e+02 5.183974709990907259e-01 3.149867423565456959e-02 5.349716780188786824e-01
9.107586510546631189e+02 5.083271894270148250e-01 3.149840759349784719e-02 5.349795780568820103e-01
9.107662459642976955e+02 5.433479932606668505e-01 3.149814095088118021e-02 5.349874821863892516e-01
9.107738409372670958e+02 5.247260437746408268e-01 3.149787430780470743e-02 5.349953904073178057e-01
9.107814359735715470e+02 6.266418889759930444e-01 3.149760766426858150e-02 5.350033027195848501e-01
9.107890310732119588e+02 5.080194152166160881e-01 3.149734102027293425e-02 5.350112191231078951e-01
9.107966262361886720e+02 5.416285028462601847e-01 3.149707437581789754e-02 5.350191396178038961e-01
9.108042214625021415e+02 5.372387919980631255e-01 3.149680773090361707e-02 5.350270642035903634e-01
9.108118167521529358e+02 5.342266368389366749e-01 3.149654108553023163e-02 5.350349928803843635e-01
9.108194121051417369e+02 5.310081528567929254e-01 3.149627443969787999e-02 5.350429256481030738e-01
9.108270075214689996e+02 5.891347104318246375e-01 3.149600779340669399e-02 5.350508625066636714e-01
9.108346030011350649e+02 5.260158796298393113e-01 3.149574114665683322e-02 5.350588034559835560e-01
9.108421985441408424e+02 5.528597929176971570e-01 3.149547449944840871e-02 5.350667484959797937e-01
9.108497941504863320e+02 5.707780112126592531e-01 3.149520785178158699e-02 5.350746976265694510e-01
9.108573898201725569e+02 5.649616290891867898e-01 3.149494120365647909e-02 5.350826508476700383e-01
9.108649855531998583e+02 5.416361271649974274e-01 3.149467455507324459e-02 5.350906081591982888e-01
9.108725813495688044e+02 5.543821248778059152e-01 3.149440790603200840e-02 5.350985695610719350e-01
9.108801772092796227e+02 5.203724115819963192e-01 3.149414125653292318e-02 5.351065350532074882e-01
9.108877731323333364e+02 5.278917237200877466e-01 3.149387460657611382e-02 5.351145046355225698e-01
9.108953691187300592e+02 5.532194246102302149e-01 3.149360795616172604e-02 5.351224783079339131e-01
9.109029651684705868e+02 5.748283516648550195e-01 3.149334130528989167e-02 5.351304560703591395e-01
9.109105612815553741e+02 5.543850691033423983e-01 3.149307465396075645e-02 5.351384379227146493e-01
9.109181574579848757e+02 4.672845961468526932e-01 3.149280800217445914e-02 5.351464238649181748e-01
9.109257536977596601e+02 5.142367585925275986e-01 3.149254134993112464e-02 5.351544138968866715e-01
9.109333500008804094e+02 5.160112929397201453e-01 3.149227469723089867e-02 5.351624080185368726e-01
9.109409463673472374e+02 5.140332412548349605e-01 3.149200804407392695e-02 5.351704062297861775e-01
9.109485427971611671e+02 5.607829966713981928e-01 3.149174139046033438e-02 5.351784085305515415e-01
9.109561392903225396e+02 5.163240322341415833e-01 3.149147473639025974e-02 5.351864149207501420e-01
9.109637358468315824e+02 5.455856457617324073e-01 3.149120808186385567e-02 5.351944254002988233e-01
9.109713324666893186e+02 4.943700779203786255e-01 3.149094142688123321e-02 5.352024399691147627e-01
9.109789291498959756e+02 5.216111215787599953e-01 3.149067477144255195e-02 5.352104586271145825e-01
9.109865258964520081e+02 5.576959717283324069e-01 3.149040811554794372e-02 5.352184813742159042e-01
9.109941227063583256e+02 5.486785403301799313e-01 3.149014145919752650e-02 5.352265082103354610e-01
9.110017195796150418e+02 5.196054458925304376e-01 3.148987480239145986e-02 5.352345391353902082e-01
9.110093165162230662e+02 5.679864323679514326e-01 3.148960814512987566e-02 5.352425741492969902e-01
9.110169135161825125e+02 5.103654634037882998e-01 3.148934148741289879e-02 5.352506132519729842e-01
9.110245105794941765e+02 5.030884967272113428e-01 3.148907482924067497e-02 5.352586564433352567e-01
9.110321077061585129e+02 4.870797424525124542e-01 3.148880817061334297e-02 5.352667037233003189e-01
9.110397048961762039e+02 4.904301868337381798e-01 3.148854151153103464e-02 5.352747550917854591e-01
9.110473021495475905e+02 5.067208044126251254e-01 3.148827485199388182e-02 5.352828105487074106e-01
9.110548994662731275e+02 5.571063121583883504e-01 3.148800819200202328e-02 5.352908700939831288e-01
9.110624968463536106e+02 5.859924576113290096e-01 3.148774153155560473e-02 5.352989337275295689e-01
9.110700942897893810e+02 5.266390589447108583e-01 3.148747487065474415e-02 5.353070014492636863e-01
9.110776917965808934e+02 5.441319010224024977e-01 3.148720820929959419e-02 5.353150732591022143e-01
9.110852893667288299e+02 5.122731712863680675e-01 3.148694154749026586e-02 5.353231491569619971e-01
9.110928870002337590e+02 5.021034713513878867e-01 3.148667488522691876e-02 5.353312291427601011e-01
9.111004846970962490e+02 5.247276452201526942e-01 3.148640822250966392e-02 5.353393132164130375e-01
9.111080824573164136e+02 5.339497493289819818e-01 3.148614155933866787e-02 5.353474013778379836e-01
9.111156802808952762e+02 5.198596447012153732e-01 3.148587489571403469e-02 5.353554936269514508e-01
9.111232781678330639e+02 5.311828797996314133e-01 3.148560823163591704e-02 5.353635899636703943e-01
9.111308761181305726e+02 5.375961990107449573e-01 3.148534156710443288e-02 5.353716903879116584e-01
9.111384741317880298e+02 4.990981027739105347e-01 3.148507490211972792e-02 5.353797948995919764e-01
9.111460722088062312e+02 5.423684641588596422e-01 3.148480823668192707e-02 5.353879034986283036e-01
9.111536703491855178e+02 5.783757807246875382e-01 3.148454157079117605e-02 5.353960161849370403e-01
9.111612685529262308e+02 4.991744344824101676e-01 3.148427490444759974e-02 5.354041329584350306e-01
9.111688668200293932e+02 5.718336111070939642e-01 3.148400823765133000e-02 5.354122538190390079e-01
9.111764651504952326e+02 5.315278033511762201e-01 3.148374157040250559e-02 5.354203787666659276e-01
9.111840635443243173e+02 5.145759369054783150e-01 3.148347490270125837e-02 5.354285078012321897e-01
9.111916620015172157e+02 4.518198322703165237e-01 3.148320823454770628e-02 5.354366409226546386e-01
9.111992605220744963e+02 5.731523183367868146e-01 3.148294156594199505e-02 5.354447781308501186e-01
9.112068591059963865e+02 5.414349893276328984e-01 3.148267489688426346e-02 5.354529194257346969e-01
9.112144577532840231e+02 5.494013750656386863e-01 3.148240822737460864e-02 5.354610648072257728e-01
9.112220564639372924e+02 4.295994993716156229e-01 3.148214155741320408e-02 5.354692142752395245e-01
9.112296552379568766e+02 5.335113313992464468e-01 3.148187488700016773e-02 5.354773678296925743e-01
9.112372540753436851e+02 5.573208838618519678e-01 3.148160821613561755e-02 5.354855254705015444e-01
9.112448529760978317e+02 4.870391006794412836e-01 3.148134154481969232e-02 5.354936871975832791e-01
9.112524519402199985e+02 5.021062975857849553e-01 3.148107487305252389e-02 5.355018530108541785e-01
9.112600509677106402e+02 5.655087695299131356e-01 3.148080820083423714e-02 5.355100229102308651e-01
9.112676500585704389e+02 5.741372207674282357e-01 3.148054152816497087e-02 5.355181968956298499e-01
9.112752492127999631e+02 5.270115805933590636e-01 3.148027485504484302e-02 5.355263749669674223e-01
9.112828484303993264e+02 5.364088612288373525e-01 3.148000818147399238e-02 5.355345571241605374e-01
9.112904477113695521e+02 5.364602739388186770e-01 3.147974150745252997e-02 5.355427433671252624e-01
9.112980470557107537e+02 5.288874269183408972e-01 3.147947483298062232e-02 5.355509336957785527e-01
9.113056464634239546e+02 5.443340013383050069e-01 3.147920815805835965e-02 5.355591281100366974e-01
9.113132459345093821e+02 5.839195527296983101e-01 3.147894148268586684e-02 5.355673266098157637e-01
9.113208454689672635e+02 5.703131269236328960e-01 3.147867480686331043e-02 5.355755291950329289e-01
9.113284450667987358e+02 5.082782912079960580e-01 3.147840813059077369e-02 5.355837358656038161e-01
9.113360447280037988e+02 4.927998663529911672e-01 3.147814145386841622e-02 5.355919466214451585e-01
9.113436444525834759e+02 5.710802442085342046e-01 3.147787477669634210e-02 5.356001614624738005e-01
9.113512442405377669e+02 5.218083358387102244e-01 3.147760809907469703e-02 5.356083803886054762e-01
9.113588440918676952e+02 5.596430184698810706e-01 3.147734142100358512e-02 5.356166033997565856e-01
9.113664440065733743e+02 4.851448133389437700e-01 3.147707474248315207e-02 5.356248304958436401e-01
9.113740439846557138e+02 5.312898014203197850e-01 3.147680806351350197e-02 5.356330616767830399e-01
9.113816440261148273e+02 5.141512195882083081e-01 3.147654138409476665e-02 5.356412969424908521e-01
9.113892441309515107e+02 5.905605388023399405e-01 3.147627470422707796e-02 5.356495362928832549e-01
9.113968442991664460e+02 5.166037009274520031e-01 3.147600802391055386e-02 5.356577797278769815e-01
9.114044445307597471e+02 5.479390728155575374e-01 3.147574134314531230e-02 5.356660272473877660e-01
9.114120448257323233e+02 5.381068443244412247e-01 3.147547466193148513e-02 5.356742788513321196e-01
9.114196451840844020e+02 5.553732237002290129e-01 3.147520798026918337e-02 5.356825345396261095e-01
9.114272456058167791e+02 4.853066299054185628e-01 3.147494129815853192e-02 5.356907943121859139e-01
9.114348460909296818e+02 5.005540882147798687e-01 3.147467461559966956e-02 5.356990581689274888e-01
9.114424466394239062e+02 5.254638167793073134e-01 3.147440793259267955e-02 5.357073261097673456e-01
9.114500472512999067e+02 5.358880189605643718e-01 3.147414124913770067e-02 5.357155981346213292e-01
9.114576479265581384e+02 5.526308980704677243e-01 3.147387456523486476e-02 5.357238742434056178e-01
9.114652486651991694e+02 5.013397104161940732e-01 3.147360788088427591e-02 5.357321544360360566e-01
9.114728494672235684e+02 4.778769404891429762e-01 3.147334119608605207e-02 5.357404387124289347e-01
9.114804503326319036e+02 5.147594386196712168e-01 3.147307451084031121e-02 5.357487270724999862e-01
9.114880512614246300e+02 5.411531035545703583e-01 3.147280782514716435e-02 5.357570195161655002e-01
9.114956522536020884e+02 5.671911714898402179e-01 3.147254113900674333e-02 5.357653160433409889e-01
9.115032533091650748e+02 5.024454880266224777e-01 3.147227445241915222e-02 5.357736166539426304e-01
9.115108544281141576e+02 5.478320693705606148e-01 3.147200776538450900e-02 5.357819213478866027e-01
9.115184556104496778e+02 5.517224635907930219e-01 3.147174107790291775e-02 5.357902301250883070e-01
9.115260568561723176e+02 5.077806516908471846e-01 3.147147438997448948e-02 5.357985429854636994e-01
9.115336581652823043e+02 4.775385635750801216e-01 3.147120770159936298e-02 5.358068599289287359e-01
9.115412595377805474e+02 5.141403418598448072e-01 3.147094101277761458e-02 5.358151809553989287e-01
9.115488609736675016e+02 5.641782424385548556e-01 3.147067432350937610e-02 5.358235060647904557e-01
9.115564624729435081e+02 5.370105440032594268e-01 3.147040763379475165e-02 5.358318352570184961e-01
9.115640640356090216e+02 4.662300657211352894e-01 3.147014094363385917e-02 5.358401685319991170e-01
9.115716656616650653e+02 4.512574069585236769e-01 3.146987425302678193e-02 5.358485058896478304e-01
9.115792673511115254e+02 5.358256547100946898e-01 3.146960756197365872e-02 5.358568473298802592e-01
9.115868691039495388e+02 5.765146085662923303e-01 3.146934087047455891e-02 5.358651928526119157e-01
9.115944709201792193e+02 5.450420775139007690e-01 3.146907417852962130e-02 5.358735424577630857e-01
9.116020727998012489e+02 5.424099311201691087e-01 3.146880748613892220e-02 5.358818961459214103e-01
9.116096747428160825e+02 5.800384883390605761e-01 3.146854079330257958e-02 5.358902539550080002e-01
9.116172767492242883e+02 4.490154260262840813e-01 3.146827410002069059e-02 5.358986170003892102e-01
9.116248788190265486e+02 5.289422206104763546e-01 3.146800740629335930e-02 5.359070023287095808e-01
9.116324809522230908e+02 5.160197796417934635e-01 3.146774071212066898e-02 5.359155450702377532e-01
9.116400831488145968e+02 5.539202190288498029e-01 3.146747401750273759e-02 5.359247887544332789e-01
9.116476854088016353e+02 5.554794795608685165e-01 3.146723932597988299e-02 5.359357589010409484e-01
9.116552877321846609e+02 4.915770599689258669e-01 3.146720732214896427e-02 5.359490605444526823e-01
9.116628901189643557e+02 5.007912622062614671e-01 3.146720732186546188e-02 5.359640889202479386e-01
9.116704925691411745e+02 5.233555118897301739e-01 3.146720732157908679e-02 5.359798186553561550e-01
9.116780950827154584e+02 5.468721329847974211e-01 3.146720732128978348e-02 5.359957062794326044e-01
9.116856976596877757e+02 5.054589302571338427e-01 3.146720732099749646e-02 5.360116166835267038e-01
9.116933003000590361e+02 5.081859978589428062e-01 3.146720732070217019e-02 5.360275328259672678e-01
9.117009030038294668e+02 5.111205159616202254e-01 3.146720732040374224e-02 5.360434535920024501e-01
9.117085057709994089e+02 5.111739761854926511e-01 3.146720732010215016e-02 5.360593789437708701e-01
9.117161086015697720e+02 5.214831505089346786e-01 3.146720731979731761e-02 5.360753088807118649e-01
9.117237114955407833e+02 4.798563501512410623e-01 3.146720731948919603e-02 5.360912434029319051e-01
9.117313144529132387e+02 5.124943612170443918e-01 3.146720731917770214e-02 5.361071825105413469e-01
9.117389174736873656e+02 5.738627336143128366e-01 3.146720731886277350e-02 5.361231262036506573e-01
9.117465205578640735e+02 4.747420349921743221e-01 3.146720731854433378e-02 5.361390744823701926e-01
9.117541237054435896e+02 5.244936487882589926e-01 3.146720731822231359e-02 5.361550273468103089e-01
9.117617269164265963e+02 4.994448574256675211e-01 3.146720731789662967e-02 5.361709847970814735e-01
9.117693301908134345e+02 5.360779267681634597e-01 3.146720731756720568e-02 5.361869468332939315e-01
9.117769335286047863e+02 4.736903045954136138e-01 3.146720731723395142e-02 5.362029134555577059e-01
9.117845369298011065e+02 5.060845375658724610e-01 3.146720731689679057e-02 5.362188846639828199e-01
9.117921403944029635e+02 5.590562230265555543e-01 3.146720731655563291e-02 5.362348604586794076e-01
9.117997439224110394e+02 5.420907353752730806e-01 3.146720731621038825e-02 5.362508408397573811e-01
9.118073475138255617e+02 4.738192146308546349e-01 3.146720731586095249e-02 5.362668258073266525e-01
9.118149511686473261e+02 5.104540043622741718e-01 3.146720731550722849e-02 5.362828153614968008e-01
9.118225548868767874e+02 5.136008823562575598e-01 3.146720731514913993e-02 5.362988095023777380e-01
9.118301586685142865e+02 4.504983061333945882e-01 3.146720731478654803e-02 5.363148082300788211e-01
9.118377625135605058e+02 5.179319309892786993e-01 3.146720731441936258e-02 5.363308115447094071e-01
9.118453664220160135e+02 4.990673247783189992e-01 3.146720731404746563e-02 5.363468194463791860e-01
9.118529703938813782e+02 5.841450552445727196e-01 3.146720731367076002e-02 5.363628319351970708e-01
9.118605744291570545e+02 6.024006856267734022e-01 3.146720731328910003e-02 5.363788490112721963e-01
9.118681785278432699e+02 5.056620907809189491e-01 3.146720731290236772e-02 5.363948706747135864e-01
9.118757826899411612e+02 5.237836181556682069e-01 3.146720731251043818e-02 5.364108969256300430e-01
9.118833869154508420e+02 5.335280788753020698e-01 3.146720731211317262e-02 5.364269277641303679e-01
9.118909912043728809e+02 5.712488417127228324e-01 3.146720731171043922e-02 5.364429631903232520e-01
9.118985955567079600e+02 5.498342612398716689e-01 3.146720731130208532e-02 5.364590032043168311e-01
9.119061999724564203e+02 4.885575710655870596e-01 3.146720731088796519e-02 5.364750478062193517e-01
9.119138044516188302e+02 4.599172257209416248e-01 3.146720731046791925e-02 5.364910969961389497e-01
9.119214089941958719e+02 5.314055289660468695e-01 3.146720731004178095e-02 5.365071507741837609e-01
9.119290136001880001e+02 5.102678413427970128e-01 3.146720730960937684e-02 5.365232091404612547e-01
9.119366182695955558e+02 5.578560138257453449e-01 3.146720730917054037e-02 5.365392720950789007e-01
9.119442230024194487e+02 5.335124344916868377e-01 3.146720730872509808e-02 5.365553396381442797e-01
9.119518277986597923e+02 5.099507467017659890e-01 3.146720730827282791e-02 5.365714117697640839e-01
9.119594326583173824e+02 5.113970910697686056e-01 3.146720730781355641e-02 5.365874884900454500e-01
9.119670375813929013e+02 5.379774803915740033e-01 3.146720730734705457e-02 5.366035697990948483e-01
9.119746425678864625e+02 5.144114098393407497e-01 3.146720730687312118e-02 5.366196556970187492e-01
9.119822476177986346e+02 5.576690908021001425e-01 3.146720730639152031e-02 5.366357461839228460e-01
9.119898527311300995e+02 5.087581247145046559e-01 3.146720730590200910e-02 5.366518412599130539e-01
9.119974579078816532e+02 5.239190273599981795e-01 3.146720730540435162e-02 5.366679409250949551e-01
9.120050631480532957e+02 6.188567290538561361e-01 3.146720730489827728e-02 5.366840451795737987e-01
9.120126684516459363e+02 5.291187051053913848e-01 3.146720730438350849e-02 5.367001540234539458e-01
9.120202738186601437e+02 5.583614103860073952e-01 3.146720730385978160e-02 5.367162674568402014e-01
9.120278792490960313e+02 5.082356091631003991e-01 3.146720730332677740e-02 5.367323854798360383e-01
9.120354847429545089e+02 5.209038755772638085e-01 3.146720730278418365e-02 5.367485080925453733e-01
9.120430903002358036e+02 5.104565266204497131e-01 3.146720730223167423e-02 5.367646352950712352e-01
9.120506959209408251e+02 5.343006047113073587e-01 3.146720730166890911e-02 5.367807670875160975e-01
9.120583016050698006e+02 5.006916979728407435e-01 3.146720730109550668e-02 5.367969034699823228e-01
9.120659073526232987e+02 5.038692151601849023e-01 3.146720730051109222e-02 5.368130444425713854e-01
9.120735131636021151e+02 4.983252491548300078e-01 3.146720729991527021e-02 5.368291900053840937e-01
9.120811190380064772e+02 5.401320814729912989e-01 3.146720729930760352e-02 5.368453401585212559e-01
9.120887249758370672e+02 4.828179937681925660e-01 3.146720729868764804e-02 5.368614949020817928e-01
9.120963309770939986e+02 5.766946786560086524e-01 3.146720729805493888e-02 5.368776542361650694e-01
9.121039370417785221e+02 5.344335567424828293e-01 3.146720729740895561e-02 5.368938181608690074e-01
9.121115431698906377e+02 5.442701813988816140e-01 3.146720729674917783e-02 5.369099866762910844e-01
9.121191493614310275e+02 5.782907139002988472e-01 3.146720729607505734e-02 5.369261597825276677e-01
9.121267556164003736e+02 5.287891529662668288e-01 3.146720729538597661e-02 5.369423374796744586e-01
9.121343619347989033e+02 4.625462310885951056e-01 3.146720729468133193e-02 5.369585197678252708e-01
9.121419683166275263e+02 5.522092030183545219e-01 3.146720729396045024e-02 5.369747066470736963e-01
9.121495747618863561e+02 5.369737580066393789e-01 3.146720729322259602e-02 5.369908981175114393e-01
9.121571812705760749e+02 5.098722191441700247e-01 3.146720729246704068e-02 5.370070941792292052e-01
9.121647878426972511e+02 5.542321211957501603e-01 3.146720729169297931e-02 5.370232948323161448e-01
9.121723944782504532e+02 5.561510525259731885e-01 3.146720729089953067e-02 5.370395000768602989e-01
9.121800011772361358e+02 5.197614770574523479e-01 3.146720729008580658e-02 5.370557099129467105e-01
9.121876079396548676e+02 4.967526805606754525e-01 3.146720728925080784e-02 5.370719243406603116e-01
9.121952147655073304e+02 5.147413670161250510e-01 3.146720728839349362e-02 5.370881433600821486e-01
9.122028216547937518e+02 5.565272788669823889e-01 3.146720728751273982e-02 5.371043669712924906e-01
9.122104286075147002e+02 5.663712473756149501e-01 3.146720728660733213e-02 5.371205951743680540e-01
9.122180356236710850e+02 4.875931962794739505e-01 3.146720728567597991e-02 5.371368279693834458e-01
9.122256427032629063e+02 4.965071484466194729e-01 3.146720728471729539e-02 5.371530653564100533e-01
9.122332498462910735e+02 5.002437582018788298e-01 3.146720728372975895e-02 5.371693073355159331e-01
9.122408570527560414e+02 5.563335185230442459e-01 3.146720728271173995e-02 5.371855539067652563e-01
9.122484643226580374e+02 5.957798506405989070e-01 3.146720728166148978e-02 5.372018050702183078e-01
9.122560716559980847e+02 5.254901007342763775e-01 3.146720728057707944e-02 5.372180608259297108e-01
9.122636790527764106e+02 5.442588531191886458e-01 3.146720727945645502e-02 5.372343211739476487e-01
9.122712865129935835e+02 5.261621484389155112e-01 3.146720727829733361e-02 5.372505861143083150e-01
9.122788940366500583e+02 5.400989870446084584e-01 3.146720727709726578e-02 5.372668556470230339e-01
9.122865016237465170e+02 5.034702718746462136e-01 3.146720727585354538e-02 5.372831297720397359e-01
9.122941092742834144e+02 5.194521098052643504e-01 3.146720727456322336e-02 5.372994084891302702e-01
9.123017169882612052e+02 5.279092794841399039e-01 3.146720727322304539e-02 5.373156917975718816e-01
9.123093247656806852e+02 5.486327478992555351e-01 3.146720727182941713e-02 5.373319796952650274e-01
9.123169326065419682e+02 5.067144385643953530e-01 3.146720727037839033e-02 5.373482721763436221e-01
9.123245405108460773e+02 4.848398807273788802e-01 3.146720726886551023e-02 5.373645692248952832e-01
9.123321484785931261e+02 5.477127298120157972e-01 3.146720726728568368e-02 5.373808707988737554e-01
9.123397565097836832e+02 5.535806520647909013e-01 3.146720726563261711e-02 5.373971767900305174e-01
9.123473646044186580e+02 5.687519246026037090e-01 3.146720726389671402e-02 5.374134869268377690e-01
9.123549727624981642e+02 5.358029768567788009e-01 3.146720726205775448e-02 5.374298005458203464e-01
9.123625809840229977e+02 5.158974728363607820e-01 3.146720726005841628e-02 5.374461160679652183e-01
9.123701892689933857e+02 5.321434791473536041e-01 3.146720725771280647e-02 5.374624298337424833e-01
9.123777976174101241e+02 5.194266142617837145e-01 3.146720725440185773e-02 5.374787335851741732e-01
9.123854060292735539e+02 5.221247249482379171e-01 3.146720724809792813e-02 5.374950091814045816e-01
9.123930145045845848e+02 5.683771023337138573e-01 3.146720723236422906e-02 5.375112178343156577e-01
9.124006230433432165e+02 5.557316982062264765e-01 3.146720718749221324e-02 5.375272788370176746e-01
9.124082316455502450e+02 5.564760187778978739e-01 3.146720705538015583e-02 5.375430288096846310e-01
9.124158403112064661e+02 5.972720697200732953e-01 3.146720667122992338e-02 5.375581460485134855e-01
9.124234490403117661e+02 5.506852226404516104e-01 3.146720558551464875e-02 5.375720145761349045e-01
9.124310578328671681e+02 5.527083210600913787e-01 3.146720261941123725e-02 5.375834878531244865e-01
9.124386666888730133e+02 5.037521041650270259e-01 3.146719480205776437e-02 5.375904920447966973e-01
9.124462756083302111e+02 5.081171877101665624e-01 3.146717494068122095e-02 5.375893834660611104e-01
9.124538845912385341e+02 5.160476206908846120e-01 3.146712631247042952e-02 5.375739465828367480e-01
9.124614936375991192e+02 5.007828881622587991e-01 3.146701159985105384e-02 5.375338932808177983e-01
9.124691027474123075e+02 5.428787333247615532e-01 3.146675091762422827e-02 5.374527112335246715e-01
9.124767119206787811e+02 5.066489835611465153e-01 3.146618032738927873e-02 5.373047248596733994e-01
9.124843211573987674e+02 5.267731738117388263e-01 3.146497756709584065e-02 5.370512974115450033e-01
9.124919304575730621e+02 5.776217588825227622e-01 3.146253642880016826e-02 5.366362403249009816e-01
9.124995398212021200e+02 5.330392867461632989e-01 3.145776705337741119e-02 5.359807251377741721e-01
9.125071492482862823e+02 5.459963954180273582e-01 3.144879989379049945e-02 5.349783182727938513e-01
9.125147587388262309e+02 5.236754171750057640e-01 3.143258181132960183e-02 5.334911544643199388e-01
9.125223682928225344e+02 5.553610976927126908e-01 3.140438080313492225e-02 5.313486599078482975e-01
9.125299779102758748e+02 4.770407535716886249e-01 3.135726754131372418e-02 5.283505050361597677e-01
9.125375875911864796e+02 5.246108004941734126e-01 3.128171786406109406e-02 5.242754341299350473e-01
9.125451973355549171e+02 5.262183552520337537e-01 3.116556757670353381e-02 5.188970984436253042e-01
9.125528071433818695e+02 5.327400882586622588e-01 3.099461371007037475e-02 5.120068899741246904e-01
9.125604170146677916e+02 4.933642496206095407e-01 3.075413335495911366e-02 5.034420826733422283e-01
9.125680269494131380e+02 4.876428453078854863e-01 3.043141147422174370e-02 4.931156447447604951e-01
9.125756369476184773e+02 5.014407428024358904e-01 3.001900035159512162e-02 4.810424638353752447e-01
9.125832470092844915e+02 4.654759912427194335e-01 2.951795261897815006e-02 4.673561263804693056e-01
9.125908571344116353e+02 4.740897708657485499e-01 2.893990393711470474e-02 4.523113532987947383e-01
9.125984673230001363e+02 4.607859238357839282e-01 2.830693397536310565e-02 4.362698460652366106e-01
9.126060775750510174e+02 4.396544178855189000e-01 2.764877261094192754e-02 4.196744566163744805e-01
9.126136878905643925e+02 3.684606141483208752e-01 2.699795036663020509e-02 4.031023110499569739e-01
9.126212982695411711e+02 3.535747013435720509e-01 2.638437779211797937e-02 3.883159026349888854e-01
9.126289087119814667e+02 3.765369293125612193e-01 2.583103621504564615e-02 3.836784676996161103e-01
9.126365192178861889e+02 3.412044633920044423e-01 2.535186085802689990e-02 4.102802772702452971e-01
9.126441297872556788e+02 4.923019209448846745e-01 2.838730562296497631e-02 4.785691844909047421e-01
9.126517404200903911e+02 5.711958839967087309e-01 3.369134373796647125e-02 5.513674849244731835e-01
9.126593511163910080e+02 5.320692592224145478e-01 3.303196175068284085e-02 5.853544778343688915e-01
9.126669618761579841e+02 5.583485871897440056e-01 3.252864502262430013e-02 5.856027153334465440e-01
9.126745726993920016e+02 4.842398282124380504e-01 3.215885974337065467e-02 5.756074602664726925e-01
9.126821835860932879e+02 5.577144158798740259e-01 3.189977383555503421e-02 5.659387862770366429e-01
9.126897945362625251e+02 5.203931540999653382e-01 3.172964680884697575e-02 5.583195238974303365e-01
9.126974055499002816e+02 5.251456359281549968e-01 3.162805103189050143e-02 5.525899817132305936e-01
9.127050166270071259e+02 5.401481839990440736e-01 3.157564984235537026e-02 5.484131725090973797e-01
9.127126277675835127e+02 5.592427843069363025e-01 3.155431928323212953e-02 5.454622049413702101e-01
9.127202389716298967e+02 5.136656247322067825e-01 3.154810694772649388e-02 5.434441163572479860e-01
9.127278502391469601e+02 5.392116306331184994e-01 3.154491929933028044e-02 5.421104504745969388e-01
9.127354615701351577e+02 5.240473159878169529e-01 3.153817751049699941e-02 5.412614527385557484e-01
9.127430729645949441e+02 5.683902486685343813e-01 3.152737518667575456e-02 5.407442042430810059e-01
9.127506844225270015e+02 5.218989795589709102e-01 3.151678871516172542e-02 5.404459025696622954e-01
9.127582959439317847e+02 5.325703076045166240e-01 3.151244317318287885e-02 5.402845668316960115e-01
9.127659075288097483e+02 4.808739017725083831e-01 3.151837126934459166e-02 5.402000245624595243e-01
9.127735191771615746e+02 5.642353760861961165e-01 3.153371263008809822e-02 5.401477283418684161e-01
9.127811308889878319e+02 5.439016276867981725e-01 3.155203512010128220e-02 5.400966766309036604e-01
9.127887426642888613e+02 5.017597146256944640e-01 3.156346563125832227e-02 5.400308331083019109e-01
9.127963545030652313e+02 5.169495546251041684e-01 3.155902938624492726e-02 5.399516573722632495e-01
9.128039664053175102e+02 5.288752952146686948e-01 3.153543234890969493e-02 5.398784703234413840e-01
9.128115783710460391e+02 5.330720250112696013e-01 3.149798873696781770e-02 5.398439114469260058e-01
9.128191904002518413e+02 5.390033781986389716e-01 3.145998223753794509e-02 5.398836866256060407e-01
9.128268024929350304e+02 5.029273190925973580e-01 3.143830685658104140e-02 5.400225172006593022e-01
9.128344146490960611e+02 5.717290415912810175e-01 3.144691372756046321e-02 5.402606251957149386e-01
9.128420268687358430e+02 5.634313628898742765e-01 3.149051603232685265e-02 5.405661422436930375e-01
9.128496391518544897e+02 4.921742395844356799e-01 3.156095562581889835e-02 5.408778301816389300e-01
9.128572514984529107e+02 5.144571941469092691e-01 3.163793078216080301e-02 5.411194758726601828e-01
9.128648639085314471e+02 5.321301579370320001e-01 3.169462179574639854e-02 5.412230956224727274e-01
9.128724763820907810e+02 5.510666078756116804e-01 3.170703561344986876e-02 5.411541100078853805e-01
9.128800889191311398e+02 5.306876296300632179e-01 3.166390307993888903e-02 5.409295660235515779e-01
9.128877015196532057e+02 5.431514971576743012e-01 3.157287778574846548e-02 5.406214568522537123e-01
9.128953141836576606e+02 5.255799953536024471e-01 3.145988230532698049e-02 5.403413083038962617e-01
9.129029269111448457e+02 5.475161272917250521e-01 3.136151802949785350e-02 5.402082815959531326e-01
9.129105397021152157e+02 5.255634782160899521e-01 3.131350057357672190e-02 5.403090487800740194e-01
9.129181525565696802e+02 5.294047860940231942e-01 3.133914622887709611e-02 5.406615654433031271e-01
9.129257654745083528e+02 5.414714607404195190e-01 3.144101768768992750e-02 5.411952399609548658e-01
9.129333784559318019e+02 5.344747365261971472e-01 3.159755314235396240e-02 5.417565334021390289e-01
9.129409915008408234e+02 4.732457824956816106e-01 3.176598456603552112e-02 5.421423275333807634e-01
9.129486046092359857e+02 5.658422647221893476e-01 3.189241539829526517e-02 5.421549461585953855e-01
9.129562177811172887e+02 6.093653671711606323e-01 3.192798272399664794e-02 5.416648125063655561e-01
9.129638310164858694e+02 5.870708944428811860e-01 3.184642391595089023e-02 5.406621663008915890e-01
9.129714443153419552e+02 5.210605315549620142e-01 3.165567860869911154e-02 5.392803352403270356e-01
9.129790576776861144e+02 4.834667767103830727e-01 3.139768429168309644e-02 5.377801869748723984e-01
9.129866711035186881e+02 4.942813548423087289e-01 3.113632730827925119e-02 5.364964561227660855e-01
9.129942845928406996e+02 5.229932521779020460e-01 3.093934599183610287e-02 5.357577711769145878e-01
9.130018981456520351e+02 4.857165553741762953e-01 3.086135793397632235e-02 5.357997502559614933e-01
9.130095117619539451e+02 5.240273841847165048e-01 3.093196047869622989e-02 5.366927913480810108e-01
9.130171254417463160e+02 5.585549773217816094e-01 3.114890710194552492e-02 5.383035684771418916e-01
9.130247391850301710e+02 5.175608816231500597e-01 3.147533266678546188e-02 5.403030188674906586e-01
9.130323529918056238e+02 5.504362355104956972e-01 3.184214333370698202e-02 5.422245669152465641e-01
9.130399668620734701e+02 5.484494186399959670e-01 3.215899742958950452e-02 5.435648799960268729e-01
9.130475807958341647e+02 5.261151515512400012e-01 3.233590922651690541e-02 5.439070072264448052e-01
9.130551947930880488e+02 5.900449306176286379e-01 3.231121825015389332e-02 5.430359344086298501e-01
9.130628088538359179e+02 4.688529154531724252e-01 3.207459690298902766e-02 5.410143313070064908e-01
9.130704229780784544e+02 5.668763795121527505e-01 3.167307177885746866e-02 5.381946982230839671e-01
9.130780371658157719e+02 4.941688923305075365e-01 3.119654207761273987e-02 5.351614573934300179e-01
9.130856514170484388e+02 4.927714966592798840e-01 3.075093382106148035e-02 5.326160465994709270e-01
9.130932657317774783e+02 5.589889738060767055e-01 3.043232846940103348e-02 5.312318587465456599e-01
9.131008801100027767e+02 5.252639135068245535e-01 3.031084298075607114e-02 5.315097876535477273e-01
9.131084945517253573e+02 4.616606445333210074e-01 3.042415749358155438e-02 5.336608982783600519e-01
9.131161090569452199e+02 5.603183231080263171e-01 3.077492441219553676e-02 5.375356175686369919e-01
9.131237236256636152e+02 5.814250068766276813e-01 3.132701330351255614e-02 5.426130587899350433e-01
9.131313382578804294e+02 6.067438838024117320e-01 3.200105677154644473e-02 5.480595052195427197e-01
9.131389529535965721e+02 5.647240235113040185e-01 3.267613336073284941e-02 5.528576410061107893e-01
9.131465677128123843e+02 5.372268298566929001e-01 3.320667146830338229e-02 5.559939062382039943e-01
9.131541825355283208e+02 5.871290292675448441e-01 3.345762380901682459e-02 5.566715502275664251e-01
9.131617974217452911e+02 5.901644200613715974e-01 3.334791250863844425e-02 5.544998343579832234e-01
9.131694123714635225e+02 5.479809665564301380e-01 3.288144419540364738e-02 5.496069314129253813e-01
9.131770273846834698e+02 5.892993989212023109e-01 3.214776953195722098e-02 5.426418866409540298e-01
9.131846424614059288e+02 5.211746169191191491e-01 3.129150240804690758e-02 5.346643898716629817e-01
9.131922576016311268e+02 5.580618820604800190e-01 3.046792900262487724e-02 5.269546963206035439e-01
9.131998728053599734e+02 4.635661829998442007e-01 2.980716798481404181e-02 5.207939138663718603e-01
9.132074880725925823e+02 4.558503360104536606e-01 2.939886686854147752e-02 5.172610231591898700e-01
9.132151034033297492e+02 5.066642570738999485e-01 2.929446519038136562e-02 5.170742573016593457e-01
9.132227187975719289e+02 4.996070925012016661e-01 2.951555585410969157e-02 5.204845849742407715e-01
9.132303342553198036e+02 4.753941197544223618e-01 3.005738435908329037e-02 5.272193659390377318e-01
9.132379497765736005e+02 5.181826905657794802e-01 3.088244479245710189e-02 5.364776206704435779e-01
9.132455653613340019e+02 5.562884894845598893e-01 3.190699124890054861e-02 5.469885395217644053e-01
9.132531810096015761e+02 5.617426605230293468e-01 3.299106791760089696e-02 5.571502801643340996e-01
9.132607967213767779e+02 5.963260597641590888e-01 3.394674300040922965e-02 5.652561017286232836e-01
9.132684124966604031e+02 6.685421534249940123e-01 3.457408281386847165e-02 5.697868315593265232e-01
9.132760283354524518e+02 6.908840384397580969e-01 3.471855442036423517e-02 5.697127372850854243e-01
9.132836442377540607e+02 6.125568011407926949e-01 3.432559307655985020e-02 5.647245654591467323e-01
9.132912602035652299e+02 5.399875784777415921e-01 3.346300613639464211e-02 5.553218097605349124e-01
9.132988762328868688e+02 6.169559329057650032e-01 3.229746462465256374e-02 5.427289552936909178e-01
9.133064923257192049e+02 5.132350083161293375e-01 3.103790748086867127e-02 5.286686101231566903e-01
9.133141084820630340e+02 5.015626403815051093e-01 2.987608161631767970e-02 5.150643235064966685e-01
9.133217247019185834e+02 4.229186818326418074e-01 2.895062510375574424e-02 5.037546519895051977e-01
9.133293409852867626e+02 4.692566132886604735e-01 2.834225370089369159e-02 4.962744663729017347e-01
9.133369573321680264e+02 4.318375573165779691e-01 2.808983332654534787e-02 4.937184994606463317e-01
9.133445737425626021e+02 4.580998172493896403e-01 2.821087737467900189e-02 4.966683376855229315e-01
9.133521902164711719e+02 4.584074977158108521e-01 2.871376949244462337e-02 5.051512034427045883e-01
9.133598067538943042e+02 4.414441142840601073e-01 2.959572320677189214e-02 5.186083301522185218e-01
9.133674233548326811e+02 5.287972468859595265e-01 3.082642704395628999e-02 5.358749435818207507e-01
9.133750400192864163e+02 5.557356857525855842e-01 3.232350273729315410e-02 5.552008019848103659e-01
9.133826567472565330e+02 5.897295905237687208e-01 3.393291441933978664e-02 5.743561170386937142e-01
9.133902735387432585e+02 6.048519897270241419e-01 3.543124785652712605e-02 5.908598757533505275e-01
9.133978903937469340e+02 6.951450229451697771e-01 3.656119913604816835e-02 6.023307621389324407e-01
9.134055073122686963e+02 7.301525579603749261e-01 3.709574315980227605e-02 6.069044891546411247e-01
9.134131242943085454e+02 7.630418903720052048e-01 3.690812918411398580e-02 6.036113785935626197e-01
9.134207413398672770e+02 6.677902882365229775e-01 3.601628615871967781e-02 5.925959116059147380e-01
9.134283584489453460e+02 5.900409202561410771e-01 3.457919682735981215e-02 5.751017508440470216e-01
9.134359756215432071e+02 5.120668841022961715e-01 3.284584976773381043e-02 5.532266379516501686e-01
9.134435928576615424e+02 5.181973276741769219e-01 3.108078831782678728e-02 5.295315483709794879e-01
9.134512101573005793e+02 4.655451800596838718e-01 2.949953426711028961e-02 5.066275308530745480e-01
9.134588275204612273e+02 4.710793260264198312e-01 2.823750133617074914e-02 4.868473575462345937e-01
9.134664449471438274e+02 4.379617581487312838e-01 2.735539263220516937e-02 4.720543816835654494e-01
9.134740624373488345e+02 3.792554714180431108e-01 2.686675943638290945e-02 4.635802550090856178e-01
9.134816799910768168e+02 3.581541598776035729e-01 2.676880037545189064e-02 4.622426694133924263e-01
9.134892976083285703e+02 4.564202613200932790e-01 2.706348632388564518e-02 4.683831039438379196e-01
9.134969152891044359e+02 4.423451914374712524e-01 2.776390489944338333e-02 4.818774540725591637e-01
9.135045330334047549e+02 4.703098659094728795e-01 2.888501100080878223e-02 5.020991442335207555e-01
9.135121508412303228e+02 5.334473843659164327e-01 3.042043797264988580e-02 5.278461375721686943e-01
9.135197687125814809e+02 5.318035540363017510e-01 3.231168110036018726e-02 5.572734355547984686e-01
9.135273866474589113e+02 6.540213644795815906e-01 3.442264198709346634e-02 5.878935058980387929e-01
9.135350046458630686e+02 6.790891107708212360e-01 3.653527393218193586e-02 6.167083860334093837e-01
9.135426227077945214e+02 6.995139324099033384e-01 3.837557407427236167e-02 6.405098754247561255e-01
9.135502408332536106e+02 7.547829002984075553e-01 3.966596352327372843e-02 6.563284440415670939e-01
9.135578590222412458e+02 8.154578901455007411e-01 4.018846846412731100e-02 6.619437568430865948e-01
9.135654772747576544e+02 6.542022652479083655e-01 3.983894168512950446e-02 6.563207192348293750e-01
9.135730955908035185e+02 7.696409838107369783e-01 3.865568035792481955e-02 6.398348777498200635e-01
9.135807139703790654e+02 6.889205449855883012e-01 3.681306741359281764e-02 6.142095152387078150e-01
9.135883324134852046e+02 6.022826650457582254e-01 3.458034559213522124e-02 5.821822454304891314e-01
9.135959509201223909e+02 5.195770601292635238e-01 3.225665775003501434e-02 5.470077664270406315e-01
9.136035694902910791e+02 5.136752025737776339e-01 3.010335153121326129e-02 5.119452626966195519e-01
9.136111881239916102e+02 4.424924706731726554e-01 2.829732706599456110e-02 4.798598475491915316e-01
9.136188068212248936e+02 4.384154109501309793e-01 2.692015871642099156e-02 4.530050943134874553e-01
9.136264255819913842e+02 4.086242114397343750e-01 2.598005879318879968e-02 4.329824982689139401e-01
9.136340444062911956e+02 3.496831783420548123e-01 2.544934163710349181e-02 4.208230743460941170e-01
9.136416632941254647e+02 3.419041924521920572e-01 2.529873554429909813e-02 4.171176718946349449e-01
9.136492822454943052e+02 3.392476039519402575e-01 2.551869934264803727e-02 4.221305619780356677e-01
9.136569012603982856e+02 3.376206219345162518e-01 2.612613675133879793e-02 4.358529112009760231e-01
9.136645203388379741e+02 4.162651469699118478e-01 2.715711368791807676e-02 4.579785967398471991e-01
9.136721394808141667e+02 4.215826788318554064e-01 2.864557522871705522e-02 4.878098609300659527e-01
9.136797586863268634e+02 5.293972526064266715e-01 3.059081540759895496e-02 5.241235887625353973e-01
9.136873779553770873e+02 5.479712672749340596e-01 3.292438760715024615e-02 5.650488453407545020e-01
9.136949972879651796e+02 6.063603048554051522e-01 3.549344634185361280e-02 6.080175954285421680e-01
9.137026166840915948e+02 7.832757383776892679e-01 3.807268418642052732e-02 6.498458183653494924e-01
9.137102361437567879e+02 7.465891065486397471e-01 4.040180598784760130e-02 6.869766407359892968e-01
9.137178556669617819e+02 8.042765759204060227e-01 4.223214035064170452e-02 7.158735730918573958e-01
9.137254752537065770e+02 8.500828288753855544e-01 4.336486323450088054e-02 7.335026844042439320e-01
9.137330949039918551e+02 9.049497957647130164e-01 4.367316357096271556e-02 7.378048269568604489e-01
9.137407146178181847e+02 8.103614307523457905e-01 4.311198371617096931e-02 7.280475445068932405e-01
9.137483343951862480e+02 9.013603521023820786e-01 4.172293730522276534e-02 7.049671316138672594e-01
9.137559542360962723e+02 7.134869620184635108e-01 3.963684042405354879e-02 6.706600335100491028e-01
9.137635741405489398e+02 7.203972063712317242e-01 3.706748544323108102e-02 6.282460274340186945e-01
9.137711941085447052e+02 6.333370688637203205e-01 3.428650371537136227e-02 5.813844501306938417e-01
9.137788141400842505e+02 5.312984457434855035e-01 3.157612313932477849e-02 5.337597303675477578e-01
9.137864342351680307e+02 4.822871439435756913e-01 2.917174964522485994e-02 4.886511547094218311e-01
9.137940543937965003e+02 4.196125103521680111e-01 2.721832637445207453e-02 4.486653104751354704e-01
9.138016746159703416e+02 3.945586637605311697e-01 2.576102361496594370e-02 4.156536500065043382e-01
9.138092949016900093e+02 3.238896075896340876e-01 2.477124288579432912e-02 3.907845844049447348e-01
9.138169152509558444e+02 2.777769706335764810e-01 2.418915961878932014e-02 3.747070835788324228e-01
9.138245356637687564e+02 2.750464062210047911e-01 2.396113829044550780e-02 3.677360743965268908e-01
9.138321561401288591e+02 3.080478266270771925e-01 2.406207750097693471e-02 3.700025614927929807e-01
9.138397766800370619e+02 3.034246124900389363e-01 2.450360527859152954e-02 3.815324946247385940e-01
9.138473972834937058e+02 3.245542120471853753e-01 2.533078311374861724e-02 4.022399288343813661e-01
9.138550179504993594e+02 4.005318896848734656e-01 2.660615757943409973e-02 4.318395265386009152e-01
9.138626386810543636e+02 4.335550219423066620e-01 2.837879290967770460e-02 4.697019764761993232e-01
9.138702594751597417e+02 4.989387137272790484e-01 3.064347859204143848e-02 5.146935030183673598e-01
9.138778803328153799e+02 5.176033631067333829e-01 3.330826508922865581e-02 5.650530854785819068e-01
9.138855012540223015e+02 6.413794747316375888e-01 3.619210755266199370e-02 6.183606113271780114e-01
9.138931222387807338e+02 7.328376952575170744e-01 3.905909246500622461e-02 6.716301848175599831e-01
9.139007432870913590e+02 7.659937255848362492e-01 4.167280443587152022e-02 7.215279869784118061e-01
9.139083643989547454e+02 8.552622637798351635e-01 4.384361492447989145e-02 7.646767015457214267e-01
9.139159855743715752e+02 8.962290596433197809e-01 4.544953187794707056e-02 7.979859555236046287e-01
9.139236068133418485e+02 9.260318252194458255e-01 4.642866252452888115e-02 8.189505608587360763e-01
9.139312281158665883e+02 1.002445529929342438e+00 4.675556725729500263e-02 8.258808192686528660e-01
9.139388494819460220e+02 8.563158955478917811e-01 4.641843360267967206e-02 8.180551313302097949e-01
9.139464709115809455e+02 9.775692334048156074e-01 4.541036169868337830e-02 7.957979478577174026e-01
9.139540924047716999e+02 9.093849977912327187e-01 4.374021313401715849e-02 7.604808440497677902e-01
9.139617139615188535e+02 8.686573492299277666e-01 4.145907666863891949e-02 7.144314656140187125e-01
9.139693355818228611e+02 6.558212675293686456e-01 3.868895814166676411e-02 6.607322064656312444e-01
9.139769572656844048e+02 7.312001658860357578e-01 3.563418762830447561e-02 6.029097704385135703e-01
9.139845790131039394e+02 5.418623380262178602e-01 3.255915968451054965e-02 5.445539798469821724e-01
9.139922008240821469e+02 4.422192756582228323e-01 2.973192944136932372e-02 4.889394256458193810e-01
9.139998226986192549e+02 3.300976942074672627e-01 2.735594536065959897e-02 4.387340296452014732e-01
9.140074446367160590e+02 3.285716789976078078e-01 2.552543565916765358e-02 3.958548231789640326e-01
9.140150666383729003e+02 3.252714208200555568e-01 2.422816120360013134e-02 3.614840067211977370e-01
9.140226887035904610e+02 2.908246582176222672e-01 2.338754521516306362e-02 3.362108158129294422e-01
9.140303108323690822e+02 2.290604339963837333e-01 2.291374216034283012e-02 3.202367393025415399e-01
9.140379330247095595e+02 2.162360589740502659e-01 2.273949040357678072e-02 3.135789259494436432e-01
9.140455552806121204e+02 2.330202971183074900e-01 2.283677482380396667e-02 3.162215926311097158e-01
9.140531776000775608e+02 2.900277922165493960e-01 2.322145892300769843e-02 3.281859729204900100e-01
9.140607999831063353e+02 2.657217774168136315e-01 2.395084019136275652e-02 3.495081503806317658e-01
9.140684224296988987e+02 3.278742907550113994e-01 2.511122520351314821e-02 3.801304399694983016e-01
9.140760449398559331e+02 3.798279223369154245e-01 2.678794266398228097e-02 4.197292515658830325e-01
9.140836675135777796e+02 4.526167557635736860e-01 2.901726508412329902e-02 4.675221334382290150e-01
9.140912901508648929e+02 5.503033274566708766e-01 3.173908183511973957e-02 5.221139263317000623e-01
9.140989128517180689e+02 6.065346054307405588e-01 3.478198723078770177e-02 5.814453845619638184e-01
9.141065356161377622e+02 6.694147771817182679e-01 3.789750883370449769e-02 6.428866156512313967e-01
9.141141584441245413e+02 7.366562910529184105e-01 4.082759000618589595e-02 7.034724599867868688e-01
9.141217813356787474e+02 8.411071001278451753e-01 4.337002067095035301e-02 7.602237795890154359e-01
9.141294042908010624e+02 9.680353551115191690e-01 4.541341884762430114e-02 8.104634345688023211e-01
9.141370273094919412e+02 1.004980323103561890e+00 4.693488858500795280e-02 8.520380818747742557e-01
9.141446503917519522e+02 9.677351386425722124e-01 4.797176343005273708e-02 8.833967493609055088e-01
9.141522735375817774e+02 9.428807335016262670e-01 4.858483540018006253e-02 9.035347257772927687e-01
9.141598967469817580e+02 9.788280297969507160e-01 4.882631608312332228e-02 9.118602322701088170e-01
9.141675200199522351e+02 1.037668497144902835e+00 4.871861090479920331e-02 9.080631118004364177e-01
9.141751433564942317e+02 1.026869068066107893e+00 4.824517562698634604e-02 8.920550923687813327e-01
9.141827667566077480e+02 1.057292231417430894e+00 4.735355628153706253e-02 8.640168375737126150e-01
9.141903902202936933e+02 8.819979035808459544e-01 4.597151715859483512e-02 8.245398725597414824e-01
9.141980137475526362e+02 8.328128877056838464e-01 4.403700742067586521e-02 7.748054827138689538e-01
9.142056373383848040e+02 8.112388815044235812e-01 4.153883713716842452e-02 7.167134651780127097e-01
9.142132609927909925e+02 6.888187209002000211e-01 3.855666927540590816e-02 6.528760939975772892e-01
9.142208847107714291e+02 6.431703674342472699e-01 3.528024523245894273e-02 5.864333004027215690e-01
9.142285084923269096e+02 5.780365049950435541e-01 3.198745448099652583e-02 5.207127913876290481e-01
9.142361323374578888e+02 4.612841727188629615e-01 2.897679364479222724e-02 4.588244157357383446e-01
9.142437562461650487e+02 3.688613383491235465e-01 2.647876024068804290e-02 4.033081339565542933e-01
9.142513802184486167e+02 3.323105005524508160e-01 2.459311911922767643e-02 3.559332864547432029e-01
9.142590042543091613e+02 3.054614449865802328e-01 2.328853378813552921e-02 3.176863265519389024e-01
9.142666283537475920e+02 2.264809779450379645e-01 2.245654994148014658e-02 2.889177209215489373e-01
9.142742525167639087e+02 1.727526257948936994e-01 2.197636234799432015e-02 2.695768008857409859e-01
9.142818767433589073e+02 2.124104694581601671e-01 2.175610146558137198e-02 2.594565031921590714e-01
9.142895010335333836e+02 1.808531017463146373e-01 2.174780384957516327e-02 2.583882205293948076e-01
9.142971253872873376e+02 1.648372475830142680e-01 2.194958554793865688e-02 2.663524973302057175e-01
9.143047498046217925e+02 2.357290495069314096e-01 2.240564219096621151e-02 2.834914633397392913e-01
9.143123742855367482e+02 2.687800203242008967e-01 2.320452571145789275e-02 3.100218870914578928e-01
9.143199988300331142e+02 3.260048765503851254e-01 2.446577863672353206e-02 3.460598162207547679e-01
9.143276234381114591e+02 3.659602997256006796e-01 2.630108377440179557e-02 3.913861539217904362e-01
9.143352481097721238e+02 4.451964777375795879e-01 2.875058835560484125e-02 4.452077563999650711e-01
9.143428728450156768e+02 4.916255899435003074e-01 3.172630739745373879e-02 5.059904542033788477e-01
9.143504976438428002e+02 6.015201303358480578e-01 3.500717791607325935e-02 5.714410081848532164e-01
9.143581225062538351e+02 6.561527468379581007e-01 3.829782476139350494e-02 6.386809749337999387e-01
9.143657474322494636e+02 8.291527982324664592e-01 4.131733465129441146e-02 7.045916306075026281e-01
9.143733724218300267e+02 8.223859695539879056e-01 4.387058439273810312e-02 7.662421873356844992e-01
9.143809974749960929e+02 8.899025819591657172e-01 4.587529366028539335e-02 8.212781294601873006e-01
9.143886225917483443e+02 9.256469144794543524e-01 4.734736208597541129e-02 8.681619514608843735e-01
9.143962477720872357e+02 9.306911625409790556e-01 4.836431524660127212e-02 9.062154936796531501e-01
9.144038730160131081e+02 9.986621473602084187e-01 4.902728992964237864e-02 9.354807762003923832e-01
9.144114983235269847e+02 8.974229272349818487e-01 4.943316062103872421e-02 9.564640195210942775e-01
9.144191236946288655e+02 1.017113624121804394e+00 4.965908402535513383e-02 9.698419634571076031e-01
9.144267491293195462e+02 9.546954991759658560e-01 4.975636794009413028e-02 9.761967973060977632e-01
9.144343746275995954e+02 1.016264379880426727e+00 4.974918121629358370e-02 9.758220231559956437e-01
9.144420001894693542e+02 1.042973959655509875e+00 4.963452035004844998e-02 9.686206136049524407e-01
9.144496258149293908e+02 1.031650895668254186e+00 4.938160469112688744e-02 9.541048761163952729e-01
9.144572515039803875e+02 9.474704691146905722e-01 4.893085592612352736e-02 9.315019702487414843e-01
9.144648772566227990e+02 9.701150241622583659e-01 4.819470856719353102e-02 8.999623904231285332e-01
9.144725030728570800e+02 8.870319696090036565e-01 4.706452008413878479e-02 8.588530127400769709e-01
9.144801289526839128e+02 8.458735925800190403e-01 4.542894914214432728e-02 8.080887808303112152e-01
9.144877548961036382e+02 8.540261249764196094e-01 4.320744607355471445e-02 7.484249985345611256e-01
9.144953809031169385e+02 7.564673651218805084e-01 4.039567056026126257e-02 6.816134185957114511e-01
9.145030069737242684e+02 6.964861129692878627e-01 3.710769490633653023e-02 6.103410155011648186e-01
9.145106331079261963e+02 5.868672789822350078e-01 3.358870152476200327e-02 5.379295674719637432e-01
9.145182593057232907e+02 4.837029752591684439e-01 3.017357509501118404e-02 4.678601296646675012e-01
9.145258855671161200e+02 3.665884735208277956e-01 2.719116394557908808e-02 4.032586457754629983e-01
9.145335118921047979e+02 3.939169903573626619e-01 2.485474112053895693e-02 3.464964299876214238e-01
9.145411382806904612e+02 2.739472451604132441e-01 2.320476666828130002e-02 2.990102744931378287e-01
9.145487647328732237e+02 1.636341352458920428e-01 2.214032845532969140e-02 2.613590483379998330e-01
9.145563912486538811e+02 1.220029877584704325e-01 2.150423078142307473e-02 2.334541138374621183e-01
9.145640178280327746e+02 1.673220576922654634e-01 2.115535422038606131e-02 2.148640526276323348e-01
9.145716444710102451e+02 1.501465753145238280e-01 2.099911642973551623e-02 2.051031901294967097e-01
9.145792711775873158e+02 1.435229772510698554e-01 2.098930949136658397e-02 2.038470066119736634e-01
9.145868979477643279e+02 1.833983499284017882e-01 2.112295721607319529e-02 2.110503984180072679e-01
9.145945247815417360e+02 1.390404088216598555e-01 2.143983430979658558e-02 2.269631744997539224e-01
9.146021516789199950e+02 2.107937415607399889e-01 2.202737198562337156e-02 2.520424953071590535e-01
9.146097786398997869e+02 2.289350823431050286e-01 2.302097022905481155e-02 2.867652917268984081e-01
9.146174056644816801e+02 2.787471034313711016e-01 2.457897963950324283e-02 3.313574739743255226e-01
9.146250327526659021e+02 3.527504057089246858e-01 2.681582586699358950e-02 3.854860278842704990e-01
9.146326599044533623e+02 4.648620381543563385e-01 2.971503530460256268e-02 4.479958610710587097e-01
9.146402871198442881e+02 5.571371642798930157e-01 3.308648978139070579e-02 5.167925549640278726e-01
9.146479143988394753e+02 7.344706784497999630e-01 3.661173639296816384e-02 5.889503401570126417e-01
9.146555417414391513e+02 7.037967190577198995e-01 3.995009996755716913e-02 6.610557533061560687e-01
9.146631691476442256e+02 7.970225461063562555e-01 4.283978500441043558e-02 7.297072640529950194e-01
9.146707966174550393e+02 8.854133259199237216e-01 4.514788425961932528e-02 7.920262684918665252e-01
9.146784241508718196e+02 9.297909714011800553e-01 4.686429040157757270e-02 8.460318332760614624e-01
9.146860517478957036e+02 9.570797713864149792e-01 4.806213539305406734e-02 8.907907336947197274e-01
9.146936794085268048e+02 9.376392063342324779e-01 4.885195215376963995e-02 9.263407149246691841e-01
9.147013071327655780e+02 9.590514077213672106e-01 4.934667124133759047e-02 9.534544868106683557e-01
9.147089349206127054e+02 1.011893549305038054e+00 4.964225176355283736e-02 9.733392325059370132e-01
9.147165627720689827e+02 9.302095000054120266e-01 4.981113458651415665e-02 9.873532957605372085e-01
9.147241906871346373e+02 9.330148486822361642e-01 4.990337626668969739e-02 9.967873579574406673e-01
9.147318186658101240e+02 1.017309101660028858e+00 4.995103713022076147e-02 1.002722267409832391e+00
9.147394467080963523e+02 1.031338209139931905e+00 4.997301415505952388e-02 1.005951716014179542e+00
9.147470748139933221e+02 9.754855620966056406e-01 4.997890473157957925e-02 1.006947704435016577e+00
9.147547029835019430e+02 9.307531434989749775e-01 4.997134539799587272e-02 1.005847197175542718e+00
9.147623312166226697e+02 1.054443929749763420e+00 4.994666057109326679e-02 1.002445237909185938e+00
9.147699595133559569e+02 9.249146985251545106e-01 4.989376547080884294e-02 9.961897826016239410e-01
9.147775878737026005e+02 9.981195820865612633e-01 4.979129285183632458e-02 9.861846743455175979e-01
9.147852162976627142e+02 9.738638976418768634e-01 4.960305669656137062e-02 9.712180551383939875e-01
9.147928447852370937e+02 9.688120833089520767e-01 4.927245192290234665e-02 9.498417420394235089e-01
9.148004733364263075e+02 9.331628731497869644e-01 4.871744950032071142e-02 9.205284480961728466e-01
9.148081019512305829e+02 9.589140121281667373e-01 4.782958844712943691e-02 8.819223669295437329e-01
9.148157306296509432e+02 9.675838092257934564e-01 4.648241216707773432e-02 8.331699562484857768e-01
9.148233593716873884e+02 8.432879108266431167e-01 4.455569742020477203e-02 7.742739650825531950e-01
9.148309881773408279e+02 7.818713630448497209e-01 4.197873152043776757e-02 7.063695980388466911e-01
9.148386170466114891e+02 7.088476225992234037e-01 3.878579082692897723e-02 6.318039894184891425e-01
9.148462459795000541e+02 6.481392130674981100e-01 3.516072383271525575e-02 5.539349765138738002e-01
9.148538749760074325e+02 5.201692569661170440e-01 3.143484050120348011e-02 4.766557755274872799e-01
9.148615040361335105e+02 4.440890687381232604e-01 2.801052185258891616e-02 4.037640674720875955e-01
9.148691331598789702e+02 3.425992278053107687e-01 2.522423838297278842e-02 3.383671494765113086e-01
9.148767623472448349e+02 2.529641816960309653e-01 2.322211660972163874e-02 2.825029644453646571e-01
9.148843915982309909e+02 1.537045654122866090e-01 2.193852564339415084e-02 2.370642543515891487e-01
9.148920209128384613e+02 1.978681932576569769e-01 2.118748179778526947e-02 2.019937998231754184e-01
9.148996502910674735e+02 1.495612754525695587e-01 2.077674511301513816e-02 1.766364931323573528e-01
9.149072797329185960e+02 1.158852833285152623e-01 2.056722290949023965e-02 1.601189906186190615e-01
9.149149092383923971e+02 1.230080612340629653e-01 2.047866163486618263e-02 1.516652183620987859e-01
9.149225388074894454e+02 1.074747803069525942e-01 2.047577445170560562e-02 1.508086956477938667e-01
9.149301684402104229e+02 1.046816498167536941e-01 2.055740126040116883e-02 1.574996343670643784e-01
9.149377981365555570e+02 1.007112789583520518e-01 2.075609583641936304e-02 1.721157271063645522e-01
9.149454278965254161e+02 1.095932869421037681e-01 2.114832753354200373e-02 1.953779689869636627e-01
9.149530577201206825e+02 1.825255295720723259e-01 2.186865395555133429e-02 2.281632076175369173e-01
9.149606876073419244e+02 2.580765070927450444e-01 2.310658874022360545e-02 2.712106702832248195e-01
9.149683175581897103e+02 3.092780449157413458e-01 2.505193634758469401e-02 3.247508579778185522e-01
9.149759475726641540e+02 3.972263825054964115e-01 2.778302602906205718e-02 3.881363384225346991e-01
9.149835776507660512e+02 5.252103123061782064e-01 3.117003674679018690e-02 4.595984680519634713e-01
9.149912077924960840e+02 6.905399094347783873e-01 3.488705786661999708e-02 5.362538203884824606e-01
9.149988379978545936e+02 7.885538377453731318e-01 3.853164258157038696e-02 6.144164785941252926e-01
9.150064682668422620e+02 8.070081492285411384e-01 4.176390934702731150e-02 6.901566844894027053e-01
9.150140985994594303e+02 8.248539765808660107e-01 4.438845144581440860e-02 7.599416904788510729e-01
9.150217289957068942e+02 8.750867429755969651e-01 4.636122671413621388e-02 8.211616764627128751e-01
9.150293594555848813e+02 9.642913354672818516e-01 4.774713899593711897e-02 8.723998110580968302e-01
9.150369899790940735e+02 8.898518478973611590e-01 4.866440685272527961e-02 9.134140913830431918e-01
9.150446205662348120e+02 1.025214642638783369e+00 4.924002449948424592e-02 9.448986429880820159e-01
9.150522512170081200e+02 9.688043726775085185e-01 4.958419581698463030e-02 9.681410316363894264e-01
9.150598819314139973e+02 9.941612810690757529e-01 4.978097375189867446e-02 9.846849564110267128e-01
9.150675127094531263e+02 9.680378591195821780e-01 4.988882802716056858e-02 9.960672966083266022e-01
9.150751435511261889e+02 9.893400240716018201e-01 4.994559617146007713e-02 1.003653035822651862e+00
9.150827744564336399e+02 1.006742488259598556e+00 4.997432180288671755e-02 1.008558902469337992e+00
9.150904054253760478e+02 1.014895096509908834e+00 4.998830548568952703e-02 1.011641147963856735e+00
9.150980364579536399e+02 1.055388880091983506e+00 4.999485400675373475e-02 1.013520828709087329e+00
9.151056675541673258e+02 1.035242586762755268e+00 4.999779504993995954e-02 1.014624970385418656e+00
9.151132987140175601e+02 9.805213737058049439e-01 4.999903444396079644e-02 1.015228990162909906e+00
9.151209299375049113e+02 9.692146281392547413e-01 4.999945018717189688e-02 1.015491881533018281e+00
9.151285612246297205e+02 1.026501455197493362e+00 4.999935424692773106e-02 1.015479904750324902e+00
9.151361925753926698e+02 1.028748179725478495e+00 4.999866794780045282e-02 1.015176925811519304e+00
9.151438239897941003e+02 1.021456301682333478e+00 4.999687178280968342e-02 1.014480645134478554e+00
9.151514554678348077e+02 9.706687341823202475e-01 4.999270771702136323e-02 1.013184457920439652e+00
9.151590870095150194e+02 9.504613100451096974e-01 4.998352528271933493e-02 1.010945352417489174e+00
9.151667186148356450e+02 1.006334712744517024e+00 4.996406756322074871e-02 1.007239880482982075e+00
9.151743502837969118e+02 9.265259290205152265e-01 4.992439814036199464e-02 1.001313628794743060e+00
9.151819820163993882e+02 1.056059941470530728e+00 4.984661260014239953e-02 9.921353908405926569e-01
9.151896138126436426e+02 1.008316956665542996e+00 4.970004662901651021e-02 9.783753201582328085e-01
9.151972456725303573e+02 9.758323377892109685e-01 4.943505217547210229e-02 9.584351054918422985e-01
9.152048775960598732e+02 9.307693766435083393e-01 4.897631410260514656e-02 9.305634022493366464e-01
9.152125095832327588e+02 1.028380135734364487e+00 4.821838652744212667e-02 8.930841372317053217e-01
9.152201416340496962e+02 9.475360960086616213e-01 4.702863448422641562e-02 8.447405786911851289e-01
9.152277737485109128e+02 8.787537832760303758e-01 4.526515240261723416e-02 7.851107360207432162e-01
9.152354059266172044e+02 8.188320598977483211e-01 4.281681584684288167e-02 7.149897960377131767e-01
9.152430381683690257e+02 7.511529055866117410e-01 3.966502940217381257e-02 6.365918463519554260e-01
9.152506704737669452e+02 6.990955229640398727e-01 3.594906455848932009e-02 5.534352987144630642e-01
9.152583028428113039e+02 5.926108611508265067e-01 3.199475738696919147e-02 4.698669235163920876e-01
9.152659352755027840e+02 4.857788039472479280e-01 2.825909240566018901e-02 3.903241801050734705e-01
9.152735677718418401e+02 3.566739696720452324e-01 2.517694204505294478e-02 3.185611942413942299e-01
9.152812003318292682e+02 2.306497229397269644e-01 2.297868100263273511e-02 2.570907541887148540e-01
9.152888329554651818e+02 1.591514297647803333e-01 2.161679141271054261e-02 2.069995746757200550e-01
9.152964656427504906e+02 1.426250410829430215e-01 2.086575796098069993e-02 1.681333411217148521e-01
9.153040983936855355e+02 1.187920495407005644e-01 2.048318098992676223e-02 1.395161313366724276e-01
9.153117312082707713e+02 7.568770275681145632e-02 2.029740280947837927e-02 1.198276000164651273e-01
9.153193640865069938e+02 5.893198662708128838e-02 2.021224945712141868e-02 1.078051654337813525e-01
9.153269970283943167e+02 4.078464881341509196e-02 2.018213295250313732e-02 1.025164733869965150e-01
9.153346300339337631e+02 5.339871420607524011e-02 2.019111881026491515e-02 1.035094436821484970e-01
9.153422631031254468e+02 5.533761539204244684e-02 2.024393207601847544e-02 1.108711758331092090e-01
9.153498962359702773e+02 6.382638743855680030e-02 2.036872040062751715e-02 1.252174075746378956e-01
9.153575294324685956e+02 1.112622921514358210e-01 2.063184831116112589e-02 1.476080677507681516e-01
9.153651626926207427e+02 1.230721702201715562e-01 2.116284381471518136e-02 1.793614662086210065e-01
9.153727960164274009e+02 1.780186634533244550e-01 2.217145445882124158e-02 2.217392068953278339e-01
9.153804294038892522e+02 2.711399936983682757e-01 2.390916971659848983e-02 2.755104733355017155e-01
9.153880628550066376e+02 3.926588783380430270e-01 2.653736505052702727e-02 3.404753616774481850e-01
9.153956963697801257e+02 4.343594096763021550e-01 2.997415443731173482e-02 4.151004318524662007e-01
9.154033299482103985e+02 5.991981942709524445e-01 3.387304956506163173e-02 4.964407999319614406e-01
9.154109635902977971e+02 6.793202600377953315e-01 3.776513533604147071e-02 5.804505299635314142e-01
9.154185972960428899e+02 8.113265372002201881e-01 4.124227482278885332e-02 6.626325921171976052e-01
9.154262310654463590e+02 8.133166591235909682e-01 4.406645739368262454e-02 7.388299077383464475e-01
9.154338648985084319e+02 9.673283991675402094e-01 4.618028519533487475e-02 8.058999994799453948e-01
9.154414987952299043e+02 8.988777510836764018e-01 4.765479654730081505e-02 8.620802390696372663e-01
9.154491327556112310e+02 9.440554192740476802e-01 4.862216702099588644e-02 9.069919120679316160e-01
9.154567667796528667e+02 1.032561517231345150e+00 4.922334493523151944e-02 9.413648908371861079e-01
9.154644008673554936e+02 8.842156191310830415e-01 4.957914522222051090e-02 9.666303468549448663e-01
9.154720350187195663e+02 9.510147236278195804e-01 4.978046213289323563e-02 9.845196231574645518e-01
9.154796692337455397e+02 9.946363752391852442e-01 4.988965342632484951e-02 9.967546801324393968e-01
9.154873035124340959e+02 1.028550292558415125e+00 4.994652686960975030e-02 1.004857462078400321e+00
9.154949378547855758e+02 1.055833757262990114e+00 4.997500787507708209e-02 1.010065130685561030e+00
9.155025722608007754e+02 9.148217311042683431e-01 4.998873109796055092e-02 1.013320240956770091e+00
9.155102067304800357e+02 9.938866804601782512e-01 4.999509653575264639e-02 1.015303726946225726e+00
9.155178412638236978e+02 9.743724161773549275e-01 4.999793980972123270e-02 1.016485649594343066e+00
9.155254758608326711e+02 1.010446443200578637e+00 4.999916311394732304e-02 1.017177696667617370e+00
9.155331105215074103e+02 9.311851988058622576e-01 4.999967017688748683e-02 1.017579102014475989e+00
9.155407452458483704e+02 1.003215035734203564e+00 4.999987270042912518e-02 1.017812933340139336e+00
9.155483800338558922e+02 9.491233688931037804e-01 4.999995064967222014e-02 1.017952756782678048e+00
9.155560148855307716e+02 1.127622106364748245e+00 4.999997954183570820e-02 1.018041119947226569e+00
9.155636498008735771e+02 8.303184336114428632e-01 4.999998978025052554e-02 1.018101713163415578e+00
9.155712847798845360e+02 1.061027257702122695e+00 4.999999301565360293e-02 1.018146940168009662e+00
9.155789198225646714e+02 9.923819864570244675e-01 4.999999319800471631e-02 1.018182257972706894e+00
9.155865549289137562e+02 1.059109746668787766e+00 4.999999059724481026e-02 1.018208198923248764e+00
9.155941900989332680e+02 9.547886193374067743e-01 4.999998206349398622e-02 1.018220537440118312e+00
9.156018253326229797e+02 9.858843682854975254e-01 4.999995771629160701e-02 1.018208621750364973e+00
9.156094606299836869e+02 1.067527629013871771e+00 4.999989125642112509e-02 1.018151439615959442e+00
9.156170959910159581e+02 1.006709825345132092e+00 4.999971633925850284e-02 1.018010505319603798e+00
9.156247314157202482e+02 9.520589480183943021e-01 4.999927245253404928e-02 1.017718144062085717e+00
9.156323669040972391e+02 9.473349128740927716e-01 4.999818678201373157e-02 1.017159265085623376e+00
9.156400024561470445e+02 9.954300345345105105e-01 4.999562832304343951e-02 1.016144408844651181e+00
9.156476380718706878e+02 1.038271468615419746e+00 4.998982058367564679e-02 1.014372028900552669e+00
9.156552737512687372e+02 1.017741440696779964e+00 4.997712441992375326e-02 1.011379131276464394e+00
9.156629094943410792e+02 9.410166480451835902e-01 4.995040479145772955e-02 1.006482267738874281e+00
9.156705453010890778e+02 9.162287050220064843e-01 4.989629565710521769e-02 9.987163044908878851e-01
9.156781811715126196e+02 9.534602024818105148e-01 4.979093728716334905e-02 9.867869354655468550e-01
9.156858171056123865e+02 9.653975483618432163e-01 4.959391371759566680e-02 9.690640241857835235e-01
9.156934531033892881e+02 1.059778399666671200e+00 4.924070707597957841e-02 9.436534619085632514e-01
9.157010891648432107e+02 1.042268156470218532e+00 4.863536331533797885e-02 9.085882963204936491e-01
9.157087252899752912e+02 9.504125617139028703e-01 4.764755200376570576e-02 8.621646118261656611e-01
9.157163614787857568e+02 1.001347859097346582e+00 4.612158392611813429e-02 8.034038929942601825e-01
9.157239977312750625e+02 8.170465597518397072e-01 4.390741413725334635e-02 7.325522509152952999e-01
9.157316340474438903e+02 7.017928059419057396e-01 4.092068174702379740e-02 6.514521112398463654e-01
9.157392704272926949e+02 6.979857240253271033e-01 3.722417088520715150e-02 5.635927385842338655e-01
9.157469068708222721e+02 5.853611345195373072e-01 3.309515419836428496e-02 4.737121768378037001e-01
9.157545433780328494e+02 4.597526869205664224e-01 2.901593871308581415e-02 3.869896468235551334e-01
9.157621799489248815e+02 3.780274752883266420e-01 2.553319885173277806e-02 3.080623654048953997e-01
9.157698165834991642e+02 2.455542426713999138e-01 2.301641018575661252e-02 2.402047409202960337e-01
9.157774532817561521e+02 1.593091668186180643e-01 2.148714391498384585e-02 1.849418870581177043e-01
9.157850900436964139e+02 1.294773803953848668e-01 2.069115324439384576e-02 1.421676150234428004e-01
9.157927268693202905e+02 6.704743481603456234e-02 2.032106234723432547e-02 1.106266472962417202e-01
9.158003637586284640e+02 6.344217320874588617e-02 2.015936476395439880e-02 8.852047098676435466e-02
9.158080007116213892e+02 2.650856721584451611e-02 2.009033944672379904e-02 7.403195252617038313e-02
9.158156377282998619e+02 -1.204251698740841509e-02 2.006195555960456692e-02 6.567363320323707510e-02
9.158232748086639958e+02 4.649682750543228382e-02 2.005351113007799307e-02 6.246712934638787296e-02
9.158309119527145867e+02 3.199606503298266930e-02 2.005914519235479573e-02 6.401214153576387234e-02
9.158385491604522031e+02 5.819729336481323234e-02 2.008274520624877060e-02 7.050345255375935205e-02
9.158461864318770722e+02 3.031180377344153479e-02 2.014134440181749447e-02 8.272358344975412614e-02
9.158538237669899900e+02 5.860622260160840147e-02 2.027903428585754383e-02 1.019974336475036880e-01
9.158614611657915248e+02 1.082284769843303018e-01 2.059624564589945458e-02 1.300588693637792226e-01
9.158690986282820177e+02 1.930876566567394925e-01 2.128923636912317952e-02 1.687658791394132662e-01
9.158767361544620371e+02 2.374702461631228723e-01 2.265449941831939804e-02 2.196325185695858495e-01
9.158843737443322652e+02 3.464678685365263910e-01 2.497363075081158318e-02 2.832328973650130033e-01
9.158920113978932704e+02 4.726604999797234252e-01 2.829089867481163895e-02 3.586477680863103257e-01
9.158996491151452801e+02 5.911295419377952109e-01 3.229610956643857306e-02 4.431954183607617059e-01
9.159072868960889764e+02 6.310340791029341867e-01 3.645694557356624760e-02 5.326382010378293286e-01
9.159149247407249277e+02 7.489803300513639961e-01 4.026388764141807658e-02 6.218742605544114177e-01
9.159225626490537024e+02 8.455917722871151287e-01 4.339645369083002663e-02 7.059028333518799769e-01
9.159302006210757554e+02 9.063588978986326650e-01 4.575477697908238855e-02 7.807280517603757408e-01
9.159378386567916550e+02 8.939597780807732041e-01 4.740161713659413190e-02 8.439149030731082357e-01
9.159454767562018560e+02 9.353809450176593376e-01 4.847991802639314840e-02 8.946877496273291097e-01
9.159531149193070405e+02 9.409985000295628677e-01 4.914744008238505074e-02 9.336500518259327475e-01
9.159607531461075496e+02 9.989521763479728422e-01 4.954052614536471472e-02 9.623082134169891333e-01
9.159683914366040653e+02 9.671660295732634749e-01 4.976168137799381885e-02 9.825821624400706833e-01
9.159760297907969289e+02 9.309362792376061346e-01 4.988091237466865668e-02 9.964200593042505938e-01
9.159836682086869359e+02 9.338993080696481597e-01 4.994263165843385033e-02 1.005557852136917729e+00
9.159913066902746550e+02 9.942213578778884564e-01 4.997334634287477206e-02 1.011409976265166932e+00
9.159989452355603134e+02 1.087290212910157372e+00 4.998805315211567873e-02 1.015053135802640671e+00
9.160065838445444797e+02 9.936303742397514238e-01 4.999483216839339939e-02 1.017263092930139390e+00
9.160142225172278359e+02 1.005262420301201498e+00 4.999784133095903221e-02 1.018573366044973838e+00
9.160218612536110641e+02 9.667901776238637668e-01 4.999912801640631066e-02 1.019336187607414512e+00
9.160295000536943917e+02 1.004487761113069366e+00 4.999965811307287289e-02 1.019775668858937445e+00
9.160371389174782735e+02 8.931166238831442783e-01 4.999986860162447533e-02 1.020029603233241877e+00
9.160447778449636189e+02 9.840192987020379700e-01 4.999994919877776001e-02 1.020180016215776364e+00
9.160524168361506554e+02 9.206727767954971942e-01 4.999997899061977419e-02 1.020274245892763831e+00
9.160600558910400650e+02 9.646689862306658814e-01 4.999998964742611435e-02 1.020338804043908976e+00
9.160676950096324163e+02 9.171866321943443756e-01 4.999999335760761665e-02 1.020388110128647385e+00
9.160753341919279364e+02 1.092838350448887441e+00 4.999999463111605424e-02 1.020429784633002823e+00
9.160829734379275351e+02 1.016813774213586763e+00 4.999999507321643832e-02 1.020467742545882128e+00
9.160906127476315532e+02 1.084362615280690445e+00 4.999999523395214085e-02 1.020503939755373901e+00
9.160982521210405594e+02 9.814875053796030535e-01 4.999999529499616485e-02 1.020539326703226779e+00
9.161058915581551219e+02 9.854091507566550279e-01 4.999999531431941618e-02 1.020574352569156851e+00
9.161135310589758092e+02 9.344479948778041667e-01 4.999999530983365026e-02 1.020609223394450371e+00
9.161211706235030761e+02 1.013813185578494647e+00 4.999999528683965466e-02 1.020644029734101066e+00
9.161288102517372636e+02 1.001227867146615935e+00 4.999999524664436312e-02 1.020678806682182138e+00
9.161364499436790538e+02 9.575119871920515502e-01 4.999999518902362161e-02 1.020713558342675853e+00
9.161440896993292426e+02 1.009632243799929441e+00 4.999999511240450778e-02 1.020748260600635504e+00
9.161517295186879437e+02 1.000043171074992632e+00 4.999999501206357083e-02 1.020782843665599682e+00
9.161593694017561802e+02 1.061762607005776404e+00 4.999999487345210825e-02 1.020817144013011379e+00
9.161670093485339521e+02 9.993336457613184454e-01 4.999999465054979358e-02 1.020850798812383387e+00
9.161746493590219416e+02 9.541191610135195678e-01 4.999999419883374013e-02 1.020883028144542015e+00
9.161822894332208307e+02 1.080669301893603773e+00 4.999999307597406684e-02 1.020912201945284092e+00
9.161899295711311879e+02 1.028844470475838158e+00 4.999998997297262771e-02 1.020935006229001685e+00
9.161975697727533543e+02 9.977238773662062687e-01 4.999998115646313995e-02 1.020944888392431693e+00
9.162052100380880120e+02 1.026795362278174917e+00 4.999995637910659846e-02 1.020929251706633512e+00
9.162128503671356157e+02 1.053343979539279607e+00 4.999988859212649295e-02 1.020864561553159078e+00
9.162204907598966201e+02 1.028154985157214041e+00 4.999970916918804187e-02 1.020708106921615510e+00
9.162281312163715938e+02 9.851474445380311584e-01 4.999925082883416305e-02 1.020384644881653369e+00
9.162357717365613325e+02 9.377915680179755853e-01 4.999812199363500020e-02 1.019765619159396675e+00
9.162434123204660636e+02 9.541630003521803793e-01 4.999544289279225090e-02 1.018638274943800770e+00
9.162510529680862419e+02 1.009558079426818855e+00 4.998931760602232099e-02 1.016662161595585756e+00
9.162586936794226631e+02 1.042008000835716874e+00 4.997583052745493970e-02 1.013311854586550487e+00
9.162663344544757820e+02 9.457615530611778176e-01 4.994724077493501585e-02 1.007808171186035162e+00
9.162739752932462807e+02 1.031563625449520405e+00 4.988892554506187127e-02 9.990468272341818112e-01
9.162816161957341592e+02 1.055419455416080066e+00 4.977456219179930003e-02 9.855442223333227281e-01
9.162892571619405544e+02 1.041824159865056165e+00 4.955919700491880769e-02 9.654342410772125405e-01
9.162968981918656937e+02 9.051868659818370633e-01 4.917052679938788140e-02 9.365636001955490730e-01
9.163045392855101454e+02 9.974586666273058677e-01 4.850038100970081173e-02 8.967368232610126721e-01
9.163121804428745918e+02 8.863891491889588359e-01 4.740150401656805651e-02 8.441404824624983982e-01
9.163198216639592601e+02 8.951799901336295884e-01 4.569911450491756510e-02 7.779160938971994010e-01
9.163274629487647189e+02 8.520108984553668163e-01 4.323004765371617902e-02 6.987545586441933354e-01
9.163351042972918776e+02 6.560464556770987388e-01 3.991839050179722681e-02 6.092891041672675589e-01
9.163427457095410773e+02 7.098940552925918634e-01 3.587643901954785247e-02 5.140395784582956207e-01
9.163503871855126590e+02 5.443545054079417245e-01 3.148077927297362327e-02 4.187750270661231289e-01
9.163580287252073049e+02 3.992956968154119379e-01 2.733530073100613050e-02 3.294053875460803971e-01
9.163656703286254697e+02 2.986968346361119631e-01 2.405129098708023300e-02 2.507655491160802885e-01
9.163733119957679492e+02 2.004692048717363062e-01 2.192491352311946515e-02 1.857435352145798135e-01
9.163809537266348570e+02 1.266595066989321117e-01 2.080511302362892875e-02 1.350465162992242896e-01
9.163885955212269891e+02 8.233273971635474142e-02 2.031160239584860888e-02 9.758926302354103965e-02
9.163962373795449139e+02 4.024720958481631944e-02 2.011948031610671928e-02 7.123240499908521650e-02
9.164038793015890860e+02 2.023999353840763571e-02 2.004909950987398409e-02 5.353408347222830127e-02
9.164115212873598466e+02 3.410015673645611090e-02 2.002344673304016359e-02 4.229201398847502735e-02
9.164191633368581051e+02 7.059375493874317509e-02 2.001399822217228910e-02 3.582289031023072612e-02
9.164268054500840890e+02 2.579437912075847883e-02 2.001103022076696977e-02 3.304511521686568504e-02
9.164344476270385940e+02 1.445014146649271913e-02 2.001177239951232659e-02 3.346744827713225845e-02
9.164420898677218474e+02 2.524120819591909454e-02 2.001689715629804966e-02 3.716567263033572488e-02
9.164497321721345315e+02 5.423204456016753050e-03 2.003137294958702228e-02 4.478701612826953976e-02
9.164573745402773284e+02 4.062381732035712928e-02 2.007070964148642209e-02 5.757616913958548549e-02
9.164650169721504653e+02 7.231400794958332823e-02 2.017897686565428561e-02 7.737107108942170575e-02
9.164726594677546245e+02 9.640754086236894005e-02 2.046916646346909341e-02 1.064774717578038654e-01
9.164803020270903744e+02 1.540229279095976234e-01 2.118156301890925658e-02 1.473222824669297992e-01
9.164879446501581697e+02 2.304443491977166136e-01 2.268821593856788082e-02 2.018434132438132189e-01
9.164955873369585788e+02 3.490733908273748187e-01 2.531233419901262466e-02 2.707128673895375925e-01
9.165032300874922839e+02 5.013370800967672514e-01 2.902318493784915993e-02 3.526575876395873221e-01
9.165108729017595124e+02 5.788209582233179162e-01 3.335568109218897681e-02 4.442182031512231788e-01
9.165185157797609463e+02 6.453529574693633863e-01 3.766379991889054479e-02 5.401652540941930258e-01
9.165261587214970405e+02 7.593291891691540396e-01 4.142482697399797742e-02 6.345021486912026942e-01
9.165338017269685906e+02 9.015451544857990829e-01 4.437883263992305205e-02 7.216972151228517873e-01
9.165414447961759379e+02 9.038406527831818194e-01 4.650584773236704494e-02 7.976931723583225997e-01
9.165490879291195370e+02 9.929675198331511243e-01 4.793023471823375237e-02 8.603889059132534545e-01
9.165567311258000700e+02 1.016174876320943943e+00 4.882703786739763657e-02 9.095554056273675858e-01
9.165643743862179917e+02 1.063029548639154109e+00 4.936215055413276792e-02 9.463642355384006555e-01
9.165720177103738706e+02 9.334227969688686510e-01 4.966647489274728100e-02 9.727806183085647707e-01
9.165796610982680477e+02 1.095697293664812833e+00 4.983207443819588633e-02 9.910222159870828440e-01
9.165873045499014324e+02 1.033769755921861266e+00 4.991851716453802462e-02 1.003182821910312272e+00
9.165949480652742523e+02 1.022599456033299825e+00 4.996187436672606952e-02 1.011031457770889208e+00
9.166025916443870756e+02 9.458035946791804038e-01 4.998279186301676086e-02 1.015948237460387649e+00
9.166102352872405845e+02 1.050334124313391682e+00 4.999250500618949294e-02 1.018945150595568006e+00
9.166178789938351201e+02 1.094879769994029362e+00 4.999684810212189079e-02 1.020727411658430395e+00
9.166255227641713645e+02 9.547814155790612656e-01 4.999871863696035007e-02 1.021765464975140203e+00
9.166331665982496588e+02 1.016730439948020592e+00 4.999949485540506472e-02 1.022361213216544940e+00
9.166408104960709124e+02 9.657213324565165902e-01 4.999980532156122343e-02 1.022701661467055434e+00
9.166484544576352391e+02 1.056691372317766664e+00 4.999992509069169783e-02 1.022898875368469573e+00
9.166560984829434346e+02 1.065537809386570389e+00 4.999996971976790328e-02 1.023017931600371577e+00
9.166637425719959538e+02 1.002306169401437241e+00 4.999998584194908363e-02 1.023095491600054530e+00
9.166713867247931375e+02 9.885598800269222997e-01 4.999999154196960172e-02 1.023151608667111301e+00
9.166790309413358955e+02 1.141445054222240518e+00 4.999999356277970430e-02 1.023196939545141015e+00
9.166866752216244549e+02 9.244566955986435186e-01 4.999999432300341468e-02 1.023236988946494064e+00
9.166943195656593844e+02 9.939860804487181678e-01 4.999999465808342702e-02 1.023274521800943804e+00
9.167019639734413659e+02 9.851509414044469226e-01 4.999999484656143106e-02 1.023310888975965449e+00
9.167096084449709679e+02 1.058890165817819140e+00 4.999999497860046355e-02 1.023346732628637623e+00
9.167172529802485315e+02 9.664889820090745154e-01 4.999999508298483275e-02 1.023382349842414385e+00
9.167248975792745114e+02 1.026743895638313253e+00 4.999999516915525077e-02 1.023417874408763195e+00
9.167325422420498171e+02 9.694324500070156114e-01 4.999999524058752753e-02 1.023453364995623449e+00
9.167401869685745623e+02 1.039019992003187287e+00 4.999999529889784244e-02 1.023488846659994067e+00
9.167478317588494292e+02 1.029195075380510360e+00 4.999999534506510690e-02 1.023524329829978541e+00
9.167554766128749861e+02 9.065143996751861000e-01 4.999999537979044062e-02 1.023559818737613147e+00
9.167631215306520289e+02 9.665563249682894709e-01 4.999999540360674372e-02 1.023595315059911304e+00
9.167707665121806713e+02 9.663278055616805196e-01 4.999999541691661081e-02 1.023630819447292506e+00
9.167784115574614816e+02 1.061869416109426867e+00 4.999999542000916480e-02 1.023666332147567193e+00
9.167860566664951421e+02 9.805835564107661106e-01 4.999999541306942435e-02 1.023701853253765615e+00
9.167937018392822210e+02 9.953038279749714112e-01 4.999999539618400074e-02 1.023737382799915441e+00
9.168013470758232870e+02 9.315802200643300557e-01 4.999999536934443545e-02 1.023772920797020758e+00
9.168089923761184536e+02 9.299236346003904030e-01 4.999999533244826183e-02 1.023808467246037468e+00
9.168166377401689715e+02 8.507008489192072753e-01 4.999999528529805448e-02 1.023844022141888743e+00
9.168242831679746132e+02 1.040426872900882538e+00 4.999999522759851489e-02 1.023879585473087772e+00
9.168319286595364019e+02 9.533840092540575295e-01 4.999999515895132973e-02 1.023915157216593652e+00
9.168395742148546788e+02 9.657640132212865769e-01 4.999999507884775318e-02 1.023950737322173010e+00
9.168472198339301258e+02 9.541923278454219615e-01 4.999999498665860798e-02 1.023986325669413722e+00
9.168548655167631978e+02 9.513767440239857542e-01 4.999999488162083783e-02 1.024021921953376379e+00
9.168625112633542358e+02 9.691551284405183209e-01 4.999999476281908467e-02 1.024057525388350376e+00
9.168701570737040356e+02 1.019352118912593586e+00 4.999999462915657306e-02 1.024093133960675361e+00
9.168778029478129383e+02 1.022355572673006696e+00 4.999999447929506791e-02 1.024128742594988539e+00
9.168854488856815124e+02 1.064225199356291229e+00 4.999999431149177581e-02 1.024164338777139527e+00
9.168930948873105535e+02 1.000755513168423372e+00 4.999999412307658264e-02 1.024199892396412181e+00
9.169007409527004029e+02 1.073408509437633329e+00 4.999999390869457744e-02 1.024235332835339962e+00
9.169083870818514015e+02 9.680752495118389866e-01 4.999999365443999477e-02 1.024270498768151016e+00
9.169160332747642315e+02 9.634170329640953101e-01 4.999999331882371001e-02 1.024305031330792870e+00
9.169236795314396886e+02 1.031732533106510141e+00 4.999999277321486718e-02 1.024338153440594201e+00
9.169313258518778866e+02 1.039514612031199992e+00 4.999999162260253260e-02 1.024368227506649465e+00
9.169389722360795076e+02 9.573936567088157101e-01 4.999998868754310793e-02 1.024391895898784099e+00
9.169466186840451201e+02 1.029030782125787802e+00 4.999998056727878587e-02 1.024402462442465911e+00
9.169542651957752923e+02 9.884408634570478469e-01 4.999995781779227599e-02 1.024386942058597594e+00
9.169619117712704792e+02 9.723340202336451243e-01 4.999989520920302549e-02 1.024320860268294942e+00
9.169695584105312491e+02 9.817791502757133859e-01 4.999972794244372798e-02 1.024159402965961752e+00
9.169772051135582842e+02 9.587564823434718830e-01 4.999929609667187053e-02 1.023822906374730835e+00
9.169848518803518118e+02 1.010553794140060191e+00 4.999822060076498931e-02 1.023174010647536436e+00
9.169924987109124004e+02 9.521703127611688133e-01 4.999563889276915224e-02 1.021983280281580475e+00
9.170001456052409594e+02 1.105696046945037203e+00 4.998966801429882700e-02 1.019880143219825230e+00
9.170077925633374889e+02 9.232923208498058365e-01 4.997636778829692150e-02 1.016287375147467476e+00
9.170154395852030120e+02 9.881134385723641111e-01 4.994784386196681608e-02 1.010341234049153769e+00
9.170230866708377562e+02 1.068704618014785668e+00 4.988897815165513339e-02 1.000807250930924264e+00
9.170307338202421761e+02 1.054544748830184453e+00 4.977217263429361410e-02 9.860149126780315409e-01
9.170383810334171812e+02 1.044343420992005278e+00 4.954961620153310736e-02 9.638526414359844807e-01
9.170460283103627717e+02 9.989811170254043748e-01 4.914328927908817590e-02 9.318827519445956886e-01
9.170536756510800842e+02 9.811316343176460508e-01 4.843480167094881689e-02 8.876419475202214082e-01
9.170613230555691189e+02 9.128471732723100196e-01 4.726091116040914697e-02 8.291657969646399895e-01
9.170689705238307852e+02 8.595946756676114964e-01 4.542622082686090246e-02 7.556954779684914580e-01
9.170766180558656515e+02 7.935945162671231845e-01 4.274947835523548734e-02 6.683947203046995966e-01
9.170842656516738316e+02 6.918856908424207974e-01 3.915603961888036721e-02 5.707772711865576332e-01
9.170919133112561212e+02 6.313013054926652767e-01 3.480329710799105747e-02 4.685240344539852164e-01
9.170995610346130889e+02 5.151747230843336522e-01 3.017154902630079724e-02 3.685471937739056569e-01
9.171072088217453029e+02 3.658295126445875733e-01 2.599531244610206113e-02 2.775104283663195059e-01
9.171148566726529907e+02 2.556387658614023839e-01 2.294013068344367620e-02 2.003446313835457460e-01
9.171225045873369481e+02 1.368183260319313088e-01 2.119022555075917788e-02 1.393565391503353568e-01
9.171301525657977436e+02 6.346300249184025355e-02 2.040824450797597972e-02 9.423194720541494540e-02
9.171378006080356045e+02 7.597004862724836272e-02 2.012541478512679810e-02 6.278083627452421545e-02
9.171454487140515539e+02 2.378533022996041565e-02 2.003725061220142795e-02 4.197107778171132314e-02
9.171530968838455919e+02 3.112256481944700170e-02 2.001172738772905718e-02 2.880792513917209557e-02
9.171607451174186281e+02 -2.038182319954222679e-02 2.000432454879588415e-02 2.084311336044979493e-02
9.171683934147708896e+02 -1.104963422290682062e-02 2.000205570393481791e-02 1.633486593783054636e-02
9.171760417759033999e+02 7.282492113227923350e-03 2.000136056461538150e-02 1.419974782890492081e-02
9.171836902008161587e+02 5.961934419911277261e-02 2.000131120181398645e-02 1.389984947952982441e-02
9.171913386895099620e+02 -3.012205074050566464e-03 2.000184748347330621e-02 1.535840259145329102e-02
9.171989872419852645e+02 -2.464997538866077129e-02 2.000366600488450580e-02 1.894602070952248335e-02
9.172066358582426346e+02 -6.032436174536987689e-03 2.000953508952730761e-02 2.554315072887320889e-02
9.172142845382827545e+02 5.773349295596513775e-02 2.002960945972884557e-02 3.665074003387448764e-02
9.172219332821058515e+02 3.133777670376279578e-02 2.009931343110367072e-02 5.447529913906899030e-02
9.172295820897126077e+02 4.915427912398843274e-02 2.032746228467687336e-02 8.185989510675104053e-02
9.172372309611037053e+02 8.144190394714642678e-02 2.097997935921130236e-02 1.219087725120770321e-01
9.172448798962792580e+02 1.774562660448878726e-01 2.250661255697573859e-02 1.772266658632876968e-01
9.172525288952402889e+02 3.197462813334097098e-01 2.530508741715228882e-02 2.488975716789090242e-01
9.172601779579871391e+02 4.643532533377598970e-01 2.930639296819784190e-02 3.355805710810846887e-01
9.172678270845200359e+02 5.233817158933543601e-01 3.391057503290714065e-02 4.332075533071760853e-01
9.172754762748400026e+02 7.003910124048265962e-01 3.836404041752709132e-02 5.355719189624364995e-01
9.172831255289473802e+02 7.695974238629551545e-01 4.212505666524414549e-02 6.356642909793117635e-01
9.172907748468423961e+02 8.977883803044206523e-01 4.497811764218257596e-02 7.272260220059030278e-01
9.172984242285260734e+02 9.629169253765983427e-01 4.696305528125862411e-02 8.059200238493688939e-01
9.173060736739987533e+02 9.456670938593751963e-01 4.824907181039043286e-02 8.697776953827048851e-01
9.173137231832607768e+02 9.968160632815269429e-01 4.903365476164901759e-02 9.189540945927662241e-01
9.173213727563129396e+02 9.375601435583652554e-01 4.948796602737231404e-02 9.550743945209985153e-01
9.173290223931556966e+02 1.020988067981687397e+00 4.973900840724631428e-02 9.804966939769983458e-01
9.173366720937897298e+02 1.037236953607589829e+00 4.987186478046132937e-02 9.977128692570055302e-01
9.173443218582150394e+02 9.700610298631384687e-01 4.993935841467878056e-02 1.008970747065044193e+00
9.173519716864326483e+02 1.044612146234428884e+00 4.997232064189929823e-02 1.016100736992219478e+00
9.173596215784431251e+02 9.938784720076192514e-01 4.998780999688420129e-02 1.020486012586762303e+00
9.173672715342466972e+02 1.018792153013543755e+00 4.999481744642173681e-02 1.023112211013070150e+00
9.173749215538439330e+02 9.990079170649619478e-01 4.999787072352269990e-02 1.024648397823860080e+00
9.173825716372357419e+02 1.066010534530291043e+00 4.999915244884638871e-02 1.025530110826311514e+00
9.173902217844222378e+02 1.050493708358822165e+00 4.999967103039924810e-02 1.026030456151352466e+00
9.173978719954039889e+02 1.023355693110895803e+00 4.999987339234971545e-02 1.026314897749105226e+00
9.174055222701815637e+02 9.685859491124254594e-01 4.999994966776571265e-02 1.026480496376516616e+00
9.174131726087558718e+02 9.214099935852277934e-01 4.999997754232480413e-02 1.026582456885728023e+00
9.174208230111270268e+02 1.011886050281275651e+00 4.999998751534713570e-02 1.026651254394595369e+00
9.174284734772955971e+02 1.040381611616623792e+00 4.999999109784247775e-02 1.026703229510671500e+00
9.174361240072621513e+02 1.024576666096636002e+00 4.999999246881527137e-02 1.026746897258969060e+00
9.174437746010272576e+02 9.942047037020351752e-01 4.999999308913758572e-02 1.026786571698215855e+00
9.174514252585915983e+02 1.012390587605172421e+00 4.999999345164815590e-02 1.026824378621425726e+00
9.174590759799556281e+02 1.041472972914561090e+00 4.999999371772195778e-02 1.026861337136137919e+00
9.174667267651195743e+02 9.991983463767813989e-01 4.999999393944806053e-02 1.026897922685452658e+00
9.174743776140841192e+02 9.262062071688462739e-01 4.999999413409591392e-02 1.026934351176578941e+00
9.174820285268500584e+02 9.034220723608283876e-01 4.999999430811132017e-02 1.026970718074618372e+00
9.174896795034178467e+02 9.788170568536548322e-01 4.999999446456931257e-02 1.027007064492917454e+00
9.174973305437877116e+02 1.010291985333429121e+00 4.999999460541965091e-02 1.027043407686667020e+00
9.175049816479604488e+02 1.133602834496322043e+00 4.999999473215517576e-02 1.027079754720697347e+00
9.175126328159366267e+02 1.080850469967375105e+00 4.999999484601778260e-02 1.027116108422935881e+00
9.175202840477165864e+02 9.694125655022105548e-01 4.999999494807195327e-02 1.027152469905437071e+00
9.175279353433008964e+02 1.015543867095060504e+00 4.999999503923938798e-02 1.027188839602589443e+00
9.175355867026902388e+02 9.966984052117549009e-01 4.999999512032081428e-02 1.027225217687117942e+00
9.175432381258850683e+02 1.032727953543932431e+00 4.999999519201250853e-02 1.027261604232378778e+00
9.175508896128858396e+02 9.897712954413256936e-01 4.999999525491956309e-02 1.027297999274093154e+00
9.175585411636930075e+02 9.514189351507001957e-01 4.999999530956691918e-02 1.027334402833303573e+00
9.175661927783074816e+02 1.032324097358722437e+00 4.999999535640843595e-02 1.027370814924775555e+00
9.175738444567293755e+02 1.059277415617318363e+00 4.999999539583473152e-02 1.027407235560069632e+00
9.175814961989595986e+02 9.485889575440187294e-01 4.999999542817947645e-02 1.027443664748700414e+00
9.175891480049981510e+02 1.051440310994758320e+00 4.999999545372475068e-02 1.027480102498617098e+00
9.175967998748461696e+02 9.461843010352680716e-01 4.999999547270558148e-02 1.027516548816439279e+00
9.176044518085038817e+02 9.890055267476716150e-01 4.999999548531351007e-02 1.027553003707596613e+00
9.176121038059718558e+02 9.947824860045160200e-01 4.999999549169963087e-02 1.027589467176428517e+00
9.176197558672505465e+02 1.046406711138034851e+00 4.999999549197688825e-02 1.027625939226254559e+00
9.176274079923406362e+02 1.022280821947222362e+00 4.999999548622204720e-02 1.027662419859431964e+00
9.176350601812425793e+02 1.004349300180318316e+00 4.999999547447695619e-02 1.027698909077394473e+00
9.176427124339569446e+02 9.409604854196927937e-01 4.999999545674933821e-02 1.027735406880678770e+00
9.176503647504839591e+02 8.883953567619491398e-01 4.999999543301344301e-02 1.027771913268938020e+00
9.176580171308247600e+02 9.893431559559058286e-01 4.999999540320992919e-02 1.027808428240948091e+00
9.176656695749792334e+02 1.036862051472147828e+00 4.999999536724552412e-02 1.027844951794593786e+00
9.176733220829486299e+02 9.962716218271243651e-01 4.999999532499224686e-02 1.027881483926850859e+00
9.176809746547326085e+02 9.545790727555834021e-01 4.999999527628616602e-02 1.027918024633752925e+00
9.176886272903324198e+02 9.821709386449144485e-01 4.999999522092570675e-02 1.027954573910344616e+00
9.176962799897484047e+02 1.048711745717068711e+00 4.999999515866947186e-02 1.027991131750623399e+00
9.177039327529809043e+02 1.025561197414249337e+00 4.999999508923358427e-02 1.028027698147464974e+00
9.177115855800306008e+02 9.360854403056950712e-01 4.999999501228834936e-02 1.028064273092531566e+00
9.177192384708979489e+02 9.364328258349653433e-01 4.999999492745434149e-02 1.028100856576161570e+00
9.177268914255837444e+02 1.038808984035698657e+00 4.999999483429770630e-02 1.028137448587235214e+00
9.177345444440883284e+02 9.184273300564014253e-01 4.999999473232456110e-02 1.028174049113008692e+00
9.177421975264119283e+02 9.271205081902320622e-01 4.999999462097449304e-02 1.028210658138900779e+00
9.177498506725555671e+02 9.861152717038608184e-01 4.999999449961279457e-02 1.028247275648184411e+00
9.177575038825195861e+02 1.031004870490920267e+00 4.999999436752143589e-02 1.028283901621448226e+00
9.177651571563042125e+02 1.015852616016910348e+00 4.999999422388838599e-02 1.028320536035446597e+00
9.177728104939106970e+02 1.019336805982883343e+00 4.999999406779490063e-02 1.028357178860237697e+00
9.177804638953389258e+02 9.859104357721200085e-01 4.999999389820067308e-02 1.028393830051546498e+00
9.177881173605896947e+02 1.078604817648276537e+00 4.999999371392609832e-02 1.028430489529986502e+00
9.177957708896633449e+02 9.868533882251603329e-01 4.999999351363106775e-02 1.028467157124961950e+00
9.178034244825607857e+02 9.689068560921818563e-01 4.999999329578904556e-02 1.028503832426058917e+00
9.178110781392822446e+02 1.017089948208620420e+00 4.999999305865419214e-02 1.028540514398631256e+00
9.178187318598284037e+02 1.043630412084069592e+00 4.999999280021345804e-02 1.028577200414973580e+00
9.178263856441994903e+02 9.634162289499534904e-01 4.999999251809759959e-02 1.028613883877854240e+00
9.178340394923965277e+02 1.014445727454232449e+00 4.999999220935650440e-02 1.028650548550426258e+00
9.178416934044194022e+02 1.074554464122353226e+00 4.999999186976598203e-02 1.028687155402983056e+00
9.178493473802693643e+02 1.028286360219770934e+00 4.999999149153191991e-02 1.028723612957922473e+00
9.178570014199466414e+02 9.223754503051561082e-01 4.999999105566901858e-02 1.028759712332983911e+00
9.178646555234516882e+02 1.011271505391787118e+00 4.999999050733274636e-02 1.028794989063932741e+00
9.178723096907849595e+02 1.001625099348345538e+00 4.999998967871640415e-02 1.028828437778989136e+00
9.178799639219472510e+02 1.047668902135479918e+00 4.999998805719449435e-02 1.028857940573064456e+00
9.178876182169389040e+02 1.099398606378188870e+00 4.999998411560675760e-02 1.028879156593410338e+00
9.178952725757604867e+02 9.839303102141856439e-01 4.999997345577891078e-02 1.028883432075167415e+00
9.179029269984125676e+02 9.551069671083943780e-01 4.999994387321879397e-02 1.028853992579901178e+00
9.179105814848957152e+02 8.817623581926935517e-01 4.999986278334112716e-02 1.028759235651815818e+00
9.179182360352104979e+02 9.594929964605927175e-01 4.999964654386757773e-02 1.028541326704251135e+00
9.179258906493571430e+02 9.594471177817424090e-01 4.999908883974810841e-02 1.028097527845141856e+00
9.179335453273364465e+02 9.552626152939719395e-01 4.999770088936451862e-02 1.027250866443220945e+00
9.179412000691488629e+02 1.000595554489114081e+00 4.999437110372633580e-02 1.025706169491695352e+00
9.179488548747950745e+02 1.068307200650743916e+00 4.998667436406332987e-02 1.022987763141640416e+00
9.179565097442755359e+02 1.113444210952398317e+00 4.996953960273479295e-02 1.018357365288078187e+00
9.179641646775905883e+02 9.933775125762321911e-01 4.993281621006884913e-02 1.010716594517062861e+00
9.179718196747409138e+02 9.977261374983992237e-01 4.985709269097608753e-02 9.985102316597368466e-01
9.179794747357271945e+02 9.827997602020749346e-01 4.970701708338991914e-02 9.796655021256059914e-01
9.179871298605496577e+02 9.703453402937781691e-01 4.942160427683867097e-02 9.516276849991103237e-01
9.179947850492089856e+02 9.441605589955900379e-01 4.890211793179443517e-02 9.115741736826619146e-01
9.180024403017059740e+02 1.025523535720555879e+00 4.800096145190007463e-02 8.568864106586879803e-01
9.180100956180406229e+02 9.758900304489134259e-01 4.652055728151716085e-02 7.859003626323144420e-01
9.180177509982137281e+02 8.574950592914745151e-01 4.423907966772419598e-02 6.988187306356425932e-01
9.180254064422260853e+02 8.286280190698043224e-01 4.098505769028983059e-02 5.984779810706617464e-01
9.180330619500776947e+02 6.473803925524608260e-01 3.677127472965241450e-02 4.905304998512304837e-01
9.180407175217694657e+02 5.616632260434692991e-01 3.194983052633236509e-02 3.826899547522644163e-01
9.180483731573017394e+02 3.471787130871848981e-01 2.726111842275934921e-02 2.830761846791209346e-01
9.180560288566754252e+02 2.955610157208289346e-01 2.358581818360139248e-02 1.982230777610290429e-01
9.180636846198906369e+02 1.689167578148494386e-01 2.139235266275802891e-02 1.316035493935236445e-01
9.180713404469479428e+02 8.258603525554805702e-02 2.042625909339333343e-02 8.329458208844091327e-02
9.180789963378479115e+02 9.544900251961589699e-02 2.010703498451613114e-02 5.077518383033367833e-02
9.180866522925913387e+02 4.054306201480253891e-02 2.002358029287203828e-02 3.028791852892977893e-02
9.180943083111785654e+02 2.414138793687434920e-02 2.000499837051509036e-02 1.807728757813634873e-02
9.181019643936100465e+02 3.311206489703817125e-03 2.000114297276212039e-02 1.111205167423658970e-02
9.181096205398863503e+02 9.277157316410872614e-03 2.000031998652362919e-02 7.283322812594450121e-03
9.181172767500080454e+02 1.049476433895028121e-02 2.000012395537075979e-02 5.284866087484796360e-03
9.181249330239757001e+02 3.396674054877028837e-02 2.000007338672068688e-02 4.393033081050112983e-03
9.181325893617896554e+02 -1.255113844579840328e-02 2.000007041741768202e-02 4.278081221961138256e-03
9.181402457634507073e+02 1.546059443642619317e-02 2.000011003191764711e-02 4.897347119228068202e-03
9.181479022289593104e+02 -3.458305671672937814e-02 2.000026621922258718e-02 6.480293784290836086e-03
9.181555587583160332e+02 -1.951860617243327684e-02 2.000090802704332371e-02 9.605816451087411875e-03
9.181632153515213304e+02 -1.131618310321940227e-02 2.000387297329643543e-02 1.536716253300656268e-02
9.181708720085756568e+02 1.614691004203096247e-02 2.001819196440328061e-02 2.559173664477260024e-02
9.181785287294795808e+02 2.316499633148787901e-02 2.008368912295157085e-02 4.301400300333324545e-02
9.181861855142337845e+02 5.913781057558641086e-02 2.034244140950649052e-02 7.120731027997112550e-02
9.181938423628386090e+02 1.814351787956549611e-01 2.116028117474767073e-02 1.140461875116275670e-01
9.182014992752946227e+02 2.322919302802247399e-01 2.311315422888042537e-02 1.746126181736895322e-01
9.182091562516026215e+02 3.737555278330891295e-01 2.655257878386186113e-02 2.538072820805467034e-01
9.182168132917627190e+02 4.802543259799257336e-01 3.112836161856066125e-02 3.492890015189183406e-01
9.182244703957758247e+02 6.767777662519051107e-01 3.598733362886924469e-02 4.554061518131646835e-01
9.182321275636421660e+02 8.124533540807028498e-01 4.033816055162534747e-02 5.643424334520890095e-01
9.182397847953624250e+02 8.227646798189337529e-01 4.376144645816833906e-02 6.680345269929300889e-01
9.182474420909372839e+02 8.568899894441959209e-01 4.619744661365616373e-02 7.600218717492275289e-01
9.182550994503670836e+02 9.880309655340744346e-01 4.779733026547199753e-02 8.365250430001204274e-01
9.182627568736522790e+02 8.789443601503214021e-01 4.878115799317672002e-02 8.965440149169691120e-01
9.182704143607936658e+02 1.017952977917446544e+00 4.935333708388763008e-02 9.412324266285851948e-01
9.182780719117913577e+02 9.460458772598780985e-01 4.967021637077242285e-02 9.729902370948032564e-01
9.182857295266463780e+02 9.425950344813665005e-01 4.983807974373250654e-02 9.946388818103406582e-01
9.182933872053589539e+02 9.358730726816705259e-01 4.992338189447576707e-02 1.008855519544533452e+00
9.183010449479297677e+02 9.743826026971722509e-01 4.996503764812917220e-02 1.017881855799326107e+00
9.183087027543591603e+02 9.347268234753729477e-01 4.998460675353186278e-02 1.023439667058267055e+00
9.183163606246478139e+02 9.743824931080283802e-01 4.999345668508475143e-02 1.026767749139074981e+00
9.183240185587962969e+02 1.020057020468489561e+00 4.999731128377027378e-02 1.028711772836935046e+00
9.183316765568049505e+02 1.020527293071451735e+00 4.999892882525395349e-02 1.029824009214584724e+00
9.183393346186745703e+02 1.017047764828498124e+00 4.999958312325634979e-02 1.030451362125640369e+00
9.183469927444056111e+02 1.018409103665816051e+00 4.999983846107790980e-02 1.030804183414813391e+00
9.183546509339981867e+02 1.005995191646679610e+00 4.999993478323660340e-02 1.031005904101803594e+00
9.183623091874536613e+02 1.054524736987219047e+00 4.999997008104136581e-02 1.031126728616357013e+00
9.183699675047716937e+02 9.787000956256696194e-01 4.999998280851847970e-02 1.031205406432103233e+00
9.183776258859535346e+02 1.045081414240645046e+00 4.999998747332080884e-02 1.031262709722858606e+00
9.183852843309992977e+02 9.784384235667609175e-01 4.999998934110743559e-02 1.031309459614744739e+00
9.183929428399095514e+02 1.037632858534480063e+00 4.999999025285570275e-02 1.031351136803770663e+00
9.184006014126848640e+02 1.038016625071092713e+00 4.999999083031539393e-02 1.031390441082796317e+00
9.184082600493259179e+02 1.071240991757093086e+00 4.999999127782200903e-02 1.031428666320520993e+00
9.184159187498331676e+02 1.096332054195690686e+00 4.999999166203213802e-02 1.031466415957443150e+00
9.184235775142068405e+02 1.003638268175382375e+00 4.999999200565570512e-02 1.031503963948931624e+00
9.184312363424480736e+02 9.757491254659368396e-01 4.999999231766306951e-02 1.031541431398540043e+00
9.184388952345567532e+02 9.926551190319036211e-01 4.999999260267755374e-02 1.031578870454862740e+00
9.184465541905337886e+02 9.626714710617346737e-01 4.999999286381605346e-02 1.031616303007173219e+00
9.184542132103797485e+02 9.892740493987158823e-01 4.999999310354415888e-02 1.031653738023538214e+00
9.184618722940949738e+02 9.601396747654612485e-01 4.999999332394787499e-02 1.031691179100533429e+00
9.184695314416801466e+02 9.694052970346934694e-01 4.999999352683653225e-02 1.031728627659259656e+00
9.184771906531358354e+02 9.988290352770121672e-01 4.999999371379509200e-02 1.031766084261212857e+00
9.184848499284621539e+02 9.951674566691881552e-01 4.999999388621918783e-02 1.031803549135481335e+00
9.184925092676602389e+02 9.950196412098292198e-01 4.999999404534198610e-02 1.031841022384461182e+00
9.185001686707303179e+02 9.048665949190759505e-01 4.999999419225642505e-02 1.031878504062165636e+00
9.185078281376727318e+02 1.122989618313768867e+00 4.999999432793359594e-02 1.031915994203418618e+00
9.185154876684886176e+02 1.039906373131862960e+00 4.999999445323834862e-02 1.031953492834607022e+00
9.185231472631777478e+02 9.918602886514034100e-01 4.999999456894268363e-02 1.031990999977667967e+00
9.185308069217411457e+02 1.034701084884243727e+00 4.999999467573689599e-02 1.032028515651650435e+00
9.185384666441792660e+02 1.048015221363554739e+00 4.999999477423925504e-02 1.032066039873406726e+00
9.185461264304924498e+02 1.048247174756898437e+00 4.999999486500440737e-02 1.032103572657965707e+00
9.185537862806813791e+02 1.036837226553320335e+00 4.999999494853040599e-02 1.032141114018783279e+00
9.185614461947468499e+02 9.751237005434941763e-01 4.999999502526498302e-02 1.032178663967932675e+00
9.185691061726889757e+02 1.008286222708137947e+00 4.999999509561087185e-02 1.032216222516261217e+00
9.185767662145084387e+02 1.047145554731774730e+00 4.999999515993043542e-02 1.032253789673525546e+00
9.185844263202055799e+02 1.026605747862524121e+00 4.999999521854974621e-02 1.032291365448504195e+00
9.185920864897814226e+02 1.025296406846275543e+00 4.999999527176210434e-02 1.032328949849098398e+00
9.185997467232359668e+02 9.072870080539737758e-01 4.999999531983108370e-02 1.032366542882417804e+00
9.186074070205702355e+02 9.768608648216491330e-01 4.999999536299332831e-02 1.032404144554854408e+00
9.186150673817844563e+02 1.053968020254335114e+00 4.999999540146075894e-02 1.032441754872149842e+00
9.186227278068790838e+02 1.029502162744440730e+00 4.999999543542279351e-02 1.032479373839449766e+00
9.186303882958548002e+02 1.048094789592873388e+00 4.999999546504803327e-02 1.032517001461355610e+00
9.186380488487120601e+02 9.548590783848872610e-01 4.999999549048587261e-02 1.032554637741966985e+00
9.186457094654516595e+02 1.052934588907908475e+00 4.999999551186794927e-02 1.032592282684918317e+00
9.186533701460737120e+02 1.064151954871943362e+00 4.999999552930917829e-02 1.032629936293413042e+00
9.186610308905790134e+02 9.680126206721598736e-01 4.999999554290900095e-02 1.032667598570250700e+00
9.186686916989681322e+02 1.039713997882948826e+00 4.999999555275206481e-02 1.032705269517850910e+00
9.186763525712414094e+02 9.563158150661000834e-01 4.999999555890915354e-02 1.032742949138275579e+00
9.186840135073997544e+02 1.042566956512184895e+00 4.999999556143773505e-02 1.032780637433243998e+00
9.186916745074430537e+02 1.032294914488911752e+00 4.999999556038255827e-02 1.032818334404149940e+00
9.186993355713724441e+02 1.050299618113514688e+00 4.999999555577599314e-02 1.032856040052070767e+00
9.187069966991882666e+02 9.791034869710175670e-01 4.999999554763846082e-02 1.032893754377778528e+00
9.187146578908908623e+02 9.650294293515918609e-01 4.999999553597866270e-02 1.032931477381746621e+00
9.187223191464810270e+02 1.003068576663803446e+00 4.999999552079369136e-02 1.032969209064152460e+00
9.187299804659589881e+02 1.040371914091633210e+00 4.999999550206913473e-02 1.033006949424882137e+00
9.187376418493257688e+02 9.963121266621907113e-01 4.999999547977911768e-02 1.033044698463529532e+00
9.187453032965813691e+02 1.064251616162264602e+00 4.999999545388612854e-02 1.033082456179392539e+00
9.187529648077266984e+02 1.031842341024482579e+00 4.999999542434092198e-02 1.033120222571472402e+00
9.187606263827620978e+02 1.017189410695507723e+00 4.999999539108224145e-02 1.033157997638464831e+00
9.187682880216881358e+02 1.027187679126380759e+00 4.999999535403645140e-02 1.033195781378751121e+00
9.187759497245054945e+02 9.935585912192173019e-01 4.999999531311720424e-02 1.033233573790389048e+00
9.187836114912144012e+02 1.073827305347904604e+00 4.999999526822476725e-02 1.033271374871098214e+00
9.187912733218157655e+02 1.014146650581144060e+00 4.999999521924557849e-02 1.033309184618243393e+00
9.187989352163098147e+02 1.096337830059982421e+00 4.999999516605140720e-02 1.033347003028817213e+00
9.188065971746972309e+02 1.021075659277824954e+00 4.999999510849852807e-02 1.033384830099416618e+00
9.188142591969784689e+02 1.097543303492429123e+00 4.999999504642676368e-02 1.033422665826218667e+00
9.188219212831539835e+02 9.426291638188479816e-01 4.999999497965842976e-02 1.033460510204950777e+00
9.188295834332245704e+02 1.046144556323668651e+00 4.999999490799698909e-02 1.033498363230858974e+00
9.188372456471904570e+02 9.298469225482048905e-01 4.999999483122565674e-02 1.033536224898667477e+00
9.188449079250524392e+02 1.020590500688936197e+00 4.999999474910582498e-02 1.033574095202539844e+00
9.188525702668109716e+02 1.026210505966643316e+00 4.999999466137523135e-02 1.033611974136027678e+00
9.188602326724665090e+02 1.089357639703458558e+00 4.999999456774580769e-02 1.033649861692017113e+00
9.188678951420196199e+02 9.976779738742715953e-01 4.999999446790155677e-02 1.033687757862666201e+00
9.188755576754709864e+02 1.027738286914404275e+00 4.999999436149566573e-02 1.033725662639336074e+00
9.188832202728208358e+02 9.659611377780122909e-01 4.999999424814775134e-02 1.033763576012508567e+00
9.188908829340699640e+02 1.044575426678697294e+00 4.999999412744043220e-02 1.033801497971698069e+00
9.188985456592187120e+02 1.022582027888947698e+00 4.999999399891546376e-02 1.033839428505348046e+00
9.189062084482677619e+02 1.078183474794104812e+00 4.999999386206949170e-02 1.033877367600712471e+00
9.189138713012175685e+02 9.669150977651371770e-01 4.999999371634915313e-02 1.033915315243722599e+00
9.189215342180685866e+02 1.118369487005407059e+00 4.999999356114542132e-02 1.033953271418833531e+00
9.189291971988217256e+02 1.017391191359820146e+00 4.999999339578731911e-02 1.033991236108847911e+00
9.189368602434769855e+02 1.059881859203651633e+00 4.999999321953456366e-02 1.034029209294711871e+00
9.189445233520352758e+02 9.916001159055726211e-01 4.999999303156918429e-02 1.034067190955280768e+00
9.189521865244970513e+02 9.751863733565621084e-01 4.999999283098601616e-02 1.034105181067041412e+00
9.189598497608627667e+02 9.921601795350485364e-01 4.999999261678148010e-02 1.034143179603778773e+00
9.189675130611331042e+02 8.275949352012332838e-01 4.999999238784084282e-02 1.034181186536143215e+00
9.189751764253084048e+02 1.065433830627568579e+00 4.999999214292328437e-02 1.034219201831015678e+00
9.189828398533892369e+02 9.953028782409674147e-01 4.999999188064460642e-02 1.034257225450373685e+00
9.189905033453760552e+02 9.547480834604362698e-01 4.999999159945693605e-02 1.034295257348790020e+00
9.189981669012697694e+02 9.546856551474083297e-01 4.999999129762494610e-02 1.034333297467155299e+00
9.190058305210704930e+02 9.842723287643347918e-01 4.999999097319779429e-02 1.034371345715947133e+00
9.190134942047789082e+02 9.848736002540776635e-01 4.999999062397587901e-02 1.034409401930103778e+00
9.190211579523959244e+02 1.069470820543768630e+00 4.999999024747094761e-02 1.034447465748597583e+00
9.190288217639213144e+02 1.070242037609716812e+00 4.999998984085719106e-02 1.034485536299475594e+00
9.190364856393561013e+02 1.055345626990284114e+00 4.999998940090716326e-02 1.034523611396002796e+00
9.190441495787008535e+02 9.633100635574647352e-01 4.999998892389390798e-02 1.034561685538315290e+00
9.190518135819559120e+02 9.471545433971066963e-01 4.999998840539297135e-02 1.034599745079342714e+00
9.190594776491218454e+02 1.014885457839271199e+00 4.999998783975172223e-02 1.034637756852224477e+00
9.190671417801992220e+02 9.618637130876437347e-01 4.999998721841947963e-02 1.034675642161495324e+00
9.190748059751884966e+02 9.928438097559751929e-01 4.999998652444245101e-02 1.034713218982691529e+00
9.190824702340903514e+02 1.039079612937214181e+00 4.999998571445953693e-02 1.034750077189720230e+00
9.190901345569053547e+02 1.057826008352362290e+00 4.999998466148412868e-02 1.034785317037493879e+00
9.190977989436338476e+02 1.014686039200076273e+00 4.999998297954087734e-02 1.034817017220881707e+00
9.191054633942763985e+02 9.714968307681626225e-01 4.999997950688592208e-02 1.034841185425327215e+00
9.191131279088336896e+02 9.965821885985848283e-01 4.999997084369936506e-02 1.034849751560350972e+00
9.191207924873059483e+02 1.064694121098981761e+00 4.999994738228602520e-02 1.034826851572270057e+00
9.191284571296940840e+02 1.027711856671904567e+00 4.999988297502599294e-02 1.034742170435605901e+00
9.191361218359985514e+02 9.899765358590409958e-01 4.999970917238910628e-02 1.034539424093266602e+00
9.191437866062196917e+02 1.016581549930282158e+00 4.999925373419137481e-02 1.034117152983393462e+00
9.191514514403580733e+02 1.026634753772808217e+00 4.999810027770398846e-02 1.033297957443431780e+00
9.191591163384142646e+02 1.061558011503566323e+00 4.999528227259485147e-02 1.031781407778353810e+00
9.191667813003888341e+02 9.266736635714540871e-01 4.998864676583558014e-02 1.029075758139470054e+00
9.191744463262824638e+02 1.025343992626796874e+00 4.997359543920821406e-02 1.024405544219050501e+00
9.191821114160952675e+02 8.853765872768941669e-01 4.994072228684870440e-02 1.016598266089016489e+00
9.191897765698282683e+02 9.816033802958260557e-01 4.987163349343835123e-02 1.003966591169378919e+00
9.191974417874816936e+02 1.054843411353459048e+00 4.973204325272757159e-02 9.842256409370117032e-01
9.192051070690561119e+02 9.684007242533040349e-01 4.946134182587515193e-02 9.545174531026807685e-01
9.192127724145523189e+02 9.959505586990154979e-01 4.895880565018494862e-02 9.116466099863878014e-01
9.192204378239703146e+02 9.090839357685723821e-01 4.806954210662491012e-02 8.526350328139233881e-01
9.192281032973111223e+02 8.020190178272770254e-01 4.657959455663449044e-02 7.756352309404974665e-01
9.192357688345750830e+02 7.695153456441803375e-01 4.423983529628928296e-02 6.810616380142906490e-01
9.192434344357627651e+02 7.586276716403395071e-01 4.084749938095217497e-02 5.725367455718317622e-01
9.192511001008746234e+02 6.935149882249431741e-01 3.640514812976173437e-02 4.570572006549194488e-01
9.192587658299111126e+02 5.372518230344470735e-01 3.131836436003364310e-02 3.439106163337753985e-01
9.192664316228731423e+02 4.185757094449531479e-01 2.646655229071934526e-02 2.424412222663017979e-01
9.192740974797608260e+02 2.580163489515411857e-01 2.286808001920817915e-02 1.595153367609161710e-01
9.192817634005749596e+02 1.785376624272190793e-01 2.094207176141511806e-02 9.788748700006194570e-02
9.192894293853159979e+02 1.065592973554357059e-01 2.022788853020809560e-02 5.621112200328955144e-02
9.192970954339843956e+02 6.911146606815639359e-03 2.004193815792908173e-02 3.045993690716715038e-02
9.193047615465809486e+02 1.026168649797854805e-02 2.000625339748435608e-02 1.580557720540898270e-02
9.193124277231057704e+02 3.944111266403045601e-02 2.000083254454152262e-02 8.030658652286326929e-03
9.193200939635597706e+02 2.949342081393007547e-03 2.000011284545785695e-02 4.122744132070210905e-03
9.193277602679432903e+02 -1.344121916406526909e-02 2.000001811178482580e-02 2.229150060667573017e-03
9.193354266362568978e+02 2.969135190618420878e-02 2.000000396061319893e-02 1.335608133313370607e-03
9.193430930685011617e+02 2.360148735801669354e-02 2.000000133384311277e-02 9.368498303555017120e-04
9.193507595646766504e+02 2.032747225941419419e-02 2.000000083762366529e-02 8.063529594824703434e-04
9.193584261247838185e+02 5.973882527045318649e-03 2.000000117350119594e-02 8.710828776509083483e-04
9.193660927488230072e+02 -9.843438049184544819e-03 2.000000319258059267e-02 1.167140591705417840e-03
9.193737594367950123e+02 -1.286729455190858268e-02 2.000001370275217988e-02 1.861960201720280848e-03
9.193814261887006296e+02 -1.874772009143423675e-03 2.000008179574959757e-02 3.350678302667098145e-03
9.193890930045397454e+02 -7.298124201472528348e-03 2.000059285608208476e-02 6.450356605581198007e-03
9.193967598843132691e+02 -1.671623638155773570e-03 2.000448331596799134e-02 1.270248555279670545e-02
9.194044268280217693e+02 2.978339264394614522e-02 2.003087520889899192e-02 2.471832460429650505e-02
9.194120938356657007e+02 7.240273079041999182e-02 2.017467136765869681e-02 4.635290854423272655e-02
9.194197609072455180e+02 9.012493826418094267e-02 2.075815312000124299e-02 8.235544722872670254e-02
9.194274280427620170e+02 2.285374224584519054e-01 2.243128004053742200e-02 1.372152464743143785e-01
9.194350952422153114e+02 3.441584394974804839e-01 2.575107801070196725e-02 2.133556737280480620e-01
9.194427625056063107e+02 5.261094182988379497e-01 3.045613757617007811e-02 3.094442875530495907e-01
9.194504298329353560e+02 6.597440244609268367e-01 3.557484280505949364e-02 4.198485910465367676e-01
9.194580972242030157e+02 7.671256416556234692e-01 4.016672785004422874e-02 5.357716997770131107e-01
9.194657646794098582e+02 8.609958765783070067e-01 4.374425907966109084e-02 6.476199104493952641e-01
9.194734321985564520e+02 9.723526293624333849e-01 4.625027966976429095e-02 7.474598827742093832e-01
9.194810997816430245e+02 9.230676729200786301e-01 4.786599293978387876e-02 8.305264233888559611e-01
9.194887674286705987e+02 1.003231578470935803e+00 4.884027650144128624e-02 8.954323408685336272e-01
9.194964351396395159e+02 9.620822380651025130e-01 4.939576253589852972e-02 9.434096055889419352e-01
9.195041029145501170e+02 9.833148433874655536e-01 4.969737941094670708e-02 9.771815640612485643e-01
9.195117707534029705e+02 9.628493222086134118e-01 4.985406857233212752e-02 9.999510946305314452e-01
9.195194386561989859e+02 9.620973187329320275e-01 4.993217195043968271e-02 1.014726470688105620e+00
9.195271066229382768e+02 1.089803313074729552e+00 4.996959199681325070e-02 1.023991580167728843e+00
9.195347746536215254e+02 1.009595462980409586e+00 4.998684236121479774e-02 1.029624684279077718e+00
9.195424427482494139e+02 1.017791193650744663e+00 4.999449898887550064e-02 1.032955518672067141e+00
9.195501109068220558e+02 9.756349410320354076e-01 4.999777262438216685e-02 1.034877258491335494e+00
9.195577791293404744e+02 1.015043351657489712e+00 4.999912155494806026e-02 1.035963952629990192e+00
9.195654474158051244e+02 1.041308350771643187e+00 4.999965766169361253e-02 1.036570580685122200e+00
9.195731157662161195e+02 8.858433998791712671e-01 4.999986350149020903e-02 1.036909117746513065e+00
9.195807841805742555e+02 9.966594378866550086e-01 4.999994016065718166e-02 1.037102094953308296e+00
9.195884526588802146e+02 9.995228994078494411e-01 4.999996813895755954e-02 1.037218186787587815e+00
9.195961212011344514e+02 1.077288731313487347e+00 4.999997841150581601e-02 1.037294753906814693e+00
9.196037898073373071e+02 9.847232088479700440e-01 4.999998244183016111e-02 1.037351540656753057e+00
9.196114584774895775e+02 1.048847492828891337e+00 4.999998431478752670e-02 1.037398689119055417e+00
9.196191272115914899e+02 9.770224079851417276e-01 4.999998543510052185e-02 1.037441265188678852e+00
9.196267960096438401e+02 9.561992910744530061e-01 4.999998627165649911e-02 1.037481730264798063e+00
9.196344648716470829e+02 9.218483731659237179e-01 4.999998697872952425e-02 1.037521248032791998e+00
9.196421337976020141e+02 9.919642702691349179e-01 4.999998760839805684e-02 1.037560353968304927e+00
9.196498027875085199e+02 1.027685382955658477e+00 4.999998818036659187e-02 1.037599287969121598e+00
9.196574718413676237e+02 1.134473066296834975e+00 4.999998870408346036e-02 1.037638154715548655e+00
9.196651409591798938e+02 1.026314702409566459e+00 4.999998918553628935e-02 1.037676998724564426e+00
9.196728101409456713e+02 9.920467548844795758e-01 4.999998962931225671e-02 1.037715838468328489e+00
9.196804793866654109e+02 9.864468991673464027e-01 4.999999003924363028e-02 1.037754681444342797e+00
9.196881486963399084e+02 9.534765838375990343e-01 4.999999041863942978e-02 1.037793530645756857e+00
9.196958180699695049e+02 1.041217817702007498e+00 4.999999077039386786e-02 1.037832387262763056e+00
9.197034875075548825e+02 9.214697560811602184e-01 4.999999109705430961e-02 1.037871251779900916e+00
9.197111570090963824e+02 9.817208923311696589e-01 4.999999140087221794e-02 1.037910124410052592e+00
9.197188265745946865e+02 9.068428664454296628e-01 4.999999168384440529e-02 1.037949005261821656e+00
9.197264962040501359e+02 8.805716853684402157e-01 4.999999194774727707e-02 1.037987894402683242e+00
9.197341658974637539e+02 1.017504114938307946e+00 4.999999219416573215e-02 1.038026791882459721e+00
9.197418356548353131e+02 9.041867460863952655e-01 4.999999242451768494e-02 1.038065697742067695e+00
9.197495054761659503e+02 1.040058383381766483e+00 4.999999264007478489e-02 1.038104612016907513e+00
9.197571753614561203e+02 9.862579829357779326e-01 4.999999284198042987e-02 1.038143534738321438e+00
9.197648453107061641e+02 9.757303283691886042e-01 4.999999303126484440e-02 1.038182465934352150e+00
9.197725153239167639e+02 9.995427363205856564e-01 4.999999320885845089e-02 1.038221405630225691e+00
9.197801854010883744e+02 9.798615061215031341e-01 4.999999337560319390e-02 1.038260353848714512e+00
9.197878555422214504e+02 9.585790992021530066e-01 4.999999353226240034e-02 1.038299310610431236e+00
9.197955257473166739e+02 1.042805321758335069e+00 4.999999367952940449e-02 1.038338275934079791e+00
9.198031960163746135e+02 9.591864965942507038e-01 4.999999381803511833e-02 1.038377249836667904e+00
9.198108663493954964e+02 1.018874731502054765e+00 4.999999394835448474e-02 1.038416232333694733e+00
9.198185367463802322e+02 1.051542278847867440e+00 4.999999407101227145e-02 1.038455223439313624e+00
9.198262072073290483e+02 1.030918020845569938e+00 4.999999418648826827e-02 1.038494223166471997e+00
9.198338777322427404e+02 9.788770058125665363e-01 4.999999429522159616e-02 1.038533231527038581e+00
9.198415483211217634e+02 1.016870585428449880e+00 4.999999439761467629e-02 1.038572248531910436e+00
9.198492189739664582e+02 9.079778860249960726e-01 4.999999449403683821e-02 1.038611274191111100e+00
9.198568896907776207e+02 1.072183131530818567e+00 4.999999458482735915e-02 1.038650308513876297e+00
9.198645604715558193e+02 1.020961677954405733e+00 4.999999467029819095e-02 1.038689351508728098e+00
9.198722313163011677e+02 1.005569673804507014e+00 4.999999475073645810e-02 1.038728403183543758e+00
9.198799022250146891e+02 1.014920173371792966e+00 4.999999482640670595e-02 1.038767463545614111e+00
9.198875731976964971e+02 9.691651556051160687e-01 4.999999489755278109e-02 1.038806532601700194e+00
9.198952442343476150e+02 9.499148963312200600e-01 4.999999496439962859e-02 1.038845610358076099e+00
9.199029153349681565e+02 1.023730141385094106e+00 4.999999502715488098e-02 1.038884696820576714e+00
9.199105864995586899e+02 1.053406540695919436e+00 4.999999508601025294e-02 1.038923791994632584e+00
9.199182577281197837e+02 1.061234123695235620e+00 4.999999514114283894e-02 1.038962895885305660e+00
9.199259290206522337e+02 1.007108418645231929e+00 4.999999519271627890e-02 1.039002008497321716e+00
9.199336003771562673e+02 1.028804142385126408e+00 4.999999524088172276e-02 1.039041129835096777e+00
9.199412717976325666e+02 9.830085802567918307e-01 4.999999528577884350e-02 1.039080259902761982e+00
9.199489432820815864e+02 1.002756176767915175e+00 4.999999532753665599e-02 1.039119398704188013e+00
9.199566148305041224e+02 9.735574247947920146e-01 4.999999536627426633e-02 1.039158546243005521e+00
9.199642864429002884e+02 9.409216300763733054e-01 4.999999540210156579e-02 1.039197702522624001e+00
9.199719581192708802e+02 1.068730581728821738e+00 4.999999543511991079e-02 1.039236867546246668e+00
9.199796298596162387e+02 9.858695201306648670e-01 4.999999546542257395e-02 1.039276041316890220e+00
9.199873016639370462e+02 9.827362738488421012e-01 4.999999549309536162e-02 1.039315223837396385e+00
9.199949735322338711e+02 1.017689545109759619e+00 4.999999551821709270e-02 1.039354415110445684e+00
9.200026454645073954e+02 9.458972473242719392e-01 4.999999554085987619e-02 -9.999999999000000000e+09
9.200103174607577330e+02 8.988531789254657900e-01 4.999999556108964543e-02 -9.999999999000000000e+09
9.200179895209855658e+02 9.751233218127935976e-01 4.999999557896643576e-02 -9.999999999000000000e+09
9.200256616451916898e+02 9.781429702506400092e-01 4.999999559454468973e-02 -9.999999999000000000e+09
9.200333338333763322e+02 1.012522621729374350e+00 4.999999560787354164e-02 -9.999999999000000000e+09
9.200410060855400616e+02 1.025196366534633308e+00 4.999999561899708816e-02 -9.999999999000000000e+09
9.200486784016836737e+02 1.057276553093735805e+00 4.999999562795458263e-02 -9.999999999000000000e+09
9.200563507818072821e+02 9.319889258745864824e-01 4.999999563478065012e-02 -9.999999999000000000e+09
9.200640232259119102e+02 1.058282345791764278e+00 4.999999563950546788e-02 -9.999999999000000000e+09
9.200716957339975579e+02 9.794904057312440182e-01 4.999999564215492492e-02 -9.999999999000000000e+09
9.200793683060652484e+02 1.080144337176881297e+00 4.999999564275071917e-02 -9.999999999000000000e+09
9.200870409421152090e+02 1.079742689415893908e+00 4.999999564131055174e-02 -9.999999999000000000e+09
