1.300000000000000000e+03 5.726130696683662258e-01 2.999939064129310880e-03 5.773370844742748975e-01
1.300002168166618731e+03 7.142616062249024234e-01 3.670099063717789309e-03 7.208105208616226722e-01
1.300004336336853385e+03 8.350743575590146017e-01 4.212647721624252460e-03 8.353243146786137885e-01
1.300006504510704644e+03 9.196208145405128098e-01 4.587818868789979646e-03 9.139675915789371441e-01
1.300008672688171600e+03 9.547413689379833368e-01 4.810256844537732883e-03 9.604376420100371181e-01
1.300010840869254707e+03 9.864660480621793015e-01 4.923527305991174698e-03 9.840630349680734579e-01
1.300013009053954192e+03 9.950866377326484935e-01 4.973108082980320921e-03 9.943968908157618802e-01
1.300015177242269829e+03 9.993747738127722879e-01 4.991771032993612064e-03 9.982855777942336584e-01
1.300017345434201161e+03 1.008229162326465422e+00 4.997813297992551029e-03 9.995444377257628465e-01
1.300019513629749099e+03 9.915477982695695136e-01 4.999495955157026890e-03 9.998949952320945744e-01
1.300021681828912961e+03 9.979425553605316690e-01 4.999899005359190012e-03 9.999789642355173536e-01
1.300023850031693200e+03 9.927115592655461063e-01 4.999982040672417728e-03 9.999962632675979401e-01
1.300026018238089591e+03 1.002745266861838180e+00 4.999996752068654356e-03 9.999993281420698210e-01
1.300028186448101906e+03 1.001918929386215629e+00 4.999998992562052803e-03 9.999997949115340123e-01
1.300030354661730598e+03 9.994700276819821205e-01 4.999999284996439405e-03 9.999998558353645484e-01
1.300032522878975669e+03 9.953456055562022176e-01 4.999999316225407602e-03 9.999998623413997034e-01
1.300034691099836664e+03 9.999072063813024824e-01 4.999999316196050876e-03 9.999998623352837068e-01
1.300036859324314037e+03 9.984177383130266037e-01 4.999999314898320724e-03 9.999998620649233061e-01
1.300039027552407333e+03 9.969232006364681098e-01 4.999999313596698719e-03 9.999998617937519985e-01
1.300041195784117008e+03 9.969320715764008467e-01 4.999999312291160576e-03 9.999998615217648990e-01
1.300043364019443061e+03 9.965854466367520814e-01 4.999999310981695887e-03 9.999998612489597871e-01
1.300045532258385037e+03 1.007357408839011148e+00 4.999999309668287303e-03 9.999998609753329992e-01
1.300047700500943392e+03 9.994242938222713812e-01 4.999999308350920948e-03 9.999998607008816487e-01
1.300049868747117898e+03 9.995456409927644392e-01 4.999999307029577740e-03 9.999998604256017387e-01
1.300052036996908782e+03 1.006819644511519174e+00 4.999999305704241198e-03 9.999998601494901607e-01
1.300054205250316045e+03 1.001560192479860945e+00 4.999999304374900047e-03 9.999998598725439169e-01
1.300056373507339231e+03 9.904151659740613178e-01 4.999999303041532603e-03 9.999998595947590108e-01
1.300058541767979023e+03 9.961784657533105936e-01 4.999999301704123253e-03 9.999998593161321114e-01
1.300060710032234965e+03 1.006725674615664090e+00 4.999999300362658987e-03 9.999998590366603324e-01
1.300062878300107059e+03 9.983286949547248712e-01 4.999999299017118121e-03 9.999998587563393437e-01
1.300065046571595531e+03 1.001165495912986758e+00 4.999999297667487644e-03 9.999998584751663699e-01
1.300067214846700153e+03 9.946755693890173555e-01 4.999999296313751944e-03 9.999998581931379693e-01
1.300069383125421155e+03 9.960661490824295194e-01 4.999999294955889337e-03 9.999998579102499230e-01
1.300071551407758534e+03 9.978298242720902156e-01 4.999999293593885077e-03 9.999998576264992334e-01
1.300073719693712292e+03 1.003583546280235161e+00 4.999999292227726155e-03 9.999998573418826808e-01
1.300075887983282200e+03 9.965343778534577757e-01 4.999999290857389152e-03 9.999998570563958245e-01
1.300078056276468487e+03 9.919592768228200352e-01 4.999999289482861056e-03 9.999998567700357777e-01
1.300080224573270925e+03 9.972706561770234845e-01 4.999999288104122787e-03 9.999998564827986547e-01
1.300082392873689741e+03 9.997564011332034095e-01 4.999999286721157864e-03 9.999998561946810138e-01
1.300084561177724936e+03 9.955484488577266422e-01 4.999999285333946338e-03 9.999998559056786362e-01
1.300086729485376964e+03 1.002063218742953898e+00 4.999999283942476933e-03 9.999998556157889684e-01
1.300088897796644687e+03 9.928561334083654266e-01 4.999999282546724495e-03 9.999998553250074584e-01
1.300091066111528789e+03 9.899101990206796708e-01 4.999999281146676015e-03 9.999998550333305536e-01
1.300093234430029725e+03 1.003133405445151505e+00 4.999999279742309809e-03 9.999998547407544791e-01
1.300095402752146583e+03 9.982132636016709526e-01 4.999999278333613732e-03 9.999998544472760154e-01
1.300097571077880048e+03 9.958841477420488086e-01 4.999999276920566102e-03 9.999998541528910545e-01
1.300099739407230118e+03 9.981109579802012188e-01 4.999999275503148703e-03 9.999998538575957108e-01
1.300101907740195884e+03 1.000679183519264992e+00 4.999999274081344189e-03 9.999998535613864314e-01
1.300104076076778483e+03 9.931834300948951810e-01 4.999999272655131742e-03 9.999998532642588867e-01
1.300106244416977461e+03 9.925293044244127838e-01 4.999999271224496618e-03 9.999998529662098568e-01
1.300108412760792817e+03 9.946169623732710185e-01 4.999999269789419734e-03 9.999998526672355670e-01
1.300110581108224778e+03 1.005754445488077575e+00 4.999999268349880274e-03 9.999998523673314654e-01
1.300112749459272891e+03 1.002956647613995278e+00 4.999999266905859156e-03 9.999998520664938884e-01
1.300114917813937382e+03 9.991274674569530223e-01 4.999999265457341635e-03 9.999998517647192831e-01
1.300117086172218478e+03 1.007923029461326836e+00 4.999999264004306894e-03 9.999998514620036527e-01
1.300119254534115726e+03 9.954770702925508363e-01 4.999999262546734116e-03 9.999998511583427785e-01
1.300121422899629579e+03 9.939782338957221519e-01 4.999999261084606822e-03 9.999998508537328856e-01
1.300123591268760265e+03 9.949382012491390093e-01 4.999999259617905062e-03 9.999998505481698663e-01
1.300125759641506647e+03 1.002837461784067186e+00 4.999999258146608019e-03 9.999998502416499457e-01
1.300127928017870090e+03 1.000645247985068487e+00 4.999999256670698347e-03 9.999998499341685720e-01
1.300130096397849911e+03 9.903890805269056630e-01 4.999999255190154361e-03 9.999998496257219704e-01
1.300132264781445883e+03 1.000460328466373339e+00 4.999999253704959581e-03 9.999998493163062552e-01
1.300134433168658688e+03 1.001323937013083754e+00 4.999999252215089722e-03 9.999998490059167633e-01
1.300136601559487644e+03 9.966270191932753431e-01 4.999999250720530038e-03 9.999998486945502751e-01
1.300138769953933433e+03 1.004498552990874538e+00 4.999999249221257977e-03 9.999998483822019057e-01
1.300140938351995601e+03 9.947432116438806871e-01 4.999999247717254458e-03 9.999998480688676583e-01
1.300143106753673919e+03 1.005025886860391848e+00 4.999999246208497797e-03 9.999998477545435360e-01
1.300145275158969298e+03 9.968421403956506666e-01 4.999999244694968911e-03 9.999998474392249870e-01
1.300147443567880828e+03 9.966788924278021655e-01 4.999999243176646985e-03 9.999998471229079033e-01
1.300149611980408736e+03 1.001789890476842748e+00 4.999999241653514670e-03 9.999998468055885104e-01
1.300151780396553477e+03 1.005738470802241658e+00 4.999999240125545946e-03 9.999998464872617010e-01
1.300153948816314596e+03 9.884198449854760815e-01 4.999999238592721731e-03 9.999998461679234785e-01
1.300156117239692321e+03 9.963691192409610542e-01 4.999999237055025546e-03 9.999998458475699570e-01
1.300158285666686652e+03 9.955497598837689255e-01 4.999999235512432236e-03 9.999998455261964736e-01
1.300160454097297588e+03 1.001947299119184676e+00 4.999999233964921852e-03 9.999998452037983654e-01
1.300162622531524676e+03 9.921534355468641930e-01 4.999999232412470976e-03 9.999998448803711915e-01
1.300164790969368823e+03 1.002792262658638744e+00 4.999999230855064862e-03 9.999998445559115101e-01
1.300166959410829350e+03 1.000907569257328822e+00 4.999999229292674888e-03 9.999998442304137702e-01
1.300169127855906254e+03 9.996052033593153530e-01 4.999999227725283706e-03 9.999998439038739750e-01
1.300171296304600219e+03 1.001915162378179014e+00 4.999999226152869632e-03 9.999998435762875726e-01
1.300173464756910334e+03 9.975786938644577440e-01 4.999999224575409247e-03 9.999998432476500110e-01
1.300175633212837056e+03 9.968359240861944803e-01 4.999999222992881735e-03 9.999998429179568493e-01
1.300177801672380383e+03 9.934123898046030021e-01 4.999999221405266280e-03 9.999998425872036467e-01
1.300179970135540316e+03 9.899589729370666946e-01 4.999999219812537726e-03 9.999998422553850741e-01
1.300182138602317082e+03 9.921261769081850534e-01 4.999999218214676994e-03 9.999998419224974677e-01
1.300184307072710226e+03 9.908181200264507549e-01 4.999999216611660663e-03 9.999998415885358316e-01
1.300186475546720203e+03 1.002890223226142963e+00 4.999999215003467050e-03 9.999998412534953918e-01
1.300188644024346559e+03 9.985223991923101172e-01 4.999999213390071869e-03 9.999998409173713743e-01
1.300190812505589747e+03 9.957065794248796120e-01 4.999999211771452567e-03 9.999998405801591161e-01
1.300192980990449314e+03 9.999924905856282242e-01 4.999999210147588330e-03 9.999998402418540655e-01
1.300195149478925714e+03 9.909291178983339332e-01 4.999999208518455737e-03 9.999998399024514484e-01
1.300197317971018720e+03 1.011762181667125393e+00 4.999999206884031371e-03 9.999998395619460467e-01
1.300199486466728331e+03 1.002939579910787637e+00 4.999999205244290944e-03 9.999998392203336417e-01
1.300201654966054775e+03 1.001429550942437796e+00 4.999999203599211905e-03 9.999998388776090152e-01
1.300203823468997598e+03 1.001726620386244715e+00 4.999999201948770837e-03 9.999998385337670603e-01
1.300205991975557481e+03 9.899111676623013611e-01 4.999999200292947789e-03 9.999998381888037802e-01
1.300208160485733970e+03 9.995451268176798187e-01 4.999999198631710669e-03 9.999998378427129575e-01
1.300210328999526837e+03 9.980967505161024711e-01 4.999999196965043864e-03 9.999998374954905955e-01
1.300212497516936537e+03 1.004946458889590888e+00 4.999999195292920487e-03 9.999998371471315872e-01
1.300214666037963070e+03 1.002991824116503006e+00 4.999999193615316251e-03 9.999998367976304925e-01
1.300216834562606209e+03 9.954778977912511762e-01 4.999999191932206002e-03 9.999998364469826484e-01
1.300219003090866181e+03 9.973913223467920641e-01 4.999999190243567190e-03 9.999998360951829479e-01
1.300221171622742531e+03 9.958634993931358981e-01 4.999999188549374661e-03 9.999998357422260620e-01
1.300223340158235942e+03 1.001295503131130804e+00 4.999999186849602394e-03 9.999998353881069946e-01
1.300225508697346186e+03 9.999034745465621432e-01 4.999999185144228704e-03 9.999998350328207497e-01
1.300227677240072580e+03 9.955342758159827499e-01 4.999999183433226704e-03 9.999998346763619983e-01
1.300229845786416263e+03 1.003373545964912017e+00 4.999999181716571241e-03 9.999998343187254113e-01
1.300232014336376551e+03 9.994911920884720358e-01 4.999999179994238895e-03 9.999998339599059927e-01
1.300234182889953445e+03 9.904011786322097777e-01 4.999999178266201043e-03 9.999998335998983023e-01
1.300236351447147172e+03 9.972989472850719572e-01 4.999999176532436002e-03 9.999998332386972333e-01
1.300238520007957732e+03 9.938591201177002787e-01 4.999999174792915148e-03 9.999998328762970123e-01
1.300240688572385125e+03 1.000243722113455469e+00 4.999999173047617665e-03 9.999998325126933096e-01
1.300242857140429123e+03 1.007114945249783400e+00 4.999999171296509726e-03 9.999998321478791308e-01
1.300245025712089955e+03 1.007279887357189319e+00 4.999999169539570514e-03 9.999998317818503679e-01
1.300247194287367620e+03 1.011017272595655214e+00 4.999999167776774875e-03 9.999998314146012479e-01
1.300249362866261890e+03 1.003158320596489128e+00 4.999999166008094187e-03 9.999998310461259976e-01
1.300251531448773221e+03 9.995536909717143148e-01 4.999999164233500694e-03 9.999998306764190659e-01
1.300253700034901158e+03 9.980247344560968514e-01 4.999999162452971845e-03 9.999998303054754567e-01
1.300255868624646155e+03 1.008948684573133470e+00 4.999999160666478148e-03 9.999998299332893970e-01
1.300258037218007757e+03 1.003500825020726017e+00 4.999999158873992718e-03 9.999998295598550024e-01
1.300260205814986193e+03 1.006918562182858246e+00 4.999999157075489531e-03 9.999998291851668331e-01
1.300262374415581689e+03 9.904382163321717725e-01 4.999999155270940833e-03 9.999998288092190046e-01
1.300264543019793791e+03 9.961582984227903559e-01 4.999999153460318868e-03 9.999998284320061881e-01
1.300266711627622954e+03 9.992392297836293347e-01 4.999999151643596748e-03 9.999998280535222772e-01
1.300268880239068494e+03 1.005036921308285036e+00 4.999999149820745850e-03 9.999998276737617209e-01
1.300271048854131095e+03 9.963186082208490557e-01 4.999999147991739286e-03 9.999998272927188570e-01
1.300273217472810757e+03 9.947039625609698232e-01 4.999999146156549300e-03 9.999998269103874682e-01
1.300275386095107478e+03 1.013521398395103024e+00 4.999999144315147269e-03 9.999998265267621145e-01
1.300277554721020579e+03 1.000968973950596030e+00 4.999999142467505438e-03 9.999998261418365786e-01
1.300279723350550739e+03 9.916052058082071019e-01 4.999999140613592581e-03 9.999998257556047543e-01
1.300281891983697733e+03 1.004974896567768727e+00 4.999999138753384413e-03 9.999998253680614235e-01
1.300284060620461787e+03 9.897599677647394012e-01 4.999999136886849709e-03 9.999998249792000360e-01
1.300286229260842447e+03 1.005652437306152835e+00 4.999999135013957242e-03 9.999998245890141524e-01
1.300288397904840394e+03 1.009885842715171123e+00 4.999999133134682729e-03 9.999998241974985547e-01
1.300290566552455175e+03 1.005993056323418733e+00 4.999999131248994075e-03 9.999998238046468035e-01
1.300292735203686789e+03 9.912561542614123367e-01 4.999999129356862658e-03 9.999998234104525707e-01
1.300294903858535235e+03 1.000368912697670254e+00 4.999999127458257253e-03 9.999998230149099721e-01
1.300297072517000515e+03 1.000652855510331785e+00 4.999999125553149237e-03 9.999998226180124572e-01
1.300299241179082856e+03 9.991621454416946824e-01 4.999999123641508253e-03 9.999998222197538089e-01
1.300301409844782256e+03 1.001503563008623532e+00 4.999999121723304810e-03 9.999998218201282540e-01
1.300303578514098263e+03 1.003406579629921858e+00 4.999999119798506815e-03 9.999998214191287982e-01
1.300305747187031557e+03 1.000725056074707853e+00 4.999999117867088248e-03 9.999998210167497792e-01
1.300307915863581911e+03 9.966874946273902580e-01 4.999999115929013548e-03 9.999998206129842027e-01
1.300310084543748872e+03 1.004589901414843389e+00 4.999999113984253223e-03 9.999998202078257403e-01
1.300312253227533120e+03 9.928459917558962733e-01 4.999999112032777783e-03 9.999998198012682860e-01
1.300314421914934201e+03 9.970981176437666571e-01 4.999999110074553402e-03 9.999998193933048451e-01
1.300316590605952115e+03 1.003664605001755250e+00 4.999999108109549721e-03 9.999998189839294227e-01
1.300318759300587089e+03 9.970220341219657723e-01 4.999999106137736384e-03 9.999998185731348022e-01
1.300320927998839124e+03 9.988238164070772918e-01 4.999999104159082164e-03 9.999998181609150993e-01
1.300323096700708220e+03 9.985588818383747123e-01 4.999999102173552368e-03 9.999998177472629868e-01
1.300325265406194376e+03 9.914712866343471376e-01 4.999999100181115770e-03 9.999998173321721362e-01
1.300327434115297137e+03 1.005228590109944697e+00 4.999999098181739411e-03 9.999998169156354422e-01
1.300329602828017414e+03 1.003431105220911723e+00 4.999999096175392066e-03 9.999998164976464654e-01
1.300331771544354297e+03 9.968836638914384540e-01 4.999999094162041642e-03 9.999998160781984335e-01
1.300333940264308467e+03 9.889774636756668569e-01 4.999999092141654312e-03 9.999998156572843522e-01
1.300336108987879470e+03 1.001129487672155927e+00 4.999999090114194515e-03 9.999998152348968938e-01
1.300338277715067761e+03 1.000241471054865716e+00 4.999999088079634495e-03 9.999998148110300633e-01
1.300340446445873113e+03 9.937135959442316979e-01 4.999999086037934352e-03 9.999998143856760890e-01
1.300342615180295297e+03 9.993344490921020062e-01 4.999999083989064598e-03 9.999998139588281987e-01
1.300344783918334542e+03 9.974854988534451739e-01 4.999999081932990537e-03 9.999998135304795088e-01
1.300346952659991075e+03 9.961356068969511313e-01 4.999999079869678342e-03 9.999998131006225810e-01
1.300349121405264668e+03 9.981239270353597925e-01 4.999999077799092452e-03 9.999998126692505318e-01
1.300351290154155095e+03 9.976714425986301649e-01 4.999999075721198172e-03 9.999998122363560338e-01
1.300353458906662809e+03 9.993571282768334285e-01 4.999999073635962542e-03 9.999998118019318705e-01
1.300355627662787583e+03 9.999113958506461453e-01 4.999999071543350868e-03 9.999998113659709364e-01
1.300357796422529191e+03 9.971497105170641362e-01 4.999999069443324118e-03 9.999998109284655712e-01
1.300359965185888313e+03 9.955788470112585387e-01 4.999999067335851068e-03 9.999998104894085582e-01
1.300362133952864269e+03 1.000812025423100549e+00 4.999999065220894420e-03 9.999998100487926811e-01
1.300364302723457286e+03 1.000582098333280046e+00 4.999999063098419481e-03 9.999998096066103903e-01
1.300366471497667590e+03 9.926017276956808910e-01 4.999999060968389822e-03 9.999998091628541363e-01
1.300368640275495181e+03 9.957039984450534176e-01 4.999999058830766410e-03 9.999998087175161476e-01
1.300370809056939606e+03 1.005494434489855982e+00 4.999999056685517154e-03 9.999998082705889857e-01
1.300372977842001319e+03 1.000199864573362296e+00 4.999999054532603890e-03 9.999998078220654341e-01
1.300375146630680092e+03 9.962482823175903279e-01 4.999999052371989321e-03 9.999998073719373881e-01
1.300377315422975926e+03 9.864171663352580000e-01 4.999999050203635283e-03 9.999998069201969653e-01
1.300379484218889274e+03 1.008350605896198182e+00 4.999999048027506214e-03 9.999998064668368380e-01
1.300381653018419456e+03 1.002570146941428098e+00 4.999999045843564818e-03 9.999998060118489018e-01
1.300383821821566926e+03 9.972550064747008891e-01 4.999999043651771197e-03 9.999998055552252740e-01
1.300385990628331456e+03 9.962315500308114302e-01 4.999999041452090655e-03 9.999998050969584051e-01
1.300388159438713274e+03 9.998331610754149779e-01 4.999999039244479825e-03 9.999998046370397464e-01
1.300390328252712607e+03 1.007195764909693203e+00 4.999999037028904879e-03 9.999998041754615263e-01
1.300392497070328545e+03 9.957558164222078956e-01 4.999999034805326786e-03 9.999998037122159733e-01
1.300394665891561772e+03 9.971533160156419440e-01 4.999999032573703914e-03 9.999998032472946496e-01
1.300396834716412513e+03 9.970369984434982458e-01 4.999999030333999832e-03 9.999998027806895617e-01
1.300399003544880316e+03 9.932316491645523104e-01 4.999999028086172040e-03 9.999998023123921609e-01
1.300401172376965405e+03 1.004272378441187774e+00 4.999999025830184976e-03 9.999998018423947865e-01
1.300403341212667556e+03 1.002651935776428083e+00 4.999999023565996140e-03 9.999998013706887789e-01
1.300405510051986994e+03 9.979437009331054709e-01 4.999999021293563897e-03 9.999998008972654784e-01
1.300407678894923947e+03 1.013526322218316400e+00 4.999999019012851820e-03 9.999998004221171133e-01
1.300409847741477734e+03 1.005187071489711537e+00 4.999999016723816539e-03 9.999997999452346908e-01
1.300412016591648808e+03 9.994038012142700822e-01 4.999999014426419024e-03 9.999997994666101064e-01
1.300414185445437397e+03 9.958015900377574781e-01 4.999999012120615038e-03 9.999997989862343672e-01
1.300416354302842819e+03 9.985730380944077833e-01 4.999999009806364685e-03 9.999997985040989246e-01
1.300418523163865984e+03 9.977924127208226412e-01 4.999999007483628063e-03 9.999997980201955627e-01
1.300420692028506210e+03 1.002982751138167705e+00 4.999999005152361807e-03 9.999997975345150669e-01
1.300422860896763723e+03 9.972112495711635827e-01 4.999999002812524282e-03 9.999997970470488884e-01
1.300425029768638296e+03 1.000995388532440522e+00 4.999999000464071253e-03 9.999997965577879233e-01
1.300427198644130613e+03 9.939265932035399320e-01 4.999998998106963688e-03 9.999997960667237340e-01
1.300429367523239989e+03 9.936758814408278573e-01 4.999998995741154750e-03 9.999997955738468836e-01
1.300431536405966654e+03 9.916374370017483342e-01 4.999998993366603674e-03 9.999997950791487122e-01
1.300433705292310606e+03 1.002930126378325681e+00 4.999998990983263621e-03 9.999997945826196721e-01
1.300435874182272073e+03 1.001911907455484307e+00 4.999998988591097294e-03 9.999997940842515476e-01
1.300438043075850373e+03 1.000514568874731891e+00 4.999998986190053521e-03 9.999997935840341245e-01
1.300440211973046416e+03 9.966925684532308427e-01 4.999998983780091534e-03 9.999997930819588543e-01
1.300442380873859747e+03 9.935657330082675598e-01 4.999998981361168833e-03 9.999997925780164110e-01
1.300444549778290366e+03 9.918636945437223629e-01 4.999998978933235111e-03 9.999997920721970246e-01
1.300446718686338272e+03 1.000534347016860170e+00 4.999998976496249602e-03 9.999997915644914803e-01
1.300448887598003466e+03 9.962340482514276951e-01 4.999998974050166335e-03 9.999997910548907853e-01
1.300451056513286176e+03 1.002368543009478197e+00 4.999998971594935872e-03 9.999997905433847256e-01
1.300453225432186400e+03 9.967825591976147148e-01 4.999998969130518313e-03 9.999997900299641973e-01
1.300455394354703685e+03 9.987290955350716093e-01 4.999998966656862484e-03 9.999997895146192084e-01
1.300457563280838485e+03 1.006564182166747035e+00 4.999998964173921548e-03 9.999997889973399889e-01
1.300459732210590573e+03 1.004924441315574679e+00 4.999998961681653004e-03 9.999997884781173241e-01
1.300461901143959949e+03 9.989398403029354778e-01 4.999998959180006544e-03 9.999997879569409998e-01
1.300464070080947067e+03 9.871875510607197590e-01 4.999998956668933597e-03 9.999997874338009130e-01
1.300466239021551473e+03 1.004292697954244140e+00 4.999998954148389060e-03 9.999997869086874047e-01
1.300468407965772940e+03 9.948973539808477762e-01 4.999998951618324361e-03 9.999997863815904831e-01
1.300470576913612149e+03 1.007552310645590588e+00 4.999998949078690059e-03 9.999997858524999339e-01
1.300472745865068646e+03 9.955735218835082279e-01 4.999998946529436716e-03 9.999997853214054322e-01
1.300474914820142885e+03 9.912123157894968672e-01 4.999998943970517494e-03 9.999997847882973190e-01
1.300477083778834185e+03 9.895375213336490283e-01 4.999998941401882953e-03 9.999997842531650472e-01
1.300479252741143000e+03 1.005894978008939900e+00 4.999998938823479316e-03 9.999997837159977365e-01
1.300481421707069330e+03 9.930061289563330007e-01 4.999998936235261482e-03 9.999997831767857281e-01
1.300483590676612948e+03 1.000493446519879814e+00 4.999998933637179142e-03 9.999997826355183639e-01
1.300485759649774081e+03 1.003088739428664500e+00 4.999998931029177654e-03 9.999997820921848746e-01
1.300487928626552730e+03 9.977231811696110064e-01 4.999998928411208444e-03 9.999997815467747131e-01
1.300490097606948893e+03 1.003711651387143133e+00 4.999998925783221207e-03 9.999997809992773323e-01
1.300492266590962572e+03 1.002045843662862090e+00 4.999998923145163032e-03 9.999997804496818521e-01
1.300494435578593539e+03 1.000014934181043813e+00 4.999998920496981011e-03 9.999997798979773922e-01
1.300496604569842020e+03 9.969303991227911332e-01 4.999998917838624837e-03 9.999997793441531835e-01
1.300498773564708017e+03 9.957941898259636826e-01 4.999998915170041601e-03 9.999997787881982347e-01
1.300500942563191302e+03 1.002188323090717148e+00 4.999998912491178393e-03 9.999997782301017768e-01
1.300503111565292556e+03 1.000007254281887192e+00 4.999998909801978836e-03 9.999997776698519303e-01
1.300505280571010871e+03 1.008156170532512830e+00 4.999998907102395224e-03 9.999997771074384811e-01
1.300507449580346929e+03 9.976710723971607964e-01 4.999998904392368576e-03 9.999997765428496610e-01
1.300509618593300502e+03 9.895631647094854655e-01 4.999998901671845984e-03 9.999997759760740346e-01
1.300511787609871590e+03 9.959333542959496466e-01 4.999998898940772804e-03 9.999997754071003886e-01
1.300513956630059965e+03 9.984096392293330124e-01 4.999998896199092657e-03 9.999997748359172878e-01
1.300516125653866311e+03 1.011807586650916857e+00 4.999998893446752635e-03 9.999997742625131858e-01
1.300518294681289944e+03 9.932105151901539086e-01 4.999998890683697225e-03 9.999997736868764253e-01
1.300520463712331093e+03 1.006239380765220792e+00 4.999998887909867448e-03 9.999997731089953490e-01
1.300522632746989757e+03 9.961365426738217899e-01 4.999998885125207793e-03 9.999997725288578554e-01
1.300524801785266163e+03 9.993180231030038829e-01 4.999998882329663615e-03 9.999997719464527313e-01
1.300526970827160312e+03 1.004103500622242073e+00 4.999998879523174199e-03 9.999997713617674311e-01
1.300529139872671522e+03 9.984581718265884698e-01 4.999998876705681432e-03 9.999997707747899645e-01
1.300531308921800473e+03 1.006539937073088975e+00 4.999998873877134140e-03 9.999997701855090071e-01
1.300533477974547395e+03 1.002230548980657776e+00 4.999998871037465535e-03 9.999997695939114584e-01
1.300535647030911605e+03 9.983293798863868140e-01 4.999998868186620975e-03 9.999997689999855499e-01
1.300537816090893330e+03 9.979235333075547887e-01 4.999998865324539743e-03 9.999997684037186252e-01
1.300539985154492797e+03 9.983713604061069669e-01 4.999998862451164594e-03 9.999997678050988048e-01
1.300542154221709779e+03 1.007910130370409441e+00 4.999998859566433078e-03 9.999997672041130992e-01
1.300544323292544505e+03 1.008805762480249557e+00 4.999998856670286214e-03 9.999997666007492958e-01
1.300546492366996517e+03 1.002356716876761533e+00 4.999998853762663287e-03 9.999997659949944051e-01
1.300548661445066500e+03 1.003818645040222224e+00 4.999998850843501846e-03 9.999997653868357705e-01
1.300550830526753998e+03 9.988975326350520989e-01 4.999998847912740310e-03 9.999997647762605135e-01
1.300552999612059239e+03 9.948626555569164420e-01 4.999998844970319697e-03 9.999997641632560885e-01
1.300555168700981994e+03 1.003158026837527972e+00 4.999998842016172354e-03 9.999997635478088398e-01
1.300557337793522720e+03 9.943854878720790325e-01 4.999998839050239299e-03 9.999997629299061108e-01
1.300559506889680733e+03 9.975059142694977510e-01 4.999998836072457216e-03 9.999997623095348009e-01
1.300561675989456489e+03 9.930139896498811902e-01 4.999998833082761919e-03 9.999997616866813654e-01
1.300563845092849760e+03 9.932354652458520450e-01 4.999998830081085754e-03 9.999997610613323706e-01
1.300566014199860774e+03 9.994817404714154696e-01 4.999998827067369742e-03 9.999997604334748269e-01
1.300568183310489985e+03 1.005531275138025427e+00 4.999998824041545359e-03 9.999997598030947454e-01
1.300570352424736029e+03 9.941633847694532067e-01 4.999998821003546687e-03 9.999997591701784705e-01
1.300572521542600498e+03 1.002958903793857548e+00 4.999998817953312143e-03 9.999997585347127904e-01
1.300574690664082482e+03 9.992341420837382859e-01 4.999998814890769736e-03 9.999997578966832723e-01
1.300576859789181981e+03 9.907159319977356660e-01 4.999998811815857883e-03 9.999997572560763714e-01
1.300579028917899223e+03 9.956088082345008194e-01 4.999998808728505460e-03 9.999997566128779880e-01
1.300581198050234207e+03 1.002225074730360488e+00 4.999998805628645682e-03 9.999997559670739111e-01
1.300583367186186933e+03 9.926075017644767629e-01 4.999998802516210025e-03 9.999997553186499299e-01
1.300585536325757403e+03 1.004684402074640825e+00 4.999998799391131704e-03 9.999997546675919446e-01
1.300587705468945614e+03 1.000310432293239460e+00 4.999998796253340462e-03 9.999997540138853003e-01
1.300589874615751569e+03 1.007666881065129916e+00 4.999998793102766043e-03 9.999997533575157860e-01
1.300592043766175493e+03 1.004221632904379824e+00 4.999998789939339924e-03 9.999997526984685248e-01
1.300594212920216705e+03 1.007184275682277752e+00 4.999998786762991851e-03 9.999997520367293058e-01
1.300596382077875887e+03 1.001390181705314131e+00 4.999998783573647229e-03 9.999997513722824749e-01
1.300598551239152812e+03 1.000085646276615448e+00 4.999998780371238405e-03 9.999997507051141543e-01
1.300600720404047706e+03 1.001257601652834728e+00 4.999998777155692520e-03 9.999997500352085789e-01
1.300602889572560116e+03 1.003366575283489492e+00 4.999998773926934981e-03 9.999997493625508715e-01
1.300605058744690268e+03 9.997156058363614317e-01 4.999998770684894664e-03 9.999997486871257113e-01
1.300607227920438618e+03 1.007707259335715921e+00 4.999998767429497844e-03 9.999997480089181101e-01
1.300609397099804482e+03 1.001816738622422598e+00 4.999998764160670794e-03 9.999997473279125249e-01
1.300611566282788090e+03 9.995256373847840603e-01 4.999998760878337188e-03 9.999997466440930793e-01
1.300613735469389667e+03 1.009032940329907646e+00 4.999998757582424166e-03 9.999997459574443415e-01
1.300615904659608987e+03 1.001286184236320542e+00 4.999998754272855402e-03 9.999997452679508791e-01
1.300618073853446049e+03 9.963883390033885235e-01 4.999998750949552831e-03 9.999997445755962611e-01
1.300620243050901081e+03 1.001443820282925001e+00 4.999998747612442729e-03 9.999997438803649441e-01
1.300622412251974083e+03 1.013910700368048978e+00 4.999998744261446165e-03 9.999997431822407190e-01
1.300624581456664600e+03 9.917575809371668161e-01 4.999998740896485945e-03 9.999997424812073765e-01
1.300626750664972860e+03 9.999745433688707053e-01 4.999998737517484873e-03 9.999997417772487074e-01
1.300628919876899317e+03 9.964591835091767269e-01 4.999998734124363152e-03 9.999997410703482803e-01
1.300631089092443517e+03 1.001103475809014931e+00 4.999998730717040984e-03 9.999997403604894419e-01
1.300633258311605459e+03 1.002453336336809553e+00 4.999998727295435971e-03 9.999997396476553169e-01
1.300635427534385371e+03 1.005064044523845901e+00 4.999998723859472652e-03 9.999997389318295848e-01
1.300637596760783254e+03 9.967416507670675552e-01 4.999998720409068627e-03 9.999997382129951484e-01
1.300639765990798878e+03 9.929987403073606833e-01 4.999998716944138895e-03 9.999997374911349102e-01
1.300641935224432700e+03 1.006453910210086899e+00 4.999998713464602791e-03 9.999997367662316616e-01
1.300644104461683810e+03 9.999120755935514415e-01 4.999998709970379651e-03 9.999997360382686384e-01
1.300646273702553344e+03 1.002099123909999889e+00 4.999998706461384473e-03 9.999997353072277440e-01
1.300648442947040621e+03 1.003435117484833716e+00 4.999998702937533991e-03 9.999997345730922138e-01
1.300650612195145641e+03 1.003474359153717632e+00 4.999998699398742336e-03 9.999997338358438403e-01
1.300652781446868630e+03 9.995764102890670744e-01 4.999998695844924505e-03 9.999997330954653041e-01
1.300654950702209817e+03 1.002811470931347371e+00 4.999998692275996366e-03 9.999997323519383974e-01
1.300657119961168746e+03 9.950914714387975035e-01 4.999998688691868580e-03 9.999997316052452456e-01
1.300659289223745645e+03 9.881525844877070419e-01 4.999998685092457013e-03 9.999997308553677522e-01
1.300661458489940287e+03 1.005500828931056967e+00 4.999998681477671458e-03 9.999997301022874874e-01
1.300663627759752899e+03 1.001914621085098211e+00 4.999998677847425181e-03 9.999997293459863545e-01
1.300665797033183708e+03 9.928595542198197510e-01 4.999998674201629710e-03 9.999997285864454799e-01
1.300667966310232487e+03 9.951598270815906755e-01 4.999998670540192237e-03 9.999997278236459897e-01
1.300670135590899008e+03 9.900155282017573111e-01 4.999998666863026027e-03 9.999997270575697872e-01
1.300672304875183499e+03 9.989481900304451045e-01 4.999998663170040006e-03 9.999997262881976656e-01
1.300674474163086188e+03 9.969783737363765441e-01 4.999998659461140499e-03 9.999997255155103071e-01
1.300676643454606847e+03 1.011291802975733622e+00 4.999998655736237300e-03 9.999997247394887268e-01
1.300678812749745020e+03 1.005242324768961470e+00 4.999998651995235868e-03 9.999997239601132737e-01
1.300680982048501846e+03 9.992192067238143682e-01 4.999998648238041660e-03 9.999997231773647410e-01
1.300683151350876415e+03 9.952401915222001128e-01 4.999998644464564469e-03 9.999997223912236999e-01
1.300685320656868726e+03 1.000865378876405254e+00 4.999998640674705418e-03 9.999997216016696111e-01
1.300687489966479461e+03 1.001263459957572488e+00 4.999998636868371697e-03 9.999997208086833789e-01
1.300689659279707939e+03 1.001950811657451590e+00 4.999998633045465296e-03 9.999997200122445751e-01
1.300691828596554615e+03 1.004788284196042047e+00 4.999998629205889937e-03 9.999997192123328826e-01
1.300693997917019260e+03 9.944923194985990644e-01 4.999998625349546741e-03 9.999997184089280955e-01
1.300696167241101875e+03 1.002119549198487336e+00 4.999998621476336828e-03 9.999997176020094525e-01
1.300698336568802688e+03 9.973807278229273043e-01 4.999998617586164790e-03 9.999997167915568586e-01
1.300700505900121470e+03 1.004166141855828531e+00 4.999998613678925674e-03 9.999997159775487754e-01
1.300702675235058223e+03 1.000234492208730952e+00 4.999998609754521470e-03 9.999997151599645528e-01
1.300704844573613173e+03 9.985345415062224506e-01 4.999998605812850695e-03 9.999997143387829857e-01
1.300707013915786092e+03 1.005369056464563204e+00 4.999998601853811002e-03 9.999997135139832016e-01
1.300709183261576982e+03 1.005211856164896167e+00 4.999998597877298306e-03 9.999997126855431073e-01
1.300711352610986296e+03 1.005147236337956107e+00 4.999998593883210260e-03 9.999997118534412754e-01
1.300713521964013353e+03 9.965273756919517112e-01 4.999998589871442779e-03 9.999997110176565007e-01
1.300715691320658607e+03 9.984163456945288617e-01 4.999998585841888311e-03 9.999997101781659126e-01
1.300717860680922058e+03 1.003951257564062560e+00 4.999998581794442773e-03 9.999997093349481947e-01
1.300720030044803480e+03 1.002949488253567889e+00 4.999998577729000346e-03 9.999997084879808096e-01
1.300722199412303098e+03 1.001142649416004726e+00 4.999998573645450875e-03 9.999997076372414417e-01
1.300724368783420687e+03 9.967997125347349829e-01 4.999998569543685940e-03 9.999997067827071096e-01
1.300726538158156472e+03 1.000427019608958412e+00 4.999998565423598856e-03 9.999997059243556086e-01
1.300728707536510683e+03 1.005085172289124085e+00 4.999998561285076866e-03 9.999997050621634020e-01
1.300730876918482636e+03 1.003578699910921079e+00 4.999998557128009814e-03 9.999997041961078414e-01
1.300733046304072786e+03 9.957002631154833194e-01 4.999998552952288414e-03 9.999997033261657231e-01
1.300735215693281134e+03 1.003625929952343343e+00 4.999998548757792968e-03 9.999997024523128442e-01
1.300737385086107679e+03 9.989841415581206530e-01 4.999998544544419395e-03 9.999997015745265561e-01
1.300739554482552194e+03 9.903330111165701277e-01 4.999998540312047997e-03 9.999997006927824339e-01
1.300741723882615133e+03 1.008968002353585636e+00 4.999998536060563416e-03 9.999996998070566079e-01
1.300743893286296270e+03 1.000196181012665164e+00 4.999998531789851160e-03 9.999996989173247641e-01
1.300746062693595377e+03 9.966529216366911692e-01 4.999998527499794135e-03 9.999996980235629218e-01
1.300748232104512681e+03 1.006813635883980096e+00 4.999998523190273512e-03 9.999996971257461009e-01
1.300750401519048410e+03 1.004180116498532005e+00 4.999998518861172199e-03 9.999996962238499876e-01
1.300752570937202108e+03 1.004424486073681289e+00 4.999998514512368764e-03 9.999996953178491577e-01
1.300754740358974004e+03 9.966004709672575679e-01 4.999998510143744378e-03 9.999996944077189642e-01
1.300756909784364325e+03 9.963456475775562815e-01 4.999998505755174141e-03 9.999996934934335391e-01
1.300759079213372388e+03 1.007487186397959089e+00 4.999998501346539226e-03 9.999996925749681242e-01
1.300761248645999103e+03 1.000167771046507781e+00 4.999998496917713864e-03 9.999996916522961854e-01
1.300763418082244016e+03 9.905738695268931915e-01 4.999998492468576625e-03 9.999996907253925205e-01
1.300765587522107126e+03 1.000999840259549023e+00 4.999998487999000006e-03 9.999996897942307061e-01
1.300767756965588205e+03 9.975261651041351652e-01 4.999998483508859108e-03 9.999996888587847632e-01
1.300769926412687710e+03 9.943031582874184426e-01 4.999998478998023826e-03 9.999996879190273802e-01
1.300772095863405639e+03 1.002090361176012800e+00 4.999998474466368394e-03 9.999996869749324668e-01
1.300774265317741538e+03 1.002113597399258982e+00 4.999998469913765307e-03 9.999996860264733778e-01
1.300776434775696089e+03 9.978132375302276591e-01 4.999998465340080127e-03 9.999996850736223575e-01
1.300778604237268610e+03 1.001905636816692313e+00 4.999998460745183615e-03 9.999996841163522054e-01
1.300780773702459328e+03 1.007425972220635124e+00 4.999998456128943933e-03 9.999996831546356102e-01
1.300782943171268244e+03 1.002488311382079722e+00 4.999998451491227507e-03 9.999996821884445941e-01
1.300785112643695811e+03 1.005799412453966646e+00 4.999998446831899028e-03 9.999996812177511796e-01
1.300787282119741349e+03 1.004510364173598180e+00 4.999998442150824056e-03 9.999996802425273890e-01
1.300789451599405538e+03 9.988497566191506527e-01 4.999998437447865547e-03 9.999996792627443565e-01
1.300791621082687698e+03 9.998449082423771506e-01 4.999998432722887326e-03 9.999996782783737714e-01
1.300793790569588282e+03 9.954903051208103815e-01 4.999998427975748012e-03 9.999996772893865460e-01
1.300795960060107063e+03 1.003508593894540279e+00 4.999998423206312298e-03 9.999996762957538143e-01
1.300798129554244269e+03 9.987173183398965204e-01 4.999998418414434466e-03 9.999996752974460446e-01
1.300800299051999900e+03 1.003845906814290201e+00 4.999998413599974871e-03 9.999996742944337047e-01
1.300802468553373956e+03 9.993497369574843026e-01 4.999998408762792133e-03 9.999996732866872629e-01
1.300804638058365981e+03 1.008309979289848890e+00 4.999998403902737934e-03 9.999996722741759658e-01
1.300806807566976431e+03 1.003572373036837106e+00 4.999998399019668291e-03 9.999996712568698376e-01
1.300808977079205306e+03 9.950984717585107386e-01 4.999998394113440089e-03 9.999996702347389022e-01
1.300811146595052833e+03 9.979469616614697891e-01 4.999998389183903276e-03 9.999996692077519622e-01
1.300813316114518329e+03 9.892996968391504220e-01 4.999998384230906062e-03 9.999996681758777095e-01
1.300815485637602251e+03 9.890915753153830536e-01 4.999998379254302731e-03 9.999996671390851688e-01
1.300817655164304824e+03 1.002992032442345804e+00 4.999998374253940628e-03 9.999996660973431428e-01
1.300819824694625595e+03 1.000923143617207245e+00 4.999998369229667096e-03 9.999996650506194351e-01
1.300821994228564563e+03 1.007968359518816914e+00 4.999998364181326878e-03 9.999996639988818492e-01
1.300824163766122183e+03 9.993371413672353931e-01 4.999998359108767318e-03 9.999996629420987437e-01
1.300826333307298000e+03 9.912890954023975132e-01 4.999998354011831424e-03 9.999996618802369230e-01
1.300828502852092470e+03 1.001996550149431231e+00 4.999998348890360468e-03 9.999996608132638576e-01
1.300830672400505364e+03 9.949188516344859012e-01 4.999998343744198326e-03 9.999996597411466848e-01
1.300832841952536455e+03 1.003221742806576167e+00 4.999998338573181933e-03 9.999996586638516538e-01
1.300835011508185971e+03 1.005397809354455774e+00 4.999998333377150828e-03 9.999996575813451249e-01
1.300837181067453912e+03 9.978270363672068211e-01 4.999998328155945415e-03 9.999996564935939025e-01
1.300839350630340505e+03 1.001181031891574813e+00 4.999998322909396560e-03 9.999996554005630145e-01
1.300841520196845295e+03 9.979428677170877338e-01 4.999998317637342933e-03 9.999996543022184881e-01
1.300843689766968510e+03 9.976407175487178591e-01 4.999998312339615399e-03 9.999996531985253512e-01
1.300845859340710376e+03 9.984869866672752003e-01 4.999998307016048291e-03 9.999996520894487428e-01
1.300848028918070895e+03 9.954470456996041827e-01 4.999998301666469872e-03 9.999996509749532470e-01
1.300850198499049384e+03 1.001484830087636668e+00 4.999998296290711006e-03 9.999996498550034474e-01
1.300852368083646752e+03 1.001080093550503980e+00 4.999998290888598221e-03 9.999996487295632619e-01
1.300854537671862317e+03 1.003169050622184644e+00 4.999998285459958045e-03 9.999996475985966082e-01
1.300856707263696535e+03 1.005407420391384976e+00 4.999998280004616137e-03 9.999996464620668490e-01
1.300858876859149177e+03 1.005715383979362887e+00 4.999998274522394690e-03 9.999996453199374580e-01
1.300861046458220244e+03 9.958960988997717090e-01 4.999998269013115892e-03 9.999996441721712426e-01
1.300863216060909963e+03 1.001096246515986277e+00 4.999998263476601069e-03 9.999996430187305663e-01
1.300865385667218106e+03 9.902334076117250694e-01 4.999998257912669809e-03 9.999996418595781256e-01
1.300867555277144675e+03 9.980785586438355450e-01 4.999998252321139099e-03 9.999996406946758398e-01
1.300869724890689895e+03 9.995045027630575785e-01 4.999998246701823322e-03 9.999996395239850733e-01
1.300871894507853540e+03 9.922761274189415559e-01 4.999998241054538599e-03 9.999996383474674122e-01
1.300874064128636064e+03 9.984024587423971919e-01 4.999998235379095844e-03 9.999996371650835547e-01
1.300876233753036786e+03 1.001785536986043335e+00 4.999998229675310310e-03 9.999996359767948650e-01
1.300878403381056160e+03 1.001568672238128732e+00 4.999998223942987707e-03 9.999996347825609311e-01
1.300880573012693731e+03 9.997315555601008485e-01 4.999998218181937217e-03 9.999996335823422289e-01
1.300882742647950408e+03 9.976777903794246116e-01 4.999998212391967151e-03 9.999996323760982353e-01
1.300884912286825283e+03 1.006858660920828541e+00 4.999998206572879751e-03 9.999996311637884272e-01
1.300887081929318811e+03 9.976923066811896890e-01 4.999998200724480729e-03 9.999996299453718374e-01
1.300889251575430990e+03 9.978497858450263713e-01 4.999998194846568857e-03 9.999996287208068324e-01
1.300891421225161821e+03 9.979626598183621855e-01 4.999998188938945508e-03 9.999996274900521120e-01
1.300893590878511077e+03 1.002233728392369905e+00 4.999998183001410322e-03 9.999996262530654878e-01
1.300895760535478757e+03 1.000106594480553834e+00 4.999998177033756000e-03 9.999996250098043271e-01
1.300897930196065545e+03 1.006546278104357928e+00 4.999998171035782181e-03 9.999996237602262195e-01
1.300900099860270757e+03 1.004298293171193235e+00 4.999998165007276361e-03 9.999996225042876441e-01
1.300902269528094166e+03 1.003831739330333983e+00 4.999998158948032977e-03 9.999996212419451913e-01
1.300904439199536682e+03 9.947481723906566042e-01 4.999998152857842125e-03 9.999996199731553403e-01
1.300906608874597623e+03 9.984611714199975729e-01 4.999998146736488701e-03 9.999996186978734602e-01
1.300908778553277216e+03 9.988185236124843547e-01 4.999998140583757598e-03 9.999996174160546980e-01
1.300910948235575233e+03 9.996325382105365476e-01 4.999998134399437182e-03 9.999996161276545337e-01
1.300913117921492130e+03 9.990174063504437818e-01 4.999998128183308875e-03 9.999996148326276701e-01
1.300915287611027679e+03 1.002152723399986511e+00 4.999998121935148032e-03 9.999996135309274781e-01
1.300917457304181880e+03 1.009934192999916602e+00 4.999998115654736078e-03 9.999996122225083273e-01
1.300919627000954733e+03 1.004545550710588042e+00 4.999998109341848365e-03 9.999996109073234773e-01
1.300921796701346011e+03 1.003813146154543423e+00 4.999998102996262850e-03 9.999996095853262990e-01
1.300923966405356396e+03 9.924837256394822838e-01 4.999998096617746211e-03 9.999996082564687194e-01
1.300926136112984977e+03 1.000853220491611406e+00 4.999998090206072068e-03 9.999996069207032212e-01
1.300928305824232439e+03 9.992349335259033127e-01 4.999998083761007101e-03 9.999996055779813986e-01
1.300930475539098779e+03 1.000647756031984859e+00 4.999998077282321457e-03 9.999996042282550679e-01
1.300932645257583772e+03 9.978365096593997396e-01 4.999998070769774011e-03 9.999996028714746021e-01
1.300934814979687417e+03 9.997608171811056543e-01 4.999998064223130576e-03 9.999996015075904854e-01
1.300936984705409714e+03 9.927888329817335933e-01 4.999998057642150023e-03 9.999996001365527576e-01
1.300939154434750662e+03 9.967421640224640722e-01 4.999998051026591228e-03 9.999995987583112367e-01
1.300941324167710491e+03 1.008819281338931617e+00 4.999998044376209594e-03 9.999995973728150744e-01
1.300943493904288744e+03 9.970268639990189641e-01 4.999998037690757922e-03 9.999995959800127565e-01
1.300945663644485876e+03 9.993074293573352973e-01 4.999998030969988148e-03 9.999995945798522134e-01
1.300947833388301888e+03 1.001057963910186421e+00 4.999998024213649604e-03 9.999995931722818199e-01
1.300950003135736324e+03 9.985662670463788526e-01 4.999998017421491622e-03 9.999995917572487292e-01
1.300952172886789867e+03 1.003242080902326139e+00 4.999998010593254862e-03 9.999995903346994286e-01
1.300954342641462290e+03 1.004564533077140887e+00 4.999998003728683450e-03 9.999995889045804054e-01
1.300956512399752910e+03 9.994496671798415166e-01 4.999997996827518047e-03 9.999995874668377027e-01
1.300958682161662864e+03 1.000012356304557759e+00 4.999997989889496709e-03 9.999995860214166976e-01
1.300960851927191015e+03 9.951677745924747409e-01 4.999997982914356626e-03 9.999995845682623230e-01
1.300963021696338501e+03 1.008956073531111386e+00 4.999997975901828047e-03 9.999995831073187347e-01
1.300965191469104639e+03 9.990172354154256418e-01 4.999997968851642091e-03 9.999995816385300884e-01
1.300967361245489201e+03 9.993386893395942439e-01 4.999997961763527274e-03 9.999995801618395408e-01
1.300969531025493097e+03 9.976496803511174516e-01 4.999997954637211244e-03 9.999995786771902484e-01
1.300971700809115418e+03 1.005992050537791060e+00 4.999997947472414710e-03 9.999995771845243686e-01
1.300973870596356619e+03 9.999529895440603111e-01 4.999997940268860117e-03 9.999995756837837257e-01
1.300976040387216472e+03 9.977312281790498005e-01 4.999997933026266439e-03 9.999995741749099221e-01
1.300978210181695431e+03 1.000455208615834479e+00 4.999997925744345713e-03 9.999995726578433386e-01
1.300980379979793270e+03 1.003458948786395410e+00 4.999997918422816913e-03 9.999995711325244674e-01
1.300982549781509761e+03 9.953972273638775903e-01 4.999997911061385136e-03 9.999995695988929123e-01
1.300984719586845358e+03 1.001660954573083684e+00 4.999997903659759817e-03 9.999995680568878331e-01
1.300986889395799608e+03 1.001949746889610360e+00 4.999997896217648653e-03 9.999995665064478345e-01
1.300989059208372282e+03 9.911736269440529767e-01 4.999997888734750671e-03 9.999995649475108550e-01
1.300991229024564291e+03 1.002772482188593939e+00 4.999997881210767499e-03 9.999995633800142780e-01
1.300993398844375406e+03 9.989370484106157022e-01 4.999997873645395559e-03 9.999995618038951539e-01
1.300995568667804946e+03 9.941686104330588192e-01 4.999997866038328673e-03 9.999995602190894228e-01
1.300997738494853365e+03 1.002421469392524855e+00 4.999997858389258927e-03 9.999995586255332469e-01
1.300999908325520892e+03 9.962758991021550825e-01 4.999997850697873204e-03 9.999995570231613451e-01
1.301002078159807297e+03 1.000151524173848561e+00 4.999997842963860122e-03 9.999995554119083252e-01
1.301004247997712355e+03 1.000146749301204618e+00 4.999997835186897888e-03 9.999995537917080179e-01
1.301006417839236519e+03 1.000580422518635215e+00 4.999997827366669916e-03 9.999995521624936989e-01
1.301008587684379563e+03 1.004786716013103876e+00 4.999997819502850077e-03 9.999995505241979776e-01
1.301010757533141259e+03 9.855785270141330656e-01 4.999997811595113979e-03 9.999995488767530194e-01
1.301012927385522062e+03 1.001471819552349540e+00 4.999997803643130290e-03 9.999995472200897684e-01
1.301015097241521971e+03 1.002227275886328428e+00 4.999997795646568544e-03 9.999995455541391687e-01
1.301017267101140760e+03 1.006022845286326461e+00 4.999997787605093072e-03 9.999995438788316093e-01
1.301019436964378201e+03 1.001653139964042483e+00 4.999997779518361267e-03 9.999995421940960361e-01
1.301021606831234976e+03 9.927136287179092466e-01 4.999997771386035725e-03 9.999995404998613946e-01
1.301023776701710403e+03 1.005277622645636137e+00 4.999997763207767766e-03 9.999995387960556315e-01
1.301025946575804710e+03 9.969699895601606965e-01 4.999997754983209579e-03 9.999995370826060270e-01
1.301028116453518123e+03 9.907831880703836802e-01 4.999997746712010749e-03 9.999995353594395286e-01
1.301030286334850871e+03 9.996702163479659342e-01 4.999997738393813056e-03 9.999995336264817514e-01
1.301032456219802043e+03 9.970612584186487881e-01 4.999997730028260014e-03 9.999995318836581992e-01
1.301034626108372549e+03 9.977167842743482895e-01 4.999997721614989933e-03 9.999995301308934881e-01
1.301036796000561935e+03 9.937395435690203893e-01 4.999997713153635052e-03 9.999995283681112346e-01
1.301038965896369973e+03 1.001302126637618306e+00 4.999997704643830213e-03 9.999995265952351664e-01
1.301041135795797572e+03 1.001162744572079211e+00 4.999997696085196376e-03 9.999995248121864577e-01
1.301043305698843824e+03 1.001247246772011934e+00 4.999997687477363180e-03 9.999995230188878370e-01
1.301045475605509182e+03 9.997655700845006210e-01 4.999997678819946383e-03 9.999995212152594792e-01
1.301047645515793420e+03 9.906332385092121440e-01 4.999997670112566947e-03 9.999995194012217814e-01
1.301049815429696764e+03 1.002252503382902837e+00 4.999997661354832826e-03 9.999995175766939193e-01
1.301051985347219443e+03 1.002720407565955263e+00 4.999997652546356308e-03 9.999995157415945135e-01
1.301054155268360773e+03 9.974344215297841210e-01 4.999997643686741010e-03 9.999995138958412966e-01
1.301056325193121211e+03 9.947680667031461033e-01 4.999997634775586210e-03 9.999995120393508907e-01
1.301058495121500755e+03 1.003232511944303518e+00 4.999997625812493789e-03 9.999995101720398072e-01
1.301060665053499406e+03 9.999215462711490421e-01 4.999997616797053485e-03 9.999995082938231139e-01
1.301062834989116709e+03 1.009225489635812600e+00 4.999997607728855903e-03 9.999995064046152127e-01
1.301065004928353574e+03 9.960717004054344681e-01 4.999997598607486445e-03 9.999995045043299502e-01
1.301067174871209318e+03 1.001597202668202069e+00 4.999997589432526174e-03 9.999995025928798409e-01
1.301069344817684168e+03 9.937329975075357424e-01 4.999997580203552686e-03 9.999995006701769551e-01
1.301071514767778126e+03 1.006466658178408746e+00 4.999997570920138371e-03 9.999994987361322529e-01
1.301073684721491190e+03 9.947263028892046055e-01 4.999997561581852150e-03 9.999994967906559173e-01
1.301075854678823362e+03 9.946277390701780963e-01 4.999997552188257741e-03 9.999994948336572431e-01
1.301078024639774412e+03 1.001239486618394681e+00 4.999997542738916258e-03 9.999994928650443038e-01
1.301080194604344797e+03 1.001279168020650090e+00 4.999997533233384479e-03 9.999994908847250619e-01
1.301082364572534061e+03 1.002928995825384195e+00 4.999997523671210510e-03 9.999994888926055925e-01
1.301084534544342660e+03 1.004464182643660664e+00 4.999997514051942454e-03 9.999994868885913046e-01
1.301086704519770365e+03 1.004408416742831767e+00 4.999997504375124947e-03 9.999994848725874963e-01
1.301088874498817177e+03 1.001147504750085293e+00 4.999997494640289614e-03 9.999994828444970230e-01
1.301091044481482868e+03 1.003531399639763233e+00 4.999997484846975884e-03 9.999994808042231842e-01
1.301093214467768121e+03 9.966619763668378429e-01 4.999997474994708445e-03 9.999994787516672812e-01
1.301095384457672253e+03 1.004509987800774384e+00 4.999997465083010247e-03 9.999994766867302820e-01
1.301097554451195720e+03 1.006918999877651322e+00 4.999997455111402506e-03 9.999994746093119335e-01
1.301099724448338293e+03 9.915926767422929000e-01 4.999997445079397765e-03 9.999994725193108724e-01
1.301101894449099973e+03 9.982538718611632111e-01 4.999997434986502495e-03 9.999994704166244031e-01
1.301104064453480760e+03 9.948196608900600202e-01 4.999997424832224903e-03 9.999994683011499408e-01
1.301106234461480881e+03 9.973968231527772232e-01 4.999997414616059316e-03 9.999994661727820144e-01
1.301108404473099881e+03 1.000004164211617752e+00 4.999997404337502664e-03 9.999994640314160410e-01
1.301110574488338216e+03 1.002432145580111511e+00 4.999997393996040602e-03 9.999994618769445509e-01
1.301112744507195885e+03 9.892830990973369154e-01 4.999997383591157050e-03 9.999994597092604076e-01
1.301114914529672660e+03 1.002959769863434936e+00 4.999997373122328989e-03 9.999994575282548093e-01
1.301117084555768770e+03 9.930640630076593700e-01 4.999997362589030797e-03 9.999994553338176217e-01
1.301119254585483986e+03 9.953528916696825490e-01 4.999997351990728180e-03 9.999994531258378228e-01
1.301121424618818537e+03 9.953141850880584673e-01 4.999997341326882505e-03 9.999994509042032798e-01
1.301123594655771967e+03 9.964837534971406896e-01 4.999997330596949070e-03 9.999994486688004169e-01
1.301125764696344959e+03 1.003408223083252837e+00 4.999997319800378835e-03 9.999994464195147703e-01
1.301127934740537285e+03 9.946199618567450607e-01 4.999997308936614954e-03 9.999994441562307657e-01
1.301130104788348717e+03 9.959735838595404900e-01 4.999997298005097110e-03 9.999994418788311634e-01
1.301132274839779029e+03 1.000655953474868687e+00 4.999997287005256315e-03 9.999994395871976138e-01
1.301134444894828903e+03 9.905951405846940006e-01 4.999997275936521844e-03 9.999994372812113230e-01
1.301136614953498338e+03 1.000655171806403176e+00 4.999997264798311698e-03 9.999994349607508326e-01
1.301138785015786652e+03 1.008342154534505264e+00 4.999997253590042143e-03 9.999994326256944621e-01
1.301140955081694301e+03 9.977273316621261268e-01 4.999997242311119902e-03 9.999994302759189768e-01
1.301143125151221284e+03 9.991973672314395927e-01 4.999997230960948232e-03 9.999994279112996987e-01
1.301145295224367601e+03 9.969362368270860975e-01 4.999997219538920845e-03 9.999994255317107283e-01
1.301147465301133252e+03 9.871774186116497596e-01 4.999997208044429722e-03 9.999994231370250564e-01
1.301149635381518010e+03 1.005960744107956550e+00 4.999997196476856434e-03 9.999994207271140079e-01
1.301151805465522102e+03 1.002308000580812930e+00 4.999997184835577348e-03 9.999994183018472427e-01
1.301153975553145528e+03 1.006334003255473064e+00 4.999997173119961891e-03 9.999994158610940875e-01
1.301156145644388516e+03 9.960560553755184454e-01 4.999997161329372553e-03 9.999994134047212047e-01
1.301158315739250384e+03 9.912544553687058224e-01 4.999997149463164016e-03 9.999994109325944791e-01
1.301160485837732040e+03 9.953089882463631577e-01 4.999997137520685760e-03 9.999994084445782416e-01
1.301162655939832575e+03 9.983939176045496522e-01 4.999997125501282925e-03 9.999994059405358238e-01
1.301164826045552900e+03 1.007280135707455671e+00 4.999997113404285910e-03 9.999994034203281146e-01
1.301166996154892558e+03 1.005212740149706185e+00 4.999997101229024243e-03 9.999994008838152260e-01
1.301169166267851097e+03 9.939627759646065819e-01 4.999997088974817046e-03 9.999993983308552714e-01
1.301171336384429424e+03 9.977578305472685205e-01 4.999997076640979969e-03 9.999993957613056983e-01
1.301173506504626857e+03 9.966074839470835389e-01 4.999997064226813920e-03 9.999993931750210674e-01
1.301175676628443625e+03 9.984837800724314372e-01 4.999997051731619804e-03 9.999993905718556064e-01
1.301177846755879955e+03 9.973199385475906009e-01 4.999997039154685519e-03 9.999993879516611006e-01
1.301180016886935846e+03 1.003540183387708007e+00 4.999997026495294622e-03 9.999993853142878919e-01
1.301182187021610844e+03 1.005366199151827455e+00 4.999997013752722000e-03 9.999993826595851010e-01
1.301184357159905403e+03 1.005775123749006683e+00 4.999997000926232997e-03 9.999993799873998501e-01
1.301186527301819069e+03 1.002650984194981998e+00 4.999996988015083417e-03 9.999993772975770412e-01
1.301188697447352297e+03 9.960649434188302287e-01 4.999996975018527329e-03 9.999993745899612430e-01
1.301190867596504859e+03 9.882639849104342122e-01 4.999996961935804923e-03 9.999993718643939156e-01
1.301193037749276982e+03 1.008235620984710756e+00 4.999996948766148586e-03 9.999993691207154090e-01
1.301195207905668667e+03 1.000251490357112250e+00 4.999996935508782027e-03 9.999993663587639636e-01
1.301197378065679459e+03 1.002962180036489848e+00 4.999996922162923754e-03 9.999993635783767099e-01
1.301199548229309812e+03 1.000822948753838926e+00 4.999996908727778397e-03 9.999993607793881134e-01
1.301201718396559954e+03 9.924484285591286259e-01 4.999996895202542778e-03 9.999993579616308637e-01
1.301203888567429203e+03 1.000177369315206510e+00 4.999996881586411118e-03 9.999993551249364288e-01
1.301206058741918014e+03 1.002985166575875997e+00 4.999996867878559424e-03 9.999993522691340564e-01
1.301208228920025931e+03 1.004044138924907514e+00 4.999996854078160233e-03 9.999993493940507738e-01
1.301210399101753637e+03 9.978071606562616269e-01 4.999996840184373070e-03 9.999993464995118320e-01
1.301212569287100905e+03 9.892124439840779271e-01 4.999996826196352259e-03 9.999993435853407053e-01
1.301214739476067507e+03 1.004144649322571636e+00 4.999996812113237377e-03 9.999993406513582039e-01
1.301216909668653443e+03 9.958600864989906043e-01 4.999996797934161061e-03 9.999993376973840276e-01
1.301219079864859168e+03 9.996801268608138669e-01 4.999996783658246409e-03 9.999993347232351004e-01
1.301221250064684227e+03 9.918416624932757664e-01 4.999996769284605243e-03 9.999993317287264594e-01
1.301223420268128848e+03 1.003224003712153811e+00 4.999996754812340710e-03 9.999993287136712539e-01
1.301225590475193030e+03 1.000303963954859432e+00 4.999996740240542949e-03 9.999993256778800799e-01
1.301227760685876547e+03 9.992558208560402555e-01 4.999996725568294290e-03 9.999993226211613129e-01
1.301229930900179625e+03 9.978162396774693521e-01 4.999996710794664054e-03 9.999993195433217741e-01
1.301232101118102491e+03 9.994796652557327299e-01 4.999996695918714623e-03 9.999993164441655091e-01
1.301234271339644692e+03 1.001509842409233020e+00 4.999996680939491032e-03 9.999993133234938991e-01
1.301236441564806228e+03 9.955353876238415278e-01 4.999996665856034847e-03 9.999993101811069929e-01
1.301238611793587552e+03 9.962292921027267045e-01 4.999996650667369417e-03 9.999993070168018416e-01
1.301240782025988665e+03 9.953333179973705702e-01 4.999996635372512890e-03 9.999993038303731652e-01
1.301242952262008885e+03 1.001647849383600741e+00 4.999996619970466065e-03 9.999993006216133518e-01
1.301245122501648893e+03 9.975415319508907919e-01 4.999996604460221934e-03 9.999992973903124582e-01
1.301247292744908464e+03 1.003952017519171847e+00 4.999996588840761348e-03 9.999992941362579879e-01
1.301249462991787595e+03 1.001166608644986633e+00 4.999996573111049544e-03 9.999992908592346685e-01
1.301251633242286061e+03 9.965450093162773193e-01 4.999996557270043954e-03 9.999992875590251185e-01
1.301253803496404316e+03 1.003732434386971795e+00 4.999996541316688130e-03 9.999992842354092915e-01
1.301255973754142360e+03 9.972028580054898006e-01 4.999996525249910014e-03 9.999992808881639217e-01
1.301258144015499738e+03 1.008839036623621732e+00 4.999996509068632342e-03 9.999992775170640780e-01
1.301260314280476905e+03 1.005498270035750208e+00 4.999996492771755299e-03 9.999992741218812764e-01
1.301262484549073633e+03 1.003043138698883174e+00 4.999996476358173000e-03 9.999992707023850347e-01
1.301264654821289696e+03 9.927507766036861581e-01 4.999996459826763079e-03 9.999992672583412068e-01
1.301266825097125775e+03 1.001278978194058089e+00 4.999996443176390158e-03 9.999992637895133152e-01
1.301268995376581643e+03 1.006484929322046362e+00 4.999996426405905851e-03 9.999992602956624399e-01
1.301271165659656617e+03 1.003883265147257564e+00 4.999996409514147894e-03 9.999992567765459972e-01
1.301273335946351608e+03 1.007863030701259488e+00 4.999996392499939275e-03 9.999992532319190719e-01
1.301275506236666160e+03 1.000099356934214700e+00 4.999996375362086506e-03 9.999992496615330850e-01
1.301277676530600047e+03 1.008047440094904657e+00 4.999996358099385689e-03 9.999992460651370152e-01
1.301279846828153723e+03 1.003158986609775871e+00 4.999996340710616445e-03 9.999992424424766213e-01
1.301282017129327414e+03 1.006002525072962506e+00 4.999996323194543651e-03 9.999992387932948867e-01
1.301284187434120668e+03 1.008774534883966734e+00 4.999996305549916573e-03 9.999992351173305760e-01
1.301286357742533482e+03 1.000600043006192097e+00 4.999996287775468860e-03 9.999992314143204553e-01
1.301288528054566086e+03 1.004949838081893088e+00 4.999996269869916819e-03 9.999992276839971828e-01
1.301290698370218024e+03 9.944797209040591168e-01 4.999996251831963744e-03 9.999992239260903082e-01
1.301292868689490206e+03 1.002477822489839410e+00 4.999996233660299050e-03 9.999992201403266057e-01
1.301295039012381721e+03 1.002387586022007726e+00 4.999996215353588735e-03 9.999992163264286305e-01
1.301297209338893026e+03 1.000635579915046369e+00 4.999996196910488390e-03 9.999992124841158292e-01
1.301299379669023892e+03 1.001590303543437699e+00 4.999996178329632786e-03 9.999992086131042068e-01
1.301301550002774775e+03 1.009714918460152822e+00 4.999996159609644553e-03 9.999992047131064377e-01
1.301303720340145219e+03 9.917830272830082672e-01 4.999996140749122901e-03 9.999992007838308661e-01
1.301305890681135224e+03 9.976335213746799768e-01 4.999996121746649695e-03 9.999991968249822838e-01
1.301308061025745246e+03 1.005396566386359103e+00 4.999996102600797257e-03 9.999991928362629290e-01
1.301310231373974830e+03 9.967683514826898294e-01 4.999996083310110154e-03 9.999991888173695997e-01
1.301312401725824429e+03 9.970324019918103131e-01 4.999996063873119942e-03 9.999991847679965407e-01
1.301314572081293591e+03 9.952967731991849698e-01 4.999996044288335627e-03 9.999991806878331113e-01
1.301316742440382541e+03 9.958418118749030601e-01 4.999996024554252336e-03 9.999991765765656737e-01
1.301318912803091507e+03 1.003506646792003076e+00 4.999996004669339175e-03 9.999991724338753718e-01
1.301321083169420035e+03 1.005595123116622913e+00 4.999995984632054843e-03 9.999991682594409070e-01
1.301323253539368352e+03 9.941820605456984650e-01 4.999995964440827681e-03 9.999991640529352077e-01
1.301325423912936458e+03 1.005790647668074467e+00 4.999995944094070416e-03 9.999991598140274274e-01
1.301327594290124125e+03 1.010324678705044610e+00 4.999995923590182766e-03 9.999991555423838330e-01
1.301329764670931809e+03 1.000952773877999968e+00 4.999995902927528886e-03 9.999991512376642522e-01
1.301331935055359281e+03 9.921039577847592383e-01 4.999995882104462525e-03 9.999991468995250710e-01
1.301334105443406770e+03 1.011776704662688875e+00 4.999995861119311408e-03 9.999991425276185675e-01
1.301336275835073593e+03 1.000383764357738015e+00 4.999995839970384180e-03 9.999991381215920239e-01
1.301338446230360660e+03 9.923395569170871955e-01 4.999995818655966068e-03 9.999991336810880593e-01
1.301340616629267515e+03 1.006933596277986398e+00 4.999995797174318010e-03 9.999991292057446302e-01
1.301342787031793932e+03 1.004636479047269271e+00 4.999995775523681865e-03 9.999991246951953627e-01
1.301344957437940366e+03 9.985149655539404812e-01 4.999995753702273470e-03 9.999991201490683324e-01
1.301347127847706588e+03 9.964834651736156346e-01 4.999995731708284374e-03 9.999991155669871734e-01
1.301349298261092827e+03 1.007968012170636696e+00 4.999995709539885314e-03 9.999991109485704133e-01
1.301351468678098854e+03 9.985932039525673432e-01 4.999995687195217531e-03 9.999991062934313613e-01
1.301353639098724670e+03 9.971678009394915332e-01 4.999995664672404055e-03 9.999991016011783307e-01
1.301355809522970503e+03 1.000626552528351532e+00 4.999995641969537559e-03 9.999990968714141948e-01
1.301357979950835897e+03 9.954438862655834441e-01 4.999995619084689029e-03 9.999990921037372749e-01
1.301360150382321535e+03 9.890640318575598666e-01 4.999995596015897360e-03 9.999990872977390088e-01
1.301362320817426962e+03 1.002795134139641720e+00 4.999995572761182366e-03 9.999990824530066158e-01
1.301364491256152405e+03 1.007027879654080582e+00 4.999995549318534370e-03 9.999990775691213196e-01
1.301366661698497637e+03 9.975643008904641063e-01 4.999995525685913336e-03 9.999990726456584600e-01
1.301368832144462431e+03 1.002258379225498652e+00 4.999995501861254944e-03 9.999990676821879365e-01
1.301371002594047468e+03 1.003241190898592539e+00 4.999995477842467118e-03 9.999990626782734315e-01
1.301373173047252521e+03 9.839291414659574464e-01 4.999995453627423952e-03 9.999990576334727432e-01
1.301375343504077364e+03 9.938510843045404997e-01 4.999995429213978729e-03 9.999990525473382297e-01
1.301377513964521995e+03 1.005334075030071883e+00 4.999995404599949164e-03 9.999990474194151435e-01
1.301379684428587097e+03 1.003781833064660844e+00 4.999995379783122619e-03 9.999990422492427422e-01
1.301381854896271534e+03 1.002920719632994562e+00 4.999995354761259565e-03 9.999990370363545100e-01
1.301384025367576214e+03 9.997093350726222738e-01 4.999995329532086648e-03 9.999990317802766038e-01
1.301386195842500911e+03 1.000538534771625132e+00 4.999995304093300154e-03 9.999990264805292961e-01
1.301388366321045169e+03 1.005682670596302675e+00 4.999995278442564278e-03 9.999990211366256432e-01
1.301390536803209898e+03 9.928671634273625868e-01 4.999995252577508521e-03 9.999990157480723729e-01
1.301392707288994188e+03 1.000369862342634475e+00 4.999995226495731158e-03 9.999990103143685527e-01
1.301394877778398723e+03 9.995391519735133956e-01 4.999995200194799240e-03 9.999990048350074767e-01
1.301397048271423046e+03 1.002761890322798610e+00 4.999995173672238183e-03 9.999989993094736684e-01
1.301399218768067840e+03 9.957996592235376365e-01 4.999995146925543046e-03 9.999989937372454341e-01
1.301401389268332196e+03 1.000141264926521778e+00 4.999995119952175930e-03 9.999989881177937523e-01
1.301403559772216568e+03 9.959552780639746583e-01 4.999995092749559035e-03 9.999989824505817193e-01
1.301405730279720956e+03 9.914188503338365877e-01 4.999995065315077265e-03 9.999989767350644376e-01
1.301407900790845360e+03 9.986397431807280123e-01 4.999995037646083433e-03 9.999989709706904595e-01
1.301410071305590009e+03 1.007194142350554600e+00 4.999995009739882645e-03 9.999989651568984561e-01
1.301412241823954446e+03 9.932542758328856136e-01 4.999994981593749652e-03 9.999989592931205484e-01
1.301414412345938899e+03 9.916381155010681736e-01 4.999994953204919303e-03 9.999989533787807527e-01
1.301416582871543596e+03 9.985886277791986565e-01 4.999994924570582214e-03 9.999989474132935374e-01
1.301418753400768537e+03 9.951532596303571676e-01 4.999994895687891704e-03 9.999989413960659324e-01
1.301420923933613039e+03 1.011748337223895788e+00 4.999994866553957723e-03 9.999989353264961967e-01
1.301423094470077785e+03 1.002988774862934029e+00 4.999994837165845987e-03 9.999989292039728195e-01
1.301425265010162548e+03 1.005254654027938344e+00 4.999994807520587517e-03 9.999989230278769625e-01
1.301427435553867326e+03 1.005750821113198468e+00 4.999994777615160424e-03 9.999989167975794624e-01
1.301429606101192576e+03 1.003708576948188158e+00 4.999994747446502054e-03 9.999989105124420519e-01
1.301431776652137614e+03 9.986400185627449799e-01 4.999994717011506384e-03 9.999989041718178040e-01
1.301433947206702669e+03 1.003631903830979555e+00 4.999994686307019688e-03 9.999988977750493557e-01
1.301436117764887967e+03 9.983119037327828904e-01 4.999994655329838798e-03 9.999988913214696851e-01
1.301438288326693282e+03 9.987659175074767859e-01 4.999994624076716312e-03 9.999988848104022221e-01
1.301440458892118841e+03 1.002833634708242494e+00 4.999994592544355389e-03 9.999988782411601829e-01
1.301442629461164415e+03 1.001741224370047423e+00 4.999994560729410613e-03 9.999988716130465694e-01
1.301444800033830006e+03 9.877594446234704284e-01 4.999994528628483662e-03 9.999988649253529482e-01
1.301446970610115613e+03 9.946047834233412432e-01 4.999994496238126772e-03 9.999988581773617824e-01
1.301449141190021692e+03 1.004912128535594640e+00 4.999994463554840139e-03 9.999988513683435443e-01
1.301451311773547786e+03 1.005343851002267863e+00 4.999994430575069315e-03 9.999988444975576041e-01
1.301453482360694125e+03 1.011313455107420767e+00 4.999994397295208677e-03 9.999988375642530070e-01
1.301455652951460479e+03 9.926423391227203741e-01 4.999994363711595356e-03 9.999988305676665856e-01
1.301457823545846850e+03 9.920474919082361565e-01 4.999994329820510106e-03 9.999988235070235154e-01
1.301459994143853464e+03 1.012439478334363541e+00 4.999994295618179034e-03 9.999988163815374254e-01
1.301462164745480550e+03 9.978394711274785056e-01 4.999994261100763199e-03 9.999988091904089549e-01
1.301464335350727424e+03 1.004728512425909548e+00 4.999994226264373350e-03 9.999988019328274191e-01
1.301466505959594770e+03 9.984810228948698407e-01 4.999994191105056919e-03 9.999987946079695877e-01
1.301468676572082359e+03 9.916589341049563133e-01 4.999994155618797155e-03 9.999987872149983525e-01
1.301470847188189737e+03 9.978769114692247477e-01 4.999994119801514855e-03 9.999987797530642819e-01
1.301473017807917586e+03 9.941301496798794490e-01 4.999994083649072704e-03 9.999987722213050656e-01
1.301475188431265451e+03 1.003353371268456140e+00 4.999994047157259661e-03 9.999987646188438495e-01
1.301477359058233560e+03 9.976139657267523164e-01 4.999994010321806570e-03 9.999987569447906788e-01
1.301479529688822367e+03 1.000082656897339550e+00 4.999993973138369685e-03 9.999987491982411658e-01
1.301481700323030964e+03 1.004802335971871630e+00 4.999993935602543675e-03 9.999987413782769341e-01
1.301483870960859576e+03 1.003353894559362081e+00 4.999993897709846015e-03 9.999987334839646191e-01
1.301486041602308660e+03 1.004918746591219936e+00 4.999993859455728260e-03 9.999987255143564235e-01
1.301488212247377987e+03 9.917661372449256829e-01 4.999993820835566503e-03 9.999987174684890068e-01
1.301490382896067786e+03 1.005339325457947908e+00 4.999993781844662248e-03 9.999987093453833742e-01
1.301492553548377600e+03 1.002428264272091418e+00 4.999993742478241535e-03 9.999987011440454321e-01
1.301494724204307659e+03 9.938332602206487731e-01 4.999993702731455811e-03 9.999986928634646555e-01
1.301496894863857960e+03 9.980242041171947243e-01 4.999993662599374993e-03 9.999986845026140880e-01
1.301499065527028506e+03 9.991330980291989183e-01 4.999993622076988331e-03 9.999986760604497871e-01
1.301501236193819523e+03 9.984854357923630408e-01 4.999993581159207015e-03 9.999986675359116006e-01
1.301503406864230783e+03 9.976994233701694803e-01 4.999993539840855497e-03 9.999986589279211691e-01
1.301505577538262287e+03 9.948889279837282995e-01 4.999993498116673228e-03 9.999986502353829243e-01
1.301507748215914035e+03 9.998889657735102743e-01 4.999993455981317260e-03 9.999986414571833127e-01
1.301509918897186026e+03 1.007020965937028611e+00 4.999993413429350969e-03 9.999986325921899066e-01
1.301512089582078488e+03 1.003068965662446965e+00 4.999993370455248394e-03 9.999986236392514050e-01
1.301514260270591194e+03 9.983295201757085291e-01 4.999993327053395969e-03 9.999986145971984097e-01
1.301516430962724144e+03 1.007996739275230480e+00 4.999993283218082119e-03 9.999986054648408729e-01
1.301518601658477564e+03 1.000085832311942369e+00 4.999993238943499854e-03 9.999985962409689844e-01
1.301520772357851229e+03 1.000243012241122997e+00 4.999993194223746780e-03 9.999985869243535053e-01
1.301522943060845137e+03 9.932025404370787847e-01 4.999993149052818150e-03 9.999985775137428812e-01
1.301525113767459516e+03 9.967758039765172162e-01 4.999993103424612076e-03 9.999985680078659067e-01
1.301527284477694366e+03 9.895398630618906788e-01 4.999993057332916511e-03 9.999985584054288390e-01
1.301529455191549232e+03 1.003978292067599032e+00 4.999993010771418799e-03 9.999985487051162858e-01
1.301531625909024797e+03 1.000840828779331115e+00 4.999992963733696123e-03 9.999985389055900953e-01
1.301533796630120605e+03 9.993685700625404289e-01 4.999992916213215517e-03 9.999985290054895781e-01
1.301535967354836885e+03 9.972357181819482275e-01 4.999992868203332122e-03 9.999985190034299531e-01
1.301538138083173408e+03 1.007710440946739450e+00 4.999992819697287455e-03 9.999985088980034575e-01
1.301540308815130174e+03 1.002618964183850325e+00 4.999992770688203338e-03 9.999984986877770154e-01
1.301542479550707412e+03 1.001351412146396003e+00 4.999992721169083630e-03 9.999984883712931261e-01
1.301544650289905121e+03 9.983279041567887369e-01 4.999992671132808160e-03 9.999984779470686425e-01
1.301546821032723301e+03 1.001148760979497343e+00 4.999992620572134457e-03 9.999984674135943274e-01
1.301548991779161952e+03 9.961174380352172397e-01 4.999992569479690813e-03 9.999984567693346316e-01
1.301551162529220846e+03 9.976509937736230960e-01 4.999992517847978019e-03 9.999984460127271380e-01
1.301553333282900212e+03 9.994796781829303756e-01 4.999992465669359822e-03 9.999984351421810080e-01
1.301555504040200049e+03 1.002251388739558324e+00 4.999992412936067263e-03 9.999984241560777587e-01
1.301557674801119902e+03 1.000223489161828017e+00 4.999992359640191737e-03 9.999984130527698190e-01
1.301559845565660908e+03 9.931198286595636082e-01 4.999992305773685863e-03 9.999984018305804190e-01
1.301562016333821930e+03 9.968556585426077143e-01 4.999992251328353073e-03 9.999983904878021468e-01
1.301564187105603423e+03 1.002485136372222696e+00 4.999992196295854549e-03 9.999983790226973923e-01
1.301566357881005388e+03 9.961304187245679786e-01 4.999992140667694485e-03 9.999983674334966821e-01
1.301568528660028051e+03 1.003372113785711672e+00 4.999992084435225283e-03 9.999983557183982352e-01
1.301570699442670957e+03 1.001806382062986112e+00 4.999992027589644956e-03 9.999983438755682963e-01
1.301572870228934107e+03 1.002646791178226415e+00 4.999991970121984985e-03 9.999983319031384710e-01
1.301575041018818183e+03 9.936848925660239917e-01 4.999991912023117255e-03 9.999983197992069472e-01
1.301577211812322730e+03 1.006030490521123699e+00 4.999991853283742779e-03 9.999983075618363859e-01
1.301579382609447521e+03 9.893959744798039857e-01 4.999991793894389101e-03 9.999982951890536986e-01
1.301581553410192782e+03 1.005021457985616928e+00 4.999991733845412893e-03 9.999982826788494927e-01
1.301583724214558742e+03 9.966796149081577072e-01 4.999991673126985212e-03 9.999982700291761839e-01
1.301585895022545174e+03 1.003067961701557431e+00 4.999991611729096702e-03 9.999982572379486623e-01
1.301588065834152076e+03 1.007674902705006925e+00 4.999991549641551528e-03 9.999982443030424051e-01
1.301590236649379676e+03 1.003962145797075101e+00 4.999991486853956960e-03 9.999982312222928105e-01
1.301592407468227520e+03 9.971203189006072609e-01 4.999991423355727715e-03 9.999982179934943094e-01
1.301594578290696063e+03 9.854666181510783884e-01 4.999991359136078152e-03 9.999982046143994774e-01
1.301596749116785077e+03 1.001275563982269468e+00 4.999991294184010122e-03 9.999981910827179243e-01
1.301598919946494789e+03 9.949286436244244580e-01 4.999991228488325119e-03 9.999981773961158504e-01
1.301601090779824972e+03 9.983849050878368381e-01 4.999991162037600856e-03 9.999981635522141588e-01
1.301603261616775626e+03 1.003643015118362847e+00 4.999991094820200807e-03 9.999981495485880112e-01
1.301605432457346751e+03 1.005788060399186001e+00 4.999991026824258597e-03 9.999981353827658292e-01
1.301607603301538802e+03 1.000082949825301215e+00 4.999990958037681468e-03 9.999981210522278507e-01
1.301609774149351324e+03 9.937918341544087486e-01 4.999990888448137272e-03 9.999981065544052417e-01
1.301611945000784317e+03 1.007185024610786739e+00 4.999990818043054466e-03 9.999980918866784307e-01
1.301614115855838008e+03 1.001000787163749850e+00 4.999990746809612578e-03 9.999980770463772206e-01
1.301616286714511944e+03 9.977513896033147756e-01 4.999990674734741333e-03 9.999980620307779011e-01
1.301618457576806804e+03 9.950384025027584345e-01 4.999990601805108514e-03 9.999980468371030273e-01
1.301620628442722364e+03 1.005315211799310715e+00 4.999990528007114757e-03 9.999980314625199762e-01
1.301622799312258394e+03 1.002744727345165066e+00 4.999990453326895283e-03 9.999980159041396144e-01
1.301624970185414895e+03 1.005563622058591733e+00 4.999990377750299086e-03 9.999980001590144107e-01
1.301627141062192322e+03 9.960299700566203063e-01 4.999990301262900207e-03 9.999979842241384365e-01
1.301629311942590220e+03 9.972511880769396875e-01 4.999990223849971709e-03 9.999979680964437012e-01
1.301631482826608590e+03 1.001238092894082721e+00 4.999990145496491754e-03 9.999979517728008194e-01
1.301633653714247885e+03 9.980459371042410543e-01 4.999990066187131460e-03 9.999979352500162344e-01
1.301635824605507651e+03 1.000275336704347984e+00 4.999989985906251426e-03 9.999979185248314417e-01
1.301637995500388115e+03 1.005078308224424566e+00 4.999989904637884390e-03 9.999979015939203242e-01
1.301640166398889505e+03 9.988066691534857044e-01 4.999989822365739564e-03 9.999978844538889300e-01
1.301642337301011366e+03 1.002503443029586050e+00 4.999989739073187021e-03 9.999978671012721421e-01
1.301644508206753699e+03 9.964965635587347270e-01 4.999989654743245554e-03 9.999978495325330119e-01
1.301646679116116729e+03 1.004421832868855224e+00 4.999989569358587009e-03 9.999978317440610942e-01
1.301648850029100913e+03 1.001185667211998309e+00 4.999989482901516340e-03 9.999978137321697824e-01
1.301651020945705341e+03 1.000920713274238594e+00 4.999989395353962932e-03 9.999977954930946433e-01
1.301653191865930467e+03 9.986960813315466368e-01 4.999989306697477133e-03 9.999977770229918628e-01
1.301655362789776518e+03 9.974089708584145120e-01 4.999989216913215510e-03 9.999977583179358032e-01
1.301657533717243268e+03 1.004954240473061589e+00 4.999989125981933909e-03 9.999977393739172271e-01
1.301659704648330717e+03 1.008939208761976403e+00 4.999989033883974442e-03 9.999977201868406329e-01
1.301661875583038864e+03 1.000629039509186358e+00 4.999988940599255950e-03 9.999977007525225892e-01
1.301664046521367709e+03 9.911137063886032994e-01 4.999988846107262727e-03 9.999976810666890703e-01
1.301666217463317253e+03 9.967317836445375168e-01 4.999988750387036711e-03 9.999976611249733471e-01
1.301668388408887722e+03 9.884637227244827962e-01 4.999988653417154934e-03 9.999976409229131002e-01
1.301670559358078890e+03 1.007560936089380244e+00 4.999988555175736461e-03 9.999976204559490878e-01
1.301672730310890529e+03 9.996196353188468997e-01 4.999988455640409432e-03 9.999975997194205934e-01
1.301674901267323094e+03 9.939129218360108764e-01 4.999988354788311058e-03 9.999975787085648715e-01
1.301677072227376357e+03 9.915994180609376540e-01 4.999988252596072012e-03 9.999975574185130389e-01
1.301679243191050546e+03 1.000559941050298329e+00 4.999988149039797346e-03 9.999975358442872997e-01
1.301681414158345433e+03 1.002978809979806041e+00 4.999988044095064754e-03 9.999975139807990576e-01
1.301683585129261246e+03 1.008551266785662648e+00 4.999987937736892485e-03 9.999974918228445864e-01
1.301685756103797758e+03 9.969451804992036648e-01 4.999987829939743673e-03 9.999974693651030311e-01
1.301687927081954967e+03 9.984364930418981876e-01 4.999987720677495119e-03 9.999974466021324115e-01
1.301690098063732876e+03 1.005894279393424240e+00 4.999987609923431213e-03 9.999974235283669577e-01
1.301692269049131937e+03 9.916603406689231681e-01 4.999987497650223121e-03 9.999974001381126687e-01
1.301694440038151697e+03 1.007219319584811368e+00 4.999987383829911439e-03 9.999973764255454256e-01
1.301696611030792155e+03 1.005732932467885643e+00 4.999987268433890575e-03 9.999973523847053292e-01
1.301698782027053539e+03 9.992148574428286745e-01 4.999987151432893143e-03 9.999973280094950345e-01
1.301700953026935849e+03 1.002151108284412340e+00 4.999987032796963937e-03 9.999973032936739781e-01
1.301703124030438858e+03 1.003787662712505080e+00 4.999986912495450395e-03 9.999972782308560459e-01
1.301705295037562564e+03 1.001796725096685048e+00 4.999986790496974837e-03 9.999972528145042450e-01
1.301707466048307424e+03 1.002023106931553942e+00 4.999986666769412787e-03 9.999972270379261508e-01
1.301709637062672982e+03 1.000114655588896673e+00 4.999986541279883429e-03 9.999972008942714652e-01
1.301711808080659239e+03 9.947969569790018340e-01 4.999986413994715780e-03 9.999971743765252441e-01
1.301713979102266649e+03 1.006170125572520613e+00 4.999986284879429609e-03 9.999971474775044555e-01
1.301716150127494757e+03 9.876949042867688711e-01 4.999986153898712885e-03 9.999971201898519846e-01
1.301718321156344018e+03 9.990584891014364644e-01 4.999986021016397490e-03 9.999970925060331917e-01
1.301720492188813751e+03 9.969647687783532719e-01 4.999985886195434069e-03 9.999970644183294732e-01
1.301722663224904636e+03 9.996470184645608326e-01 4.999985749397864269e-03 9.999970359188325997e-01
1.301724834264616220e+03 9.918094467225621047e-01 4.999985610584800795e-03 9.999970069994409405e-01
1.301727005307949184e+03 9.960198764115147929e-01 4.999985469716388374e-03 9.999969776518515818e-01
1.301729176354902620e+03 9.952617421275617993e-01 4.999985326751780340e-03 9.999969478675548862e-01
1.301731347405476981e+03 9.995352266812013164e-01 4.999985181649116948e-03 9.999969176378298297e-01
1.301733518459672268e+03 1.000414434141086550e+00 4.999985034365482008e-03 9.999968869537354532e-01
1.301735689517488709e+03 9.945143088597346859e-01 4.999984884856874257e-03 9.999968558061052004e-01
1.301737860578926075e+03 1.006288964389956186e+00 4.999984733078185681e-03 9.999968241855409223e-01
1.301740031643984139e+03 9.988559184398025925e-01 4.999984578983145134e-03 9.999967920824035517e-01
1.301742202712663357e+03 1.005180355763587219e+00 4.999984422524304459e-03 9.999967594868077736e-01
1.301744373784963500e+03 9.963454871312811267e-01 4.999984263652993387e-03 9.999967263886139213e-01
1.301746544860884342e+03 9.957113664695881328e-01 4.999984102319279637e-03 9.999966927774192049e-01
1.301748715940426564e+03 9.968445514250330319e-01 4.999983938471930754e-03 9.999966586425503845e-01
1.301750887023589485e+03 9.934723732379691086e-01 4.999983772058373341e-03 9.999966239730548878e-01
1.301753058110373559e+03 1.006333391797945565e+00 4.999983603024654027e-03 9.999965887576920398e-01
1.301755229200778331e+03 1.003655223543983510e+00 4.999983431315388298e-03 9.999965529849237367e-01
1.301757400294804256e+03 1.001517248118501069e+00 4.999983256873729263e-03 9.999965166429063412e-01
1.301759571392451107e+03 1.010426757943027054e+00 4.999983079641296541e-03 9.999964797194780264e-01
1.301761742493719112e+03 9.959466348961401039e-01 4.999982899558151964e-03 9.999964422021510035e-01
1.301763913598608042e+03 9.953668033178584285e-01 4.999982716562733666e-03 9.999964040781001984e-01
1.301766084707118125e+03 1.000337538849354280e+00 4.999982530591809242e-03 9.999963653341522596e-01
1.301768255819249134e+03 1.004732987177428871e+00 4.999982341580418502e-03 9.999963259567735685e-01
1.301770426935001069e+03 1.010953896264455532e+00 4.999982149461816225e-03 9.999962859320591368e-01
1.301772598054373930e+03 1.000258048063886518e+00 4.999981954167417517e-03 9.999962452457202833e-01
1.301774769177367943e+03 1.001182596454400109e+00 4.999981755626731889e-03 9.999962038830713107e-01
1.301776940303983338e+03 1.002354239059079166e+00 4.999981553767296472e-03 9.999961618290159615e-01
1.301779111434219431e+03 9.992571461617062445e-01 4.999981348514617036e-03 9.999961190680348722e-01
1.301781282568076676e+03 1.001589596308085861e+00 4.999981139792098600e-03 9.999960755841701410e-01
1.301783453705555075e+03 1.006743664598584997e+00 4.999980927520963035e-03 9.999960313610101181e-01
1.301785624846654173e+03 1.003418020801581712e+00 4.999980711620188346e-03 9.999959863816751948e-01
1.301787795991374423e+03 1.003751840807104667e+00 4.999980492006424540e-03 9.999959406288004837e-01
1.301789967139716282e+03 1.001369190577046986e+00 4.999980268593906020e-03 9.999958940845183886e-01
1.301792138291678611e+03 1.014537857993709880e+00 4.999980041294385669e-03 9.999958467304439491e-01
1.301794309447262322e+03 9.944315652689205143e-01 4.999979810017026426e-03 9.999957985476528588e-01
1.301796480606467185e+03 9.975233414979405300e-01 4.999979574668324961e-03 9.999957495166654775e-01
1.301798651769292746e+03 9.998684198374110377e-01 4.999979335152010193e-03 9.999956996174249602e-01
1.301800822935740143e+03 1.005133432121681603e+00 4.999979091368948747e-03 9.999956488292784940e-01
1.301802994105808239e+03 9.908361936319000085e-01 4.999978843217033932e-03 9.999955971309540947e-01
1.301805165279497260e+03 9.931196989402080177e-01 4.999978590591088595e-03 9.999955445005396237e-01
1.301807336456807434e+03 9.976748855705181995e-01 4.999978333382744562e-03 9.999954909154586957e-01
1.301809507637738989e+03 1.014110998461128066e+00 4.999978071480332478e-03 9.999954363524465872e-01
1.301811678822291697e+03 9.944575884311696035e-01 4.999977804768756043e-03 9.999953807875249234e-01
1.301813850010465558e+03 1.004183753045248872e+00 4.999977533129367109e-03 9.999953241959751438e-01
1.301816021202260572e+03 9.972299773620332264e-01 4.999977256439828641e-03 9.999952665523108575e-01
1.301818192397676512e+03 9.996406271054633086e-01 4.999976974573983740e-03 9.999952078302489777e-01
1.301820363596713833e+03 9.975798061856980814e-01 4.999976687401707330e-03 9.999951480026798567e-01
1.301822534799372306e+03 9.987728265268416283e-01 4.999976394788750028e-03 9.999950870416357551e-01
1.301824706005651706e+03 9.940078409941199844e-01 4.999976096596593297e-03 9.999950249182576467e-01
1.301826877215552713e+03 9.977651357115202568e-01 4.999975792682274239e-03 9.999949616027621335e-01
1.301829048429074419e+03 1.005998054416183063e+00 4.999975482898212122e-03 9.999948970644032542e-01
1.301831219646217505e+03 1.002082727263045481e+00 4.999975167092041844e-03 9.999948312714377341e-01
1.301833390866981972e+03 1.001777511102571738e+00 4.999974845106407509e-03 9.999947641910834628e-01
1.301835562091367592e+03 1.002929658755104869e+00 4.999974516778778535e-03 9.999946957894799704e-01
1.301837733319374138e+03 9.961274714442934775e-01 4.999974181941241498e-03 9.999946260316452396e-01
1.301839904551002064e+03 1.004707603653861803e+00 4.999973840420278946e-03 9.999945548814297425e-01
1.301842075786251598e+03 1.000503944218351426e+00 4.999973492036549963e-03 9.999944823014705886e-01
1.301844247025121831e+03 9.860574766108534117e-01 4.999973136604649038e-03 9.999944082531417866e-01
1.301846418267613672e+03 1.008714899221048400e+00 4.999972773932858869e-03 9.999943326965021750e-01
1.301848589513726438e+03 1.003365636685616513e+00 4.999972403822893624e-03 9.999942555902423535e-01
1.301850760763460812e+03 1.008082594964896384e+00 4.999972026069625722e-03 9.999941768916269513e-01
1.301852932016816339e+03 1.010094905401196064e+00 4.999971640460793530e-03 9.999940965564348971e-01
1.301855103273793020e+03 9.988739285443792859e-01 4.999971246776709066e-03 9.999940145388984680e-01
1.301857274534390854e+03 9.992758953659151011e-01 4.999970844789946613e-03 9.999939307916363429e-01
1.301859445798610068e+03 1.005690211803417222e+00 4.999970434265000978e-03 9.999938452655854348e-01
1.301861617066450663e+03 1.004236405381760955e+00 4.999970014957946622e-03 9.999937579099278384e-01
1.301863788337912183e+03 1.008131345765890030e+00 4.999969586616076836e-03 9.999936686720163337e-01
1.301865959612995539e+03 1.007015240894315156e+00 4.999969148977519498e-03 9.999935774972940061e-01
1.301868130891699820e+03 9.977771618337356596e-01 4.999968701770827681e-03 9.999934843292095366e-01
1.301870302174025710e+03 1.003578015595240513e+00 4.999968244714565052e-03 9.999933891091302707e-01
1.301872473459972525e+03 1.001201004538528450e+00 4.999967777516857448e-03 9.999932917762489604e-01
1.301874644749540948e+03 9.971340095129229697e-01 4.999967299874920161e-03 9.999931922674857310e-01
1.301876816042730525e+03 1.004619766493963562e+00 4.999966811474573954e-03 9.999930905173861628e-01
1.301878987339541482e+03 9.948598435707487475e-01 4.999966311989715965e-03 9.999929864580121563e-01
1.301881158639973592e+03 1.002355213255677668e+00 4.999965801081775879e-03 9.999928800188284672e-01
1.301883329944027309e+03 9.872134091001717460e-01 4.999965278399139124e-03 9.999927711265816921e-01
1.301885501251702408e+03 1.000870803788486141e+00 4.999964743576540589e-03 9.999926597051750354e-01
1.301887672562998432e+03 9.997049895859619895e-01 4.999964196234415841e-03 9.999925456755324182e-01
1.301889843877916292e+03 9.956345328477966827e-01 4.999963635978228911e-03 9.999924289554590340e-01
1.301892015196455532e+03 1.002083100102015623e+00 4.999963062397757597e-03 9.999923094594913575e-01
1.301894186518615697e+03 9.994989553563080609e-01 4.999962475066330181e-03 9.999921870987400485e-01
1.301896357844397471e+03 1.002077700149790473e+00 4.999961873540037863e-03 9.999920617807236400e-01
1.301898529173800853e+03 1.002635383396080382e+00 4.999961257356883015e-03 9.999919334091924572e-01
1.301900700506825387e+03 9.936505340875382286e-01 4.999960626035884065e-03 9.999918018839422107e-01
1.301902871843471303e+03 9.974386650594022630e-01 4.999959979076139607e-03 9.999916671006182645e-01
1.301905043183738599e+03 9.961975917059276986e-01 4.999959315955820535e-03 9.999915289505059146e-01
1.301907214527627275e+03 9.979163430335270535e-01 4.999958636131111855e-03 9.999913873203105652e-01
1.301909385875137559e+03 1.004635177976627158e+00 4.999957939035092926e-03 9.999912420919233602e-01
1.301911557226268997e+03 9.987025803758075027e-01 4.999957224076540495e-03 9.999910931421730487e-01
1.301913728581022269e+03 1.002282851224883364e+00 4.999956490638675366e-03 9.999909403425635279e-01
1.301915899939396695e+03 9.982190847284557744e-01 4.999955738077811046e-03 9.999907835589937344e-01
1.301918071301392501e+03 9.981495951050414206e-01 4.999954965721946018e-03 9.999906226514625462e-01
1.301920242667009916e+03 9.959995289462055812e-01 4.999954172869231113e-03 9.999904574737520369e-01
1.301922414036248483e+03 1.000442173906413323e+00 4.999953358786386574e-03 9.999902878730948519e-01
1.301924585409108658e+03 9.994426464703306534e-01 4.999952522706969070e-03 9.999901136898156073e-01
1.301926756785590442e+03 9.886802356529139635e-01 4.999951663829578855e-03 9.999899347569553010e-01
1.301928928165693605e+03 1.007058057238841231e+00 4.999950781315899533e-03 9.999897508998648599e-01
1.301931099549418377e+03 9.966452942478170041e-01 4.999949874288647615e-03 9.999895619357767051e-01
1.301933270936764529e+03 1.004757535088833142e+00 4.999948941829377227e-03 9.999893676733477843e-01
1.301935442327731835e+03 1.006149729754344024e+00 4.999947982976125221e-03 9.999891679121686305e-01
1.301937613722320975e+03 9.923388723021938640e-01 4.999946996720915776e-03 9.999889624422445555e-01
1.301939785120531496e+03 1.003726045775224396e+00 4.999945982007082852e-03 9.999887510434360971e-01
1.301941956522363625e+03 1.000863384133469536e+00 4.999944937726420909e-03 9.999885334848670482e-01
1.301944127927817135e+03 9.957671959764129443e-01 4.999943862716119646e-03 9.999883095242850795e-01
1.301946299336892253e+03 9.948533851237445491e-01 4.999942755755514001e-03 9.999880789073841703e-01
1.301948470749588978e+03 9.997021038664457571e-01 4.999941615562566999e-03 9.999878413670735267e-01
1.301950642165907084e+03 9.993804482665678002e-01 4.999940440790132286e-03 9.999875966226972057e-01
1.301952813585846798e+03 1.003641498337194848e+00 4.999939230021932177e-03 9.999873443791968963e-01
1.301954985009407892e+03 9.982928865431407450e-01 4.999937981768248600e-03 9.999870843262144149e-01
1.301957156436590594e+03 9.950663881857927384e-01 4.999936694461287919e-03 9.999868161371254782e-01
1.301959327867395132e+03 9.985263797580136158e-01 4.999935366450210077e-03 9.999865394680049757e-01
1.301961499301820822e+03 9.996193381135485279e-01 4.999933995995779583e-03 9.999862539565110842e-01
1.301963670739868348e+03 1.000573544209430343e+00 4.999932581264602757e-03 9.999859592206867820e-01
1.301965842181537482e+03 1.007242411767981460e+00 4.999931120322930432e-03 9.999856548576669946e-01
1.301968013626827997e+03 1.008861088597184485e+00 4.999929611129973195e-03 9.999853404422867076e-01
1.301970185075740119e+03 1.001789529092186548e+00 4.999928051530693612e-03 9.999850155255790574e-01
1.301972356528273849e+03 1.000385296724901618e+00 4.999926439248016455e-03 9.999846796331525178e-01
1.301974527984429187e+03 1.000599288944974408e+00 4.999924771874413552e-03 9.999843322634381915e-01
1.301976699444206133e+03 9.966098254258254352e-01 4.999923046862808640e-03 9.999839728857942145e-01
1.301978870907604687e+03 1.001367161878794043e+00 4.999921261516718923e-03 9.999836009384528435e-01
1.301981042374624849e+03 1.004603146523401325e+00 4.999919412979587398e-03 9.999832158262964565e-01
1.301983213845266619e+03 9.980654701035837073e-01 4.999917498223190558e-03 9.999828169184447058e-01
1.301985385319529769e+03 1.005618451126019774e+00 4.999915514035073796e-03 9.999824035456346127e-01
1.301987556797414982e+03 9.968229700269212179e-01 4.999913457004881781e-03 9.999819749973747340e-01
1.301989728278921802e+03 9.912540495607790048e-01 4.999911323509499683e-03 9.999815305188477499e-01
1.301991899764050004e+03 1.005368332730964820e+00 4.999909109696850859e-03 9.999810693075363854e-01
1.301994071252800040e+03 1.002315747506734800e+00 4.999906811468253845e-03 9.999805905095471292e-01
1.301996242745171457e+03 9.994109860140582002e-01 4.999904424459148712e-03 9.999800932155945565e-01
1.301998414241164937e+03 9.936636204241027226e-01 4.999901944018043595e-03 9.999795764566166145e-01
1.302000585740779570e+03 1.001845823569804228e+00 4.999899365183483636e-03 9.999790391989744620e-01
1.302002757244016266e+03 1.002595755142276390e+00 4.999896682658818564e-03 9.999784803391971177e-01
1.302004928750874569e+03 1.003907141285512949e+00 4.999893890784532120e-03 9.999778986982159612e-01
1.302007100261354481e+03 1.010999292279783468e+00 4.999890983507855775e-03 9.999772930150347960e-01
1.302009271775456227e+03 9.971158404388151819e-01 4.999887954349358822e-03 9.999766619397698619e-01
1.302011443293179354e+03 9.985112612988029657e-01 4.999884796366170503e-03 9.999760040259857430e-01
1.302013614814524317e+03 1.000347116735580411e+00 4.999881502111410032e-03 9.999753177222455713e-01
1.302015786339491115e+03 1.017962259323744068e+00 4.999878063589409047e-03 9.999746013627811569e-01
1.302017957868079748e+03 1.000299611987282011e+00 4.999874472206192189e-03 9.999738531571764621e-01
1.302020129400289761e+03 9.879684990142255652e-01 4.999870718714629486e-03 9.999730711789409643e-01
1.302022300936122065e+03 1.003205310451285470e+00 4.999866793153599602e-03 9.999722533528357937e-01
1.302024472475575294e+03 9.888933050818823345e-01 4.999862684780405006e-03 9.999713974407929973e-01
1.302026644018650813e+03 1.007229678074582635e+00 4.999858381995546559e-03 9.999705010262432969e-01
1.302028815565347941e+03 1.002597473502839565e+00 4.999853872258861777e-03 9.999695614966451762e-01
1.302030987115666676e+03 1.002023246997292283e+00 4.999849141995862771e-03 9.999685760239724885e-01
1.302033158669607701e+03 1.001500814119671734e+00 4.999844176492932932e-03 9.999675415428781466e-01
1.302035330227169879e+03 9.946132733819575966e-01 4.999838959779829770e-03 9.999664547262187009e-01
1.302037501788354120e+03 1.004778199673904915e+00 4.999833474497696745e-03 9.999653119575533378e-01
1.302039673353159969e+03 9.986054175217156104e-01 4.999827701750478998e-03 9.999641093001908621e-01
1.302041844921587654e+03 9.979607849883208592e-01 4.999821620937304825e-03 9.999628424622676315e-01
1.302044016493637173e+03 1.005985440788810026e+00 4.999815209562953264e-03 9.999615067572630300e-01
1.302046188069308528e+03 9.988079606406164990e-01 4.999808443023077108e-03 9.999600970592515958e-01
1.302048359648601490e+03 1.003028639294804902e+00 4.999801294360170685e-03 9.999586077520643546e-01
1.302050531231516288e+03 9.956305178619091478e-01 4.999793733985642870e-03 9.999570326713875801e-01
1.302052702818053376e+03 9.986172110696218684e-01 4.999785729362429473e-03 9.999553650386372450e-01
1.302054874408211845e+03 1.003462497416176102e+00 4.999777244641527910e-03 9.999535973852387016e-01
1.302057046001991921e+03 1.007807264678276082e+00 4.999768240244564614e-03 9.999517214656608033e-01
1.302059217599394287e+03 9.932526902495284471e-01 4.999758672382951380e-03 9.999497281572382601e-01
1.302061389200418262e+03 1.004311702242439042e+00 4.999748492502178836e-03 9.999476073443986923e-01
1.302063560805064071e+03 1.000785334148051708e+00 4.999737646637489839e-03 9.999453477844275628e-01
1.302065732413331716e+03 9.977070826331075892e-01 4.999726074664151941e-03 9.999429369512728982e-01
1.302067904025221196e+03 1.001040026022144147e+00 4.999713709421836627e-03 9.999403608531226562e-01
1.302070075640732739e+03 9.975669509885358721e-01 4.999700475687963129e-03 9.999376038185154858e-01
1.302072247259865890e+03 9.974946323193213393e-01 4.999686288968952647e-03 9.999346482445163886e-01
1.302074418882621103e+03 1.009174927929626708e+00 4.999671054070821408e-03 9.999314742989211524e-01
1.302076590508998379e+03 1.004421494186487962e+00 4.999654663400922815e-03 9.999280595664471472e-01
1.302078762138997035e+03 9.990550143260416016e-01 4.999636994940154580e-03 9.999243786262729250e-01
1.302080933772617755e+03 9.991821831253785424e-01 4.999617909808774796e-03 9.999204025449092148e-01
1.302083105409860536e+03 9.995302809298555191e-01 4.999597249327545311e-03 9.999160982639297979e-01
1.302085277050725153e+03 1.008189336520817436e+00 4.999574831447571935e-03 9.999114278561774816e-01
1.302087448695211606e+03 1.000150048726183627e+00 4.999550446383914382e-03 9.999063476160883202e-01
1.302089620343320121e+03 1.002350702659647208e+00 4.999523851235446355e-03 9.999008069388102271e-01
1.302091791995050244e+03 1.007434515647050999e+00 4.999494763298694376e-03 9.998947469272321253e-01
1.302093963650402657e+03 1.002246007664175487e+00 4.999462851669969447e-03 9.998880986423998030e-01
1.302096135309376905e+03 1.006788830832592296e+00 4.999427726536097641e-03 9.998807808723787494e-01
1.302098306971972988e+03 9.979581479794080723e-01 4.999388925158661061e-03 9.998726972122534695e-01
1.302100478638191134e+03 9.886702404091105567e-01 4.999345892595231759e-03 9.998637320476457813e-01
1.302102650308030888e+03 9.988461941868909122e-01 4.999297952578182769e-03 9.998537444876939295e-01
1.302104821981492933e+03 9.983309021134447736e-01 4.999244256510924390e-03 9.998425577391039099e-01
1.302106993658577039e+03 1.005634282969115612e+00 4.999183677479663440e-03 9.998299370249628115e-01
1.302109165339282754e+03 1.000122368533770567e+00 4.999114558724551682e-03 9.998155371822523563e-01
1.302111337023610758e+03 1.001333062860238377e+00 4.999034076685100400e-03 9.997987699614014900e-01
1.302113508711560371e+03 1.004918303741141994e+00 4.998936612076679969e-03 9.997784646630009098e-01
1.302115680403132501e+03 9.988194731029805817e-01 4.998809677724318397e-03 9.997520197579705670e-01
1.302117852098326011e+03 9.977573937051178454e-01 4.998624139268356519e-03 9.997133654996943619e-01
1.302120023797142039e+03 1.001861417702009982e+00 4.998311878621484669e-03 9.996483103676541138e-01
1.302122195499579902e+03 1.001529506156645155e+00 4.997717611902145751e-03 9.995245027522250414e-01
1.302124367205639601e+03 9.994001948563357995e-01 4.996501387204246511e-03 9.992711164991515682e-01
1.302126538915321589e+03 9.878550138562179894e-01 4.993954965789859646e-03 9.987405909125062209e-01
1.302128710628625413e+03 1.003573782302813910e+00 4.988683593256900035e-03 9.976423086408037211e-01
1.302130882345551299e+03 9.990757516575116126e-01 4.978107139087615401e-03 9.954385741631712747e-01
1.302133054066099248e+03 9.975361974819109134e-01 4.957773709885215235e-03 9.912012995300640839e-01
1.302135225790269487e+03 9.862937767373307629e-01 4.920581773671313906e-03 9.834489738822123073e-01
1.302137397518061334e+03 9.662305079139955621e-01 4.856184783432480716e-03 9.700199929420325606e-01
1.302139569249475471e+03 9.473422119238783523e-01 4.751063307120041886e-03 9.480814569960820393e-01
1.302141740984511443e+03 9.188795849288131645e-01 4.589865203884433038e-03 9.143955840691111447e-01
1.302143912723169706e+03 8.664799587488307697e-01 4.358438803345215939e-03 8.659289095300677364e-01
1.302146084465450031e+03 7.985118853985868626e-01 4.048375505485657562e-03 8.007638141057717984e-01
1.302148256211352418e+03 7.136919008435922418e-01 3.661943541771691714e-03 7.190801628138229207e-01
1.302150427960876641e+03 6.211478558175409503e-01 3.215498631434610555e-03 6.238132626198775732e-01
1.302152599714023154e+03 5.178375378148409869e-01 2.739434815359309376e-03 5.205967464416753065e-01
1.302154771470791957e+03 4.147025195040608958e-01 2.273783388938171741e-03 4.168378546641495208e-01
1.302156943231182595e+03 3.214013672954956213e-01 1.860151638190517568e-03 3.201669061596340016e-01
1.302159114995195523e+03 2.338740262809501647e-01 1.531714356947467886e-03 2.368323159794089583e-01
1.302161286762830287e+03 1.683159129659581033e-01 1.303464151643059492e-03 1.706628040845042105e-01
1.302163458534087340e+03 1.215380801528450072e-01 1.167384336030538941e-03 1.229475528668223794e-01
1.302165630308966684e+03 9.316903720830405078e-02 1.099221971180325665e-03 9.315962377792320892e-02
1.302167802087467862e+03 7.940796244862083353e-02 1.074255319064548308e-03 8.011052798882883907e-02
1.302169973869591331e+03 8.235374371534436022e-02 1.079539359979112293e-03 8.301743287738105881e-02
1.302172145655337090e+03 1.028327609966869088e-01 1.118051351370188485e-03 1.020700442575678546e-01
1.302174317444704684e+03 1.376105495323761418e-01 1.207905761118904884e-03 1.382986740532576309e-01
1.302176489237694341e+03 1.923025125145328418e-01 1.375506191035984205e-03 1.927884755925758642e-01
1.302178661034306515e+03 2.669178319333881944e-01 1.640750503442096452e-03 2.655232604906922478e-01
1.302180832834540752e+03 3.535880851776681544e-01 2.003291443710844034e-03 3.543289925207326330e-01
1.302183004638397279e+03 4.557443976933389651e-01 2.440502493567814866e-03 4.544251245274912310e-01
1.302185176445875641e+03 5.612922080138952330e-01 2.914914866363012367e-03 5.588950746889346233e-01
1.302187348256976520e+03 6.568365787691263780e-01 3.384400395319228823e-03 6.599926219906442348e-01
1.302189520071699462e+03 7.518203459684728029e-01 3.811686721584306957e-03 7.508038995424399786e-01
1.302191691890044694e+03 8.221241567925102744e-01 4.171244939610262159e-03 8.266217538964772960e-01
1.302193863712011989e+03 8.827948780879272261e-01 4.452093066961449255e-03 8.855585080195458314e-01
1.302196035537601347e+03 9.254179474381558634e-01 4.656397527335699900e-03 9.283057632660497438e-01
1.302198207366813449e+03 9.625072954130219349e-01 4.795258023961660940e-03 9.573074163702977035e-01
1.302200379199647159e+03 9.795745415168370940e-01 4.883726838501124996e-03 9.757644025589478076e-01
1.302202551036103614e+03 9.929729527769178832e-01 4.936742391680621136e-03 9.868178165182769357e-01
1.302204722876181904e+03 9.895629602772350042e-01 4.966737030713447125e-03 9.930692524188442505e-01
1.302206894719882484e+03 1.006380798752415817e+00 4.982828638756235315e-03 9.964223810158356898e-01
1.302209066567205355e+03 1.000773998648093688e+00 4.991060779422787884e-03 9.981375976876780687e-01
1.302211238418150742e+03 9.989671000803016510e-01 4.995110343387209814e-03 9.989813055630509808e-01
1.302213410272718193e+03 1.000783192772485508e+00 4.997052770932619049e-03 9.993859911969795728e-01
1.302215582130907706e+03 1.008627550424831432e+00 4.997983759538240575e-03 9.995799511699299256e-01
1.302217753992719963e+03 9.991640430031518694e-01 4.998447954852242026e-03 9.996766599651871754e-01
1.302219925858154284e+03 9.993512233878021345e-01 4.998701868234744009e-03 9.997295592147785737e-01
1.302222097727210439e+03 9.963132987394728302e-01 4.998860801722575416e-03 9.997626706943080199e-01
1.302224269599889567e+03 9.972577110311734438e-01 4.998974756956194553e-03 9.997864115820425113e-01
1.302226441476190530e+03 9.974335853484206371e-01 4.999065049850056827e-03 9.998052227551925686e-01
1.302228613356114010e+03 1.001265702168593119e+00 4.999140920723121016e-03 9.998210293051933428e-01
1.302230785239659781e+03 1.001129614284400393e+00 4.999206667944004756e-03 9.998347267371430203e-01
1.302232957126827614e+03 9.788171398501638309e-01 4.999264570992281893e-03 9.998467899490013355e-01
1.302235129017617965e+03 1.015589417431731700e+00 4.999316047035736593e-03 9.998575141881074213e-01
1.302237300912030832e+03 1.008847304176693882e+00 4.999362102626646147e-03 9.998671091556913249e-01
1.302239472810065990e+03 9.995620789174677334e-01 4.999403514983117268e-03 9.998757367742971969e-01
1.302241644711722984e+03 9.931542943335717188e-01 4.999440911584429430e-03 9.998835277703859159e-01
1.302243816617002722e+03 9.991668086041387564e-01 4.999474810896099679e-03 9.998905901588617251e-01
1.302245988525904750e+03 1.006938609184937272e+00 4.999505647050895944e-03 9.998970143850419712e-01
1.302248160438429295e+03 1.002774342995395473e+00 4.999533786865145539e-03 9.999028768697829639e-01
1.302250332354575903e+03 1.002154463163486220e+00 4.999559542486810455e-03 9.999082426445443650e-01
1.302252504274345029e+03 9.931186837378828125e-01 4.999583181170335830e-03 9.999131673878485227e-01
1.302254676197736671e+03 1.000422995373582591e+00 4.999604932990764881e-03 9.999176990324147862e-01
1.302256848124750377e+03 9.957089849750563326e-01 4.999624997011575117e-03 9.999218790501437359e-01
1.302259020055386600e+03 1.007757096377658312e+00 4.999643546264143090e-03 9.999257434895227892e-01
1.302261191989645340e+03 1.006213523853333403e+00 4.999660731800412324e-03 9.999293238199415956e-01
1.302263363927526370e+03 9.995638732952752958e-01 4.999676686014957287e-03 9.999326476237995198e-01
1.302265535869029691e+03 9.978925520184001030e-01 4.999691525385982667e-03 9.999357391675541828e-01
1.302267707814155528e+03 1.004038169943786141e+00 4.999705352750525092e-03 9.999386198757266309e-01
1.302269879762903656e+03 1.000016279721688939e+00 4.999718259203576355e-03 9.999413087265575095e-01
1.302272051715274529e+03 1.005093081697426172e+00 4.999730325691565704e-03 9.999438225839861749e-01
1.302274223671267691e+03 1.007013928570414496e+00 4.999741624355924854e-03 9.999461764775625650e-01
1.302276395630883371e+03 1.005820635749465231e+00 4.999752219671105627e-03 9.999483838395368807e-01
1.302278567594121341e+03 1.010854879131919848e+00 4.999762169412652786e-03 9.999504567065438110e-01
1.302280739560981601e+03 9.884456664712668594e-01 4.999771525484087743e-03 9.999524058918707325e-01
1.302282911531464606e+03 9.932283837989581698e-01 4.999780334625866622e-03 9.999542411331597824e-01
1.302285083505569901e+03 9.999946415968883340e-01 4.999788639025480770e-03 9.999559712195115191e-01
1.302287255483297486e+03 1.001346255052170564e+00 4.999796476844274064e-03 9.999576041012421257e-01
1.302289427464647815e+03 9.967055776865636485e-01 4.999803882673879013e-03 9.999591469849715697e-01
1.302291599449620662e+03 1.000057222822757330e+00 4.999810887932852610e-03 9.999606064162600561e-01
1.302293771438215572e+03 9.975692045321452595e-01 4.999817521212441412e-03 9.999619883516409624e-01
1.302295943430433454e+03 9.988368145779161766e-01 4.999823808578810272e-03 9.999632982215860277e-01
1.302298115426273853e+03 9.955376731643127419e-01 4.999829773837969303e-03 9.999645409856985356e-01
1.302300287425736315e+03 9.962193832110460834e-01 4.999835438768576376e-03 9.999657211812158497e-01
1.302302459428821521e+03 1.001441058581970189e+00 4.999840823327064698e-03 9.999668429657422308e-01
1.302304631435529245e+03 1.002377452450708750e+00 4.999845945828780905e-03 9.999679101549873161e-01
1.302306803445859487e+03 9.981686239042821818e-01 4.999850823108318611e-03 9.999689262561701764e-01
1.302308975459812245e+03 1.002580767922887972e+00 4.999855470661778746e-03 9.999698944976547210e-01
1.302311147477387522e+03 9.972374304931488354e-01 4.999859902773214418e-03 9.999708178552945137e-01
1.302313319498585315e+03 9.999524587497484740e-01 4.999864132627289057e-03 9.999716990759024426e-01
1.302315491523405854e+03 1.003432081789552566e+00 4.999868172409834000e-03 9.999725406982007403e-01
1.302317663551848682e+03 9.975448015678762825e-01 4.999872033397777422e-03 9.999733450715556637e-01
1.302319835583914255e+03 9.993582721472646924e-01 4.999875726039714439e-03 9.999741143727641779e-01
1.302322007619602118e+03 9.914463569278187949e-01 4.999879260028232929e-03 9.999748506211203480e-01
1.302324179658912726e+03 1.003447984756216993e+00 4.999882644364927499e-03 9.999755556919611710e-01
1.302326351701845851e+03 1.002169565497270654e+00 4.999885887418967223e-03 9.999762313288679261e-01
1.302328523748401494e+03 9.909277940737085677e-01 4.999888996979909295e-03 9.999768791546687075e-01
1.302330695798579882e+03 1.006705528309399744e+00 4.999891980305432547e-03 9.999775006813834688e-01
1.302332867852380787e+03 9.972106597308303400e-01 4.999894844164504311e-03 9.999780973192174960e-01
1.302335039909804209e+03 1.010535626394817532e+00 4.999897594876530522e-03 9.999786703847156621e-01
1.302337211970850376e+03 9.954045925600255584e-01 4.999900238346838624e-03 9.999792211081576232e-01
1.302339384035519060e+03 1.001096670847577030e+00 4.999902780098953829e-03 9.999797506402805514e-01
1.302341556103810717e+03 9.938845183733193700e-01 4.999905225303963655e-03 9.999802600583960199e-01
1.302343728175724436e+03 1.002436543703818517e+00 4.999907578807249141e-03 9.999807503719606583e-01
1.302345900251261128e+03 9.904650866771418372e-01 4.999909845152898484e-03 9.999812225276609734e-01
1.302348072330420337e+03 9.975424014506258930e-01 4.999912028605980018e-03 9.999816774140551923e-01
1.302350244413202290e+03 9.968542273606508797e-01 4.999914133172937356e-03 9.999821158658201981e-01
1.302352416499606534e+03 9.966243943132263583e-01 4.999916162620235936e-03 9.999825386676377548e-01
1.302354588589633750e+03 9.948068569724589638e-01 4.999918120491466528e-03 9.999829465577569909e-01
1.302356760683283483e+03 1.004796172967957091e+00 4.999920010123037536e-03 9.999833402312645614e-01
1.302358932780555961e+03 1.005272273359840929e+00 4.999921834658588825e-03 9.999837203430865795e-01
1.302361104881451183e+03 9.990469882409519498e-01 4.999923597062246733e-03 9.999840875107499638e-01
1.302363276985968696e+03 1.004272647273165564e+00 4.999925300130814848e-03 9.999844423169232943e-01
1.302365449094109181e+03 1.002025692617332764e+00 4.999926946505024554e-03 9.999847853117598273e-01
1.302367621205872638e+03 1.003021578320405061e+00 4.999928538679896534e-03 9.999851170150563240e-01
1.302369793321258385e+03 9.961596036318738356e-01 4.999930079014309504e-03 9.999854379182464559e-01
1.302371965440266877e+03 1.000664210068521465e+00 4.999931569739842104e-03 9.999857484862433310e-01
1.302374137562898341e+03 1.000360731976487338e+00 4.999933012968952109e-03 9.999860491591426870e-01
1.302376309689152095e+03 9.970665890156011901e-01 4.999934410702548508e-03 9.999863403538016282e-01
1.302378481819028821e+03 1.002953307187921084e+00 4.999935764836998912e-03 9.999866224652966817e-01
1.302380653952528064e+03 9.987185022697020464e-01 4.999937077170635638e-03 9.999868958682812670e-01
1.302382826089650507e+03 9.983251949299649652e-01 4.999938349409787340e-03 9.999871609182408028e-01
1.302384998230395240e+03 9.979698946952163530e-01 4.999939583174388240e-03 9.999874179526621054e-01
1.302387170374762945e+03 9.894600706460412454e-01 4.999940780003184031e-03 9.999876672921175214e-01
1.302389342522753168e+03 1.001709305389510307e+00 4.999941941358570889e-03 9.999879092412736759e-01
1.302391514674366363e+03 9.942819547072179187e-01 4.999943068631121368e-03 9.999881440898331642e-01
1.302393686829602302e+03 9.950148826783927758e-01 4.999944163143778091e-03 9.999883721134091852e-01
1.302395858988460759e+03 1.005813709767534592e+00 4.999945226155762083e-03 9.999885935743403342e-01
1.302398031150942415e+03 9.989089863710064465e-01 4.999946258866246919e-03 9.999888087224541033e-01
1.302400203317046589e+03 9.969751851964131495e-01 4.999947262417752704e-03 9.999890177957764248e-01
1.302402375486773280e+03 9.963662277117927291e-01 4.999948237899345775e-03 9.999892210211956955e-01
1.302404547660123171e+03 9.995016770709316267e-01 4.999949186349611149e-03 9.999894186150845021e-01
1.302406719837095807e+03 1.001948238785774992e+00 4.999950108759443693e-03 9.999896107838793791e-01
1.302408892017691187e+03 1.001721980053706051e+00 4.999951006074652808e-03 9.999897977246241521e-01
1.302411064201909312e+03 1.002437615059464271e+00 4.999951879198417069e-03 9.999899796254808626e-01
1.302413236389750182e+03 1.003715981920880518e+00 4.999952728993555841e-03 9.999901566662044994e-01
1.302415408581214024e+03 1.000942857099307748e+00 4.999953556284696815e-03 9.999903290185920834e-01
1.302417580776300611e+03 1.002452341536781200e+00 4.999954361860279618e-03 9.999904968469019995e-01
1.302419752975010169e+03 9.990610589694888244e-01 4.999955146474448393e-03 9.999906603082481249e-01
1.302421925177342473e+03 9.977590184663460704e-01 4.999955910848835963e-03 9.999908195529702004e-01
1.302424097383297521e+03 1.001589339281905522e+00 4.999956655674225696e-03 9.999909747249822178e-01
1.302426269592875542e+03 1.005778811756277147e+00 4.999957381612130970e-03 9.999911259620992698e-01
1.302428441806076307e+03 1.003905340965708826e+00 4.999958089296270558e-03 9.999912733963463030e-01
1.302430614022900045e+03 1.001287167001435829e+00 4.999958779333955536e-03 9.999914171542464425e-01
1.302432786243346754e+03 9.986252323400850450e-01 4.999959452307411144e-03 9.999915573570967720e-01
1.302434958467416209e+03 9.975347875017643862e-01 4.999960108775004103e-03 9.999916941212237953e-01
1.302437130695108408e+03 1.003600952528010071e+00 4.999960749272408349e-03 9.999918275582262428e-01
1.302439302926423579e+03 1.001542659483274145e+00 4.999961374313707449e-03 9.999919577752054423e-01
1.302441475161361723e+03 9.997514831775924371e-01 4.999961984392435436e-03 9.999920848749802582e-01
1.302443647399922838e+03 9.948942128679798547e-01 4.999962579982543918e-03 9.999922089562913730e-01
1.302445819642106471e+03 1.003952315384889271e+00 4.999963161539340561e-03 9.999923301139942433e-01
1.302447991887913531e+03 9.965825052189419830e-01 4.999963729500360790e-03 9.999924484392421764e-01
1.302450164137343108e+03 9.992773276287464368e-01 4.999964284286190913e-03 9.999925640196576371e-01
1.302452336390395658e+03 9.967185729678438300e-01 4.999964826301251351e-03 9.999926769394947845e-01
1.302454508647071634e+03 1.004487189167335703e+00 4.999965355934544303e-03 9.999927872797957917e-01
1.302456680907369901e+03 9.884669916019582780e-01 4.999965873560347634e-03 9.999928951185351744e-01
1.302458853171291366e+03 9.973344242945718641e-01 4.999966379538881879e-03 9.999930005307590131e-01
1.302461025438835804e+03 9.973916870691701408e-01 4.999966874216939076e-03 9.999931035887158481e-01
1.302463197710002987e+03 1.004117352568673294e+00 4.999967357928482119e-03 9.999932043619809141e-01
1.302465369984793369e+03 1.007692241827677249e+00 4.999967830995206801e-03 9.999933029175748223e-01
1.302467542263206724e+03 1.006129390487835451e+00 4.999968293727086524e-03 9.999933993200746940e-01
1.302469714545242823e+03 9.963437134025648900e-01 4.999968746422871028e-03 9.999934936317209644e-01
1.302471886830902349e+03 9.973097484039918914e-01 4.999969189370580790e-03 9.999935859125171911e-01
1.302474059120184393e+03 9.940271742235877728e-01 4.999969622847962383e-03 9.999936762203276430e-01
1.302476231413089636e+03 1.003227827584090903e+00 4.999970047122925636e-03 9.999937646109666733e-01
1.302478403709617851e+03 1.005492554800797134e+00 4.999970462453957355e-03 9.999938511382862050e-01
1.302480576009769038e+03 1.000699556496934539e+00 4.999970869090523788e-03 9.999939358542577761e-01
1.302482748313542970e+03 9.982282801471373812e-01 4.999971267273439247e-03 9.999940188090514770e-01
1.302484920620940329e+03 1.004731123529066350e+00 4.999971657235224333e-03 9.999941000511090028e-01
1.302487092931960433e+03 9.972076405834148227e-01 4.999972039200451142e-03 9.999941796272162620e-01
1.302489265246603964e+03 9.993077646713035556e-01 4.999972413386064192e-03 9.999942575825697677e-01
1.302491437564870012e+03 9.972077048727973070e-01 4.999972780001688336e-03 9.999943339608419191e-01
1.302493609886759486e+03 1.004267908794156172e+00 4.999973139249927999e-03 9.999944088042417301e-01
1.302495782212271934e+03 1.001638800740821234e+00 4.999973491326644738e-03 9.999944821535736716e-01
1.302497954541407125e+03 1.001410782827526935e+00 4.999973836421224387e-03 9.999945540482932937e-01
1.302500126874165744e+03 9.917457010983383725e-01 4.999974174716832927e-03 9.999946245265599609e-01
1.302502299210547335e+03 1.008559697226625529e+00 4.999974506390661953e-03 9.999946936252885887e-01
1.302504471550551671e+03 1.000926835437972562e+00 4.999974831614160259e-03 9.999947613801980495e-01
1.302506643894179433e+03 1.001693516447996979e+00 4.999975150553252409e-03 9.999948278258559142e-01
1.302508816241430168e+03 1.005667169226977409e+00 4.999975463368559053e-03 9.999948929957245269e-01
1.302510988592304102e+03 9.985143550574613336e-01 4.999975770215593814e-03 9.999949569222026380e-01
1.302513160946801008e+03 9.983841781671185522e-01 4.999976071244952372e-03 9.999950196366649280e-01
1.302515333304920887e+03 9.965610807245350866e-01 4.999976366602512830e-03 9.999950811695018649e-01
1.302517505666663965e+03 9.954410076631430293e-01 4.999976656429597037e-03 9.999951415501557861e-01
1.302519678032030470e+03 1.002634518142293318e+00 4.999976940863144932e-03 9.999952008071562037e-01
1.302521850401019492e+03 1.004115458768734204e+00 4.999977220035881076e-03 9.999952589681537773e-01
1.302524022773631941e+03 9.957554818284286569e-01 4.999977494076466439e-03 9.999953160599528434e-01
1.302526195149867590e+03 9.977532816919481018e-01 4.999977763109646721e-03 9.999953721085421687e-01
1.302528367529726438e+03 9.930337303690494055e-01 4.999978027256395466e-03 9.999954271391248151e-01
1.302530539913208258e+03 9.915408155904673615e-01 4.999978286634045033e-03 9.999954811761446738e-01
1.302532712300313278e+03 1.003903053193508033e+00 4.999978541356427976e-03 9.999955342433171079e-01
1.302534884691041725e+03 1.005975812027561256e+00 4.999978791533994139e-03 9.999955863636522668e-01
1.302537057085392917e+03 9.970095949279073055e-01 4.999979037273926882e-03 9.999956375594803992e-01
1.302539229483367308e+03 9.894147901090440955e-01 4.999979278680271449e-03 9.999956878524773884e-01
1.302541401884964898e+03 9.907384413636514120e-01 4.999979515854032115e-03 9.999957372636856245e-01
1.302543574290185688e+03 1.004851120335078951e+00 4.999979748893283206e-03 9.999957858135377631e-01
1.302545746699029905e+03 1.006325970067609266e+00 4.999979977893274918e-03 9.999958335218771532e-01
1.302547919111496867e+03 1.001519591297900025e+00 4.999980202946516586e-03 9.999958804079767116e-01
1.302550091527587256e+03 1.001356730701735476e+00 4.999980424142891171e-03 9.999959264905620149e-01
1.302552263947300844e+03 1.001249004920304886e+00 4.999980641569724653e-03 9.999959717878261767e-01
1.302554436370637632e+03 9.944607937926018826e-01 4.999980855311887511e-03 9.999960163174502759e-01
1.302556608797597846e+03 1.000342425151352188e+00 4.999981065451864111e-03 9.999960600966190105e-01
1.302558781228181033e+03 9.997619357519389460e-01 4.999981272069847250e-03 9.999961031420385726e-01
1.302560953662387647e+03 9.933732935943511144e-01 4.999981475243803208e-03 9.999961454699523022e-01
1.302563126100217232e+03 1.005228143237661520e+00 4.999981675049548074e-03 9.999961870961554533e-01
1.302565298541670018e+03 1.002698813932591415e+00 4.999981871560821474e-03 9.999962280360101818e-01
1.302567470986746230e+03 9.958184966075318556e-01 4.999982064849353355e-03 9.999962683044600897e-01
1.302569643435445641e+03 1.000963657321449984e+00 4.999982254984922103e-03 9.999963079160426593e-01
1.302571815887768480e+03 1.005109332299928493e+00 4.999982442035436070e-03 9.999963468849053516e-01
1.302573988343714291e+03 9.973994743456361389e-01 4.999982626066970873e-03 9.999963852248138219e-01
1.302576160803283528e+03 9.958451350323915818e-01 4.999982807143843119e-03 9.999964229491675738e-01
1.302578333266475966e+03 9.984941424175373115e-01 4.999982985328664184e-03 9.999964600710103957e-01
1.302580505733291602e+03 9.999003333941383076e-01 4.999983160682392250e-03 9.999964966030420177e-01
1.302582678203730666e+03 1.002541179454547349e+00 4.999983333264383482e-03 9.999965325576282149e-01
1.302584850677793156e+03 9.982189764087130435e-01 4.999983503132441470e-03 9.999965679468116875e-01
1.302587023155478846e+03 9.936091897103327408e-01 4.999983670342871868e-03 9.999966027823227188e-01
1.302589195636787736e+03 1.003880562374927621e+00 4.999983834950523162e-03 9.999966370755878353e-01
1.302591368121719825e+03 9.988918042161579747e-01 4.999983997008831775e-03 9.999966708377396873e-01
1.302593540610275340e+03 1.000866389611011931e+00 4.999984156569869768e-03 9.999967040796269302e-01
1.302595713102454283e+03 1.001720715330300271e+00 4.999984313684381274e-03 9.999967368118209965e-01
1.302597885598256426e+03 9.996681390719398541e-01 4.999984468401824991e-03 9.999967690446258661e-01
1.302600058097681995e+03 9.944817031241111049e-01 4.999984620770415826e-03 9.999968007880862819e-01
1.302602230600730763e+03 1.000668846620096808e+00 4.999984770837156978e-03 9.999968320519945220e-01
1.302604403107402959e+03 9.986382034459634349e-01 4.999984918647882443e-03 9.999968628458992814e-01
1.302606575617698581e+03 1.006071825484062376e+00 4.999985064247283902e-03 9.999968931791116677e-01
1.302608748131617403e+03 9.977699130336736832e-01 4.999985207678954956e-03 9.999969230607133053e-01
1.302610920649159880e+03 1.003077277000222756e+00 4.999985348985411075e-03 9.999969524995616643e-01
1.302613093170325328e+03 1.004273929670210785e+00 4.999985488208130366e-03 9.999969815042982768e-01
1.302615265695114431e+03 1.003112566098620206e+00 4.999985625387584794e-03 9.999970100833547315e-01
1.302617438223526960e+03 1.010152962621014838e+00 4.999985760563263604e-03 9.999970382449575590e-01
1.302619610755562917e+03 9.953048587374702105e-01 4.999985893773701076e-03 9.999970659971353371e-01
1.302621783291221846e+03 9.948199890209901142e-01 4.999986025056513822e-03 9.999970933477243529e-01
1.302623955830504656e+03 9.948120857654076943e-01 4.999986154448412927e-03 9.999971203043729329e-01
1.302626128373410438e+03 1.004696827509464763e+00 4.999986281985243849e-03 9.999971468745488812e-01
1.302628300919939875e+03 1.003543273828236160e+00 4.999986407701999432e-03 9.999971730655424773e-01
1.302630473470092738e+03 9.975442537571309609e-01 4.999986531632848522e-03 9.999971988844722492e-01
1.302632646023869029e+03 9.983588759110438859e-01 4.999986653811164597e-03 9.999972243382908577e-01
1.302634818581268746e+03 9.955386013915581422e-01 4.999986774269538775e-03 9.999972494337882045e-01
1.302636991142291663e+03 1.003200498121186168e+00 4.999986893039808436e-03 9.999972741775969842e-01
1.302639163706938461e+03 9.994479491793243353e-01 4.999987010153072835e-03 9.999972985761960143e-01
1.302641336275208232e+03 9.991538931393932899e-01 4.999987125639716520e-03 9.999973226359160083e-01
1.302643508847101884e+03 1.003722244772923267e+00 4.999987239529429285e-03 9.999973463629420189e-01
1.302645681422618509e+03 9.938347915538324751e-01 4.999987351851222644e-03 9.999973697633179892e-01
1.302647854001759015e+03 9.943259423448999046e-01 4.999987462633454990e-03 9.999973928429520820e-01
1.302650026584522948e+03 1.007227519821506379e+00 4.999987571903838530e-03 9.999974156076174570e-01
1.302652199170910308e+03 1.007387521334007108e+00 4.999987679689463574e-03 9.999974380629582660e-01
1.302654371760921094e+03 9.934145473929240078e-01 4.999987786016817613e-03 9.999974602144925395e-01
1.302656544354555308e+03 9.969186615837920540e-01 4.999987890911795733e-03 9.999974820676150733e-01
1.302658716951813176e+03 9.987003594831197484e-01 4.999987994399715356e-03 9.999975036276005369e-01
1.302660889552694471e+03 1.007232441842151882e+00 4.999988096505341394e-03 9.999975248996080257e-01
1.302663062157199192e+03 9.985600706820354500e-01 4.999988197252889718e-03 9.999975458886822821e-01
1.302665234765327796e+03 9.888384468712501096e-01 4.999988296666046245e-03 9.999975665997586916e-01
1.302667407377079371e+03 9.988271404644948337e-01 4.999988394767982541e-03 9.999975870376637266e-01
1.302669579992454828e+03 1.006742676847958151e+00 4.999988491581364505e-03 9.999976072071202760e-01
1.302671752611453712e+03 1.008054732846360269e+00 4.999988587128372311e-03 9.999976271127486438e-01
1.302673925234076250e+03 1.000781938693393380e+00 4.999988681430703880e-03 9.999976467590695473e-01
1.302676097860322216e+03 1.002976894446822476e+00 4.999988774509596563e-03 9.999976661505073361e-01
1.302678270490191835e+03 9.964627580253354600e-01 4.999988866385833217e-03 9.999976852913915470e-01
1.302680443123684654e+03 9.964294543391520875e-01 4.999988957079752605e-03 9.999977041859597904e-01
1.302682615760801582e+03 9.921307520289123216e-01 4.999989046611269354e-03 9.999977228383606365e-01
1.302684788401541709e+03 1.003334310947017860e+00 4.999989134999873082e-03 9.999977412526547260e-01
1.302686961045905491e+03 9.898938390096254647e-01 4.999989222264644012e-03 9.999977594328168795e-01
1.302689133693892927e+03 9.951351431081637555e-01 4.999989308424268586e-03 9.999977773827402050e-01
1.302691306345504017e+03 1.002035603796202601e+00 4.999989393497040330e-03 9.999977951062358761e-01
1.302693479000738535e+03 9.936796984898496055e-01 4.999989477500878070e-03 9.999978126070369067e-01
1.302695651659596479e+03 9.944526732563129245e-01 4.999989560453324197e-03 9.999978298887978179e-01
1.302697824322078532e+03 9.990330816558463667e-01 4.999989642371568087e-03 9.999978469550999671e-01
1.302699996988183557e+03 1.012511761551940337e+00 4.999989723272440893e-03 9.999978638094499939e-01
1.302702169657912691e+03 9.963115553840556915e-01 4.999989803172436367e-03 9.999978804552835943e-01
1.302704342331265252e+03 1.000596699221248276e+00 4.999989882087706519e-03 9.999978968959662984e-01
1.302706515008241468e+03 1.006132279462082169e+00 4.999989960034086772e-03 9.999979131347966899e-01
1.302708687688841565e+03 9.991288265650525302e-01 4.999990037027081217e-03 9.999979291750051846e-01
1.302710860373064861e+03 9.968241227340098876e-01 4.999990113081893839e-03 9.999979450197591380e-01
1.302713033060912039e+03 1.000044217593072382e+00 4.999990188213419839e-03 9.999979606721616232e-01
1.302715205752382872e+03 1.000981620336181876e+00 4.999990262436256917e-03 9.999979761352537633e-01
1.302717378447477358e+03 1.001603150305151235e+00 4.999990335764716541e-03 9.999979914120172841e-01
1.302719551146195727e+03 1.001921982717089099e+00 4.999990408212824818e-03 9.999980065053744038e-01
1.302721723848537522e+03 1.001874526004051358e+00 4.999990479794335502e-03 9.999980214181901639e-01
1.302723896554502744e+03 1.004933715464454647e+00 4.999990550522728262e-03 9.999980361532732065e-01
1.302726069264092303e+03 9.994629813930820950e-01 4.999990620411221692e-03 9.999980507133769958e-01
1.302728241977304833e+03 1.005119669179985076e+00 4.999990689472781115e-03 9.999980651012029265e-01
1.302730414694141700e+03 1.003759203395018229e+00 4.999990757720115114e-03 9.999980793193984363e-01
1.302732587414601994e+03 1.001580051075866118e+00 4.999990825165686811e-03 9.999980933705602260e-01
1.302734760138685715e+03 9.980263491911010032e-01 4.999990891821726874e-03 9.999981072572363683e-01
1.302736932866393317e+03 9.962032753481047109e-01 4.999990957700224843e-03 9.999981209819244210e-01
1.302739105597724802e+03 1.006532950291877615e+00 4.999991022812944746e-03 9.999981345470752014e-01
1.302741278332679940e+03 1.000230311892889690e+00 4.999991087171425097e-03 9.999981479550928976e-01
1.302743451071258733e+03 1.002589222473131647e+00 4.999991150786986700e-03 9.999981612083359561e-01
1.302745623813461407e+03 9.986417447496477307e-01 4.999991213670738725e-03 9.999981743091185260e-01
1.302747796559287735e+03 1.002239312430865503e+00 4.999991275833579572e-03 9.999981872597111243e-01
1.302749969308737946e+03 9.990826628349498417e-01 4.999991337286202077e-03 9.999982000623418577e-01
1.302752142061811583e+03 9.926738628745980231e-01 4.999991398039103051e-03 9.999982127191969772e-01
1.302754314818509556e+03 9.939938092861944074e-01 4.999991458102582415e-03 9.999982252324226550e-01
1.302756487578830956e+03 1.001099664213954687e+00 4.999991517486749269e-03 9.999982376041248733e-01
1.302758660342776011e+03 1.008893122440081447e+00 4.999991576201526233e-03 9.999982498363708672e-01
1.302760833110344947e+03 9.971911528787773538e-01 4.999991634256652911e-03 9.999982619311895693e-01
1.302763005881537538e+03 9.937900059760580440e-01 4.999991691661691967e-03 9.999982738905736079e-01
1.302765178656354010e+03 9.959628491148387885e-01 4.999991748426029121e-03 9.999982857164780858e-01
1.302767351434794591e+03 9.904389705912891584e-01 4.999991804558883562e-03 9.999982974108234668e-01
1.302769524216858372e+03 9.982185900680339286e-01 4.999991860069303608e-03 9.999983089754950205e-01
1.302771697002546489e+03 1.006544679359999028e+00 4.999991914966174511e-03 9.999983204123438219e-01
1.302773869791858260e+03 1.000950745060348757e+00 4.999991969258221931e-03 9.999983317231876390e-01
1.302776042584793686e+03 9.984104614725436422e-01 4.999992022954015403e-03 9.999983429098122656e-01
1.302778215381353220e+03 1.004003947098394578e+00 4.999992076061972671e-03 9.999983539739705218e-01
1.302780388181536409e+03 1.000060502809437368e+00 4.999992128590357958e-03 9.999983649173849187e-01
1.302782560985343480e+03 9.998530574709645347e-01 4.999992180547294107e-03 9.999983757417469921e-01
1.302784733792774432e+03 1.007302734836488245e+00 4.999992231940753040e-03 9.999983864487183016e-01
1.302786906603829266e+03 1.012964977994598836e+00 4.999992282778572238e-03 9.999983970399313193e-01
1.302789079418507754e+03 9.929354989409080456e-01 4.999992333068449535e-03 9.999984075169898734e-01
1.302791252236810351e+03 9.992789115068061445e-01 4.999992382817948326e-03 9.999984178814692592e-01
1.302793425058736830e+03 1.000231603458604734e+00 4.999992432034497565e-03 9.999984281349176829e-01
1.302795597884286735e+03 1.002646991653964648e+00 4.999992480725400437e-03 9.999984382788564830e-01
1.302797770713461205e+03 9.973485278844191892e-01 4.999992528897832626e-03 9.999984483147803527e-01
1.302799943546259101e+03 1.002519961255851522e+00 4.999992576558844916e-03 9.999984582441584502e-01
1.302802116382681106e+03 1.003180251154924152e+00 4.999992623715364924e-03 9.999984680684340654e-01
1.302804289222726766e+03 1.000231410368334295e+00 4.999992670374205778e-03 9.999984777890263965e-01
1.302806462066396534e+03 9.968247686359105186e-01 4.999992716542062642e-03 9.999984874073304386e-01
1.302808634913690184e+03 9.968522333286994330e-01 4.999992762225512720e-03 9.999984969247164290e-01
1.302810807764607716e+03 1.003625831278422975e+00 4.999992807431025664e-03 9.999985063425322895e-01
1.302812980619149357e+03 1.007547258345349306e+00 4.999992852164960970e-03 9.999985156621026272e-01
1.302815153477314425e+03 9.991781380777237098e-01 4.999992896433569714e-03 9.999985248847298447e-01
1.302817326339104056e+03 1.002520529965639895e+00 4.999992940242998021e-03 9.999985340116946952e-01
1.302819499204517342e+03 9.991392421155309567e-01 4.999992983599289668e-03 9.999985430442557277e-01
1.302821672073554510e+03 1.001836972672228487e+00 4.999993026508384349e-03 9.999985519836510628e-01
1.302823844946215786e+03 1.000175837007236890e+00 4.999993068976128080e-03 9.999985608310980600e-01
1.302826017822500944e+03 1.000496949682853520e+00 4.999993111008263665e-03 9.999985695877935399e-01
1.302828190702409984e+03 9.993284811453109207e-01 4.999993152610445434e-03 9.999985782549151159e-01
1.302830363585942905e+03 1.000362074513628574e+00 4.999993193788228839e-03 9.999985868336203065e-01
1.302832536473100163e+03 1.000651512710153179e+00 4.999993234547079127e-03 9.999985953250479787e-01
1.302834709363881075e+03 1.000943500119879426e+00 4.999993274892372205e-03 9.999986037303179032e-01
1.302836882258286323e+03 1.003429288270165642e+00 4.999993314829398114e-03 9.999986120505319764e-01
1.302839055156315226e+03 1.003193068597719506e+00 4.999993354363358421e-03 9.999986202867742202e-01
1.302841228057968237e+03 1.004102944522918595e+00 4.999993393499370560e-03 9.999986284401103376e-01
1.302843400963245358e+03 9.985553989839962563e-01 4.999993432242467832e-03 9.999986365115892673e-01
1.302845573872146588e+03 1.002918078475545371e+00 4.999993470597604607e-03 9.999986445022432946e-01
1.302847746784671472e+03 9.931002892114992875e-01 4.999993508569654591e-03 9.999986524130873855e-01
1.302849919700820692e+03 9.965439369047713880e-01 4.999993546163410824e-03 9.999986602451205187e-01
1.302852092620593794e+03 1.000085152329580618e+00 4.999993583383594356e-03 9.999986679993255745e-01
1.302854265543991005e+03 1.005327658106932809e+00 4.999993620234844706e-03 9.999986756766698903e-01
1.302856438471012098e+03 1.000267058574811907e+00 4.999993656721732870e-03 9.999986832781052604e-01
1.302858611401657527e+03 9.924078722706629607e-01 4.999993692848756117e-03 9.999986908045688239e-01
1.302860784335926837e+03 1.002613225502506200e+00 4.999993728620339729e-03 9.999986982569822880e-01
1.302862957273820484e+03 9.953213134764473669e-01 4.999993764040834392e-03 9.999987056362524829e-01
1.302865130215338013e+03 9.992202283577541477e-01 4.999993799114531810e-03 9.999987129432732491e-01
1.302867303160479423e+03 9.941703182867696054e-01 4.999993833845652567e-03 9.999987201789235503e-01
1.302869476109245170e+03 1.003561605225164133e+00 4.999993868238346989e-03 9.999987273440684721e-01
1.302871649061634798e+03 1.004064015066260307e+00 4.999993902296703818e-03 9.999987344395598887e-01
1.302873822017648763e+03 1.007893882136809083e+00 4.999993936024749348e-03 9.999987414662365737e-01
1.302875994977286609e+03 9.976546673689502542e-01 4.999993969426446555e-03 9.999987484249237557e-01
1.302878167940548792e+03 1.007131527887732858e+00 4.999994002505698566e-03 9.999987553164346732e-01
1.302880340907434856e+03 1.007675774296264537e+00 4.999994035266343458e-03 9.999987621415693528e-01
1.302882513877945257e+03 9.999125427420089141e-01 4.999994067712163794e-03 9.999987689011156089e-01
1.302884686852079540e+03 1.005931142917133370e+00 4.999994099846884026e-03 9.999987755958494873e-01
1.302886859829837931e+03 9.978588367082843469e-01 4.999994131674172226e-03 9.999987822265348214e-01
1.302889032811220659e+03 1.001730593464782215e+00 4.999994163197640090e-03 9.999987887939241205e-01
1.302891205796227496e+03 9.915818841128869465e-01 4.999994194420842065e-03 9.999987952987581252e-01
1.302893378784858669e+03 1.003553716546891073e+00 4.999994225347281426e-03 9.999988017417665853e-01
1.302895551777113496e+03 1.001669000445721380e+00 4.999994255980406803e-03 9.999988081236679260e-01
1.302897724772992660e+03 9.989343632685464547e-01 4.999994286323615651e-03 9.999988144451700256e-01
1.302899897772496388e+03 9.930405275715477043e-01 4.999994316380254253e-03 9.999988207069698820e-01
1.302902070775623770e+03 9.908224091327207939e-01 4.999994346153616848e-03 9.999988269097542792e-01
1.302904243782375715e+03 9.973426667113770572e-01 4.999994375646951705e-03 9.999988330541992321e-01
1.302906416792751543e+03 1.001400394776404079e+00 4.999994404863456789e-03 9.999988391409713184e-01
1.302908589806751934e+03 9.989518348168635598e-01 4.999994433806281488e-03 9.999988451707266801e-01
1.302910762824376206e+03 1.000929698623896247e+00 4.999994462478529224e-03 9.999988511441120220e-01
1.302912935845624588e+03 9.970817601688342080e-01 4.999994490883258313e-03 9.999988570617641681e-01
1.302915108870497534e+03 1.001946980802512766e+00 4.999994519023481972e-03 9.999988629243109495e-01
1.302917281898994588e+03 1.000758313702253322e+00 4.999994546902163974e-03 9.999988687323699832e-01
1.302919454931115752e+03 1.009322202719253880e+00 4.999994574522231665e-03 9.999988744865510037e-01
1.302921627966861251e+03 1.001931533510000971e+00 4.999994601886566421e-03 9.999988801874544198e-01
1.302923801006230860e+03 1.004434125256076005e+00 4.999994628998006251e-03 9.999988858356712029e-01
1.302925974049225033e+03 9.986999099909813493e-01 4.999994655859350129e-03 9.999988914317846644e-01
1.302928147095843087e+03 1.001899819199127739e+00 4.999994682473354532e-03 9.999988969763690116e-01
1.302930320146085478e+03 1.002135130377122207e+00 4.999994708842732567e-03 9.999989024699896811e-01
1.302932493199952205e+03 9.907442795332154217e-01 4.999994734970166985e-03 9.999989079132056702e-01
1.302934666257443041e+03 9.946875116624877000e-01 4.999994760858294564e-03 9.999989133065655400e-01
1.302936839318558214e+03 9.970434094676372538e-01 4.999994786509714788e-03 9.999989186506116345e-01
1.302939012383297722e+03 1.006397232481830661e+00 4.999994811926990711e-03 9.999989239458777490e-01
1.302941185451661568e+03 9.898635771503732084e-01 4.999994837112649824e-03 9.999989291928903512e-01
1.302943358523649522e+03 9.909109234051368675e-01 4.999994862069183192e-03 9.999989343921681373e-01
1.302945531599262040e+03 1.006964588980489017e+00 4.999994886799042845e-03 9.999989395442225870e-01
1.302947704678498440e+03 9.988109896756135475e-01 4.999994911304650458e-03 9.999989446495576306e-01
1.302949877761359630e+03 9.952541047011559394e-01 4.999994935588389540e-03 9.999989497086702039e-01
1.302952050847844703e+03 1.001196891243933962e+00 4.999994959652613244e-03 9.999989547220501374e-01
1.302954223937954339e+03 1.000216497204647226e+00 4.999994983499635691e-03 9.999989596901801558e-01
1.302956397031688084e+03 1.002241196693198777e+00 4.999995007131747583e-03 9.999989646135368782e-01
1.302958570129046620e+03 9.924546814548348417e-01 4.999995030551196255e-03 9.999989694925888184e-01
1.302960743230029038e+03 1.009899634407814162e+00 4.999995053760207357e-03 9.999989743277997167e-01
1.302962916334636020e+03 9.901120999628452157e-01 4.999995076760966640e-03 9.999989791196247646e-01
1.302965089442867338e+03 9.982428876842246446e-01 4.999995099555636438e-03 9.999989838685143795e-01
1.302967262554722765e+03 9.978598715982495149e-01 4.999995122146344388e-03 9.999989885749119845e-01
1.302969435670202756e+03 9.934733840169862606e-01 4.999995144535191241e-03 9.999989932392552294e-01
1.302971608789307311e+03 1.001354907519002246e+00 4.999995166724243920e-03 9.999989978619749920e-01
1.302973781912035747e+03 1.008779329252015744e+00 4.999995188715546796e-03 9.999990024434965985e-01
1.302975955038388975e+03 1.008884508319065620e+00 4.999995210511112148e-03 9.999990069842393803e-01
1.302978128168366311e+03 9.948652394031749502e-01 4.999995232112925368e-03 9.999990114846172284e-01
1.302980301301968439e+03 9.999710463076719735e-01 4.999995253522941489e-03 9.999990159450373728e-01
1.302982474439194448e+03 9.979478345797635486e-01 4.999995274743092126e-03 9.999990203659023802e-01
1.302984647580045248e+03 9.927823969913868174e-01 4.999995295775283739e-03 9.999990247476089333e-01
1.302986820724520157e+03 9.913723237034088864e-01 4.999995316621389831e-03 9.999990290905481638e-01
1.302988993872619858e+03 9.893699916444967934e-01 4.999995337283267421e-03 9.999990333951060961e-01
1.302991167024343895e+03 9.960582647987826777e-01 4.999995357762741441e-03 9.999990376616632037e-01
1.302993340179692268e+03 1.009006768365004580e+00 4.999995378061610797e-03 9.999990418905945200e-01
1.302995513338664978e+03 9.986790441148735153e-01 4.999995398181653582e-03 9.999990460822703042e-01
1.302997686501262024e+03 1.008006685456346974e+00 4.999995418124626202e-03 9.999990502370563750e-01
1.302999859667483634e+03 9.999537090256989114e-01 4.999995437892254709e-03 9.999990543553123334e-01
1.303002032837329807e+03 1.001076793115670327e+00 4.999995457486243466e-03 9.999990584373934510e-01
1.303004206010800317e+03 1.000898834553947347e+00 4.999995476908276892e-03 9.999990624836506692e-01
1.303006379187895391e+03 1.004372117439131351e+00 4.999995496160014249e-03 9.999990664944293783e-01
1.303008552368615028e+03 1.007402740854913770e+00 4.999995515243093984e-03 9.999990704700710831e-01
1.303010725552958775e+03 1.000110419610575674e+00 4.999995534159128521e-03 9.999990744109117369e-01
1.303012898740927312e+03 9.984024637373214439e-01 4.999995552909712940e-03 9.999990783172837405e-01
1.303015071932520414e+03 1.000849785687248472e+00 4.999995571496419766e-03 9.999990821895142767e-01
1.303017245127737624e+03 9.974788339028923811e-01 4.999995589920797241e-03 9.999990860279265315e-01
1.303019418326579853e+03 1.006898968722210519e+00 4.999995608184377993e-03 9.999990898328391387e-01
1.303021591529046191e+03 9.960539481672627815e-01 4.999995626288671231e-03 9.999990936045669576e-01
1.303023764735137092e+03 9.973213470472083175e-01 4.999995644235164481e-03 9.999990973434199626e-01
1.303025937944852330e+03 1.000086305400956554e+00 4.999995662025329655e-03 9.999991010497044641e-01
1.303028111158192587e+03 1.002233656400899120e+00 4.999995679660614381e-03 9.999991047237222208e-01
1.303030284375157180e+03 9.936452436386542519e-01 4.999995697142449805e-03 9.999991083657713276e-01
1.303032457595746109e+03 9.950088310989656515e-01 4.999995714472247124e-03 9.999991119761461045e-01
1.303034630819959830e+03 9.962474588445946466e-01 4.999995731651401924e-03 9.999991155551365418e-01
1.303036804047797887e+03 9.943641981987839662e-01 4.999995748681282902e-03 9.999991191030286330e-01
1.303038977279260507e+03 9.964416072657223955e-01 4.999995765563250080e-03 9.999991226201053740e-01
1.303041150514347692e+03 9.895050997705638895e-01 4.999995782298642666e-03 9.999991261066455417e-01
1.303043323753059667e+03 1.000705902164632954e+00 4.999995798888778181e-03 9.999991295629238053e-01
1.303045496995395979e+03 9.987624470369411700e-01 4.999995815334959404e-03 9.999991329892117253e-01
1.303047670241357082e+03 1.009804215211965284e+00 4.999995831638473498e-03 9.999991363857771987e-01
1.303049843490942749e+03 1.001045308139158374e+00 4.999995847800587680e-03 9.999991397528844583e-01
1.303052016744152752e+03 1.004041602887528528e+00 4.999995863822555286e-03 9.999991430907945178e-01
1.303054190000987546e+03 9.994472881260323405e-01 4.999995879705612309e-03 9.999991463997648378e-01
1.303056363261446904e+03 9.981422966384636553e-01 4.999995895450977390e-03 9.999991496800492152e-01
1.303058536525531053e+03 1.001427059576482481e+00 4.999995911059851826e-03 9.999991529318981165e-01
1.303060709793239539e+03 9.923966925759706292e-01 4.999995926533425637e-03 9.999991561555594544e-01
1.303062883064572588e+03 9.966260622249768497e-01 4.999995941872868895e-03 9.999991593512769228e-01
1.303065056339530429e+03 1.003421407792811859e+00 4.999995957079338658e-03 9.999991625192915512e-01
1.303067229618113060e+03 1.002999289594013188e+00 4.999995972153978112e-03 9.999991656598414824e-01
1.303069402900319801e+03 9.998239653052364284e-01 4.999995987097910488e-03 9.999991687731608625e-01
1.303071576186151788e+03 9.952175681434071164e-01 4.999996001912249480e-03 9.999991718594817280e-01
1.303073749475608111e+03 1.004668319164267354e+00 4.999996016598091432e-03 9.999991749190320078e-01
1.303075922768689225e+03 9.897960988673160099e-01 4.999996031156518812e-03 9.999991779520378543e-01
1.303078096065394902e+03 9.932686511511994443e-01 4.999996045588599343e-03 9.999991809587214231e-01
1.303080269365725144e+03 1.001474495329416348e+00 4.999996059895389471e-03 9.999991839393027604e-01
1.303082442669680404e+03 1.005310658648349786e+00 4.999996074077929162e-03 9.999991868939985817e-01
1.303084615977260000e+03 1.002404699672914568e+00 4.999996088137247108e-03 9.999991898230231602e-01
1.303086789288464388e+03 1.001227755087539251e+00 4.999996102074352917e-03 9.999991927265868830e-01
1.303088962603293567e+03 9.994132151712169509e-01 4.999996115890250128e-03 9.999991956048990271e-01
1.303091135921747536e+03 9.996578150088478720e-01 4.999996129585925798e-03 9.999991984581649840e-01
1.303093309243825843e+03 1.002149835003944389e+00 4.999996143162355709e-03 9.999992012865878133e-01
1.303095482569529167e+03 9.999213432035313209e-01 4.999996156620498296e-03 9.999992040903677992e-01
1.303097655898857056e+03 9.988218281313083757e-01 4.999996169961305921e-03 9.999992068697027836e-01
1.303099829231809736e+03 1.001445905815740334e+00 4.999996183185714468e-03 9.999992096247878326e-01
1.303102002568387206e+03 9.931691361846741728e-01 4.999996196294648546e-03 9.999992123558160140e-01
1.303104175908589241e+03 9.942206006285533304e-01 4.999996209289018882e-03 9.999992150629765097e-01
1.303106349252416294e+03 9.967107308690958956e-01 4.999996222169731004e-03 9.999992177464580578e-01
1.303108522599867683e+03 9.982492868006521691e-01 4.999996234937667886e-03 9.999992204064449552e-01
1.303110695950944091e+03 9.892492310379259468e-01 4.999996247593709031e-03 9.999992230431203888e-01
1.303112869305645518e+03 9.988982507980346259e-01 4.999996260138720068e-03 9.999992256566644366e-01
1.303115042663971053e+03 9.998014774169605712e-01 4.999996272573555348e-03 9.999992282472552896e-01
1.303117216025921834e+03 9.983569601346914402e-01 4.999996284899058813e-03 9.999992308150685849e-01
1.303119389391497180e+03 9.973319293117128836e-01 4.999996297116061396e-03 9.999992333602774064e-01
1.303121562760697543e+03 9.960080757772432625e-01 4.999996309225384489e-03 9.999992358830531725e-01
1.303123736133522470e+03 1.003050241462316583e+00 4.999996321227840809e-03 9.999992383835648591e-01
1.303125909509972189e+03 9.931781788201922145e-01 4.999996333124224861e-03 9.999992408619784445e-01
1.303128082890046926e+03 1.000639647861021775e+00 4.999996344915331146e-03 9.999992433184587970e-01
1.303130256273746454e+03 1.002000894512630857e+00 4.999996356601934221e-03 9.999992457531678980e-01
1.303132429661070546e+03 1.004298711137984190e+00 4.999996368184803433e-03 9.999992481662658417e-01
1.303134603052019884e+03 1.007061277572258051e+00 4.999996379664699460e-03 9.999992505579108348e-01
1.303136776446593558e+03 1.004520086267976176e+00 4.999996391042369100e-03 9.999992529282586418e-01
1.303138949844792478e+03 1.007568743995883809e+00 4.999996402318550477e-03 9.999992552774632504e-01
1.303141123246615734e+03 9.991131649471642895e-01 4.999996413493972176e-03 9.999992576056759841e-01
1.303143296652064237e+03 9.833171373546308880e-01 4.999996424569353240e-03 9.999992599130471671e-01
1.303145470061137530e+03 9.989246567628072837e-01 4.999996435545403170e-03 9.999992621997242370e-01
1.303147643473835615e+03 1.002810310192343124e+00 4.999996446422819325e-03 9.999992644658528551e-01
1.303149816890158718e+03 9.913103533170344317e-01 4.999996457202296463e-03 9.999992667115771283e-01
1.303151990310106612e+03 1.000673059856539426e+00 4.999996467884512859e-03 9.999992689370389432e-01
1.303154163733679070e+03 9.939100068544791666e-01 4.999996478470139852e-03 9.999992711423780767e-01
1.303156337160876774e+03 1.003748641550524345e+00 4.999996488959845310e-03 9.999992733277333068e-01
1.303158510591699269e+03 9.881791884816917282e-01 4.999996499354276286e-03 9.999992754932399697e-01
1.303160684026146555e+03 1.000044093961367508e+00 4.999996509654083300e-03 9.999992776390331795e-01
1.303162857464218860e+03 9.943007244487933605e-01 4.999996519859900394e-03 9.999992797652451637e-01
1.303165030905915955e+03 1.007949936507163802e+00 4.999996529972358141e-03 9.999992818720070398e-01
1.303167204351238070e+03 1.001963491848441246e+00 4.999996539992072365e-03 9.999992839594475935e-01
1.303169377800184975e+03 9.994495727535587237e-01 4.999996549919655427e-03 9.999992860276941675e-01
1.303171551252757126e+03 9.961513226439892010e-01 4.999996559755708406e-03 9.999992880768718839e-01
1.303173724708954069e+03 9.982970507507616942e-01 4.999996569500828048e-03 9.999992901071053097e-01
1.303175898168775575e+03 1.003080277196298775e+00 4.999996579155599821e-03 9.999992921185161254e-01
1.303178071632222554e+03 1.004179249142609587e+00 4.999996588720598788e-03 9.999992941112243461e-01
1.303180245099294098e+03 9.964175472014060730e-01 4.999996598196399140e-03 9.999992960853493207e-01
1.303182418569990659e+03 9.938175043163309796e-01 4.999996607583557726e-03 9.999992980410075116e-01
1.303184592044312467e+03 9.971244947704676065e-01 4.999996616882633992e-03 9.999992999783151593e-01
1.303186765522258838e+03 1.001745538202347241e+00 4.999996626094170907e-03 9.999993018973851733e-01
1.303188939003830228e+03 9.890969944066110298e-01 4.999996635218707103e-03 9.999993037983303523e-01
1.303191112489027091e+03 9.956437053339807219e-01 4.999996644256775140e-03 9.999993056812611636e-01
1.303193285977848291e+03 9.975817552585821701e-01 4.999996653208897170e-03 9.999993075462867420e-01
1.303195459470294963e+03 1.000896126567405675e+00 4.999996662075587538e-03 9.999993093935140021e-01
1.303197632966366200e+03 9.970495820546696475e-01 4.999996670857358855e-03 9.999993112230496362e-01
1.303199806466062910e+03 9.962120482222710516e-01 4.999996679554710721e-03 9.999993130349980053e-01
1.303201979969384411e+03 9.931909264637672763e-01 4.999996688168134931e-03 9.999993148294613610e-01
1.303204153476330930e+03 9.923838478377843275e-01 4.999996696698120677e-03 9.999993166065417327e-01
1.303206326986902241e+03 9.981873715023088511e-01 4.999996705145145874e-03 9.999993183663388185e-01
1.303208500501098797e+03 1.006643572274234399e+00 4.999996713509684970e-03 9.999993201089510952e-01
1.303210674018920372e+03 1.000628725714281630e+00 4.999996721792202004e-03 9.999993218344755963e-01
1.303212847540366965e+03 1.000980753969061610e+00 4.999996729993157543e-03 9.999993235430079119e-01
1.303215021065438577e+03 9.972871983346519587e-01 4.999996738113002617e-03 9.999993252346423001e-01
1.303217194594135208e+03 9.997686415547643035e-01 4.999996746152180448e-03 9.999993269094711312e-01
1.303219368126457084e+03 1.002005582532484285e+00 4.999996754111129919e-03 9.999993285675856658e-01
1.303221541662403979e+03 1.004330519260097976e+00 4.999996761990285581e-03 9.999993302090764979e-01
1.303223715201975665e+03 1.000036026186202465e+00 4.999996769790068969e-03 9.999993318340314463e-01
1.303225888745172597e+03 9.950666790790473337e-01 4.999996777510900756e-03 9.999993334425379965e-01
1.303228062291994775e+03 1.002803360704010771e+00 4.999996785153192069e-03 9.999993350346819687e-01
1.303230235842441971e+03 9.978682991470154695e-01 4.999996792717347101e-03 9.999993366105478509e-01
1.303232409396514186e+03 1.010897467352425139e+00 4.999996800203767439e-03 9.999993381702185768e-01
1.303234582954211419e+03 1.006914704408048866e+00 4.999996807612844263e-03 9.999993397137764140e-01
1.303236756515533671e+03 1.002570383974969559e+00 4.999996814944963550e-03 9.999993412413011873e-01
1.303238930080481168e+03 9.972493093051010282e-01 4.999996822200506938e-03 9.999993427528727219e-01
1.303241103649053912e+03 9.990834532107085719e-01 4.999996829379846526e-03 9.999993442485687334e-01
1.303243277221251674e+03 1.008854412129119860e+00 4.999996836483351810e-03 9.999993457284654941e-01
1.303245450797074682e+03 9.998275554642604979e-01 4.999996843511383612e-03 9.999993471926389432e-01
1.303247624376522708e+03 1.000900344787416518e+00 4.999996850464297551e-03 9.999993486411626886e-01
1.303249797959595981e+03 9.962702371193458140e-01 4.999996857342444909e-03 9.999993500741100050e-01
1.303251971546294271e+03 9.992633137139174115e-01 4.999996864146166557e-03 9.999993514915521686e-01
1.303254145136617581e+03 9.979080194399138071e-01 4.999996870875802503e-03 9.999993528935595677e-01
1.303256318730566136e+03 9.993934483159055970e-01 4.999996877531682343e-03 9.999993542802014801e-01
1.303258492328139937e+03 9.963451478646645487e-01 4.999996884114135676e-03 9.999993556515457405e-01
1.303260665929338757e+03 1.001238331436950180e+00 4.999996890623479087e-03 9.999993570076590732e-01
1.303262839534163049e+03 9.943625749815335757e-01 4.999996897060030900e-03 9.999993583486072035e-01
1.303265013142612361e+03 1.000914480381005722e+00 4.999996903424092955e-03 9.999993596744538582e-01
1.303267186754686691e+03 9.987522405670864467e-01 4.999996909715977503e-03 9.999993609852628751e-01
1.303269360370386494e+03 9.883070759421028750e-01 4.999996915935974243e-03 9.999993622810956495e-01
1.303271533989711315e+03 9.994256334507162221e-01 4.999996922084380679e-03 9.999993635620134658e-01
1.303273707612661838e+03 9.986281887883314834e-01 4.999996928161477838e-03 9.999993648280754988e-01
1.303275881239236924e+03 1.004832910739241747e+00 4.999996934167548479e-03 9.999993660793403683e-01
1.303278054869437710e+03 1.000830327386535989e+00 4.999996940102870158e-03 9.999993673158655838e-01
1.303280228503263061e+03 1.000426646171106437e+00 4.999996945967708287e-03 9.999993685377068786e-01
1.303282402140714112e+03 9.989242513700674619e-01 4.999996951762330014e-03 9.999993697449198748e-01
1.303284575781790636e+03 9.993346924528595521e-01 4.999996957486992077e-03 9.999993709375578632e-01
1.303286749426491724e+03 9.908247646913652673e-01 4.999996963141949483e-03 9.999993721156741344e-01
1.303288923074818740e+03 1.003236508088054091e+00 4.999996968727449427e-03 9.999993732793198697e-01
1.303291096726770775e+03 9.996128639696086893e-01 4.999996974243733905e-03 9.999993744285458064e-01
1.303293270382347828e+03 1.003867016300594051e+00 4.999996979691042308e-03 9.999993755634015713e-01
1.303295444041550354e+03 9.997307705349971485e-01 4.999996985069605354e-03 9.999993766839356812e-01
1.303297617704378354e+03 9.932912888563406595e-01 4.999996990379647691e-03 9.999993777901945435e-01
1.303299791370831144e+03 9.898624621866758400e-01 4.999996995621394831e-03 9.999993788822252316e-01
1.303301965040909408e+03 1.003000996624116237e+00 4.999997000795059279e-03 9.999993799600719324e-01
1.303304138714613146e+03 9.940446975655258255e-01 4.999997005900855274e-03 9.999993810237794989e-01
1.303306312391942129e+03 9.988210866289811696e-01 4.999997010938986644e-03 9.999993820733902306e-01
1.303308486072896358e+03 1.005486776775348146e+00 4.999997015909653751e-03 9.999993831089458718e-01
1.303310659757475833e+03 1.007239504041221867e+00 4.999997020813054353e-03 9.999993841304878339e-01
1.303312833445680781e+03 1.003684367960767654e+00 4.999997025649377536e-03 9.999993851380551968e-01
1.303315007137510975e+03 1.000759074348449795e+00 4.999997030418808913e-03 9.999993861316868182e-01
1.303317180832966415e+03 1.002483657358925528e+00 4.999997035121529765e-03 9.999993871114203348e-01
1.303319354532047555e+03 9.981491078699441521e-01 4.999997039757712695e-03 9.999993880772917176e-01
1.303321528234753487e+03 9.993426057122998252e-01 4.999997044327531177e-03 9.999993890293371601e-01
1.303323701941085119e+03 9.981750191267895200e-01 4.999997048831149142e-03 9.999993899675910791e-01
1.303325875651041997e+03 9.968285914872120346e-01 4.999997053268724449e-03 9.999993908920858932e-01
1.303328049364624349e+03 1.001257802309601486e+00 4.999997057640415826e-03 9.999993918028549089e-01
1.303330223081831946e+03 9.987614158880820936e-01 4.999997061946370724e-03 9.999993926999287686e-01
1.303332396802664789e+03 1.008131384203718506e+00 4.999997066186735728e-03 9.999993935833382253e-01
1.303334570527123105e+03 1.002691307738259319e+00 4.999997070361649615e-03 9.999993944531120338e-01
1.303336744255206895e+03 9.962773016654163927e-01 4.999997074471248561e-03 9.999993953092785048e-01
1.303338917986916158e+03 1.007162668829688634e+00 4.999997078515665272e-03 9.999993961518651719e-01
1.303341091722250439e+03 1.016764652876426034e+00 4.999997082495018577e-03 9.999993969808972372e-01
1.303343265461210422e+03 1.000436284857198821e+00 4.999997086409433376e-03 9.999993977964004577e-01
1.303345439203795650e+03 1.005515666192191793e+00 4.999997090259025896e-03 9.999993985983988143e-01
1.303347612950006578e+03 9.944896509343021940e-01 4.999997094043903689e-03 9.999993993869150666e-01
1.303349786699842753e+03 1.000596768589100183e+00 4.999997097764175176e-03 9.999994001619715300e-01
1.303351960453304400e+03 9.884950387491240331e-01 4.999997101419939236e-03 9.999994009235889658e-01
1.303354134210391294e+03 9.909481908130892691e-01 4.999997105011288676e-03 9.999994016717870249e-01
1.303356307971103888e+03 9.999495769841616477e-01 4.999997108538319773e-03 9.999994024065850251e-01
1.303358481735441501e+03 9.936972354489672643e-01 4.999997112001114928e-03 9.999994031280008411e-01
1.303360655503404814e+03 1.001348908827303763e+00 4.999997115399758274e-03 9.999994038360513482e-01
1.303362829274993601e+03 9.897414340781894859e-01 4.999997118734321802e-03 9.999994045307520896e-01
1.303365003050207861e+03 9.962243428022036218e-01 4.999997122004878371e-03 9.999994052121181642e-01
1.303367176829047594e+03 9.979692497656686978e-01 4.999997125211495634e-03 9.999994058801633390e-01
1.303369350611513028e+03 1.003387161068875377e+00 4.999997128354231705e-03 9.999994065349000483e-01
1.303371524397603707e+03 9.925713617738778360e-01 4.999997131433144698e-03 9.999994071763402825e-01
1.303373698187319860e+03 1.004264511975789365e+00 4.999997134448288388e-03 9.999994078044952550e-01
1.303375871980661486e+03 1.003130311495544769e+00 4.999997137399704410e-03 9.999994084193737365e-01
1.303378045777628358e+03 1.001834468919727161e+00 4.999997140287440467e-03 9.999994090209851638e-01
1.303380219578221158e+03 1.000158259003659511e+00 4.999997143111526918e-03 9.999994096093367535e-01
1.303382393382439204e+03 1.003364930719130133e+00 4.999997145872000191e-03 9.999994101844352778e-01
1.303384567190282951e+03 9.989485739967889355e-01 4.999997148568883706e-03 9.999994107462860660e-01
1.303386741001752171e+03 9.989595149246931483e-01 4.999997151202200014e-03 9.999994112948936698e-01
1.303388914816846864e+03 9.992930214793108723e-01 4.999997153771969065e-03 9.999994118302621970e-01
1.303391088635567030e+03 9.968735143749748451e-01 4.999997156278197796e-03 9.999994123523933132e-01
1.303393262457913124e+03 9.976915046783726426e-01 4.999997158720895750e-03 9.999994128612886835e-01
1.303395436283884465e+03 9.979248451859862312e-01 4.999997161100066395e-03 9.999994133569490851e-01
1.303397610113481278e+03 9.957045500428917117e-01 4.999997163415703660e-03 9.999994138393735188e-01
1.303399783946703565e+03 1.007503326286239842e+00 4.999997165667798005e-03 9.999994143085599863e-01
1.303401957783551552e+03 1.000503306423268457e+00 4.999997167856339020e-03 9.999994147645059339e-01
1.303404131624025240e+03 1.000792407913960291e+00 4.999997169981309358e-03 9.999994152072080311e-01
1.303406305468124401e+03 1.012459412748255572e+00 4.999997172042681265e-03 9.999994156366607267e-01
1.303408479315849263e+03 1.000580719263802321e+00 4.999997174040430453e-03 9.999994160528583587e-01
1.303410653167199598e+03 1.000534084217146846e+00 4.999997175974520494e-03 9.999994164557939325e-01
1.303412827022175406e+03 1.006229333299953232e+00 4.999997177844913224e-03 9.999994168454590104e-01
1.303415000880776915e+03 1.011002863422932885e+00 4.999997179651566141e-03 9.999994172218450439e-01
1.303417174743004125e+03 9.956252919079630059e-01 4.999997181394427205e-03 9.999994175849410416e-01
1.303419348608856808e+03 1.001686798975846227e+00 4.999997183073443506e-03 9.999994179347362344e-01
1.303421522478334964e+03 9.996298553664586528e-01 4.999997184688557798e-03 9.999994182712181878e-01
1.303423696351439276e+03 9.994113994881563823e-01 4.999997186239700693e-03 9.999994185943730240e-01
1.303425870228168833e+03 9.991090975330411128e-01 4.999997187726804536e-03 9.999994189041864212e-01
1.303428044108524091e+03 9.930228278967057065e-01 4.999997189149793866e-03 9.999994192006423921e-01
1.303430217992504822e+03 1.000986303420110524e+00 4.999997190508587153e-03 9.999994194837243944e-01
1.303432391880111254e+03 1.002865369797926620e+00 4.999997191803099393e-03 9.999994197534144424e-01
1.303434565771343614e+03 1.002965254303421538e+00 4.999997193033238647e-03 9.999994200096933294e-01
1.303436739666201447e+03 9.952823227697280561e-01 4.999997194198906904e-03 9.999994202525410714e-01
1.303438913564684981e+03 9.992085877009502237e-01 4.999997195300002681e-03 9.999994204819360188e-01
1.303441087466794215e+03 1.001430444867647873e+00 4.999997196336418426e-03 9.999994206978559674e-01
1.303443261372528923e+03 1.006922269795031299e+00 4.999997197308040514e-03 9.999994209002771584e-01
1.303445435281889559e+03 9.965165275351282048e-01 4.999997198214748383e-03 9.999994210891747226e-01
1.303447609194875895e+03 9.977936869969288303e-01 4.999997199056419733e-03 9.999994212645229030e-01
1.303449783111487704e+03 1.011210691591528876e+00 4.999997199832922727e-03 9.999994214262943881e-01
1.303451957031725442e+03 1.002773622031764678e+00 4.999997200544122923e-03 9.999994215744610893e-01
1.303454130955588880e+03 9.968497318882657554e-01 4.999997201189878941e-03 9.999994217089934745e-01
1.303456304883078019e+03 9.926819769958487027e-01 4.999997201770040728e-03 9.999994218298606796e-01
1.303458478814192631e+03 1.005582678902163130e+00 4.999997202284458230e-03 9.999994219370309523e-01
1.303460652748933171e+03 1.005763081194837483e+00 4.999997202732970984e-03 9.999994220304712078e-01
1.303462826687299412e+03 1.009189548272480197e+00 4.999997203115415061e-03 9.999994221101470293e-01
1.303465000629291353e+03 9.995040397044157032e-01 4.999997203431619588e-03 9.999994221760228896e-01
1.303467174574908995e+03 1.000550150083655110e+00 4.999997203681408493e-03 9.999994222280621514e-01
1.303469348524152565e+03 1.007979679955389951e+00 4.999997203864597894e-03 9.999994222662266230e-01
1.303471522477021836e+03 9.976307428200916760e-01 4.999997203980999574e-03 9.999994222904771135e-01
1.303473696433516579e+03 9.962910727017062484e-01 4.999997204030417509e-03 9.999994223007725447e-01
1.303475870393637479e+03 9.928325225663711118e-01 4.999997204012653941e-03 9.999994222970716162e-01
1.303478044357384078e+03 9.896717565482968659e-01 4.999997203927498968e-03 9.999994222793311405e-01
1.303480218324756379e+03 9.943469106542983660e-01 4.999997203774740086e-03 9.999994222475063754e-01
1.303482392295754380e+03 1.002840450096716296e+00 4.999997203554156985e-03 9.999994222015515799e-01
1.303484566270378537e+03 9.969421625742737048e-01 4.999997203265525887e-03 9.999994221414201245e-01
1.303486740248628166e+03 9.990555866355573800e-01 4.999997202908611736e-03 9.999994220670629375e-01
1.303488914230503724e+03 9.985116721686182473e-01 4.999997202483174273e-03 9.999994219784301697e-01
1.303491088216004982e+03 1.001783929151557118e+00 4.999997201988972372e-03 9.999994218754713060e-01
1.303493262205132169e+03 1.010579664918212606e+00 4.999997201425750160e-03 9.999994217581333888e-01
1.303495436197885056e+03 9.965617276132262559e-01 4.999997200793250031e-03 9.999994216263623503e-01
1.303497610194263871e+03 9.948307070855996193e-01 4.999997200091205705e-03 9.999994214801033454e-01
1.303499784194268614e+03 1.000080599284231209e+00 4.999997199319345699e-03 9.999994213192990866e-01
1.303501958197899057e+03 1.004046470931283741e+00 4.999997198477390721e-03 9.999994211438917313e-01
1.303504132205155429e+03 1.001695164385592696e+00 4.999997197565051073e-03 9.999994209538212164e-01
1.303506306216037501e+03 1.009255661367384649e+00 4.999997196582038790e-03 9.999994207490269238e-01
1.303508480230545501e+03 9.978769186476208475e-01 4.999997195528050296e-03 9.999994205294460148e-01
1.303510654248679430e+03 9.937804540692812827e-01 4.999997194402779413e-03 9.999994202950144295e-01
1.303512828270439059e+03 1.000760907236879937e+00 4.999997193205910420e-03 9.999994200456668869e-01
1.303515002295824843e+03 9.964694316267451724e-01 4.999997191937121527e-03 9.999994197813357744e-01
1.303517176324836555e+03 9.992688337917505770e-01 4.999997190596084003e-03 9.999994195019528131e-01
1.303519350357473968e+03 1.009861135307666524e+00 4.999997189182459577e-03 9.999994192074478372e-01
1.303521524393737309e+03 9.972421601354758414e-01 4.999997187695903039e-03 9.999994188977485710e-01
1.303523698433626350e+03 1.001341746414297740e+00 4.999997186136063108e-03 9.999994185727819618e-01
1.303525872477141547e+03 1.000169870345439582e+00 4.999997184502580697e-03 9.999994182324730696e-01
1.303528046524282445e+03 9.996125108436105799e-01 4.999997182795088042e-03 9.999994178767452890e-01
1.303530220575049498e+03 9.956225948917489799e-01 4.999997181013206976e-03 9.999994175055201273e-01
1.303532394629442479e+03 1.007044907886781582e+00 4.999997179156554124e-03 9.999994171187175374e-01
1.303534568687461160e+03 1.000879165452497999e+00 4.999997177224740907e-03 9.999994167162563619e-01
1.303536742749105997e+03 9.966430237762442523e-01 4.999997175217364871e-03 9.999994162980531121e-01
1.303538916814376762e+03 9.991914826400877248e-01 4.999997173134017488e-03 9.999994158640224118e-01
1.303541090883273455e+03 9.973375044718864046e-01 4.999997170974281556e-03 9.999994154140774416e-01
1.303543264955796076e+03 1.007716527542836138e+00 4.999997168737733803e-03 9.999994149481299388e-01
1.303545439031944625e+03 9.995193255839637247e-01 4.999997166423939682e-03 9.999994144660894202e-01
1.303547613111719102e+03 9.938209172300390692e-01 4.999997164032453367e-03 9.999994139678631822e-01
1.303549787195119507e+03 1.001096020085511906e+00 4.999997161562826434e-03 9.999994134533576329e-01
1.303551961282146294e+03 1.003673741769668837e+00 4.999997159014599180e-03 9.999994129224767381e-01
1.303554135372798783e+03 9.971406936897224682e-01 4.999997156387298892e-03 9.999994123751225761e-01
1.303556309467076971e+03 1.008306786708027536e+00 4.999997153680450258e-03 9.999994118111956709e-01
1.303558483564981543e+03 9.958560136332361701e-01 4.999997150893561483e-03 9.999994112305937710e-01
1.303560657666512043e+03 9.987156488133452914e-01 4.999997148026138170e-03 9.999994106332140698e-01
1.303562831771668471e+03 9.994391906476522980e-01 4.999997145077672914e-03 9.999994100189504298e-01
1.303565005880451054e+03 1.007593042578209586e+00 4.999997142047646163e-03 9.999994093876949375e-01
1.303567179992859565e+03 1.001793716750717822e+00 4.999997138935535768e-03 9.999994087393384579e-01
1.303569354108894004e+03 9.991094040785462038e-01 4.999997135740802227e-03 9.999994080737689695e-01
1.303571528228554598e+03 9.967056660567826798e-01 4.999997132462898237e-03 9.999994073908723413e-01
1.303573702351841348e+03 9.988997328116275831e-01 4.999997129101270421e-03 9.999994066905332213e-01
1.303575876478754253e+03 9.989265607320431117e-01 4.999997125655348054e-03 9.999994059726328155e-01
1.303578050609292859e+03 1.001489668379638820e+00 4.999997122124556076e-03 9.999994052370508868e-01
1.303580224743457620e+03 1.002569304874141753e+00 4.999997118508302078e-03 9.999994044836648666e-01
1.303582398881248537e+03 1.002119154816612623e+00 4.999997114805992786e-03 9.999994037123502988e-01
1.303584573022665381e+03 1.004310531360710357e+00 4.999997111017013239e-03 9.999994029229796189e-01
1.303586747167708381e+03 1.001991087426365334e+00 4.999997107140744142e-03 9.999994021154234858e-01
1.303588921316377537e+03 1.005755483869229527e+00 4.999997103176552320e-03 9.999994012895502271e-01
1.303591095468672847e+03 9.965128444481511361e-01 4.999997099123794191e-03 9.999994004452255059e-01
1.303593269624594086e+03 1.011149175774771480e+00 4.999997094981813162e-03 9.999993995823128756e-01
1.303595443784141480e+03 9.968074985998570670e-01 4.999997090749941364e-03 9.999993987006728924e-01
1.303597617947315030e+03 9.954833392913280399e-01 4.999997086427503123e-03 9.999993978001647799e-01
1.303599792114114507e+03 1.003331269657451674e+00 4.999997082013801081e-03 9.999993968806435429e-01
1.303601966284540140e+03 9.991838314218113304e-01 4.999997077508134408e-03 9.999993959419629652e-01
1.303604140458592155e+03 1.006484775239731899e+00 4.999997072909784929e-03 9.999993949839736107e-01
1.303606314636270099e+03 9.894859100795180273e-01 4.999997068218025795e-03 9.999993940065236009e-01
1.303608488817574198e+03 1.002633780041381373e+00 4.999997063432113677e-03 9.999993930094586148e-01
1.303610663002504680e+03 9.988796262751347133e-01 4.999997058551292235e-03 9.999993919926207786e-01
1.303612837191060862e+03 9.965142720511184216e-01 4.999997053574793855e-03 9.999993909558503313e-01
1.303615011383243427e+03 1.012868202948873808e+00 4.999997048501834442e-03 9.999993898989838481e-01
1.303617185579052148e+03 9.972492325200931207e-01 4.999997043331622960e-03 9.999993888218563498e-01
1.303619359778487251e+03 9.942939971142149558e-01 4.999997038063344959e-03 9.999993877242984164e-01
1.303621533981548282e+03 9.953547004455981506e-01 4.999997032696177311e-03 9.999993866061384074e-01
1.303623708188235469e+03 9.964775852609588647e-01 4.999997027229282145e-03 9.999993854672020177e-01
1.303625882398548811e+03 1.003552896166864494e+00 4.999997021661805111e-03 9.999993843073109456e-01
1.303628056612488535e+03 9.983834914722525822e-01 4.999997015992882314e-03 9.999993831262852240e-01
1.303630230830054415e+03 1.003464933934215875e+00 4.999997010221624710e-03 9.999993819239400006e-01
1.303632405051246451e+03 1.011920063331608777e+00 4.999997004347138049e-03 9.999993807000884249e-01
1.303634579276064642e+03 1.009082779681785169e+00 4.999996998368505530e-03 9.999993794545399828e-01
1.303636753504509215e+03 1.003974466488669171e+00 4.999996992284798207e-03 9.999993781871010512e-01
1.303638927736579717e+03 1.005894993689930406e+00 4.999996986095071524e-03 9.999993768975746766e-01
1.303641101972276829e+03 1.001460692363989269e+00 4.999996979798361843e-03 9.999993755857599087e-01
1.303643276211600096e+03 9.969726774603397956e-01 4.999996973393688177e-03 9.999993742514530215e-01
1.303645450454549291e+03 9.954427331521251698e-01 4.999996966880056529e-03 9.999993728944461813e-01
1.303647624701125096e+03 9.917704782134353358e-01 4.999996960256451219e-03 9.999993715145285567e-01
1.303649798951326829e+03 9.949093440268328425e-01 4.999996953521842688e-03 9.999993701114849864e-01
1.303651973205155173e+03 9.987615763826093174e-01 4.999996946675183164e-03 9.999993686850976449e-01
1.303654147462609444e+03 9.967571743626296721e-01 4.999996939715401455e-03 9.999993672351431551e-01
1.303656321723690326e+03 1.004297679114154684e+00 4.999996932641417695e-03 9.999993657613963638e-01
1.303658495988397135e+03 1.004545877692183842e+00 4.999996925452122529e-03 9.999993642636265667e-01
1.303660670256730555e+03 1.003164899408318433e+00 4.999996918146396192e-03 9.999993627416001729e-01
1.303662844528689902e+03 9.976138463880314111e-01 4.999996910723092033e-03 9.999993611950784844e-01
1.303665018804275860e+03 9.996711150973449644e-01 4.999996903181050389e-03 9.999993596238198057e-01
1.303667193083487973e+03 9.903046530858293783e-01 4.999996895519088179e-03 9.999993580275775562e-01
1.303669367366326469e+03 1.002654025348009403e+00 4.999996887736000636e-03 9.999993564061009366e-01
1.303671541652791120e+03 1.006161396759722937e+00 4.999996879830563047e-03 9.999993547591348175e-01
1.303673715942882154e+03 1.000847513093282570e+00 4.999996871801531614e-03 9.999993530864198510e-01
1.303675890236599798e+03 9.905247328029250786e-01 4.999996863647638255e-03 9.999993513876921369e-01
1.303678064533943370e+03 9.976050120141936040e-01 4.999996855367594938e-03 9.999993496626830014e-01
1.303680238834913325e+03 1.001691118456561558e+00 4.999996846960088476e-03 9.999993479111191075e-01
1.303682413139509890e+03 9.974952641029996014e-01 4.999996838423785735e-03 9.999993461327226774e-01
1.303684587447732611e+03 1.007153989916696801e+00 4.999996829757329293e-03 9.999993443272108262e-01
1.303686761759581486e+03 1.001929507842025613e+00 4.999996820959334842e-03 9.999993424942953402e-01
1.303688936075056972e+03 9.959472869686980534e-01 4.999996812028400725e-03 9.999993406336840085e-01
1.303691110394159068e+03 1.006688922349559645e+00 4.999996802963094927e-03 9.999993387450786253e-01
1.303693284716887320e+03 9.972875518483044210e-01 4.999996793761962884e-03 9.999993368281760997e-01
1.303695459043241954e+03 1.009986369847610588e+00 4.999996784423524007e-03 9.999993348826679007e-01
1.303697633373222743e+03 1.003161631662046860e+00 4.999996774946272558e-03 9.999993329082403903e-01
1.303699807706830370e+03 9.973191289647246327e-01 4.999996765328674174e-03 9.999993309045740464e-01
1.303701982044064152e+03 9.975671598504257664e-01 4.999996755569169338e-03 9.999993288713439066e-01
1.303704156384924090e+03 1.005170275211125785e+00 4.999996745666171645e-03 9.999993268082192355e-01
1.303706330729410865e+03 1.010486457104308178e+00 4.999996735618064334e-03 9.999993247148635245e-01
1.303708505077523796e+03 9.967124266966591595e-01 4.999996725423205488e-03 9.999993225909346029e-01
1.303710679429263337e+03 1.005200109227076588e+00 4.999996715079920231e-03 9.999993204360834165e-01
1.303712853784629033e+03 9.925300096220739388e-01 4.999996704586505934e-03 9.999993182499554711e-01
1.303715028143621566e+03 1.007751697617557118e+00 4.999996693941231342e-03 9.999993160321898333e-01
1.303717202506240255e+03 9.938171695269836237e-01 4.999996683142332241e-03 9.999993137824191303e-01
1.303719376872485327e+03 9.926675229923018762e-01 4.999996672188011457e-03 9.999993115002687727e-01
1.303721551242357009e+03 1.008089447399488581e+00 4.999996661076444929e-03 9.999993091853592864e-01
1.303723725615855074e+03 1.006297113257198506e+00 4.999996649805771298e-03 9.999993068373020932e-01
1.303725899992979748e+03 1.008109057607591952e+00 4.999996638374097982e-03 9.999993044557033972e-01
1.303728074373730578e+03 9.989449710656854720e-01 4.999996626779495100e-03 9.999993020401612975e-01
1.303730248758108246e+03 1.000615079868352852e+00 4.999996615020006752e-03 9.999992995902676762e-01
1.303732423146112069e+03 9.994403115199088639e-01 4.999996603093630199e-03 9.999992971056059776e-01
1.303734597537742502e+03 9.953741715411904556e-01 4.999996590998335814e-03 9.999992945857527626e-01
1.303736771932999545e+03 1.001705634094193220e+00 4.999996578732051472e-03 9.999992920302768207e-01
1.303738946331883199e+03 9.931835702838350821e-01 4.999996566292670350e-03 9.999992894387391695e-01
1.303741120734393007e+03 1.000286394141524982e+00 4.999996553678048329e-03 9.999992868106926114e-01
1.303743295140529654e+03 1.003918411182158410e+00 4.999996540885997057e-03 9.999992841456819548e-01
1.303745469550292682e+03 9.987419834089227288e-01 4.999996527914295219e-03 9.999992814432439037e-01
1.303747643963682094e+03 1.008567409635860113e+00 4.999996514760672930e-03 9.999992787029059471e-01
1.303749818380698343e+03 9.948580750620354962e-01 4.999996501422827345e-03 9.999992759241880247e-01
1.303751992801340748e+03 1.002768114518542308e+00 4.999996487898407047e-03 9.999992731066005280e-01
1.303754167225609990e+03 9.960636053854805549e-01 4.999996474185018983e-03 9.999992702496445229e-01
1.303756341653505615e+03 1.006142980720581281e+00 4.999996460280226734e-03 9.999992673528126375e-01
1.303758516085028077e+03 1.001173315528856911e+00 4.999996446181546178e-03 9.999992644155876187e-01
1.303760690520176695e+03 9.979397716872034918e-01 4.999996431886450689e-03 9.999992614374425548e-01
1.303762864958952150e+03 1.014531206090687920e+00 4.999996417392364202e-03 9.999992584178410970e-01
1.303765039401354215e+03 1.006675719169315864e+00 4.999996402696662082e-03 9.999992553562364606e-01
1.303767213847382664e+03 1.004493073927160696e+00 4.999996387796672853e-03 9.999992522520718685e-01
1.303769388297037722e+03 1.000063426544439027e+00 4.999996372689673001e-03 9.999992491047802190e-01
1.303771562750319617e+03 9.957734763871396444e-01 4.999996357372887834e-03 9.999992459137831968e-01
1.303773737207227668e+03 1.001654753088996097e+00 4.999996341843490621e-03 9.999992426784920507e-01
1.303775911667762784e+03 1.001642859637566163e+00 4.999996326098599987e-03 9.999992393983065941e-01
1.303778086131924283e+03 9.937110096067230947e-01 4.999996310135284248e-03 9.999992360726155383e-01
1.303780260599712392e+03 9.959555336479916088e-01 4.999996293950548405e-03 9.999992327007957149e-01
1.303782435071127111e+03 9.985638668396747963e-01 4.999996277541348885e-03 9.999992292822120765e-01
1.303784609546168667e+03 1.011324192934282884e+00 4.999996260904576197e-03 9.999992258162176961e-01
1.303786784024836606e+03 1.003370743500134887e+00 4.999996244037061867e-03 9.999992223021522131e-01
1.303788958507131383e+03 9.976321002435278862e-01 4.999996226935583647e-03 9.999992187393441645e-01
1.303791132993052543e+03 1.011202195948456284e+00 4.999996209596849032e-03 9.999992151271076546e-01
1.303793307482600540e+03 1.000349032749198175e+00 4.999996192017504802e-03 9.999992114647442421e-01
1.303795481975775147e+03 1.000159408820022966e+00 4.999996174194133551e-03 9.999992077515417188e-01
1.303797656472576591e+03 9.994218058935870896e-01 4.999996156123247618e-03 9.999992039867737770e-01
1.303799830973004418e+03 1.006919694988575920e+00 4.999996137801296890e-03 9.999992001697004529e-01
1.303802005477059083e+03 1.011714187127590758e+00 4.999996119224651460e-03 9.999991962995660177e-01
1.303804179984740358e+03 1.000033293827514491e+00 4.999996100389624172e-03 9.999991923756017531e-01
1.303806354496048243e+03 9.995793958097344278e-01 4.999996081292441136e-03 9.999991883970219542e-01
1.303808529010982966e+03 9.967881861781100472e-01 4.999996061929261673e-03 9.999991843630262611e-01
1.303810703529544298e+03 9.938900122158823569e-01 4.999996042296166177e-03 9.999991802727979939e-01
1.303812878051732469e+03 1.001165220937891842e+00 4.999996022389157843e-03 9.999991761255042633e-01
1.303815052577547249e+03 9.876622605591351967e-01 4.999996002204157471e-03 9.999991719202958596e-01
1.303817227106989094e+03 9.859701957208339973e-01 4.999995981737006927e-03 9.999991676563059206e-01
1.303819401640057322e+03 9.995317375202110721e-01 4.999995960983462211e-03 9.999991633326507090e-01
1.303821576176752160e+03 1.001239447588569975e+00 4.999995939939192585e-03 9.999991589484276133e-01
1.303823750717074063e+03 1.006456605414990602e+00 4.999995918599782312e-03 9.999991545027169249e-01
1.303825925261022348e+03 1.009389572295272597e+00 4.999995896960720242e-03 9.999991499945789508e-01
1.303828099808597472e+03 9.961889487521424780e-01 4.999995875017410225e-03 9.999991454230559018e-01
1.303830274359799660e+03 1.006438583266863418e+00 4.999995852765156366e-03 9.999991407871695603e-01
1.303832448914628230e+03 9.935605213072765673e-01 4.999995830199166491e-03 9.999991360859216138e-01
1.303834623473083866e+03 9.990987627988821007e-01 4.999995807314552149e-03 9.999991313182935437e-01
1.303836798035166339e+03 9.961250978615602270e-01 4.999995784106319938e-03 9.999991264832448490e-01
1.303838972600875195e+03 9.958940935096962654e-01 4.999995760569373240e-03 9.999991215797143784e-01
1.303841147170211116e+03 1.002521097587631527e+00 4.999995736698512223e-03 9.999991166066181103e-01
1.303843321743173419e+03 1.000081556907993274e+00 4.999995712488422561e-03 9.999991115628492633e-01
1.303845496319763015e+03 9.937956814574691045e-01 4.999995687933680641e-03 9.999991064472778524e-01
1.303847670899979448e+03 9.950079698745054602e-01 4.999995663028750092e-03 9.999991012587505779e-01
1.303849845483822264e+03 1.009251034981089035e+00 4.999995637767972248e-03 9.999990959960882719e-01
1.303852020071292372e+03 1.009359442268558116e+00 4.999995612145572213e-03 9.999990906580880079e-01
1.303854194662388863e+03 1.003723208882593143e+00 4.999995586155645856e-03 9.999990852435199917e-01
1.303856369257112419e+03 1.004555849510659682e+00 4.999995559792169350e-03 9.999990797511287832e-01
1.303858543855462813e+03 1.000927499451186975e+00 4.999995533048982692e-03 9.999990741796315197e-01
1.303860718457439816e+03 1.002569620189571076e+00 4.999995505919799244e-03 9.999990685277179159e-01
1.303862893063043884e+03 1.003101554606022683e+00 4.999995478398185783e-03 9.999990627940483767e-01
1.303865067672274790e+03 9.988495070606975279e-01 4.999995450477578984e-03 9.999990569772549964e-01
1.303867242285132534e+03 9.956936552314195055e-01 4.999995422151263733e-03 9.999990510759391160e-01
1.303869416901617342e+03 1.003151151566475052e+00 4.999995393412380064e-03 9.999990450886716564e-01
1.303871591521728533e+03 9.967727084481883271e-01 4.999995364253919695e-03 9.999990390139921193e-01
1.303873766145466789e+03 1.002244742040347081e+00 4.999995334668713015e-03 9.999990328504072545e-01
1.303875940772832109e+03 9.997469149885652717e-01 4.999995304649433418e-03 9.999990265963903946e-01
1.303878115403824268e+03 9.978391607046437350e-01 4.999995274188591236e-03 9.999990202503813430e-01
1.303880290038443263e+03 1.002001652503833551e+00 4.999995243278525930e-03 9.999990138107841542e-01
1.303882464676689096e+03 9.986013704295991777e-01 4.999995211911405224e-03 9.999990072759672444e-01
1.303884639318561995e+03 9.989744776584830177e-01 4.999995180079219899e-03 9.999990006442617263e-01
1.303886813964061730e+03 9.945599497364867592e-01 4.999995147773777723e-03 9.999989939139609652e-01
1.303888988613188531e+03 1.003456006505508480e+00 4.999995114986700850e-03 9.999989870833196903e-01
1.303891163265941941e+03 1.003841717653475518e+00 4.999995081709415409e-03 9.999989801505515530e-01
1.303893337922322416e+03 9.943022132519451217e-01 4.999995047933150638e-03 9.999989731138295701e-01
1.303895512582329957e+03 9.997451736535557520e-01 4.999995013648936282e-03 9.999989659712846812e-01
1.303897687245964335e+03 9.986582355552763302e-01 4.999994978847590449e-03 9.999989587210038611e-01
1.303899861913225777e+03 1.008538324677930476e+00 4.999994943519716142e-03 9.999989513610298975e-01
1.303902036584114057e+03 1.001327372632149215e+00 4.999994907655696055e-03 9.999989438893587268e-01
1.303904211258629175e+03 9.969952108567909921e-01 4.999994871245685632e-03 9.999989363039396562e-01
1.303906385936771358e+03 1.004443052521739599e+00 4.999994834279612201e-03 9.999989286026739199e-01
1.303908560618540605e+03 1.004610870241863019e+00 4.999994796747154156e-03 9.999989207834116822e-01
1.303910735303936917e+03 1.011239258136456876e+00 4.999994758637750503e-03 9.999989128439521480e-01
1.303912909992960067e+03 1.000949640260978546e+00 4.999994719940584371e-03 9.999989047820422305e-01
1.303915084685610282e+03 1.004071058949661754e+00 4.999994680644575216e-03 9.999988965953733322e-01
1.303917259381887334e+03 9.973034910797964336e-01 4.999994640738377946e-03 9.999988882815818991e-01
1.303919434081791451e+03 9.969622356899773274e-01 4.999994600210367311e-03 9.999988798382460908e-01
1.303921608785322633e+03 1.009585257238331035e+00 4.999994559048637037e-03 9.999988712628852250e-01
1.303923783492480652e+03 9.955624781441078097e-01 4.999994517240985946e-03 9.999988625529576680e-01
1.303925958203265736e+03 1.000282493040264953e+00 4.999994474774911886e-03 9.999988537058586147e-01
1.303928132917678113e+03 1.001044050766267235e+00 4.999994431637603057e-03 9.999988447189187557e-01
1.303930307635717327e+03 1.002893598345221848e+00 4.999994387815925867e-03 9.999988355894023906e-01
1.303932482357383606e+03 1.004567678005794829e+00 4.999994343296417128e-03 9.999988263145043188e-01
1.303934657082676949e+03 1.003901203001914100e+00 4.999994298065279716e-03 9.999988168913503950e-01
1.303936831811597131e+03 1.001672153045793934e+00 4.999994252108360890e-03 9.999988073169918668e-01
1.303939006544144831e+03 1.009165601158262593e+00 4.999994205411151423e-03 9.999987975884059299e-01
1.303941181280319142e+03 9.938585629976185443e-01 4.999994157958767386e-03 9.999987877024922867e-01
1.303943356020120746e+03 9.986764369176058809e-01 4.999994109735948419e-03 9.999987776560711472e-01
1.303945530763549641e+03 1.004772831094906449e+00 4.999994060727035172e-03 9.999987674458804543e-01
1.303947705510605147e+03 1.009688003403925949e+00 4.999994010915959769e-03 9.999987570685725524e-01
1.303949880261287944e+03 9.954066232872766928e-01 4.999993960286241469e-03 9.999987465207140769e-01
1.303952055015597807e+03 9.973386675292458259e-01 4.999993908820963250e-03 9.999987357987807357e-01
1.303954229773534735e+03 9.984132957758646842e-01 4.999993856502761395e-03 9.999987248991548672e-01
1.303956404535098955e+03 9.991645836992915086e-01 4.999993803313815960e-03 9.999987138181239965e-01
1.303958579300290239e+03 1.006072168688322499e+00 4.999993749235826478e-03 9.999987025518756178e-01
1.303960754069108589e+03 9.880136907383870737e-01 4.999993694250005893e-03 9.999986910964959730e-01
1.303962928841554003e+03 9.903634985797702406e-01 4.999993638337063215e-03 9.999986794479657215e-01
1.303965103617626482e+03 9.908553479115016493e-01 4.999993581477180961e-03 9.999986676021561660e-01
1.303967278397326481e+03 1.004083521268226864e+00 4.999993523650004754e-03 9.999986555548272538e-01
1.303969453180653318e+03 9.935326219695479466e-01 4.999993464834620767e-03 9.999986433016216925e-01
1.303971627967607219e+03 1.004495202052907654e+00 4.999993405009545318e-03 9.999986308380635069e-01
1.303973802758188640e+03 1.008491939493081802e+00 4.999993344152692774e-03 9.999986181595520440e-01
1.303975977552396671e+03 9.970947039573627713e-01 4.999993282241370351e-03 9.999986052613593079e-01
1.303978152350232449e+03 1.002356781828443344e+00 4.999993219252246886e-03 9.999985921386244092e-01
1.303980327151695064e+03 9.975266586265566504e-01 4.999993155161335488e-03 9.999985787863504560e-01
1.303982501956784745e+03 1.001428832948827896e+00 4.999993089943973595e-03 9.999985651993993363e-01
1.303984676765501945e+03 1.002784153447911164e+00 4.999993023574790009e-03 9.999985513724855002e-01
1.303986851577846210e+03 9.969622144711307588e-01 4.999992956027697957e-03 9.999985373001738509e-01
1.303989026393817539e+03 1.000492674834605911e+00 4.999992887275852595e-03 9.999985229768719730e-01
1.303991201213416161e+03 1.007741680587716848e+00 4.999992817291636256e-03 9.999985083968260247e-01
1.303993376036641848e+03 9.949943815659781921e-01 4.999992746046626364e-03 9.999984935541148534e-01
1.303995550863495282e+03 1.000045985539675053e+00 4.999992673511567676e-03 9.999984784426434459e-01
1.303997725693975099e+03 1.008884293906988416e+00 4.999992599656347125e-03 9.999984630561382648e-01
1.303999900528082890e+03 9.966115419855289259e-01 4.999992524449956531e-03 9.999984473881392555e-01
1.304002075365817745e+03 9.968825772390490503e-01 4.999992447860463970e-03 9.999984314319941836e-01
1.304004250207179439e+03 9.957406037283438316e-01 4.999992369854985158e-03 9.999984151808517518e-01
1.304006425052168879e+03 9.924314032012192532e-01 4.999992290399639210e-03 9.999983986276538284e-01
1.304008599900785384e+03 9.938615133647858979e-01 4.999992209459522621e-03 9.999983817651285634e-01
1.304010774753028954e+03 9.940069387939146628e-01 4.999992126998664167e-03 9.999983645857819514e-01
1.304012949608899817e+03 9.932329829648998132e-01 4.999992042979988470e-03 9.999983470818900599e-01
1.304015124468398199e+03 9.962405437025527721e-01 4.999991957365276102e-03 9.999983292454903694e-01
1.304017299331523645e+03 1.001425668149642512e+00 4.999991870115117615e-03 9.999983110683731136e-01
1.304019474198276384e+03 9.963594163439657425e-01 4.999991781188877112e-03 9.999982925420717317e-01
1.304021649068656870e+03 9.991255852780983604e-01 4.999991690544633265e-03 9.999982736578530984e-01
1.304023823942664194e+03 9.919757069347789891e-01 4.999991598139142887e-03 9.999982544067080870e-01
1.304025998820298810e+03 9.989134766052045755e-01 4.999991503927779350e-03 9.999982347793393567e-01
1.304028173701560945e+03 1.005672577753341290e+00 4.999991407864490950e-03 9.999982147661530263e-01
1.304030348586450145e+03 1.004798007877924837e+00 4.999991309901736722e-03 9.999981943572443521e-01
1.304032523474966865e+03 9.951673685779873768e-01 4.999991209990426594e-03 9.999981735423867368e-01
1.304034698367110877e+03 1.006895808069985465e+00 4.999991108079876283e-03 9.999981523110206272e-01
1.304036873262882182e+03 1.003151928869463694e+00 4.999991004117721426e-03 9.999981306522368607e-01
1.304039048162280551e+03 9.973004144183492681e-01 4.999990898049870743e-03 9.999981085547664517e-01
1.304041223065306440e+03 9.993432747544226391e-01 4.999990789820428841e-03 9.999980860069644928e-01
1.304043397971959848e+03 1.003460430988615260e+00 4.999990679371617286e-03 9.999980629967936130e-01
1.304045572882240549e+03 9.976580211142999088e-01 4.999990566643711283e-03 9.999980395118115428e-01
1.304047747796148542e+03 1.002632974100728047e+00 4.999990451574948605e-03 9.999980155391507974e-01
1.304049922713684055e+03 1.004415632161543392e+00 4.999990334101454999e-03 9.999979910655044657e-01
1.304052097634846859e+03 1.000308612416238141e+00 4.999990214157147908e-03 9.999979660771053380e-01
1.304054272559636729e+03 1.005578087020418288e+00 4.999990091673652340e-03 9.999979405597084758e-01
1.304056447488054118e+03 9.904023650276249091e-01 4.999989966580199383e-03 9.999979144985704504e-01
1.304058622420099027e+03 1.004063340044324626e+00 4.999989838803528194e-03 9.999978878784284708e-01
1.304060797355771456e+03 9.968038010724935560e-01 4.999989708267774113e-03 9.999978606834776240e-01
1.304062972295071404e+03 9.987781543938959450e-01 4.999989574894368911e-03 9.999978328973488928e-01
1.304065147237998417e+03 9.921737453378806082e-01 4.999989438601905485e-03 9.999978045030835094e-01
1.304067322184552950e+03 9.999521422956466621e-01 4.999989299306035508e-03 9.999977754831080867e-01
1.304069497134734775e+03 9.979548424024224929e-01 4.999989156919321977e-03 9.999977458192070845e-01
1.304071672088544119e+03 9.969720320157242632e-01 4.999989011351115183e-03 9.999977154924948319e-01
1.304073847045980983e+03 1.005160906898660222e+00 4.999988862507408725e-03 9.999976844833862177e-01
1.304076022007045140e+03 9.964953840752979186e-01 4.999988710290673849e-03 9.999976527715637165e-01
1.304078196971737043e+03 9.998154486768471294e-01 4.999988554599722398e-03 9.999976203359459692e-01
1.304080371940056239e+03 1.001358054779171392e+00 4.999988395329525541e-03 9.999975871546521455e-01
1.304082546912002726e+03 1.002028078037499714e+00 4.999988232371044630e-03 9.999975532049655280e-01
1.304084721887576734e+03 9.963645460283224731e-01 4.999988065611040387e-03 9.999975184632944325e-01
1.304086896866778261e+03 9.979577040841817182e-01 4.999987894931879479e-03 9.999974829051326841e-01
1.304089071849607308e+03 9.945185395211755264e-01 4.999987720211330686e-03 9.999974465050147643e-01
1.304091246836063647e+03 9.942676776755053902e-01 4.999987541322344596e-03 9.999974092364724010e-01
1.304093421826147960e+03 9.964495496095167049e-01 4.999987358132822017e-03 9.999973710719846087e-01
1.304095596819859111e+03 1.004535966242930733e+00 4.999987170505374584e-03 9.999973319829290608e-01
1.304097771817198236e+03 9.967248039996553510e-01 4.999986978297068022e-03 9.999972919395279103e-01
1.304099946818164881e+03 1.001813226613782470e+00 4.999986781359149791e-03 9.999972509107906138e-01
1.304102121822758818e+03 1.001009704566115266e+00 4.999986579536761129e-03 9.999972088644550894e-01
1.304104296830980275e+03 9.981885048199183874e-01 4.999986372668632599e-03 9.999971657669236569e-01
1.304106471842829251e+03 1.000399386744246666e+00 4.999986160586770111e-03 9.999971215831975346e-01
1.304108646858305747e+03 9.936095770705541952e-01 4.999985943116106238e-03 9.999970762768040089e-01
1.304110821877409990e+03 1.008137267970415696e+00 4.999985720074142000e-03 9.999970298097231591e-01
1.304112996900141297e+03 1.003390390063724213e+00 4.999985491270571292e-03 9.999969821423070337e-01
1.304115171926500580e+03 1.004218499105735241e+00 4.999985256506865421e-03 9.999969332331957172e-01
1.304117346956487609e+03 1.000722603168040070e+00 4.999985015575844627e-03 9.999968830392272912e-01
1.304119521990101703e+03 1.000841971721069923e+00 4.999984768261234863e-03 9.999968315153437981e-01
1.304121697027343544e+03 1.006300646583308644e+00 4.999984514337161255e-03 9.999967786144887683e-01
1.304123872068212904e+03 9.981027971601695858e-01 4.999984253567651971e-03 9.999967242875008600e-01
1.304126047112710012e+03 9.948999948980411512e-01 4.999983985706078771e-03 9.999966684829992847e-01
1.304128222160834639e+03 9.915982779009931969e-01 4.999983710494575878e-03 9.999966111472620156e-01
1.304130397212587013e+03 9.996407717749123956e-01 4.999983427663422415e-03 9.999965522240973348e-01
1.304132572267966680e+03 1.002287572932260229e+00 4.999983136930377138e-03 9.999964916547046112e-01
1.304134747326974093e+03 9.992216517660051922e-01 4.999982837999975005e-03 9.999964293775291946e-01
1.304136922389609026e+03 1.003772501710665344e+00 4.999982530562780379e-03 9.999963653281046527e-01
1.304139097455871479e+03 1.005550676123533771e+00 4.999982214294574311e-03 9.999962994388855719e-01
1.304141272525761906e+03 9.952634588867897980e-01 4.999981888855505388e-03 9.999962316390698103e-01
1.304143447599279625e+03 9.943037059128868593e-01 4.999981553889178143e-03 9.999961618544080943e-01
1.304145622676425091e+03 1.000839554689462618e+00 4.999981209021666859e-03 9.999960900069989611e-01
1.304147797757198305e+03 9.998122618490123958e-01 4.999980853860472134e-03 9.999960160150720423e-01
1.304149972841599038e+03 1.009017428312752429e+00 4.999980487993401987e-03 9.999959397927538074e-01
1.304152147929627517e+03 9.984600269555075069e-01 4.999980110987374028e-03 9.999958612498188737e-01
1.304154323021283517e+03 1.001103450666347428e+00 4.999979722387122225e-03 9.999957802914198890e-01
1.304156498116567263e+03 9.908515626846582380e-01 4.999979321713822998e-03 9.999956968178020933e-01
1.304158673215478530e+03 9.972684947061710714e-01 4.999978908463613772e-03 9.999956107239938996e-01
1.304160848318017770e+03 9.976806445493545672e-01 4.999978482105995291e-03 9.999955218994747153e-01
1.304163023424184303e+03 9.974440579914994887e-01 4.999978042082132458e-03 9.999954302278204477e-01
1.304165198533978810e+03 1.002795995879667279e+00 4.999977587803003387e-03 9.999953355863182569e-01
1.304167373647401064e+03 1.005522433681989236e+00 4.999977118647420081e-03 9.999952378455537749e-01
1.304169548764450838e+03 9.932119725460794024e-01 4.999976633959896458e-03 9.999951368689672382e-01
1.304171723885128358e+03 1.003831475184145505e+00 4.999976133048338565e-03 9.999950325123727612e-01
1.304173899009433626e+03 1.007311419658555529e+00 4.999975615181565664e-03 9.999949246234404177e-01
1.304176074137366413e+03 9.998816885727593862e-01 4.999975079586617931e-03 9.999948130411372427e-01
1.304178249268927175e+03 1.004937630533166759e+00 4.999974525445851671e-03 9.999946975951207184e-01
1.304180424404115684e+03 9.907191255179483846e-01 4.999973951893803802e-03 9.999945781050856297e-01
1.304182599542931712e+03 1.005735499929898857e+00 4.999973358013775314e-03 9.999944543800529662e-01
1.304184774685375714e+03 9.956591524057649689e-01 4.999972742834144120e-03 9.999943262176017589e-01
1.304186949831447237e+03 1.001094018761500726e+00 4.999972105324359574e-03 9.999941934030334156e-01
1.304189124981146733e+03 9.969234095125489858e-01 4.999971444390584850e-03 9.999940557084652237e-01
1.304191300134473977e+03 9.968773795575773811e-01 4.999970758870965482e-03 9.999939128918441389e-01
1.304193475291428740e+03 1.014421153638070283e+00 4.999970047530466824e-03 9.999937646958712012e-01
1.304195650452011705e+03 1.004651960808704114e+00 4.999969309055265695e-03 9.999936108468329143e-01
1.304197825616221962e+03 9.982830512989923077e-01 4.999968542046618128e-03 9.999934510533240450e-01
1.304200000784060194e+03 9.947427855619574988e-01 4.999967745014156396e-03 9.999932850048510735e-01
1.304202175955526172e+03 1.002137231199271117e+00 4.999966916368581496e-03 9.999931123703102998e-01
1.304204351130620125e+03 9.899226228635866764e-01 4.999966054413638311e-03 9.999929327963146264e-01
1.304206526309341825e+03 1.000239596123795094e+00 4.999965157337338782e-03 9.999927459053659096e-01
1.304208701491691272e+03 9.952484794541225366e-01 4.999964223202306435e-03 9.999925512938444561e-01
1.304210876677668466e+03 1.003083308399307372e+00 4.999963249935196301e-03 9.999923485298030101e-01
1.304213051867273634e+03 1.003283775578932113e+00 4.999962235315023699e-03 9.999921371505356982e-01
1.304215227060506322e+03 9.968829372552605594e-01 4.999961176960319477e-03 9.999919166599031684e-01
1.304217402257367212e+03 1.000835236293937003e+00 4.999960072314956448e-03 9.999916865253781761e-01
1.304219577457855621e+03 9.989897752312880685e-01 4.999958918632477906e-03 9.999914461747818617e-01
1.304221752661972232e+03 1.002877258461710941e+00 4.999957712958761659e-03 9.999911949926714172e-01
1.304223927869716363e+03 1.001245822874690550e+00 4.999956452112801035e-03 9.999909323163370667e-01
1.304226103081088468e+03 9.973290928706133318e-01 4.999955132665371248e-03 9.999906574313559560e-01
1.304228278296088547e+03 1.008863685730880810e+00 4.999953750915308789e-03 9.999903695666514380e-01
1.304230453514716373e+03 1.002803549044298581e+00 4.999952302863076847e-03 9.999900678889865890e-01
1.304232628736971947e+03 1.003164145250490913e+00 4.999950784181285413e-03 9.999897514968205670e-01
1.304234803962855722e+03 1.004684449379056543e+00 4.999949190181725463e-03 9.999894194134419934e-01
1.304236979192367244e+03 1.007620122104524674e+00 4.999947515778448842e-03 9.999890705792777723e-01
1.304239154425506740e+03 1.002457778725020399e+00 4.999945755446351739e-03 9.999887038432625497e-01
1.304241329662273984e+03 9.994435409786246449e-01 4.999943903174575675e-03 9.999883179531338095e-01
1.304243504902669201e+03 1.007111757077250980e+00 4.999941952414041664e-03 9.999879115444979538e-01
1.304245680146692166e+03 1.000876746257713279e+00 4.999939896018176441e-03 9.999874831284836230e-01
1.304247855394343333e+03 1.002112205953362256e+00 4.999937726175826373e-03 9.999870310777658755e-01
1.304250030645622019e+03 1.000927949237263359e+00 4.999935434335179424e-03 9.999865536107144237e-01
1.304252205900529134e+03 9.946072581510054800e-01 4.999933011117222402e-03 9.999860487733656100e-01
1.304254381159063769e+03 9.990032436770517332e-01 4.999930446217088972e-03 9.999855144188696254e-01
1.304256556421226605e+03 1.010942417777143998e+00 4.999927728291289619e-03 9.999849481839960808e-01
1.304258731687017416e+03 1.000553037396088030e+00 4.999924844828434849e-03 9.999843474622019945e-01
1.304260906956435974e+03 1.000635700957980934e+00 4.999921782000632704e-03 9.999837093726717807e-01
1.304263082229482507e+03 1.005016304457277743e+00 4.999918524492117169e-03 9.999830307246160288e-01
1.304265257506157013e+03 1.014213790073624555e+00 4.999915055301032592e-03 9.999823079759757594e-01
1.304267432786459494e+03 1.004812585242097045e+00 4.999911355509367716e-03 9.999815371854918755e-01
1.304269608070389950e+03 9.994542966465644884e-01 4.999907404015015502e-03 9.999807139568839265e-01
1.304271783357948379e+03 1.005338030984696207e+00 4.999903177218542778e-03 9.999798333735947509e-01
1.304273958649135011e+03 1.001984825079998309e+00 4.999898648655634430e-03 9.999788899222142868e-01
1.304276133943949617e+03 9.995362123469733184e-01 4.999893788563968509e-03 9.999778774022463068e-01
1.304278309242391970e+03 9.979720205859441418e-01 4.999888563370653155e-03 9.999767888193236143e-01
1.304280484544462524e+03 1.006168574834703566e+00 4.999882935082844253e-03 9.999756162582527086e-01
1.304282659850161053e+03 9.929803299675724615e-01 4.999876860559703678e-03 9.999743507313377799e-01
1.304284835159487557e+03 1.004198610897458099e+00 4.999870290638070043e-03 9.999729819962286381e-01
1.304287010472442034e+03 1.000509233906376361e+00 4.999863169076588024e-03 9.999714983359458964e-01
1.304289185789024714e+03 9.995647393838164030e-01 4.999855431272971426e-03 9.999698862916431841e-01
1.304291361109235140e+03 1.012706660989944218e+00 4.999847002695650099e-03 9.999681303358659568e-01
1.304293536433073768e+03 9.911980917564674476e-01 4.999837796952837088e-03 9.999662124702700661e-01
1.304295711760540598e+03 9.962767918840509385e-01 4.999827713397245015e-03 9.999641117266039325e-01
1.304297887091635403e+03 9.977367313460775433e-01 4.999816634130190007e-03 9.999618035425577034e-01
1.304300062426358181e+03 1.006613337436341515e+00 4.999804420220048048e-03 9.999592589739391135e-01
1.304302237764708934e+03 1.001585802601411057e+00 4.999790906879106149e-03 9.999564436898426001e-01
1.304304413106688116e+03 1.001519572725496188e+00 4.999775897233472120e-03 9.999533166747058832e-01
1.304306588452295045e+03 9.988642988217280028e-01 4.999759154133592495e-03 9.999498285221560812e-01
1.304308763801530176e+03 1.004870133431177370e+00 4.999740389070922095e-03 9.999459191259660873e-01
1.304310939154393736e+03 9.966804526614307935e-01 4.999719246315065257e-03 9.999415143752653501e-01
1.304313114510884816e+03 9.998930771355882818e-01 4.999695277656346012e-03 9.999365208925402593e-01
1.304315289871004325e+03 9.996662376307949849e-01 4.999667894874363153e-03 9.999308161311823984e-01
1.304317465234751808e+03 1.001857143947435080e+00 4.999636262272601217e-03 9.999242259867380245e-01
1.304319640602127265e+03 1.008339700518992688e+00 4.999599020558153674e-03 9.999164672715405988e-01
1.304321815973131379e+03 9.949240918210154883e-01 4.999553542038002486e-03 9.999069925464283415e-01
1.304323991347763013e+03 9.979286632293925541e-01 4.999493939252301622e-03 9.998945752501775530e-01
1.304326166726023303e+03 9.895177681512079548e-01 4.999405953100611623e-03 9.998762447179594393e-01
1.304328342107911340e+03 9.951626458529205799e-01 4.999254566192095663e-03 9.998447056027753854e-01
1.304330517493427578e+03 1.008560106923158672e+00 4.998955963262962689e-03 9.997824961955356082e-01
1.304332692882572246e+03 1.005799186974172477e+00 4.998318724097674040e-03 9.996497365285522685e-01
1.304334868275344661e+03 9.999510245448879342e-01 4.996930565503323977e-03 9.993605310938102892e-01
1.304337043671745732e+03 9.985602851249939516e-01 4.993960384080736378e-03 9.987417197800464441e-01
1.304339219071774323e+03 1.000789409201563229e+00 4.987849916970073585e-03 9.974686090372190117e-01
1.304341394475431571e+03 9.923824819417531584e-01 4.975899554195427170e-03 9.949785718709254212e-01
1.304343569882717020e+03 9.868461212166682595e-01 4.953822776975412047e-03 9.903778810764916063e-01
1.304345745293630443e+03 9.985903812274018465e-01 4.915452159029452643e-03 9.823795549124669790e-01
1.304347920708172524e+03 9.641363780266506422e-01 4.852890387114840512e-03 9.693327889903773364e-01
1.304350096126342123e+03 9.511253518705281573e-01 4.757431896215956815e-03 9.494111876418029894e-01
1.304352271548140379e+03 9.212526230646068681e-01 4.621437217804342211e-03 9.209976969804773983e-01
1.304354446973566837e+03 8.815459932940261645e-01 4.440981480396749385e-03 8.832307347497974082e-01
1.304356622402621269e+03 8.422479559667286342e-01 4.218616844885670659e-03 8.365785556381378774e-01
1.304358797835303903e+03 7.823020586739064530e-01 3.965231154727203756e-03 7.832373613341491181e-01
1.304360973271614967e+03 7.279978442511615411e-01 3.700027378732695209e-03 7.271577898888428315e-01
1.304363148711554231e+03 6.682166010830798974e-01 3.448198217945100310e-03 6.736118807212868598e-01
1.304365324155121925e+03 6.253978767555091745e-01 3.236743359199673736e-03 6.283744837361544544e-01
1.304367499602317594e+03 5.975798150391281593e-01 3.089654404121235879e-03 5.967259479526191290e-01
1.304369675053141464e+03 5.790402832588923410e-01 3.023902138623605403e-03 5.825226881885343655e-01
1.304371850507593990e+03 5.895056801370176514e-01 3.047063527530258220e-03 5.875300123872481128e-01
1.304374025965674491e+03 6.084353980394374695e-01 3.156472826915439778e-03 6.111233146560468565e-01
1.304376201427382966e+03 6.551469052971636842e-01 3.339501888469955521e-03 6.503932494149051724e-01
1.304378376892720098e+03 6.981082480129942036e-01 3.575139747425911275e-03 7.006432890493595744e-01
1.304380552361685659e+03 7.473555337662729503e-01 3.837256591584751065e-03 7.562114557613751620e-01
1.304382727834279194e+03 8.125574433845387246e-01 4.099191905079360709e-03 8.114640704923739012e-01
1.304384903310501159e+03 8.594374084942453251e-01 4.338426271177244116e-03 8.617313662179855172e-01
1.304387078790351325e+03 9.017699864470234417e-01 4.539914829598099347e-03 9.039456770675305952e-01
1.304389254273829920e+03 9.552597939340493616e-01 4.697217395270713788e-03 9.368353530318371813e-01
1.304391429760936944e+03 9.640710247434072233e-01 4.811447707054205061e-03 9.606861538298694381e-01
1.304393605251671943e+03 9.801460648442567036e-01 4.888810915411333918e-03 9.768246259517386898e-01
1.304395780746035598e+03 9.889041283396242665e-01 4.937789277473333092e-03 9.870360340193536919e-01
1.304397956244027455e+03 1.000786208346208461e+00 4.966842802811921066e-03 9.930912944349090665e-01
1.304400131745647514e+03 1.005724119241022896e+00 4.983033105277838090e-03 9.964649842992476803e-01
1.304402307250896229e+03 9.956590423785416366e-01 4.991537339819370443e-03 9.982368883216077293e-01
1.304404482759773146e+03 9.990214133922378226e-01 4.995769035180959439e-03 9.991185382418759087e-01
1.304406658272278264e+03 9.913006662061705221e-01 4.997780829378467224e-03 9.995376733069315511e-01
1.304408833788412039e+03 1.001146229776155083e+00 4.998709077962773875e-03 9.997310612576544298e-01
1.304411009308174016e+03 9.976674788648600689e-01 4.999137114004339674e-03 9.998202362330926851e-01
1.304413184831564195e+03 1.001554485802465422e+00 4.999344343218341952e-03 9.998634092590332756e-01
1.304415360358583257e+03 9.956726729589638891e-01 4.999456478499226565e-03 9.998867708925216480e-01
1.304417535889230294e+03 1.001079752283134283e+00 4.999527143948883333e-03 9.999014929234857352e-01
1.304419711423505987e+03 1.000109567267673638e+00 4.999578369263298072e-03 9.999121649037177040e-01
1.304421886961409882e+03 1.010788045249760625e+00 4.999619131350173211e-03 9.999206570335085198e-01
1.304424062502942206e+03 1.000000972389287535e+00 4.999653253396184847e-03 9.999277658146142889e-01
1.304426238048102960e+03 1.004313059885359127e+00 4.999682564010433927e-03 9.999338722094543996e-01
1.304428413596891914e+03 1.002177421234970334e+00 4.999708098888724743e-03 9.999391919892470781e-01
1.304430589149309753e+03 1.004798753137685630e+00 4.999730545820852898e-03 9.999438684443571201e-01
1.304432764705355794e+03 9.978477889192526318e-01 4.999750412349296923e-03 9.999480073133815150e-01
1.304434940265030036e+03 1.001151806892355278e+00 4.999768094790976204e-03 9.999516911627714943e-01
1.304437115828332935e+03 9.951406621266265518e-01 4.999783911710740589e-03 9.999549863605246003e-01
1.304439291395264490e+03 1.002064829135066448e+00 4.999798123437997413e-03 9.999579471421787824e-01
1.304441466965824247e+03 9.991429585694103777e-01 4.999810945119794424e-03 9.999606183302252038e-01
1.304443642540012661e+03 9.971235569977102697e-01 4.999822556152971886e-03 9.999630372991529237e-01
1.304445818117829276e+03 9.979669608287756732e-01 4.999833107274510857e-03 9.999652354526169518e-01
1.304447993699274775e+03 1.010529551258102732e+00 4.999842726009327311e-03 9.999672393584010388e-01
1.304450169284348249e+03 1.006224004726347099e+00 4.999851520917133682e-03 9.999690716331860463e-01
1.304452344873050606e+03 1.003175712420224519e+00 4.999859584940776966e-03 9.999707516401261653e-01
1.304454520465381165e+03 1.001826575663870234e+00 4.999866998071875526e-03 9.999722960441905784e-01
1.304456696061340381e+03 9.924661022386398468e-01 4.999873829491355108e-03 9.999737192581121814e-01
1.304458871660928025e+03 1.002040644823356308e+00 4.999880139301888550e-03 9.999750338033146502e-01
1.304461047264144327e+03 9.951844287871262074e-01 4.999885979940201820e-03 9.999762506041431909e-01
1.304463222870989057e+03 9.949905551637386880e-01 4.999891397336073129e-03 9.999773792293247254e-01
1.304465398481461989e+03 1.001330152697337050e+00 4.999896431869359920e-03 9.999784280913484036e-01
1.304467574095564032e+03 9.960179928878979405e-01 4.999901119164791921e-03 9.999794046120490387e-01
1.304469749713294050e+03 1.009966133811623257e+00 4.999905490755593082e-03 9.999803153608619599e-01
1.304471925334652951e+03 1.005470272109578955e+00 4.999909574640376379e-03 9.999811661708435384e-01
1.304474100959640509e+03 1.003744212845071759e+00 4.999913395752699635e-03 9.999819622364943816e-01
1.304476276588256269e+03 9.964272870266343007e-01 4.999916976358720518e-03 9.999827081966055076e-01
1.304478452220500685e+03 1.003260795397698413e+00 4.999920336395402565e-03 9.999834082047189820e-01
1.304480627856373758e+03 1.000074521615427425e+00 4.999923493759326695e-03 9.999840659892946793e-01
1.304482803495875487e+03 9.885017227737370460e-01 4.999926464554184206e-03 9.999846849052739239e-01
1.304484979139005645e+03 9.980678831339669932e-01 4.999929263303715815e-03 9.999852679784405618e-01
1.304487154785764233e+03 9.940118608095548369e-01 4.999931903135465712e-03 9.999858179437041139e-01
1.304489330436151704e+03 9.966005130252778565e-01 4.999934395939920756e-03 9.999863372782524795e-01
1.304491506090167604e+03 1.008795244281671222e+00 4.999936752508734976e-03 9.999868282303499001e-01
1.304493681747812161e+03 1.003202606984704426e+00 4.999938982655136727e-03 9.999872928444218934e-01
1.304495857409085374e+03 9.969505638012534643e-01 4.999941095319135331e-03 9.999877329829729433e-01
1.304498033073987244e+03 9.949336065033779208e-01 4.999943098659684337e-03 9.999881503457865861e-01
1.304500208742517543e+03 9.921135036310533284e-01 4.999945000135613306e-03 9.999885464867880325e-01
1.304502384414676726e+03 1.002650764390349725e+00 4.999946806576904129e-03 9.999889228288912912e-01
1.304504560090464338e+03 9.967967877553077782e-01 4.999948524247582564e-03 9.999892806771037979e-01
1.304506735769880379e+03 1.003572690791870947e+00 4.999950158901373364e-03 9.999896212301188081e-01
1.304508911452925304e+03 1.009561306839163120e+00 4.999951715831015865e-03 9.999899455905920664e-01
1.304511087139599113e+03 9.968220684718017699e-01 4.999953199912102186e-03 9.999902547742729464e-01
1.304513262829901123e+03 9.982539915055811397e-01 4.999954615642103299e-03 9.999905497181350578e-01
1.304515438523832245e+03 1.005302858625199969e+00 4.999955967175164981e-03 9.999908312876264471e-01
1.304517614221391796e+03 1.001374284504823686e+00 4.999957258353225284e-03 9.999911002831517459e-01
1.304519789922580003e+03 9.939572739515536437e-01 4.999958492733873328e-03 9.999913574458757504e-01
1.304521965627396639e+03 9.866412085978468749e-01 4.999959673615331050e-03 9.999916034629288131e-01
1.304524141335842387e+03 1.003198614190205840e+00 4.999960804058910073e-03 9.999918389720845457e-01
1.304526317047916791e+03 1.001172809810289444e+00 4.999961886909219493e-03 9.999920645659706731e-01
1.304528492763619624e+03 1.000475948634201195e+00 4.999962924812383948e-03 9.999922807958633308e-01
1.304530668482951569e+03 9.972383947986303010e-01 4.999963920232494870e-03 9.999924881751152128e-01
1.304532844205911942e+03 9.897305819475776811e-01 4.999964875466478796e-03 9.999926871822533148e-01
1.304535019932500745e+03 1.002238913279555499e+00 4.999965792657579643e-03 9.999928782637870217e-01
1.304537195662718887e+03 1.001609869659239704e+00 4.999966673807567687e-03 9.999930618367518509e-01
1.304539371396565230e+03 1.002121948703513121e+00 4.999967520787840063e-03 9.999932382910229345e-01
1.304541547134040684e+03 9.991995638971707949e-01 4.999968335349504710e-03 9.999934079914142293e-01
1.304543722875144567e+03 1.000369350336057783e+00 4.999969119132577876e-03 9.999935712795962051e-01
1.304545898619877562e+03 1.001562121729485222e+00 4.999969873674347219e-03 9.999937284758374512e-01
1.304548074368238758e+03 9.968046057786992264e-01 4.999970600417039286e-03 9.999938798806017326e-01
1.304550250120229293e+03 9.998288376556976331e-01 4.999971300714783559e-03 9.999940257759998286e-01
1.304552425875848257e+03 9.979981678813117929e-01 4.999971975840030065e-03 9.999941664271254638e-01
1.304554601635096333e+03 9.960996748191116579e-01 4.999972626989394528e-03 9.999943020832736673e-01
1.304556777397972837e+03 9.989297582677458820e-01 4.999973255289036876e-03 9.999944329790613207e-01
1.304558953164477998e+03 1.001562252506019268e+00 4.999973861799591329e-03 9.999945593354541140e-01
1.304561128934612270e+03 1.001659982930096726e+00 4.999974447520706168e-03 9.999946813607121232e-01
1.304563304708375199e+03 1.006437799941699129e+00 4.999975013395204469e-03 9.999947992512566719e-01
1.304565480485767011e+03 1.000207001105761329e+00 4.999975560312932589e-03 9.999949131924730228e-01
1.304567656266787480e+03 9.993173582172579783e-01 4.999976089114301601e-03 9.999950233594466775e-01
1.304569832051436833e+03 1.004920882330378795e+00 4.999976600593550313e-03 9.999951299176437214e-01
1.304572007839715297e+03 9.980439170862215326e-01 4.999977095501762815e-03 9.999952330235408748e-01
1.304574183631621963e+03 1.009730013704461360e+00 4.999977574549663122e-03 9.999953328252051410e-01
1.304576359427158195e+03 1.001296874010715543e+00 4.999978038410187765e-03 9.999954294628319307e-01
1.304578535226322629e+03 9.995786895883791434e-01 4.999978487720885788e-03 9.999955230692437746e-01
1.304580711029116173e+03 9.928242580242324644e-01 4.999978923086123572e-03 9.999956137703506220e-01
1.304582886835538602e+03 9.951395407391468995e-01 4.999979345079146563e-03 9.999957016855786085e-01
1.304585062645589915e+03 1.000823807441638902e+00 4.999979754243983124e-03 9.999957869282670719e-01
1.304587238459269884e+03 1.006954073991562115e+00 4.999980151097220896e-03 9.999958696060382568e-01
1.304589414276578964e+03 1.008746951217603272e+00 4.999980536129646977e-03 9.999959498211398179e-01
1.304591590097516928e+03 1.001454046268928533e+00 4.999980909807789226e-03 9.999960276707648976e-01
1.304593765922083549e+03 1.000987847274173115e+00 4.999981272575339600e-03 9.999961032473494438e-01
1.304595941750279053e+03 1.002544717634401339e+00 4.999981624854486426e-03 9.999961766388494322e-01
1.304598117582103669e+03 9.999890661648070944e-01 4.999981967047154724e-03 9.999962479289991046e-01
1.304600293417556941e+03 1.014095312456246401e+00 4.999982299536162404e-03 9.999963171975523313e-01
1.304602469256639324e+03 1.001372257506809804e+00 4.999982622686306201e-03 9.999963845205084301e-01
1.304604645099350364e+03 9.956101827306721441e-01 4.999982936845365211e-03 9.999964499703214438e-01
1.304606820945690743e+03 1.001180373305589510e+00 4.999983242345054125e-03 9.999965136160986479e-01
1.304608996795659550e+03 1.001491784902287741e+00 4.999983539501899263e-03 9.999965755237830711e-01
1.304611172649257469e+03 1.005843684069900101e+00 4.999983828618074708e-03 9.999966357563276897e-01
1.304613348506484499e+03 1.006395341812337474e+00 4.999984109982171659e-03 9.999966943738552994e-01
1.304615524367340413e+03 9.997901975113964168e-01 4.999984383869922680e-03 9.999967514338106156e-01
1.304617700231825211e+03 9.996956933090453967e-01 4.999984650544893848e-03 9.999968069911030488e-01
1.304619876099938892e+03 1.001886606404213120e+00 4.999984910259117066e-03 9.999968610982398198e-01
1.304622051971681458e+03 1.000799912179335172e+00 4.999985163253695478e-03 9.999969138054497497e-01
1.304624227847053135e+03 9.982876800744798773e-01 4.999985409759363786e-03 9.999969651608033860e-01
1.304626403726053923e+03 1.001460051239479787e+00 4.999985649997019943e-03 9.999970152103209164e-01
1.304628579608683367e+03 1.005088903045072923e+00 4.999985884178230824e-03 9.999970639980787501e-01
1.304630755494942150e+03 1.002463621285675233e+00 4.999986112505694531e-03 9.999971115663056631e-01
1.304632931384829590e+03 9.924267973948607269e-01 4.999986335173685348e-03 9.999971579554756129e-01
1.304635107278345913e+03 1.002582663161817766e+00 4.999986552368478748e-03 9.999972032043956682e-01
1.304637283175491802e+03 9.866405361521289885e-01 4.999986764268726964e-03 9.999972473502853898e-01
1.304639459076266121e+03 9.917576922901194525e-01 4.999986971045847564e-03 9.999972904288568776e-01
1.304641634980669551e+03 1.001246260543321220e+00 4.999987172864367793e-03 9.999973324743860470e-01
1.304643810888702319e+03 9.966422899632884080e-01 4.999987369882244632e-03 9.999973735197812408e-01
1.304645986800363971e+03 1.002696254877648796e+00 4.999987562251192660e-03 9.999974135966495092e-01
1.304648162715654735e+03 1.000243685055611564e+00 4.999987750116971150e-03 9.999974527353572284e-01
1.304650338634574155e+03 1.000521225804653636e+00 4.999987933619659021e-03 9.999974909650874988e-01
1.304652514557123141e+03 9.993385548368061144e-01 4.999988112893925460e-03 9.999975283138964333e-01
1.304654690483300783e+03 9.978344729395636215e-01 4.999988288069275380e-03 9.999975648087643387e-01
1.304656866413107764e+03 9.893183002605104859e-01 4.999988459270281876e-03 9.999976004756441217e-01
1.304659042346543401e+03 9.972198152019703388e-01 4.999988626616823015e-03 9.999976353395101381e-01
1.304661218283608605e+03 9.968978042847252974e-01 4.999988790224279590e-03 9.999976694243997155e-01
1.304663394224302465e+03 1.001819430802871391e+00 4.999988950203738090e-03 9.999977027534565632e-01
1.304665570168625663e+03 1.008691346610016248e+00 4.999989106662188453e-03 9.999977353489700738e-01
1.304667746116577746e+03 1.003917069665657857e+00 4.999989259702700140e-03 9.999977672324126265e-01
1.304669922068159167e+03 9.980701898393089522e-01 4.999989409424589540e-03 9.999977984244754481e-01
1.304672098023369472e+03 9.919177540803748583e-01 4.999989555923589103e-03 9.999978289451029179e-01
1.304674273982208888e+03 9.972588249578084874e-01 4.999989699291998262e-03 9.999978588135240987e-01
1.304676449944677643e+03 1.005092594982187837e+00 4.999989839618833483e-03 9.999978880482837118e-01
1.304678625910775054e+03 1.004501799774801585e+00 4.999989976989960977e-03 9.999979166672708919e-01
1.304680801880502258e+03 1.002026643417252005e+00 4.999990111488238076e-03 9.999979446877473865e-01
1.304682977853857892e+03 1.000128083920232891e+00 4.999990243193629461e-03 9.999979721263727583e-01
1.304685153830843092e+03 9.970396663135073778e-01 4.999990372183338999e-03 9.999979989992308083e-01
1.304687329811457403e+03 1.003116524035478907e+00 4.999990498531913831e-03 9.999980253218525572e-01
1.304689505795700825e+03 1.006449411263716565e+00 4.999990622311356256e-03 9.999980511092383395e-01
1.304691681783573131e+03 9.929587390851112305e-01 4.999990743591231288e-03 9.999980763758807845e-01
1.304693857775075003e+03 1.000999718936160798e+00 4.999990862438758593e-03 9.999981011357842453e-01
1.304696033770205531e+03 1.001748358433050434e+00 4.999990978918913108e-03 9.999981254024847832e-01
1.304698209768965626e+03 1.001935220788296999e+00 4.999991093094509169e-03 9.999981491890688190e-01
1.304700385771354831e+03 1.008785026165647469e+00 4.999991205026288119e-03 9.999981725081912298e-01
1.304702561777373148e+03 9.969042944549276752e-01 4.999991314773004174e-03 9.999981953720917804e-01
1.304704737787020804e+03 9.968438234079695093e-01 4.999991422391492947e-03 9.999982177926117766e-01
1.304706913800297798e+03 1.003911465896401678e+00 4.999991527936753846e-03 9.999982397812093859e-01
1.304709089817203676e+03 1.000601854582122696e+00 4.999991631462020331e-03 9.999982613489747374e-01
1.304711265837738893e+03 1.001346544477704770e+00 4.999991733018824963e-03 9.999982825066435765e-01
1.304713441861902993e+03 1.002647626623760280e+00 4.999991832657061860e-03 9.999983032646110326e-01
1.304715617889696659e+03 1.011728479829691718e+00 4.999991930425054347e-03 9.999983236329439418e-01
1.304717793921119437e+03 9.987620636730234480e-01 4.999992026369611334e-03 9.999983436213947252e-01
1.304719969956171553e+03 9.986665898820944465e-01 4.999992120536083696e-03 9.999983632394110478e-01
1.304722145994853008e+03 1.001054043577473074e+00 4.999992212968424991e-03 9.999983824961496959e-01
1.304724322037163347e+03 9.996331149303359087e-01 4.999992303709223547e-03 9.999984014004841271e-01
1.304726498083103024e+03 9.936057105623284924e-01 4.999992392799779660e-03 9.999984199610176816e-01
1.304728674132672040e+03 9.972113626408810605e-01 4.999992480280132483e-03 9.999984381860922422e-01
1.304730850185870395e+03 1.001938978485273024e+00 4.999992566189114668e-03 9.999984560837977821e-01
1.304733026242697861e+03 9.981983693016894810e-01 4.999992650564389664e-03 9.999984736619811354e-01
1.304735202303154892e+03 1.009507631935382843e+00 4.999992733442502023e-03 9.999984909282556567e-01
1.304737378367240808e+03 1.007650707858495087e+00 4.999992814858911228e-03 9.999985078900083257e-01
1.304739554434956290e+03 1.006303690643527426e+00 4.999992894848029855e-03 9.999985245544090740e-01
1.304741730506300655e+03 9.962495007786897894e-01 4.999992973443264342e-03 9.999985409284171123e-01
1.304743906581274814e+03 1.003740331438433442e+00 4.999993050677047079e-03 9.999985570187892581e-01
1.304746082659878084e+03 1.004668310504043038e+00 4.999993126580869370e-03 9.999985728320863743e-01
1.304748258742110465e+03 1.002093129729311860e+00 4.999993201185317857e-03 9.999985883746808080e-01
1.304750434827972413e+03 9.974115466416064724e-01 4.999993274520104884e-03 9.999986036527621636e-01
1.304752610917463699e+03 9.943798467793816265e-01 4.999993346614092782e-03 9.999986186723438530e-01
1.304754787010584323e+03 9.954575106613287039e-01 4.999993417495332895e-03 9.999986334392694243e-01
1.304756963107334286e+03 9.997689966181151355e-01 4.999993487191080332e-03 9.999986479592175570e-01
1.304759139207713361e+03 9.987278903672783814e-01 4.999993555727832127e-03 9.999986622377081691e-01
1.304761315311721773e+03 9.854522552774666044e-01 4.999993623131345453e-03 9.999986762801075235e-01
1.304763491419359752e+03 9.999497044577801974e-01 4.999993689426667116e-03 9.999986900916335575e-01
1.304765667530626843e+03 9.935125306866955386e-01 4.999993754638153501e-03 9.999987036773605453e-01
1.304767843645523499e+03 1.004457021052655108e+00 4.999993818789493123e-03 9.999987170422235394e-01
1.304770019764049721e+03 1.002467248855056337e+00 4.999993881903731785e-03 9.999987301910238102e-01
1.304772195886205054e+03 9.984460170725988348e-01 4.999993944003290787e-03 9.999987431284326211e-01
1.304774372011989726e+03 9.999127411945480937e-01 4.999994005109986012e-03 9.999987558589946701e-01
1.304776548141403964e+03 9.974844644156083406e-01 4.999994065245051342e-03 9.999987683871338628e-01
1.304778724274447313e+03 9.924676072103778557e-01 4.999994124429153405e-03 9.999987807171557552e-01
1.304780900411120228e+03 1.007630356817833306e+00 4.999994182682414995e-03 9.999987928532523274e-01
1.304783076551422710e+03 9.939289095400298812e-01 4.999994240024421138e-03 9.999988047995040930e-01
1.304785252695354529e+03 9.997664532120046355e-01 4.999994296474249457e-03 9.999988165598855394e-01
1.304787428842915688e+03 9.990437217459358088e-01 4.999994352050479707e-03 9.999988281382675703e-01
1.304789604994106185e+03 1.003003520480927557e+00 4.999994406771207656e-03 9.999988395384196149e-01
1.304791781148926248e+03 9.957797857067749447e-01 4.999994460654064166e-03 9.999988507640150681e-01
1.304793957307375422e+03 9.988562958252944490e-01 4.999994513716223866e-03 9.999988618186321787e-01
1.304796133469454389e+03 9.982283049230631367e-01 4.999994565974425972e-03 9.999988727057580462e-01
1.304798309635162923e+03 9.922778922212549535e-01 4.999994617444982956e-03 9.999988834287911743e-01
1.304800485804500568e+03 9.980319431364069738e-01 4.999994668143795291e-03 9.999988939910442465e-01
1.304802661977468006e+03 1.003376902221138733e+00 4.999994718086362734e-03 9.999989043957462354e-01
1.304804838154064555e+03 9.950257206539683263e-01 4.999994767287799929e-03 9.999989146460459555e-01
1.304807014334290898e+03 1.004938664274556803e+00 4.999994815762839016e-03 9.999989247450127294e-01
1.304809190518146579e+03 1.000168944372584967e+00 4.999994863525853046e-03 9.999989346956411618e-01
1.304811366705631599e+03 1.010676415457341992e+00 4.999994910590859452e-03 9.999989445008511391e-01
1.304813542896746185e+03 9.962005307530783504e-01 4.999994956971527856e-03 9.999989541634907164e-01
1.304815719091490564e+03 1.013224356389343050e+00 4.999995002681199147e-03 9.999989636863393372e-01
1.304817895289864055e+03 1.003300212578147166e+00 4.999995047732887221e-03 9.999989730721079439e-01
1.304820071491867338e+03 1.000177735628905884e+00 4.999995092139291122e-03 9.999989823234425312e-01
1.304822247697499961e+03 9.920750165478202653e-01 4.999995135912808052e-03 9.999989914429254778e-01
1.304824423906761922e+03 9.955731246315495664e-01 4.999995179065533368e-03 9.999990004330768789e-01
1.304826600119653676e+03 9.969821722405022291e-01 4.999995221609276203e-03 9.999990092963569888e-01
1.304828776336174997e+03 1.005034964758717342e+00 4.999995263555566394e-03 9.999990180351676639e-01
1.304830952556325883e+03 9.992682330708846372e-01 4.999995304915660563e-03 9.999990266518542503e-01
1.304833128780105881e+03 9.921497920861225284e-01 4.999995345700550785e-03 9.999990351487066942e-01
1.304835305007515899e+03 1.003223052852581620e+00 4.999995385920974998e-03 9.999990435279620948e-01
1.304837481238555256e+03 1.008926836788170966e+00 4.999995425587415269e-03 9.999990517918039279e-01
1.304839657473224634e+03 1.000532329960543310e+00 4.999995464710116008e-03 9.999990599423670412e-01
1.304841833711523122e+03 9.910920134592510200e-01 4.999995503299083099e-03 9.999990679817354344e-01
1.304844009953451177e+03 9.948261472375417025e-01 4.999995541364095179e-03 9.999990759119465888e-01
1.304846186199008798e+03 9.982234639821162547e-01 4.999995578914703635e-03 9.999990837349903572e-01
1.304848362448195985e+03 9.986770893821077522e-01 4.999995615960247351e-03 9.999990914528119612e-01
1.304850538701012965e+03 1.001207761823732501e+00 4.999995652509849238e-03 9.999990990673126579e-01
1.304852714957459511e+03 1.005003288833134834e+00 4.999995688572426641e-03 9.999991065803499612e-01
1.304854891217535624e+03 9.970869636536653369e-01 4.999995724156701751e-03 9.999991139937407514e-01
1.304857067481241302e+03 1.003190464088847156e+00 4.999995759271197264e-03 9.999991213092609410e-01
1.304859243748576773e+03 9.934436337810766959e-01 4.999995793924250261e-03 9.999991285286471410e-01
1.304861420019541811e+03 9.991200479888084907e-01 4.999995828124008737e-03 9.999991356535969933e-01
1.304863596294136187e+03 9.913418482062015258e-01 4.999995861878443748e-03 9.999991426857711696e-01
1.304865772572360356e+03 1.004510764945571344e+00 4.999995895195351141e-03 9.999991496267938151e-01
1.304867948854214092e+03 9.869912536425380356e-01 4.999995928082357627e-03 9.999991564782535480e-01
1.304870125139697848e+03 1.006207830552037885e+00 4.999995960546920783e-03 9.999991632417044585e-01
1.304872301428810943e+03 1.000835335190186415e+00 4.999995992596339457e-03 9.999991699186668859e-01
1.304874477721553603e+03 1.000039575606364251e+00 4.999996024237756374e-03 9.999991765106290842e-01
1.304876654017926057e+03 9.991113374436602079e-01 4.999996055478157266e-03 9.999991830190460007e-01
1.304878830317928532e+03 9.995846459154746899e-01 4.999996086324381278e-03 9.999991894453428287e-01
1.304881006621560346e+03 1.005631161702721377e+00 4.999996116783119240e-03 9.999991957909134532e-01
1.304883182928821952e+03 9.917139489442208244e-01 4.999996146860924071e-03 9.999992020571228935e-01
1.304885359239712898e+03 1.000181130574140154e+00 4.999996176564206439e-03 9.999992082453068587e-01
1.304887535554233864e+03 1.005028949320517562e+00 4.999996205899244310e-03 9.999992143567734137e-01
1.304889711872384396e+03 9.945238884367589849e-01 4.999996234872186411e-03 9.999992203928030898e-01
1.304891888194164949e+03 1.003223029670744060e+00 4.999996263489048763e-03 9.999992263546495508e-01
1.304894064519574840e+03 1.001142495685356515e+00 4.999996291755724222e-03 9.999992322435404812e-01
1.304896240848614752e+03 1.002610841357504556e+00 4.999996319677987681e-03 9.999992380606788078e-01
1.304898417181284231e+03 9.958689838241280290e-01 4.999996347261490004e-03 9.999992438072418111e-01
1.304900593517583275e+03 9.970160111342674103e-01 4.999996374511764090e-03 9.999992494843826796e-01
1.304902769857512112e+03 1.001735566020076407e+00 4.999996401434243093e-03 9.999992550932323976e-01
1.304904946201070970e+03 9.964215979431175763e-01 4.999996428034233532e-03 9.999992606348973023e-01
1.304907122548259395e+03 9.931840582145370355e-01 4.999996454316943048e-03 9.999992661104618596e-01
1.304909298899077612e+03 1.002515584750002908e+00 4.999996480287474329e-03 9.999992715209895522e-01
1.304911475253525396e+03 9.910711079785339273e-01 4.999996505950826849e-03 9.999992768675213251e-01
1.304913651611603200e+03 9.875806405741155425e-01 4.999996531311895129e-03 9.999992821510774732e-01
1.304915827973310570e+03 1.007115563625650134e+00 4.999996556375486956e-03 9.999992873726590847e-01
1.304918004338648188e+03 9.972842403147356150e-01 4.999996581146300828e-03 9.999992925332454874e-01
1.304920180707615145e+03 9.948086804213818191e-01 4.999996605628955447e-03 9.999992976337985784e-01
1.304922357080211896e+03 1.001754986296540251e+00 4.999996629827971502e-03 9.999993026752603820e-01
1.304924533456438667e+03 1.000367788827749349e+00 4.999996653747780344e-03 9.999993076585539376e-01
1.304926709836295004e+03 1.005494545805468265e+00 4.999996677392731792e-03 9.999993125845856312e-01
1.304928886219781134e+03 9.915224632274119987e-01 4.999996700767084593e-03 9.999993174542426422e-01
1.304931062606897285e+03 1.006875060297528046e+00 4.999996723875022031e-03 9.999993222683963845e-01
1.304933238997643457e+03 9.963447899103655692e-01 4.999996746720643259e-03 9.999993270279009527e-01
1.304935415392019195e+03 1.003212737240960051e+00 4.999996769307965029e-03 9.999993317335931220e-01
1.304937591790024726e+03 1.017342399102495021e+00 4.999996791640934704e-03 9.999993363862952345e-01
1.304939768191660050e+03 9.987570036991881839e-01 4.999996813723418983e-03 9.999993409868128680e-01
1.304941944596925168e+03 1.002456773637426357e+00 4.999996835559210838e-03 9.999993455359360572e-01
1.304944121005820534e+03 9.903067661641667963e-01 4.999996857152033854e-03 9.999993500344410702e-01
1.304946297418345466e+03 1.002891536548925933e+00 4.999996878505540490e-03 9.999993544830884096e-01
1.304948473834500419e+03 9.953324625863028130e-01 4.999996899623314686e-03 9.999993588826248114e-01
1.304950650254285165e+03 9.941278289704028603e-01 4.999996920508874461e-03 9.999993632337830229e-01
1.304952826677699704e+03 9.988719876643483708e-01 4.999996941165667577e-03 9.999993675372819135e-01
1.304955003104744037e+03 1.001389404545620865e+00 4.999996961597085419e-03 9.999993717938273630e-01
1.304957179535418391e+03 9.983436290549573267e-01 4.999996981806448249e-03 9.999993760041114843e-01
1.304959355969722765e+03 1.000485099533973354e+00 4.999997001797022549e-03 9.999993801688145112e-01
1.304961532407656932e+03 1.006102719746965857e+00 4.999997021572008885e-03 9.999993842886032436e-01
1.304963708849220893e+03 1.000995671259891306e+00 4.999997041134553177e-03 9.999993883641333792e-01
1.304965885294415102e+03 1.003566249712291025e+00 4.999997060487743235e-03 9.999993923960479592e-01
1.304968061743238877e+03 1.004792432152303183e+00 4.999997079634606149e-03 9.999993963849780343e-01
1.304970238195692673e+03 9.952528411655287011e-01 4.999997098578123043e-03 9.999994003315439972e-01
1.304972414651776489e+03 9.972424121520295781e-01 4.999997117321211722e-03 9.999994042363542501e-01
1.304974591111490327e+03 1.005227119705141892e+00 4.999997135866746621e-03 9.999994081000073143e-01
1.304976767574833730e+03 9.951552513970233216e-01 4.999997154217542331e-03 9.999994119230898315e-01
1.304978944041807381e+03 9.971084115949800930e-01 4.999997172376369203e-03 9.999994157061788957e-01
1.304981120512410826e+03 9.989306066715192278e-01 4.999997190345947286e-03 9.999994194498409428e-01
1.304983296986644518e+03 1.000559172636051208e+00 4.999997208128942848e-03 9.999994231546318613e-01
1.304985473464507777e+03 9.962278334750607200e-01 4.999997225727983996e-03 9.999994268210988801e-01
1.304987649946001284e+03 9.946251847697623605e-01 4.999997243145645927e-03 9.999994304497785702e-01
1.304989826431124811e+03 1.004480143632347167e+00 4.999997260384462204e-03 9.999994340411986204e-01
1.304992002919878360e+03 9.947186327470505240e-01 4.999997277446919554e-03 9.999994375958773940e-01
1.304994179412261701e+03 1.003397681818586795e+00 4.999997294335465671e-03 9.999994411143244832e-01
1.304996355908275291e+03 1.000010781058853881e+00 4.999997311052499678e-03 9.999994445970399326e-01
1.304998532407918674e+03 1.001607302216672490e+00 4.999997327600381666e-03 9.999994480445156819e-01
1.305000708911191850e+03 1.000057783327739758e+00 4.999997343981435298e-03 9.999994514572350113e-01
1.305002885418095502e+03 1.006039724519569578e+00 4.999997360197938265e-03 9.999994548356733182e-01
1.305005061928628947e+03 1.005573841866075568e+00 4.999997376252133564e-03 9.999994581802973403e-01
1.305007238442792413e+03 1.001639790330463686e+00 4.999997392146223428e-03 9.999994614915660440e-01
1.305009414960585900e+03 1.000259127256364788e+00 4.999997407882372791e-03 9.999994647699306238e-01
1.305011591482009408e+03 1.000029356195593300e+00 4.999997423462711893e-03 9.999994680158346139e-01
1.305013768007063163e+03 1.004899803010206538e+00 4.999997438889332811e-03 9.999994712297141097e-01
1.305015944535746939e+03 1.000104981328779230e+00 4.999997454164295529e-03 9.999994744119978796e-01
1.305018121068060509e+03 1.004910385041985155e+00 4.999997469289620133e-03 9.999994775631073640e-01
1.305020297604004554e+03 9.957853215595697804e-01 4.999997484267298085e-03 9.999994806834570094e-01
1.305022474143578165e+03 9.979216463640546708e-01 4.999997499099285286e-03 9.999994837734543784e-01
1.305024650686782024e+03 1.007812411415012432e+00 4.999997513787508147e-03 9.999994868335007059e-01
1.305026827233616132e+03 9.963022903206633085e-01 4.999997528333854045e-03 9.999994898639895657e-01
1.305029003784080260e+03 1.002852104322063065e+00 4.999997542740187810e-03 9.999994928653090920e-01
1.305031180338174408e+03 9.958386188729315691e-01 4.999997557008337840e-03 9.999994958378405352e-01
1.305033356895899033e+03 9.997121958893750993e-01 4.999997571140104777e-03 9.999994987819587067e-01
1.305035533457253450e+03 9.952909383905993446e-01 4.999997585137262376e-03 9.999995016980331997e-01
1.305037710022237889e+03 9.961178027259368628e-01 4.999997599001550566e-03 9.999995045864265020e-01
1.305039886590852348e+03 1.010237029266423336e+00 4.999997612734681518e-03 9.999995074474956613e-01
1.305042063163097282e+03 1.007672942712891428e+00 4.999997626338344853e-03 9.999995102815921744e-01
1.305044239738972010e+03 9.934566506353194049e-01 4.999997639814198966e-03 9.999995130890617645e-01
1.305046416318477441e+03 9.887224371570916270e-01 4.999997653163873630e-03 9.999995158702439380e-01
1.305048592901612437e+03 1.002110508323042826e+00 4.999997666388977802e-03 9.999995186254743151e-01
1.305050769488377682e+03 9.942670292973064816e-01 4.999997679491093548e-03 9.999995213550816331e-01
1.305052946078773402e+03 9.965425211978466979e-01 4.999997692471774315e-03 9.999995240593900769e-01
1.305055122672798916e+03 1.003610948466422848e+00 4.999997705332550127e-03 9.999995267387186137e-01
1.305057299270454678e+03 9.970520290617722603e-01 4.999997718074930195e-03 9.999995293933811036e-01
1.305059475871740688e+03 1.001648886313423636e+00 4.999997730700396839e-03 9.999995320236866325e-01
1.305061652476657173e+03 9.930398307936474378e-01 4.999997743210408095e-03 9.999995346299390686e-01
1.305063829085203224e+03 1.007910981131756367e+00 4.999997755606402049e-03 9.999995372124377280e-01
1.305066005697379978e+03 1.005476272465738230e+00 4.999997767889793367e-03 9.999995397714778189e-01
1.305068182313186526e+03 1.000141722549039214e+00 4.999997780061975032e-03 9.999995423073488876e-01
1.305070358932623549e+03 9.990448951444931280e-01 4.999997792124316609e-03 9.999995448203369275e-01
1.305072535555690820e+03 9.998217031795207932e-01 4.999997804078171182e-03 9.999995473107230470e-01
1.305074712182388112e+03 9.977701893373068787e-01 4.999997815924860610e-03 9.999995497787835808e-01
1.305076888812715879e+03 9.990734065069378778e-01 4.999997827665702416e-03 9.999995522247921986e-01
1.305079065446673667e+03 9.977809495730214362e-01 4.999997839301978560e-03 9.999995546490163534e-01
1.305081242084261703e+03 9.981194691804604613e-01 4.999997850834959727e-03 9.999995570517207222e-01
1.305083418725479987e+03 1.012922276521071030e+00 4.999997862265894051e-03 9.999995594331656523e-01
1.305085595370328747e+03 9.884857621662842542e-01 4.999997873596014920e-03 9.999995617936073833e-01
1.305087772018807755e+03 9.995585558234736379e-01 4.999997884826533172e-03 9.999995641332987129e-01
1.305089948670916783e+03 9.986742074244925327e-01 4.999997895958640561e-03 9.999995664524879979e-01
1.305092125326656060e+03 1.002860689964034657e+00 4.999997906993516698e-03 9.999995687514202647e-01
1.305094301986025584e+03 9.963091180567723582e-01 4.999997917932316044e-03 9.999995710303368757e-01
1.305096478649025357e+03 9.987889616813953042e-01 4.999997928776180912e-03 9.999995732894755296e-01
1.305098655315655833e+03 1.012100082248508004e+00 4.999997939526235405e-03 9.999995755290701505e-01
1.305100831985916329e+03 1.004901633190296018e+00 4.999997950183584540e-03 9.999995777493513316e-01
1.305103008659806846e+03 9.987797837347099916e-01 4.999997960749322061e-03 9.999995799505466687e-01
1.305105185337327839e+03 9.941352821572873033e-01 4.999997971224520894e-03 9.999995821328797607e-01
1.305107362018479535e+03 1.003284565171736586e+00 4.999997981610240089e-03 9.999995842965713200e-01
1.305109538703261023e+03 9.984803463910608690e-01 4.999997991907523080e-03 9.999995864418386171e-01
1.305111715391672988e+03 9.949721727651112957e-01 4.999998002117395958e-03 9.999995885688957031e-01
1.305113892083715200e+03 9.985735044674171057e-01 4.999998012240876137e-03 9.999995906779538535e-01
1.305116068779388115e+03 1.003282175386163599e+00 4.999998022278958482e-03 9.999995927692211239e-01
1.305118245478690824e+03 1.001360223423734208e+00 4.999998032232628314e-03 9.999995948429021286e-01
1.305120422181624235e+03 9.975737695866243593e-01 4.999998042102851009e-03 9.999995968991989281e-01
1.305122598888188122e+03 9.958847834991697567e-01 4.999998051890588470e-03 9.999995989383106965e-01
1.305124775598382030e+03 1.004601973825698380e+00 4.999998061596779182e-03 9.999996009604338321e-01
1.305126952312206413e+03 1.008620468563709460e+00 4.999998071222351223e-03 9.999996029657612917e-01
1.305129129029661044e+03 9.889437805349725608e-01 4.999998080768220526e-03 9.999996049544840337e-01
1.305131305750746378e+03 1.001898253553118234e+00 4.999998090235289148e-03 9.999996069267901300e-01
1.305133482475461960e+03 9.998228505251822718e-01 4.999998099624445268e-03 9.999996088828643215e-01
1.305135659203807791e+03 9.883901970850414997e-01 4.999998108936566654e-03 9.999996108228896841e-01
1.305137835935784324e+03 1.000130285780777895e+00 4.999998118172517200e-03 9.999996127470461849e-01
1.305140012671390878e+03 9.908343463989338629e-01 4.999998127333150390e-03 9.999996146555112375e-01
1.305142189410627907e+03 9.928226838606736271e-01 4.999998136419304094e-03 9.999996165484599242e-01
1.305144366153495639e+03 1.002395257591734978e+00 4.999998145431805777e-03 9.999996184260645515e-01
1.305146542899993619e+03 1.005077623550133303e+00 4.999998154371475094e-03 9.999996202884956498e-01
1.305148719650121848e+03 1.001924400662143055e+00 4.999998163239115223e-03 9.999996221359207516e-01
1.305150896403880779e+03 1.011408509201145778e+00 4.999998172035521535e-03 9.999996239685053911e-01
1.305153073161269731e+03 9.935347645931859040e-01 4.999998180761476389e-03 9.999996257864127713e-01
1.305155249922289386e+03 9.933431198640351178e-01 4.999998189417755208e-03 9.999996275898039855e-01
1.305157426686939516e+03 1.007029717973099814e+00 4.999998198005113463e-03 9.999996293788371293e-01
1.305159603455220349e+03 1.005778391251999082e+00 4.999998206524308361e-03 9.999996311536694105e-01
1.305161780227131430e+03 1.004540666984958808e+00 4.999998214976077160e-03 9.999996329144545948e-01
1.305163957002672532e+03 9.901484577350829763e-01 4.999998223361152780e-03 9.999996346613453380e-01
1.305166133781844565e+03 9.982201644887616077e-01 4.999998231680254264e-03 9.999996363944916311e-01
1.305168310564647072e+03 1.006949423046181291e+00 4.999998239934095451e-03 9.999996381140418000e-01
1.305170487351079828e+03 9.987153292200643406e-01 4.999998248123375434e-03 9.999996398201418391e-01
1.305172664141143514e+03 9.949696240387698731e-01 4.999998256248785501e-03 9.999996415129356331e-01
1.305174840934837221e+03 9.984030099026922622e-01 4.999998264311011735e-03 9.999996431925659568e-01
1.305177017732161858e+03 9.967659900200253054e-01 4.999998272310725474e-03 9.999996448591730314e-01
1.305179194533116515e+03 9.996294970660831725e-01 4.999998280248590249e-03 9.999996465128949685e-01
1.305181371337701876e+03 1.000023859923659275e+00 4.999998288125262653e-03 9.999996481538684368e-01
1.305183548145918166e+03 1.007201605620339446e+00 4.999998295941389739e-03 9.999996497822282171e-01
1.305185724957764478e+03 1.007739120316228920e+00 4.999998303697609017e-03 9.999996513981072033e-01
1.305187901773241492e+03 9.975477967390808942e-01 4.999998311394552794e-03 9.999996530016371787e-01
1.305190078592348982e+03 9.945169389677707139e-01 4.999998319032838631e-03 9.999996545929468184e-01
1.305192255415086947e+03 1.000452884657137664e+00 4.999998326613082356e-03 9.999996561721641308e-01
1.305194432241455615e+03 1.005962707562483960e+00 4.999998334135887651e-03 9.999996577394153485e-01
1.305196609071454759e+03 9.963783516771507198e-01 4.999998341601852997e-03 9.999996592948248164e-01
1.305198785905084378e+03 1.000870886777520230e+00 4.999998349011568199e-03 9.999996608385155472e-01
1.305200962742344927e+03 1.014951263222356070e+00 4.999998356365613524e-03 9.999996623706083332e-01
1.305203139583235952e+03 9.982714990978815983e-01 4.999998363664564030e-03 9.999996638912229674e-01
1.305205316427757225e+03 1.007365058383924872e+00 4.999998370908986974e-03 9.999996654004776886e-01
1.305207493275909201e+03 9.954279704495091474e-01 4.999998378099438333e-03 9.999996668984886261e-01
1.305209670127691879e+03 1.002501384503866388e+00 4.999998385236475822e-03 9.999996683853712431e-01
1.305211846983105261e+03 9.993776718030465966e-01 4.999998392320641541e-03 9.999996698612390045e-01
1.305214023842149118e+03 1.003955154037273312e+00 4.999998399352472388e-03 9.999996713262039316e-01
1.305216200704823450e+03 1.004706050911939652e+00 4.999998406332501789e-03 9.999996727803768248e-01
1.305218377571128485e+03 1.000404092645366783e+00 4.999998413261253633e-03 9.999996742238665970e-01
1.305220554441064223e+03 9.975135178248366596e-01 4.999998420139243997e-03 9.999996756567813838e-01
1.305222731314630892e+03 9.993706700724857006e-01 4.999998426966985494e-03 9.999996770792275447e-01
1.305224908191827581e+03 9.971837807439037915e-01 4.999998433744982061e-03 9.999996784913103287e-01
1.305227085072654972e+03 9.915224561950097826e-01 4.999998440473735033e-03 9.999996798931336528e-01
1.305229261957113295e+03 1.001420296853266390e+00 4.999998447153730999e-03 9.999996812847996575e-01
1.305231438845202319e+03 9.973005097009550735e-01 4.999998453785459152e-03 9.999996826664097060e-01
1.305233615736922047e+03 9.979875015585235598e-01 4.999998460369398275e-03 9.999996840380637186e-01
1.305235792632272251e+03 1.005301392757490753e+00 4.999998466906023682e-03 9.999996853998605051e-01
1.305237969531253157e+03 9.985476195483827810e-01 4.999998473395801148e-03 9.999996867518975430e-01
1.305240146433864538e+03 9.937114475745145725e-01 4.999998479839192107e-03 9.999996880942708666e-01
1.305242323340106850e+03 1.003059343898761613e+00 4.999998486236656263e-03 9.999996894270756220e-01
1.305244500249979865e+03 1.004581754041349084e+00 4.999998492588640306e-03 9.999996907504058452e-01
1.305246677163483355e+03 1.002229982054908985e+00 4.999998498895590927e-03 9.999996920643537957e-01
1.305248854080617775e+03 1.005611602227488355e+00 4.999998505157947880e-03 9.999996933690116219e-01
1.305251031001382671e+03 9.984059123684911885e-01 4.999998511376145711e-03 9.999996946644694740e-01
1.305253207925778497e+03 1.005589594282105592e+00 4.999998517550612032e-03 9.999996959508165029e-01
1.305255384853805026e+03 1.005053639741934735e+00 4.999998523681770980e-03 9.999996972281411933e-01
1.305257561785462030e+03 1.006725515738213783e+00 4.999998529770039758e-03 9.999996984965306979e-01
1.305259738720750192e+03 9.963837824551610156e-01 4.999998535815833832e-03 9.999996997560710588e-01
1.305261915659668830e+03 9.869356837887240941e-01 4.999998541819559994e-03 9.999997010068473191e-01
1.305264092602218170e+03 9.901349718855168014e-01 4.999998547781620700e-03 9.999997022489435228e-01
1.305266269548398441e+03 1.002281974478567150e+00 4.999998553702416672e-03 9.999997034824424924e-01
1.305268446498209414e+03 9.992449964478511415e-01 4.999998559582340824e-03 9.999997047074268286e-01
1.305270623451650863e+03 9.975968064407161329e-01 4.999998565421781734e-03 9.999997059239769115e-01
1.305272800408723242e+03 1.003644109017056474e+00 4.999998571221121908e-03 9.999997071321728992e-01
1.305274977369426551e+03 1.003990828570997751e+00 4.999998576980742987e-03 9.999997083320941726e-01
1.305277154333760791e+03 9.985736172030110769e-01 4.999998582701022272e-03 9.999997095238187805e-01
1.305279331301725506e+03 1.000815680739125302e+00 4.999998588382326657e-03 9.999997107074237723e-01
1.305281508273320924e+03 9.992863887243631504e-01 4.999998594025023037e-03 9.999997118829856424e-01
1.305283685248547499e+03 1.003239897769638844e+00 4.999998599629473968e-03 9.999997130505796639e-01
1.305285862227404550e+03 1.004767568093691166e+00 4.999998605196037671e-03 9.999997142102804437e-01
1.305288039209892531e+03 1.002984187087226697e+00 4.999998610725067162e-03 9.999997153621613677e-01
1.305290216196011215e+03 1.000162513941427855e+00 4.999998616216911121e-03 9.999997165062955995e-01
1.305292393185760830e+03 9.951550298534915795e-01 4.999998621671913890e-03 9.999997176427546375e-01
1.305294570179141374e+03 9.997770787395924286e-01 4.999998627090418944e-03 9.999997187716098690e-01
1.305296747176152849e+03 1.001844236726543658e+00 4.999998632472761953e-03 9.999997198929312381e-01
1.305298924176794799e+03 1.004893486728612562e+00 4.999998637819276850e-03 9.999997210067886888e-01
1.305301101181067679e+03 1.000446270874012278e+00 4.999998643130293234e-03 9.999997221132502778e-01
1.305303278188971717e+03 9.994192581390897168e-01 4.999998648406133762e-03 9.999997232123838398e-01
1.305305455200506231e+03 1.008925262873554329e+00 4.999998653647123696e-03 9.999997243042567652e-01
1.305307632215671902e+03 1.002735901202456592e+00 4.999998658853578755e-03 9.999997253889348903e-01
1.305309809234468275e+03 1.003768966642380578e+00 4.999998664025815526e-03 9.999997264664841623e-01
1.305311986256895807e+03 9.927505504910124623e-01 4.999998669164141922e-03 9.999997275369689742e-01
1.305314163282953587e+03 9.986155323642172954e-01 4.999998674268866725e-03 9.999997286004532748e-01
1.305316340312642978e+03 1.012751385995406483e+00 4.999998679340295245e-03 9.999997296570007910e-01
1.305318517345962846e+03 1.000279993821168834e+00 4.999998684378724988e-03 9.999997307066736951e-01
1.305320694382913871e+03 1.006081186109895498e+00 4.999998689384454326e-03 9.999997317495339377e-01
1.305322871423495371e+03 1.003131293834309767e+00 4.999998694357774692e-03 9.999997327856424700e-01
1.305325048467708257e+03 1.007319060157516155e+00 4.999998699298979256e-03 9.999997338150599102e-01
1.305327225515551845e+03 9.955894469269861435e-01 4.999998704208352511e-03 9.999997348378462103e-01
1.305329402567026364e+03 9.946247825695687661e-01 4.999998709086178952e-03 9.999997358540598791e-01
1.305331579622131585e+03 9.928498954211160132e-01 4.999998713932738738e-03 9.999997368637598694e-01
1.305333756680867964e+03 9.958933031071037778e-01 4.999998718748307688e-03 9.999997378670035797e-01
1.305335933743235501e+03 9.935294673241481522e-01 4.999998723533163360e-03 9.999997388638484086e-01
1.305338110809233513e+03 9.897187536801558272e-01 4.999998728287573767e-03 9.999997398543506444e-01
1.305340287878863137e+03 1.002996141030642718e+00 4.999998733011808659e-03 9.999997408385663533e-01
1.305342464952123237e+03 9.988857220467983744e-01 4.999998737706131714e-03 9.999997418165502694e-01
1.305344642029014494e+03 1.009685909632078715e+00 4.999998742370808345e-03 9.999997427883577927e-01
1.305346819109536455e+03 1.002446953994283296e+00 4.999998747006092689e-03 9.999997437540419920e-01
1.305348996193689800e+03 1.003811587176108189e+00 4.999998751612245822e-03 9.999997447136573792e-01
1.305351173281473848e+03 1.002991315698806396e+00 4.999998756189517543e-03 9.999997456672555796e-01
1.305353350372888826e+03 9.979565286227473075e-01 4.999998760738161990e-03 9.999997466148897729e-01
1.305355527467934962e+03 9.996018300722304684e-01 4.999998765258424627e-03 9.999997475566111405e-01
1.305357704566612028e+03 9.978327578852208557e-01 4.999998769750552650e-03 9.999997484924710855e-01
1.305359881668920252e+03 9.965655460582314440e-01 4.999998774214786321e-03 9.999997494225197903e-01
1.305362058774859406e+03 1.001285522231251557e+00 4.999998778651367631e-03 9.999997503468076587e-01
1.305364235884429490e+03 1.003595818643151505e+00 4.999998783060532505e-03 9.999997512653836518e-01
1.305366412997630505e+03 1.005180962540597189e+00 4.999998787442515996e-03 9.999997521782970633e-01
1.305368590114462677e+03 1.008500163096401225e+00 4.999998791797552293e-03 9.999997530855961880e-01
1.305370767234926006e+03 9.935824888710513836e-01 4.999998796125870379e-03 9.999997539873289876e-01
1.305372944359020266e+03 9.934833782438424743e-01 4.999998800427694901e-03 9.999997548835425354e-01
1.305375121486745684e+03 1.001883749565562809e+00 4.999998804703253107e-03 9.999997557742839049e-01
1.305377298618102031e+03 9.983986764765735433e-01 4.999998808952767909e-03 9.999997566595993925e-01
1.305379475753089537e+03 9.993153875723000956e-01 4.999998813176457016e-03 9.999997575395347393e-01
1.305381652891708200e+03 1.009632731157289687e+00 4.999998817374540737e-03 9.999997584141354645e-01
1.305383830033957565e+03 9.897039439189281307e-01 4.999998821547232443e-03 9.999997592834463100e-01
1.305386007179838543e+03 9.961932729915555784e-01 4.999998825694745505e-03 9.999997601475113518e-01
1.305388184329350224e+03 9.964998174202173153e-01 4.999998829817290692e-03 9.999997610063751097e-01
1.305390361482493063e+03 1.005521111453604899e+00 4.999998833915077906e-03 9.999997618600806604e-01
1.305392538639267286e+03 1.003513807055031348e+00 4.999998837988310976e-03 9.999997627086709695e-01
1.305394715799672213e+03 9.983486817672748703e-01 4.999998842037198070e-03 9.999997635521891137e-01
1.305396892963708297e+03 1.004715229626714335e+00 4.999998846061936945e-03 9.999997643906765044e-01
1.305399070131375765e+03 9.954829456491041118e-01 4.999998850062729698e-03 9.999997652241748858e-01
1.305401247302674165e+03 9.952298011195239713e-01 4.999998854039774086e-03 9.999997660527257803e-01
1.305403424477603721e+03 1.005332592969961913e+00 4.999998857993266134e-03 9.999997668763699332e-01
1.305405601656164663e+03 1.001563528709213058e+00 4.999998861923398395e-03 9.999997676951475345e-01
1.305407778838356307e+03 9.966065050695526173e-01 4.999998865830363425e-03 9.999997685090985522e-01
1.305409956024179564e+03 9.992406190377414177e-01 4.999998869714350307e-03 9.999997693182625103e-01
1.305412133213633524e+03 1.000565338466197662e+00 4.999998873575547259e-03 9.999997701226785995e-01
1.305414310406718869e+03 1.004036701477018845e+00 4.999998877414140765e-03 9.999997709223853448e-01
1.305416487603435371e+03 1.002053795158787119e+00 4.999998881230313837e-03 9.999997717174216039e-01
1.305418664803783031e+03 1.005075047593479098e+00 4.999998885024246019e-03 9.999997725078241251e-01
1.305420842007761848e+03 1.004622237830692155e+00 4.999998888796122927e-03 9.999997732936318773e-01
1.305423019215371824e+03 9.938703373793261742e-01 4.999998892546119768e-03 9.999997740748810537e-01
1.305425196426613184e+03 9.984570481457391011e-01 4.999998896274410881e-03 9.999997748516085139e-01
1.305427373641485474e+03 9.969799873682508862e-01 4.999998899981174943e-03 9.999997756238510060e-01
1.305429550859989149e+03 9.984873660417401542e-01 4.999998903666582825e-03 9.999997763916441684e-01
1.305431728082123982e+03 9.985318563792037194e-01 4.999998907330806264e-03 9.999997771550239722e-01
1.305433905307889972e+03 1.009026048192998903e+00 4.999998910974012660e-03 9.999997779140255005e-01
1.305436082537287348e+03 1.001875759339466265e+00 4.999998914596371150e-03 9.999997786686835033e-01
1.305438259770315653e+03 1.000268524086853850e+00 4.999998918198047398e-03 9.999997794190328415e-01
1.305440437006975344e+03 9.911184324999515738e-01 4.999998921779207940e-03 9.999997801651080431e-01
1.305442614247266420e+03 1.005865795005526087e+00 4.999998925340013237e-03 9.999997809069423038e-01
1.305444791491188653e+03 9.973826573194395362e-01 4.999998928880622882e-03 9.999997816445693744e-01
1.305446968738742044e+03 9.965665854614015329e-01 4.999998932401199074e-03 9.999997823780226724e-01
1.305449145989927047e+03 1.001421448816194548e+00 4.999998935901898804e-03 9.999997831073350607e-01
1.305451323244742980e+03 1.004349339842342648e+00 4.999998939382875596e-03 9.999997838325386246e-01
1.305453500503190298e+03 1.003114993788940978e+00 4.999998942844289043e-03 9.999997845536665597e-01
1.305455677765268547e+03 1.002342369018885515e+00 4.999998946286288333e-03 9.999997852707496193e-01
1.305457855030978408e+03 9.973149543810645445e-01 4.999998949709025253e-03 9.999997859838198888e-01
1.305460032300319654e+03 9.797262655586317370e-01 4.999998953112653327e-03 9.999997866929091206e-01
1.305462209573292057e+03 9.971882194668538757e-01 4.999998956497317404e-03 9.999997873980474017e-01
1.305464386849895618e+03 1.001708077447309941e+00 4.999998959863165802e-03 9.999997880992659294e-01
1.305466564130130791e+03 1.002022756459212793e+00 4.999998963210346842e-03 9.999997887965952348e-01
1.305468741413997122e+03 1.001498509042398011e+00 4.999998966539001902e-03 9.999997894900648499e-01
1.305470918701494611e+03 1.005207783529390442e+00 4.999998969849272362e-03 9.999997901797046396e-01
1.305473095992623712e+03 9.968789487055994547e-01 4.999998973141302205e-03 9.999997908655442469e-01
1.305475273287383970e+03 9.966873272167345865e-01 4.999998976415231944e-03 9.999997915476128707e-01
1.305477450585775614e+03 1.003810465773392391e+00 4.999998979671199488e-03 9.999997922259395988e-01
1.305479627887798415e+03 9.996755561995421813e-01 4.999998982909341881e-03 9.999997929005525199e-01
1.305481805193452828e+03 1.007586250328303290e+00 4.999998986129794432e-03 9.999997935714801667e-01
1.305483982502738627e+03 9.962987821715935111e-01 4.999998989332695050e-03 9.999997942387510719e-01
1.305486159815655583e+03 1.001002683942331606e+00 4.999998992518173840e-03 9.999997949023924360e-01
1.305488337132204151e+03 9.965626427287009870e-01 4.999998995686363509e-03 9.999997955624320145e-01
1.305490514452383650e+03 9.960691675952600965e-01 4.999998998837396763e-03 9.999997962188972300e-01
1.305492691776194988e+03 1.002137588128453549e+00 4.999999001971401104e-03 9.999997968718148389e-01
1.305494869103637711e+03 1.000087395350501618e+00 4.999999005088505769e-03 9.999997975212118195e-01
1.305497046434711592e+03 1.011575873870331543e+00 4.999999008188837392e-03 9.999997981671141511e-01
1.305499223769416858e+03 9.984021022742959328e-01 4.999999011272522609e-03 9.999997988095484791e-01
1.305501401107753736e+03 9.995293657350731165e-01 4.999999014339685452e-03 9.999997994485407826e-01
1.305503578449721545e+03 9.965940902184111660e-01 4.999999017390451689e-03 9.999998000841170409e-01
1.305505755795321420e+03 9.924947577913235675e-01 4.999999020424941015e-03 9.999998007163022340e-01
1.305507933144552226e+03 9.929002286992809623e-01 4.999999023443274862e-03 9.999998013451218970e-01
1.305510110497414416e+03 9.983457210856706565e-01 4.999999026445573792e-03 9.999998019706008989e-01
1.305512287853908447e+03 9.994866192697299256e-01 4.999999029431957502e-03 9.999998025927639977e-01
1.305514465214033862e+03 9.975482967718825034e-01 4.999999032402542218e-03 9.999998032116360624e-01
1.305516642577790435e+03 1.000101470459376030e+00 4.999999035357445901e-03 9.999998038272408518e-01
1.305518819945178848e+03 9.988012142494281376e-01 4.999999038296784777e-03 9.999998044396031238e-01
1.305520997316198418e+03 1.006327521719001528e+00 4.999999041220671604e-03 9.999998050487463042e-01
1.305523174690849601e+03 9.929123465980623786e-01 4.999999044129220006e-03 9.999998056546939296e-01
1.305525352069131941e+03 9.966203732697277440e-01 4.999999047022544475e-03 9.999998062574697588e-01
1.305527529451046121e+03 1.000402084583015716e+00 4.999999049900755166e-03 9.999998068570968845e-01
1.305529706836591458e+03 1.004424456320442749e+00 4.999999052763962233e-03 9.999998074535982884e-01
1.305531884225768636e+03 1.000040543417402450e+00 4.999999055612272363e-03 9.999998080469962858e-01
1.305534061618577198e+03 1.007409583437737677e+00 4.999999058445798311e-03 9.999998086373143025e-01
1.305536239015017145e+03 1.008109106607720351e+00 4.999999061264644162e-03 9.999998092245739878e-01
1.305538416415088705e+03 1.001501427610573591e+00 4.999999064068920071e-03 9.999998098087978793e-01
1.305540593818791649e+03 1.006654740711947049e+00 4.999999066858724917e-03 9.999998103900074042e-01
1.305542771226125979e+03 9.916944723844833831e-01 4.999999069634168854e-03 9.999998109682248781e-01
1.305544948637092148e+03 9.983339268737257965e-01 4.999999072395354231e-03 9.999998115434717283e-01
1.305547126051689929e+03 1.004826228126287413e+00 4.999999075142379928e-03 9.999998121157688269e-01
1.305549303469919096e+03 1.004521576217608292e+00 4.999999077875353498e-03 9.999998126851382674e-01
1.305551480891779875e+03 1.000128373404590265e+00 4.999999080594369483e-03 9.999998132515999227e-01
1.305553658317272038e+03 1.000197592811178593e+00 4.999999083299530231e-03 9.999998138151751093e-01
1.305555835746395815e+03 9.938354411476399974e-01 4.999999085990934622e-03 9.999998143758844771e-01
1.305558013179150976e+03 9.969920845859459035e-01 4.999999088668680668e-03 9.999998149337482323e-01
1.305560190615537977e+03 9.921698389835539311e-01 4.999999091332865513e-03 9.999998154887865809e-01
1.305562368055556590e+03 1.000227107343431010e+00 4.999999093983584567e-03 9.999998160410197290e-01
1.305564545499206588e+03 9.969580780318029190e-01 4.999999096620930637e-03 9.999998165904668834e-01
1.305566722946488198e+03 9.993014543365545954e-01 4.999999099245003471e-03 9.999998171371486944e-01
1.305568900397401421e+03 9.980210449565244391e-01 4.999999101855893274e-03 9.999998176810841466e-01
1.305571077851946484e+03 9.911059554235491786e-01 4.999999104453692854e-03 9.999998182222924470e-01
1.305573255310122931e+03 1.001976448346578286e+00 4.999999107038495018e-03 9.999998187607929134e-01
1.305575432771930764e+03 9.960257330817915422e-01 4.999999109610390839e-03 9.999998192966043087e-01
1.305577610237370436e+03 9.969227507510000086e-01 4.999999112169468789e-03 9.999998198297456176e-01
1.305579787706441948e+03 9.953625656280046252e-01 4.999999114715820807e-03 9.999998203602356028e-01
1.305581965179144845e+03 1.004069742079102934e+00 4.999999117249533630e-03 9.999998208880924722e-01
1.305584142655479127e+03 9.986700853659731258e-01 4.999999119770695728e-03 9.999998214133345442e-01
1.305586320135445476e+03 1.007950709675330847e+00 4.999999122279394706e-03 9.999998219359802487e-01
1.305588497619043437e+03 9.978723592794114250e-01 4.999999124775715564e-03 9.999998224560471272e-01
1.305590675106273011e+03 9.963868019889923211e-01 4.999999127259744172e-03 9.999998229735531652e-01
1.305592852597133970e+03 1.013256349392984479e+00 4.999999129731568133e-03 9.999998234885163484e-01
1.305595030091626768e+03 9.973827460784643328e-01 4.999999132191267244e-03 9.999998240009537742e-01
1.305597207589751179e+03 1.002238314658169260e+00 4.999999134638927374e-03 9.999998245108828732e-01
1.305599385091507429e+03 1.002062767659287923e+00 4.999999137074630923e-03 9.999998250183210757e-01
1.305601562596895292e+03 9.967170033743959490e-01 4.999999139498459422e-03 9.999998255232854794e-01
1.305603740105914767e+03 9.935841868198923565e-01 4.999999141910491801e-03 9.999998260257922933e-01
1.305605917618566082e+03 9.969173104732945712e-01 4.999999144310814797e-03 9.999998265258593921e-01
1.305608095134849009e+03 9.964222879864440552e-01 4.999999146699500401e-03 9.999998270235023190e-01
1.305610272654763548e+03 1.002574288729171315e+00 4.999999149076632746e-03 9.999998275187381713e-01
1.305612450178309928e+03 9.980540262380174221e-01 4.999999151442287293e-03 9.999998280115829363e-01
1.305614627705488147e+03 1.003745233650330748e+00 4.999999153796545574e-03 9.999998285020532673e-01
1.305616805236297751e+03 9.995917526342062986e-01 4.999999156139480448e-03 9.999998289901649295e-01
1.305618982770739194e+03 9.953365065345919360e-01 4.999999158471170844e-03 9.999998294759336881e-01
1.305621160308812478e+03 9.985053141825296352e-01 4.999999160791691356e-03 9.999998299593755302e-01
1.305623337850517601e+03 1.000511910680176753e+00 4.999999163101119179e-03 9.999998304405061100e-01
1.305625515395854109e+03 9.941899594503884607e-01 4.999999165399524569e-03 9.999998309193406376e-01
1.305627692944822684e+03 9.936884871486051374e-01 4.999999167686982986e-03 9.999998313958945451e-01
1.305629870497422871e+03 9.940603842487121256e-01 4.999999169963570758e-03 9.999998318701835975e-01
1.305632048053654898e+03 9.949355859581276995e-01 4.999999172229357275e-03 9.999998323422223390e-01
1.305634225613518993e+03 1.014135944694831259e+00 4.999999174484413660e-03 9.999998328120259794e-01
1.305636403177014472e+03 9.997865774508812864e-01 4.999999176728814505e-03 9.999998332796092848e-01
1.305638580744141564e+03 9.966256087560448895e-01 4.999999178962627466e-03 9.999998337449870212e-01
1.305640758314900950e+03 9.920541010712011776e-01 4.999999181185923666e-03 9.999998342081738434e-01
1.305642935889291948e+03 9.930969565587253189e-01 4.999999183398772494e-03 9.999998346691840734e-01
1.305645113467314559e+03 9.932576544805701291e-01 4.999999185601243339e-03 9.999998351280321440e-01
1.305647291048969237e+03 1.003635278280942122e+00 4.999999187793405589e-03 9.999998355847325993e-01
1.305649468634255527e+03 1.003789530623020676e+00 4.999999189975325165e-03 9.999998360392992058e-01
1.305651646223173657e+03 1.003603033309510284e+00 4.999999192147068852e-03 9.999998364917457305e-01
1.305653823815723854e+03 9.965791494055538102e-01 4.999999194308705174e-03 9.999998369420867173e-01
1.305656001411905436e+03 1.008458561626559780e+00 4.999999196460300048e-03 9.999998373903355997e-01
1.305658179011719540e+03 1.008582466039997350e+00 4.999999198601917660e-03 9.999998378365058116e-01
1.305660356615165028e+03 9.940984482013549561e-01 4.999999200733623063e-03 9.999998382806112307e-01
1.305662534222242357e+03 9.985549896573602258e-01 4.999999202855481308e-03 9.999998387226650687e-01
1.305664711832951525e+03 1.001815490809504050e+00 4.999999204967556579e-03 9.999998391626807592e-01
1.305666889447292760e+03 9.918176790353936401e-01 4.999999207069912195e-03 9.999998396006715140e-01
1.305669067065265608e+03 1.010017017392525362e+00 4.999999209162610606e-03 9.999998400366502116e-01
1.305671244686870523e+03 9.935909946828707096e-01 4.999999211245715128e-03 9.999998404706303967e-01
1.305673422312107050e+03 9.964107814407034969e-01 4.999999213319286477e-03 9.999998409026243928e-01
1.305675599940975872e+03 9.952903485821043006e-01 4.999999215383384502e-03 9.999998413326448565e-01
1.305677777573476305e+03 1.000859414855586493e+00 4.999999217438073386e-03 9.999998417607048884e-01
1.305679955209609034e+03 1.001908059113995497e+00 4.999999219483411243e-03 9.999998421868170340e-01
1.305682132849373147e+03 1.008146623313935564e+00 4.999999221519457922e-03 9.999998426109936167e-01
1.305684310492769555e+03 1.002840203537574748e+00 4.999999223546275871e-03 9.999998430332471822e-01
1.305686488139797575e+03 9.986657594360344170e-01 4.999999225563918868e-03 9.999998434535894987e-01
1.305688665790457662e+03 9.965774309748959281e-01 4.999999227572449363e-03 9.999998438720334448e-01
1.305690843444749817e+03 1.002728834151700665e+00 4.999999229571922867e-03 9.999998442885903449e-01
1.305693021102673811e+03 9.960280814707168640e-01 4.999999231562398359e-03 9.999998447032727444e-01
1.305695198764229644e+03 1.009497582877299404e+00 4.999999233543930485e-03 9.999998451160919677e-01
1.305697376429417318e+03 1.003066137051884299e+00 4.999999235516579092e-03 9.999998455270603381e-01
1.305699554098237286e+03 1.000529972467234741e+00 4.999999237480398824e-03 9.999998459361894021e-01
1.305701731770688866e+03 1.003005951064368739e+00 4.999999239435443457e-03 9.999998463434904838e-01
1.305703909446772514e+03 9.985781159864245415e-01 4.999999241381769370e-03 9.999998467489751297e-01
1.305706087126488455e+03 1.000689391817811469e+00 4.999999243319432941e-03 9.999998471526548860e-01
1.305708264809836010e+03 9.968186402446829186e-01 4.999999245248484478e-03 9.999998475545408549e-01
1.305710442496815631e+03 1.013237117955294142e+00 4.999999247168984695e-03 9.999998479546448049e-01
1.305712620187427319e+03 9.863574651760264045e-01 4.999999249080980430e-03 9.999998483529773941e-01
1.305714797881671075e+03 1.003093693094662342e+00 4.999999250984527195e-03 9.999998487495496136e-01
1.305716975579546670e+03 9.998371845156540649e-01 4.999999252879677031e-03 9.999998491443724546e-01
1.305719153281054332e+03 9.984636710658667536e-01 4.999999254766481979e-03 9.999998495374569085e-01
1.305721330986194062e+03 9.908911863304237233e-01 4.999999256644994949e-03 9.999998499288137443e-01
1.305723508694965631e+03 9.908527101325668163e-01 4.999999258515265381e-03 9.999998503184533982e-01
1.305725686407369494e+03 1.001111172404870686e+00 4.999999260377347050e-03 9.999998507063869724e-01
1.305727864123405197e+03 1.001201242837504557e+00 4.999999262231287663e-03 9.999998510926246809e-01
1.305730041843073195e+03 9.979404704195840026e-01 4.999999264077137524e-03 9.999998514771766267e-01
1.305732219566373033e+03 1.002943140719307458e+00 4.999999265914946076e-03 9.999998518600536901e-01
1.305734397293304710e+03 9.963795390948216868e-01 4.999999267744766225e-03 9.999998522412660851e-01
1.305736575023868681e+03 9.930310943471156726e-01 4.999999269566643943e-03 9.999998526208238037e-01
1.305738752758064948e+03 9.969396122287094153e-01 4.999999271380627802e-03 9.999998529987372820e-01
1.305740930495892826e+03 1.004296924888022913e+00 4.999999273186766374e-03 9.999998533750160679e-01
1.305743108237352999e+03 1.002041926220069046e+00 4.999999274985105630e-03 9.999998537496702644e-01
1.305745285982445239e+03 1.005260055237685135e+00 4.999999276775699344e-03 9.999998541227104187e-01
1.305747463731169546e+03 9.999994828307873229e-01 4.999999278558588285e-03 9.999998544941455236e-01
1.305749641483525920e+03 9.968721621565873603e-01 4.999999280333819289e-03 9.999998548639854601e-01
1.305751819239514589e+03 1.001597426227293086e+00 4.999999282101440061e-03 9.999998552322398870e-01
1.305753996999135325e+03 1.007513345689957207e+00 4.999999283861499173e-03 9.999998555989186855e-01
1.305756174762387900e+03 1.002822392443438293e+00 4.999999285614039127e-03 9.999998559640312923e-01
1.305758352529272770e+03 1.006065692477868145e+00 4.999999287359105024e-03 9.999998563275867003e-01
1.305760530299789707e+03 9.976141490353239716e-01 4.999999289096743703e-03 9.999998566895946794e-01
1.305762708073938711e+03 9.981105878800422548e-01 4.999999290826998531e-03 9.999998570500645556e-01
1.305764885851720237e+03 9.994117034314878856e-01 4.999999292549914612e-03 9.999998574090053216e-01
1.305767063633133375e+03 1.002716293937683245e+00 4.999999294265535313e-03 9.999998577664263033e-01
1.305769241418179263e+03 1.001092641041578801e+00 4.999999295973904002e-03 9.999998581223363825e-01
1.305771419206856763e+03 1.006224025023905622e+00 4.999999297675063181e-03 9.999998584767446630e-01
1.305773596999166784e+03 1.005395958333093143e+00 4.999999299369057952e-03 9.999998588296602486e-01
1.305775774795108646e+03 1.008834220846780427e+00 4.999999301055929948e-03 9.999998591810917992e-01
1.305777952594683029e+03 1.004315973105136317e+00 4.999999302735718201e-03 9.999998595310476412e-01
1.305780130397889252e+03 1.004982996247927529e+00 4.999999304408469548e-03 9.999998598795375448e-01
1.305782308204727997e+03 1.004746442797388895e+00 4.999999306074223021e-03 9.999998602265695036e-01
1.305784486015198581e+03 9.962637187459449928e-01 4.999999307733020253e-03 9.999998605721522882e-01
1.305786663829301688e+03 9.923302643437619253e-01 4.999999309384902009e-03 9.999998609162943364e-01
1.305788841647036634e+03 9.968525698965818860e-01 4.999999311029910791e-03 9.999998612590044189e-01
1.305791019468404102e+03 9.953034816858989942e-01 4.999999312668083895e-03 9.999998616002905294e-01
1.305793197293403637e+03 1.005701061555078990e+00 4.999999314299463822e-03 9.999998619401614386e-01
1.305795375122035466e+03 9.935186878003759992e-01 4.999999315924088736e-03 9.999998622786250291e-01
1.305797552954299363e+03 9.970356989581332652e-01 4.999999317541999402e-03 9.999998626156896275e-01
1.305799730790195781e+03 1.003824053710842934e+00 4.999999319153234853e-03 9.999998629513637827e-01
1.305801908629724267e+03 1.008431414208838195e+00 4.999999320757832384e-03 9.999998632856549330e-01
1.305804086472884819e+03 1.002519628805786711e+00 4.999999322355832762e-03 9.999998636185717382e-01
1.305806264319677894e+03 1.002202510690978654e+00 4.999999323947273283e-03 9.999998639501217479e-01
1.305808442170103035e+03 9.960988302827342711e-01 4.999999325532192111e-03 9.999998642803131776e-01
1.305810620024160698e+03 1.011699052061462156e+00 4.999999327110626543e-03 9.999998646091535770e-01
1.305812797881850429e+03 1.001935540938311275e+00 4.999999328682613008e-03 9.999998649366507175e-01
1.305814975743172681e+03 1.003199754795474741e+00 4.999999330248192271e-03 9.999998652628130369e-01
1.305817153608127001e+03 9.925267527984865668e-01 4.999999331807396426e-03 9.999998655876473075e-01
1.305819331476713614e+03 9.996555313284687383e-01 4.999999333360266238e-03 9.999998659111618560e-01
1.305821509348932523e+03 9.919821700582541757e-01 4.999999334906835534e-03 9.999998662333640098e-01
1.305823687224783725e+03 1.005591482900278333e+00 4.999999336447141611e-03 9.999998665542610965e-01
1.305825865104267223e+03 9.927243004648648173e-01 4.999999337981220898e-03 9.999998668738608876e-01
1.305828042987383014e+03 1.004214182127552313e+00 4.999999339509108090e-03 9.999998671921705995e-01
1.305830220874131101e+03 1.003438884674918929e+00 4.999999341030837881e-03 9.999998675091976708e-01
1.305832398764511709e+03 9.913882157748249435e-01 4.999999342546444965e-03 9.999998678249492068e-01
1.305834576658524384e+03 1.000281601633904005e+00 4.999999344055966639e-03 9.999998681394327571e-01
1.305836754556169581e+03 1.004299423414910519e+00 4.999999345559434129e-03 9.999998684526552051e-01
1.305838932457447299e+03 9.970058500854577233e-01 4.999999347056883862e-03 9.999998687646239892e-01
1.305841110362357085e+03 1.001340442277069309e+00 4.999999348548350535e-03 9.999998690753461039e-01
1.305843288270899166e+03 9.950096790160791738e-01 4.999999350033867973e-03 9.999998693848288767e-01
1.305845466183073768e+03 1.006241144391371023e+00 4.999999351513465667e-03 9.999998696930785247e-01
1.305847644098880437e+03 1.008105755472899379e+00 4.999999352987181782e-03 9.999998700001025975e-01
1.305849822018319855e+03 1.001438023417796641e+00 4.999999354455047541e-03 9.999998703059080896e-01
1.305851999941391568e+03 1.006885166641838802e+00 4.999999355917095038e-03 9.999998706105012181e-01
1.305854177868095576e+03 1.003041577390662242e+00 4.999999357373356365e-03 9.999998709138890884e-01
1.305856355798432332e+03 9.961529276654407239e-01 4.999999358823867951e-03 9.999998712160789172e-01
1.305858533732400929e+03 9.989786438805726698e-01 4.999999360268656684e-03 9.999998715170768104e-01
1.305860711670002274e+03 1.000434316775540955e+00 4.999999361707757259e-03 9.999998718168893186e-01
1.305862889611235914e+03 1.004748107294461734e+00 4.999999363141201768e-03 9.999998721155234360e-01
1.305865067556102076e+03 1.002881612090984254e+00 4.999999364569020568e-03 9.999998724129856020e-01
1.305867245504600533e+03 9.903074737597779009e-01 4.999999365991243151e-03 9.999998727092822559e-01
1.305869423456731511e+03 9.974740948867542034e-01 4.999999367407905945e-03 9.999998730044200590e-01
1.305871601412494783e+03 1.005830011913553479e+00 4.999999368819034104e-03 9.999998732984052285e-01
1.305873779371890578e+03 9.883262940210456593e-01 4.999999370224658853e-03 9.999998735912436487e-01
1.305875957334918894e+03 1.003262490696303466e+00 4.999999371624814018e-03 9.999998738829427580e-01
1.305878135301579505e+03 9.950952808805526573e-01 4.999999373019526488e-03 9.999998741735079966e-01
1.305880313271872637e+03 9.991202091954125564e-01 4.999999374408828356e-03 9.999998744629458036e-01
1.305882491245798064e+03 9.946186253581512648e-01 4.999999375792747378e-03 9.999998747512621744e-01
1.305884669223356241e+03 1.002086950418724864e+00 4.999999377171316511e-03 9.999998750384639923e-01
1.305886847204546712e+03 1.001866364938210907e+00 4.999999378544560044e-03 9.999998753245564753e-01
1.305889025189369931e+03 1.001419158193479042e+00 4.999999379912509201e-03 9.999998756095459518e-01
1.305891203177825446e+03 1.003166998533020493e+00 4.999999381275194339e-03 9.999998758934387499e-01
1.305893381169913482e+03 1.011423811984684340e+00 4.999999382632641480e-03 9.999998761762401989e-01
1.305895559165634040e+03 1.005132986500394621e+00 4.999999383984883583e-03 9.999998764579572930e-01
1.305897737164986893e+03 9.942090893142087049e-01 4.999999385331944067e-03 9.999998767385946952e-01
1.305899915167972722e+03 9.976999238934701753e-01 4.999999386673852422e-03 9.999998770181589558e-01
1.305902093174590618e+03 1.003356949899239847e+00 4.999999388010638139e-03 9.999998772966559590e-01
1.305904271184841264e+03 9.938829246390291638e-01 4.999999389342326371e-03 9.999998775740911450e-01
1.305906449198724204e+03 9.955187859769740744e-01 4.999999390668946608e-03 9.999998778504703978e-01
1.305908627216239893e+03 9.988442919004557607e-01 4.999999391990525739e-03 9.999998781257991576e-01
1.305910805237388104e+03 9.991836969830808490e-01 4.999999393307090652e-03 9.999998784000835306e-01
1.305912983262168837e+03 9.886970091748317202e-01 4.999999394618667367e-03 9.999998786733288458e-01
1.305915161290582091e+03 9.949151474985447052e-01 4.999999395925284508e-03 9.999998789455407655e-01
1.305917339322627868e+03 9.994921413187675130e-01 4.999999397226966361e-03 9.999998792167245076e-01
1.305919517358306393e+03 9.997917938362160806e-01 4.999999398523742415e-03 9.999998794868861784e-01
1.305921695397617441e+03 9.996460555693850170e-01 4.999999399815636958e-03 9.999998797560307739e-01
1.305923873440561010e+03 9.899464212098230131e-01 4.999999401102675142e-03 9.999998800241636232e-01
1.305926051487137329e+03 1.005349352074902614e+00 4.999999402384883856e-03 9.999998802912906104e-01
1.305928229537345942e+03 1.002517090937442124e+00 4.999999403662288254e-03 9.999998805574165095e-01
1.305930407591187077e+03 1.000268165884741212e+00 4.999999404934915223e-03 9.999998808225469826e-01
1.305932585648661188e+03 1.002157944362513708e+00 4.999999406202789050e-03 9.999998810866875809e-01
1.305934763709767822e+03 9.963805715794279427e-01 4.999999407465934888e-03 9.999998813498429673e-01
1.305936941774506749e+03 9.899794442040288356e-01 4.999999408724377023e-03 9.999998816120184708e-01
1.305939119842878654e+03 1.001037785126882573e+00 4.999999409978142344e-03 9.999998818732193095e-01
1.305941297914883080e+03 1.005661349256427473e+00 4.999999411227252534e-03 9.999998821334508126e-01
1.305943475990520028e+03 1.000579599614356052e+00 4.999999412471735349e-03 9.999998823927178648e-01
1.305945654069789953e+03 1.009941374915786616e+00 4.999999413711610739e-03 9.999998826510253513e-01
1.305947832152692172e+03 1.017870392585807027e+00 4.999999414946907327e-03 9.999998829083788232e-01
1.305950010239227367e+03 9.996537900573608804e-01 4.999999416177646795e-03 9.999998831647829434e-01
1.305952188329394858e+03 1.000493258312000755e+00 4.999999417403853431e-03 9.999998834202425968e-01
1.305954366423195097e+03 1.000485548730214225e+00 4.999999418625550654e-03 9.999998836747628905e-01
1.305956544520628086e+03 1.002742498253469172e+00 4.999999419842762749e-03 9.999998839283487095e-01
1.305958722621693823e+03 9.933941068742804248e-01 4.999999421055511400e-03 9.999998841810047168e-01
1.305960900726391856e+03 1.000440307332828738e+00 4.999999422263822629e-03 9.999998844327361303e-01
1.305963078834723092e+03 1.002140168828917099e+00 4.999999423467716385e-03 9.999998846835473909e-01
1.305965256946686850e+03 9.937339041612824886e-01 4.999999424667216953e-03 9.999998849334433837e-01
1.305967435062283130e+03 1.003144834846086519e+00 4.999999424596690036e-03 9.999998849187502481e-01
1.305969613181512386e+03 9.996894738251834722e-01 4.999999393242224137e-03 9.999998783865697849e-01
1.305971791304374165e+03 9.956656915796034957e-01 4.999999100514426406e-03 9.999998174016118124e-01
1.305973969430868692e+03 9.995305195687406163e-01 4.999996858737461823e-03 9.999993503647386373e-01
1.305976147560995969e+03 9.978149695911572303e-01 4.999982141133432235e-03 9.999962841969789462e-01
1.305978325694755995e+03 9.983527861137164727e-01 4.999899079172059023e-03 9.999789796132111386e-01
1.305980503832148543e+03 1.007246984534365453e+00 4.999495932042602453e-03 9.998949904165691516e-01
1.305982681973174067e+03 1.005079176661670015e+00 4.997812979962125250e-03 9.995443714682161751e-01
1.305984860117832341e+03 1.000387403462293934e+00 4.991769970687823590e-03 9.982853564653122458e-01
1.305987038266123591e+03 9.964618401300017192e-01 4.973105478441824587e-03 9.943963480809430155e-01
1.305989216418047135e+03 9.872381020980743882e-01 4.923522115318837433e-03 9.840619528720143672e-01
1.305991394573603657e+03 9.593671474316463055e-01 4.810248222603843819e-03 9.604358427557020406e-01
1.305993572732792927e+03 9.161601466837683283e-01 4.587806779844275790e-03 9.139650631387713497e-01
1.305995750895614947e+03 8.362640559345327906e-01 4.212633158300656787e-03 8.353212544820520780e-01
1.305997929062069716e+03 7.206395584159871470e-01 3.670083489878795714e-03 7.208072168529188195e-01
1.306000107232157461e+03 -1.011559766399284935e+10 4.898979485076458752e+07 -9.999999999000000000e+09
