9.000000000000000000e+02 5.941211225405331753e-01 3.187783737820606977e-02 5.416889486934793885e-01
9.000075051921419345e+02 4.677001752901087661e-01 3.187757153506854541e-02 5.416814988660945129e-01
9.000150104468705194e+02 5.540768578926648091e-01 3.187730569127011221e-02 5.416740489798572700e-01
9.000225157641860960e+02 5.900556346201866198e-01 3.187703984681092978e-02 5.416665990347701021e-01
9.000300211440892326e+02 5.691613929653850379e-01 3.187677400169109526e-02 5.416591490308343415e-01
9.000375265865808387e+02 5.621182958504394866e-01 3.187650815591075437e-02 5.416516989680518757e-01
9.000450320916605733e+02 5.701063014656480021e-01 3.187624230947008058e-02 5.416442488464252580e-01
9.000525376593300280e+02 5.320641622443671448e-01 3.187597646236917104e-02 5.416367986659554878e-01
9.000600432895887479e+02 5.170230333231231601e-01 3.187571061460819227e-02 5.416293484266453406e-01
9.000675489824379838e+02 5.366738562861219641e-01 3.187544476618725531e-02 5.416218981284958156e-01
9.000750547378777355e+02 5.744372667635146978e-01 3.187517891710651974e-02 5.416144477715096883e-01
9.000825605559087990e+02 5.422356024273696784e-01 3.187491306736611046e-02 5.416069973556882911e-01
9.000900664365316288e+02 5.847445536846780367e-01 3.187464721696618708e-02 5.415995468810340663e-01
9.000975723797470209e+02 4.819743601978974112e-01 3.187438136590684673e-02 5.415920963475479022e-01
9.001050783855549753e+02 5.479961373055667329e-01 3.187411551418826289e-02 5.415846457552326854e-01
9.001125844539564014e+02 5.484155374828783014e-01 3.187384966181057433e-02 5.415771951040900811e-01
9.001200905849515266e+02 5.477779980075172528e-01 3.187358380877390596e-02 5.415697443941219769e-01
9.001275967785412604e+02 5.411477959659968251e-01 3.187331795507837573e-02 5.415622936253298159e-01
9.001351030347258302e+02 5.745430906650943470e-01 3.187305210072417794e-02 5.415548427977163737e-01
9.001426093535058044e+02 5.452982709959047769e-01 3.187278624571138891e-02 5.415473919112825385e-01
9.001501157348818651e+02 5.084301440438765418e-01 3.187252039004018905e-02 5.415399409660311969e-01
9.001576221788542398e+02 5.432423906326732110e-01 3.187225453371069633e-02 5.415324899619635701e-01
9.001651286854236105e+02 5.595108298940317804e-01 3.187198867672305647e-02 5.415250388990818786e-01
9.001726352545906593e+02 5.093460759670888072e-01 3.187172281907740129e-02 5.415175877773877877e-01
9.001801418863556137e+02 5.497126688450687526e-01 3.187145696077388346e-02 5.415101365968835179e-01
9.001876485807193831e+02 5.826635899102717842e-01 3.187119110181260706e-02 5.415026853575705124e-01
9.001951553376819675e+02 4.954731871629186601e-01 3.187092524219375944e-02 5.414952340594513247e-01
9.002026621572443901e+02 5.518260990719940917e-01 3.187065938191743775e-02 5.414877827025272872e-01
9.002101690394066509e+02 5.212190438579469287e-01 3.187039352098380157e-02 5.414803312868006202e-01
9.002176759841698868e+02 5.685612743839963956e-01 3.187012765939297582e-02 5.414728798122729891e-01
9.002251829915342114e+02 5.410318310840324108e-01 3.186986179714511314e-02 5.414654282789465034e-01
9.002326900615000795e+02 4.709530396068697944e-01 3.186959593424034537e-02 5.414579766868230504e-01
9.002401971940682870e+02 4.949245488520471747e-01 3.186933007067880436e-02 5.414505250359045174e-01
9.002477043892394022e+02 5.329580399450779549e-01 3.186906420646062887e-02 5.414430733261925699e-01
9.002552116470135388e+02 5.410426660397960053e-01 3.186879834158596464e-02 5.414356215576894282e-01
9.002627189673914927e+02 4.616935192749892503e-01 3.186853247605495737e-02 5.414281697303972019e-01
9.002702263503738322e+02 5.032740324972073687e-01 3.186826660986772503e-02 5.414207178443171120e-01
9.002777337959610122e+02 5.292417825702940837e-01 3.186800074302441332e-02 5.414132658994514902e-01
9.002852413041534874e+02 4.559553861091650284e-01 3.186773487552516104e-02 5.414058138958022237e-01
9.002927488749519398e+02 5.261868137917046218e-01 3.186746900737010696e-02 5.413983618333709780e-01
9.003002565083567106e+02 5.614330525627558854e-01 3.186720313855940373e-02 5.413909097121603065e-01
9.003077642043683682e+02 5.489292321357961413e-01 3.186693726909316238e-02 5.413834575321713194e-01
9.003152719629875946e+02 6.031819715631311363e-01 3.186667139897153556e-02 5.413760052934063483e-01
9.003227797842147311e+02 5.185748325719435892e-01 3.186640552819466204e-02 5.413685529958672804e-01
9.003302876680503459e+02 5.318428892657945939e-01 3.186613965676268062e-02 5.413611006395558922e-01
9.003377956144951213e+02 5.356013502049982167e-01 3.186587378467570925e-02 5.413536482244738490e-01
9.003453036235491709e+02 5.544422555688245380e-01 3.186560791193392833e-02 5.413461957506238154e-01
9.003528116952135179e+02 5.817844781354554184e-01 3.186534203853743502e-02 5.413387432180070125e-01
9.003603198294882759e+02 5.387701780261264783e-01 3.186507616448638891e-02 5.413312906266257718e-01
9.003678280263742408e+02 5.316625573012234707e-01 3.186481028978092878e-02 5.413238379764817587e-01
9.003753362858717537e+02 5.436191832030941029e-01 3.186454441442118646e-02 5.413163852675768606e-01
9.003828446079814967e+02 5.903186607726906843e-01 3.186427853840729379e-02 5.413089324999129648e-01
9.003903529927038107e+02 5.214180117985464102e-01 3.186401266173939650e-02 5.413014796734922918e-01
9.003978614400392644e+02 5.249219791131775059e-01 3.186374678441764030e-02 5.412940267883163958e-01
9.004053699499885397e+02 5.540329593963624344e-01 3.186348090644215009e-02 5.412865738443872754e-01
9.004128785225519778e+02 5.094147556253630915e-01 3.186321502781307158e-02 5.412791208417070399e-01
9.004203871577302607e+02 4.985967122764958237e-01 3.186294914853054355e-02 5.412716677802773546e-01
9.004278958555237296e+02 5.452709241275669472e-01 3.186268326859469785e-02 5.412642146601001070e-01
9.004354046159330665e+02 6.156656537874913848e-01 3.186241738800568019e-02 5.412567614811772954e-01
9.004429134389587261e+02 5.791070682239846112e-01 3.186215150676362240e-02 5.412493082435109182e-01
9.004504223246012771e+02 5.406285635974594772e-01 3.186188562486866327e-02 5.412418549471025297e-01
9.004579312728610603e+02 5.917373003100473428e-01 3.186161974232094851e-02 5.412344015919547946e-01
9.004654402837387579e+02 5.994449182453706060e-01 3.186135385912060997e-02 5.412269481780687119e-01
9.004729493572349384e+02 5.303372061464064480e-01 3.186108797526777947e-02 5.412194947054466132e-01
9.004804584933500564e+02 6.124685583400437672e-01 3.186082209076262356e-02 5.412120411740908299e-01
9.004879676920844531e+02 5.016498848072750150e-01 3.186055620560524632e-02 5.412045875840025833e-01
9.004954769534390380e+02 5.104832541579277239e-01 3.186029031979579346e-02 5.411971339351838717e-01
9.005029862774140383e+02 5.904575731225236712e-01 3.186002443333441764e-02 5.411896802276369156e-01
9.005104956640101364e+02 5.121868559409321620e-01 3.185975854622125764e-02 5.411822264613634914e-01
9.005180051132276731e+02 4.879524293256068401e-01 3.185949265845641754e-02 5.411747726363651534e-01
9.005255146250672169e+02 5.265801504428970770e-01 3.185922677004009163e-02 5.411673187526446771e-01
9.005330241995294500e+02 5.595433457788085985e-01 3.185896088097237705e-02 5.411598648102033948e-01
9.005405338366148271e+02 5.444897219154015700e-01 3.185869499125341953e-02 5.411524108090430829e-01
9.005480435363236893e+02 5.415558245498867107e-01 3.185842910088335783e-02 5.411449567491657398e-01
9.005555532986569460e+02 5.713875366136147438e-01 3.185816320986233074e-02 5.411375026305732527e-01
9.005630631236148247e+02 5.573865463395253350e-01 3.185789731819049092e-02 5.411300484532677313e-01
9.005705730111977800e+02 5.229531701011735922e-01 3.185763142586796326e-02 5.411225942172511738e-01
9.005780829614064942e+02 5.557424606910280618e-01 3.185736553289488654e-02 5.411151399225253567e-01
9.005855929742413082e+02 5.473562382385350755e-01 3.185709963927139954e-02 5.411076855690920562e-01
9.005931030497032452e+02 5.241873260692289094e-01 3.185683374499763409e-02 5.411002311569530487e-01
9.006006131877923053e+02 5.149857496565894976e-01 3.185656785007374286e-02 5.410927766861105548e-01
9.006081233885089432e+02 5.409539311281308382e-01 3.185630195449986463e-02 5.410853221565667948e-01
9.006156336518541821e+02 5.503428619980479386e-01 3.185603605827611734e-02 5.410778675683226568e-01
9.006231439778281356e+02 5.024585865567637866e-01 3.185577016140266060e-02 5.410704129213810276e-01
9.006306543664315996e+02 5.401785511496859371e-01 3.185550426387963319e-02 5.410629582157435724e-01
9.006381648176649151e+02 5.588264046295734477e-01 3.185523836570714612e-02 5.410555034514117345e-01
9.006456753315285368e+02 5.029631285831035470e-01 3.185497246688537287e-02 5.410480486283880674e-01
9.006531859080232607e+02 5.449510773290980881e-01 3.185470656741441753e-02 5.410405937466739035e-01
9.006606965471495414e+02 5.592841164342965410e-01 3.185444066729444662e-02 5.410331388062715741e-01
9.006682072489073789e+02 4.679838337464435338e-01 3.185417476652560587e-02 5.410256838071830776e-01
9.006757180132980238e+02 5.050115672695862923e-01 3.185390886510799935e-02 5.410182287494099684e-01
9.006832288403218172e+02 6.008129019512359337e-01 3.185364296304177278e-02 5.410107736329540229e-01
9.006907397299789864e+02 5.444424854899304611e-01 3.185337706032709271e-02 5.410033184578176835e-01
9.006982506822703272e+02 5.392466968881278744e-01 3.185311115696406320e-02 5.409958632240023935e-01
9.007057616971961806e+02 5.288675119028946048e-01 3.185284525295285080e-02 5.409884079315104843e-01
9.007132727747572289e+02 5.455424375812225612e-01 3.185257934829358040e-02 5.409809525803436214e-01
9.007207839149539268e+02 5.313361927129974793e-01 3.185231344298638384e-02 5.409734971705034701e-01
9.007282951177867290e+02 5.942539594360450872e-01 3.185204753703141378e-02 5.409660417019923617e-01
9.007358063832562038e+02 5.529052810161825260e-01 3.185178163042880206e-02 5.409585861748121838e-01
9.007433177113629199e+02 5.677711520079714580e-01 3.185151572317869439e-02 5.409511305889647126e-01
9.007508291021074456e+02 5.056939476520569965e-01 3.185124981528121568e-02 5.409436749444518355e-01
9.007583405554901219e+02 5.450680738142079651e-01 3.185098390673650470e-02 5.409362192412753290e-01
9.007658520715115174e+02 5.398901725969945664e-01 3.185071799754472105e-02 5.409287634794376354e-01
9.007733636501724277e+02 5.898738669576056859e-01 3.185045208770597575e-02 5.409213076589398650e-01
9.007808752914729666e+02 4.996909944427861960e-01 3.185018617722042145e-02 5.409138517797845713e-01
9.007883869954140437e+02 5.646916673259998465e-01 3.184992026608820387e-02 5.409063958419735307e-01
9.007958987619958862e+02 5.640201264249004032e-01 3.184965435430945485e-02 5.408989398455086306e-01
9.008034105912190626e+02 5.196497911454217578e-01 3.184938844188429929e-02 5.408914837903915362e-01
9.008109224830842550e+02 5.287897900460103440e-01 3.184912252881288985e-02 5.408840276766244681e-01
9.008184344375916908e+02 6.001990517071662534e-01 3.184885661509537225e-02 5.408765715042093136e-01
9.008259464547423931e+02 5.952060472477077591e-01 3.184859070073186443e-02 5.408691152731477381e-01
9.008334585345363621e+02 5.192105911093102266e-01 3.184832478572251213e-02 5.408616589834417399e-01
9.008409706769742797e+02 5.418403470042182368e-01 3.184805887006746800e-02 5.408542026350935394e-01
9.008484828820569419e+02 5.082833822443451055e-01 3.184779295376685693e-02 5.408467462281046911e-01
9.008559951497843485e+02 5.399664347654754559e-01 3.184752703682082464e-02 5.408392897624774154e-01
9.008635074801575229e+02 5.430203462353426769e-01 3.184726111922950298e-02 5.408318332382133775e-01
9.008710198731768060e+02 5.447509169523392369e-01 3.184699520099303072e-02 5.408243766553143539e-01
9.008785323288427662e+02 5.738823116268791935e-01 3.184672928211154663e-02 5.408169200137826760e-01
9.008860448471557447e+02 5.349677868961376648e-01 3.184646336258518950e-02 5.408094633136197871e-01
9.008935574281163099e+02 5.318177776636209275e-01 3.184619744241411199e-02 5.408020065548282407e-01
9.009010700717251439e+02 6.024973279635995604e-01 3.184593152159843205e-02 5.407945497374093691e-01
9.009085827779828151e+02 5.218766899061976217e-01 3.184566560013829539e-02 5.407870928613651706e-01
9.009160955468895509e+02 5.120125406574448368e-01 3.184539967803384775e-02 5.407796359266979769e-01
9.009236083784460334e+02 5.821012454642373601e-01 3.184513375528522094e-02 5.407721789334092310e-01
9.009311212726528311e+02 5.132007704158259020e-01 3.184486783189255377e-02 5.407647218815009316e-01
9.009386342295105123e+02 5.711211169098719953e-01 3.184460190785597111e-02 5.407572647709748548e-01
9.009461472490194183e+02 5.656912877636012249e-01 3.184433598317564645e-02 5.407498076018335542e-01
9.009536603311800036e+02 5.666938893958903822e-01 3.184407005785169775e-02 5.407423503740785842e-01
9.009611734759932915e+02 5.318340552014479972e-01 3.184380413188424297e-02 5.407348930877112769e-01
9.009686866834592820e+02 5.136842501832341590e-01 3.184353820527346252e-02 5.407274357427344080e-01
9.009761999535785435e+02 5.077554296980416604e-01 3.184327227801946741e-02 5.407199783391496428e-01
9.009837132863518718e+02 5.297250461482710948e-01 3.184300635012240338e-02 5.407125208769586466e-01
9.009912266817796080e+02 5.435222231145393490e-01 3.184274042158239532e-02 5.407050633561633068e-01
9.009987401398623206e+02 5.627019527355340278e-01 3.184247449239961669e-02 5.406976057767660659e-01
9.010062536606006915e+02 5.115910854245335759e-01 3.184220856257417159e-02 5.406901481387682562e-01
9.010137672439949483e+02 4.843025791433723803e-01 3.184194263210621961e-02 5.406826904421722091e-01
9.010212808900457730e+02 5.077183600802616104e-01 3.184167670099587871e-02 5.406752326869794789e-01
9.010287945987535068e+02 5.093228362009398769e-01 3.184141076924331543e-02 5.406677748731923971e-01
9.010363083701190590e+02 5.301532774651191993e-01 3.184114483684864078e-02 5.406603170008124071e-01
9.010438222041426570e+02 5.650017632413388835e-01 3.184087890381200742e-02 5.406528590698416181e-01
9.010513361008248694e+02 5.214307968314136899e-01 3.184061297013356800e-02 5.406454010802823618e-01
9.010588500601661508e+02 5.548152150490058832e-01 3.184034703581342662e-02 5.406379430321358592e-01
9.010663640821671834e+02 5.008616294658659873e-01 3.184008110085175675e-02 5.406304849254045530e-01
9.010738781668283082e+02 4.913525759135312088e-01 3.183981516524866939e-02 5.406230267600899975e-01
9.010813923141502073e+02 5.308787073228050657e-01 3.183954922900432416e-02 5.406155685361943020e-01
9.010889065241334492e+02 5.397194747665391423e-01 3.183928329211883901e-02 5.406081102537192429e-01
9.010964207967783750e+02 5.022594018166878227e-01 3.183901735459236659e-02 5.406006519126668186e-01
9.011039351320855531e+02 5.770563285350019944e-01 3.183875141642505957e-02 5.405931935130392496e-01
9.011114495300556655e+02 4.836743473569860008e-01 3.183848547761701508e-02 5.405857350548377571e-01
9.011189639906891671e+02 5.396790370260317049e-01 3.183821953816841355e-02 5.405782765380648947e-01
9.011264785139863989e+02 5.328522888142653846e-01 3.183795359807937292e-02 5.405708179627223275e-01
9.011339930999479293e+02 5.367831328510505040e-01 3.183768765735003198e-02 5.405633593288119432e-01
9.011415077485744405e+02 5.787401719338357564e-01 3.183742171598054338e-02 5.405559006363358510e-01
9.011490224598665009e+02 5.792538636054607171e-01 3.183715577397102509e-02 5.405484418852954942e-01
9.011565372338244515e+02 5.734032604343616280e-01 3.183688983132163669e-02 5.405409830756933154e-01
9.011640520704487471e+02 5.371850112726167525e-01 3.183662388803250309e-02 5.405335242075312019e-01
9.011715669697400699e+02 5.337218369624241454e-01 3.183635794410377001e-02 5.405260652808108190e-01
9.011790819316989882e+02 5.376265076346772309e-01 3.183609199953556929e-02 5.405186062955339432e-01
9.011865969563259569e+02 5.308806286688189102e-01 3.183582605432803969e-02 5.405111472517027948e-01
9.011941120436214305e+02 4.928452969977544229e-01 3.183556010848133389e-02 5.405036881493192613e-01
9.012016271935859777e+02 5.514534477170006666e-01 3.183529416199557677e-02 5.404962289883853410e-01
9.012091424062199394e+02 5.274733188030835684e-01 3.183502821487092793e-02 5.404887697689029213e-01
9.012166576815244525e+02 5.741037159976255522e-01 3.183476226710747758e-02 5.404813104908733346e-01
9.012241730194994034e+02 5.331936790374217638e-01 3.183449631870541308e-02 5.404738511542992452e-01
9.012316884201453604e+02 5.467562012729082488e-01 3.183423036966485931e-02 5.404663917591824296e-01
9.012392038834632331e+02 5.626579084210598936e-01 3.183396441998594811e-02 5.404589323055245531e-01
9.012467194094531351e+02 6.185767312105316940e-01 3.183369846966881828e-02 5.404514727933277252e-01
9.012542349981159759e+02 5.199667303187308631e-01 3.183343251871361551e-02 5.404440132225936111e-01
9.012617506494520967e+02 5.628234432898970852e-01 3.183316656712047166e-02 5.404365535933244313e-01
9.012692663634618384e+02 5.470364621645563696e-01 3.183290061488953243e-02 5.404290939055219622e-01
9.012767821401457695e+02 5.440949923954420120e-01 3.183263466202094355e-02 5.404216341591884243e-01
9.012842979795049132e+02 5.247151838648322908e-01 3.183236870851482297e-02 5.404141743543251497e-01
9.012918138815392695e+02 5.251387406599333785e-01 3.183210275437133030e-02 5.404067144909344700e-01
9.012993298462491794e+02 5.314801294762320216e-01 3.183183679959058349e-02 5.403992545690181615e-01
9.013068458736358934e+02 5.295238283859136086e-01 3.183157084417273519e-02 5.403917945885782226e-01
9.013143619636994117e+02 5.492385986067517267e-01 3.183130488811792419e-02 5.403843345496164297e-01
9.013218781164404163e+02 5.411907287022286184e-01 3.183103893142628232e-02 5.403768744521348921e-01
9.013293943318592483e+02 4.914016829992359225e-01 3.183077297409795531e-02 5.403694142961354974e-01
9.013369106099565897e+02 5.412059137038319756e-01 3.183050701613308886e-02 5.403619540816201328e-01
9.013444269507330091e+02 5.134894136875551851e-01 3.183024105753180094e-02 5.403544938085906857e-01
9.013519433541890749e+02 5.838022207730462210e-01 3.182997509829424421e-02 5.403470334770487105e-01
9.013594598203251280e+02 4.841516807405761846e-01 3.182970913842055743e-02 5.403395730869969826e-01
9.013669763491417370e+02 5.278637257712314179e-01 3.182944317791087940e-02 5.403321126384368345e-01
9.013744929406393567e+02 5.260194867968808197e-01 3.182917721676534195e-02 5.403246521313700423e-01
9.013820095948185553e+02 5.221301561315563333e-01 3.182891125498409080e-02 5.403171915657990487e-01
9.013895263116801289e+02 5.244687931961166116e-01 3.182864529256727165e-02 5.403097309417252969e-01
9.013970430912241909e+02 5.148040497535366633e-01 3.182837932951500248e-02 5.403022702591511184e-01
9.014045599334516510e+02 5.051731547949480650e-01 3.182811336582743594e-02 5.402948095180779564e-01
9.014120768383625091e+02 5.526959552605447135e-01 3.182784740150471775e-02 5.402873487185083645e-01
9.014195938059579021e+02 5.744075378722721670e-01 3.182758143654697280e-02 5.402798878604435640e-01
9.014271108362379437e+02 5.719237623307930063e-01 3.182731547095434682e-02 5.402724269438858862e-01
9.014346279292032023e+02 5.316213879685983690e-01 3.182704950472697858e-02 5.402649659688372186e-01
9.014421450848543600e+02 5.633145444183821349e-01 3.182678353786500686e-02 5.402575049352994485e-01
9.014496623031919853e+02 5.309656736317565073e-01 3.182651757036855655e-02 5.402500438432742413e-01
9.014571795842163056e+02 4.881361861992132289e-01 3.182625160223778726e-02 5.402425826927637065e-01
9.014646969279280029e+02 5.155662988435226746e-01 3.182598563347284470e-02 5.402351214837703974e-01
9.014722143343275320e+02 5.212928912713422624e-01 3.182571966407384684e-02 5.402276602162953134e-01
9.014797318034155751e+02 5.251226088822521509e-01 3.182545369404092550e-02 5.402201988903405638e-01
9.014872493351925868e+02 5.716679949563362451e-01 3.182518772337424723e-02 5.402127375059083692e-01
9.014947669296590220e+02 5.337216543833964710e-01 3.182492175207393692e-02 5.402052760630006167e-01
9.015022845868153354e+02 5.493518961544419099e-01 3.182465578014012642e-02 5.401978145616188609e-01
9.015098023066624364e+02 5.504167524628926778e-01 3.182438980757296143e-02 5.401903530017652111e-01
9.015173200892003251e+02 5.156758139558529352e-01 3.182412383437259462e-02 5.401828913834419987e-01
9.015248379344297973e+02 5.550982478124477648e-01 3.182385786053914395e-02 5.401754297066506671e-01
9.015323558423514214e+02 5.749329213852695242e-01 3.182359188607276207e-02 5.401679679713933258e-01
9.015398738129656522e+02 5.650348250786282334e-01 3.182332591097357388e-02 5.401605061776717509e-01
9.015473918462729443e+02 5.123974988618732462e-01 3.182305993524173204e-02 5.401530443254878300e-01
9.015549099422740937e+02 5.956250879935619524e-01 3.182279395887736145e-02 5.401455824148435614e-01
9.015624281009691003e+02 5.404373903945411950e-01 3.182252798188062171e-02 5.401381204457411656e-01
9.015699463223589873e+02 5.139301644635649868e-01 3.182226200425163770e-02 5.401306584181824189e-01
9.015774646064440958e+02 5.302297833191269572e-01 3.182199602599054128e-02 5.401231963321686536e-01
9.015849829532249942e+02 4.841312286153990341e-01 3.182173004709749203e-02 5.401157341877025342e-01
9.015925013627020235e+02 4.983755740964556646e-01 3.182146406757261486e-02 5.401082719847858371e-01
9.016000198348758659e+02 5.346621099268309418e-01 3.182119808741605549e-02 5.401008097234203387e-01
9.016075383697470897e+02 5.576218799686160077e-01 3.182093210662793881e-02 5.400933474036077042e-01
9.016150569673160362e+02 5.280245144792882206e-01 3.182066612520843135e-02 5.400858850253504873e-01
9.016225756275833874e+02 5.476654521254353813e-01 3.182040014315763721e-02 5.400784225886501311e-01
9.016300943505497116e+02 5.524576224240651534e-01 3.182013416047571597e-02 5.400709600935085231e-01
9.016376131362153501e+02 5.726125315031086460e-01 3.181986817716282029e-02 5.400634975399281057e-01
9.016451319845808712e+02 5.735630881953077687e-01 3.181960219321906119e-02 5.400560349279102113e-01
9.016526508956469570e+02 5.327466898781214599e-01 3.181933620864458440e-02 5.400485722574568381e-01
9.016601698694138349e+02 5.442181613129360995e-01 3.181907022343954949e-02 5.400411095285705398e-01
9.016676889058824145e+02 5.655829499901076085e-01 3.181880423760406057e-02 5.400336467412522046e-01
9.016752080050529230e+02 4.935026785583302433e-01 3.181853825113828416e-02 5.400261838955047189e-01
9.016827271669259289e+02 5.691445347373211838e-01 3.181827226404236597e-02 5.400187209913298592e-01
9.016902463915021144e+02 5.147419445523211401e-01 3.181800627631641010e-02 5.400112580287286246e-01
9.016977656787817068e+02 6.088294035503734047e-01 3.181774028796059001e-02 5.400037950077040128e-01
9.017052850287653882e+02 5.555899121190567280e-01 3.181747429897503060e-02 5.399963319282576890e-01
9.017128044414538408e+02 5.439229516951638033e-01 3.181720830935986372e-02 5.399888687903912077e-01
9.017203239168474056e+02 5.079538152097844428e-01 3.181694231911524895e-02 5.399814055941070112e-01
9.017278434549466510e+02 5.005596532852976122e-01 3.181667632824129732e-02 5.399739423394063209e-01
9.017353630557520319e+02 5.967130655156271946e-01 3.181641033673818231e-02 5.399664790262919123e-01
9.017428827192643439e+02 4.955487873374996854e-01 3.181614434460600799e-02 5.399590156547648956e-01
9.017504024454835871e+02 5.523757865899546760e-01 3.181587835184493396e-02 5.399515522248277133e-01
9.017579222344107848e+02 6.063802602159460431e-01 3.181561235845509206e-02 5.399440887364821418e-01
9.017654420860461641e+02 5.252224702161405467e-01 3.181534636443662800e-02 5.399366251897301794e-01
9.017729620003905211e+02 5.148581005495617147e-01 3.181508036978966669e-02 5.399291615845733805e-01
9.017804819774439693e+02 5.719672186371722589e-01 3.181481437451438854e-02 5.399216979210146317e-01
9.017880020172075319e+02 5.299727657936592617e-01 3.181454837861086987e-02 5.399142341990545990e-01
9.017955221196814364e+02 5.947421662640410833e-01 3.181428238207929110e-02 5.399067704186959471e-01
9.018030422848662511e+02 5.577168541230512755e-01 3.181401638491977713e-02 5.398993065799403412e-01
9.018105625127622034e+02 5.517981835384976330e-01 3.181375038713248754e-02 5.398918426827903350e-01
9.018180828033704302e+02 5.108721181544751966e-01 3.181348438871754031e-02 5.398843787272469275e-01
9.018256031566911588e+02 5.448013318473611255e-01 3.181321838967507420e-02 5.398769147133124502e-01
9.018331235727246167e+02 5.579227151361152437e-01 3.181295239000524189e-02 5.398694506409891236e-01
9.018406440514718270e+02 5.463916607533677583e-01 3.181268638970816826e-02 5.398619865102782800e-01
9.018481645929330170e+02 6.011410729095088001e-01 3.181242038878400596e-02 5.398545223211822508e-01
9.018556851971086417e+02 5.343754898114008167e-01 3.181215438723287992e-02 5.398470580737028124e-01
9.018632058639994966e+02 5.173851333867922619e-01 3.181188838505494970e-02 5.398395937678422962e-01
9.018707265936059230e+02 5.184625540698514223e-01 3.181162238225033329e-02 5.398321294036019236e-01
9.018782473859284892e+02 5.099570297949702624e-01 3.181135637881918332e-02 5.398246649809840259e-01
9.018857682409676499e+02 4.851513993848150519e-01 3.181109037476162471e-02 5.398172004999903795e-01
9.018932891587239737e+02 5.972821265771410815e-01 3.181082437007781705e-02 5.398097359606233159e-01
9.019008101391981427e+02 5.355025152315904258e-01 3.181055836476788523e-02 5.398022713628842784e-01
9.019083311823903841e+02 5.248932659982061821e-01 3.181029235883197498e-02 5.397948067067753763e-01
9.019158522883014939e+02 5.575863771453253293e-01 3.181002635227021813e-02 5.397873419922986082e-01
9.019233734569318131e+02 5.194443544993021522e-01 3.180976034508275346e-02 5.397798772194555283e-01
9.019308946882819100e+02 5.368139328177015113e-01 3.180949433726974057e-02 5.397724123882488012e-01
9.019384159823524669e+02 5.267452133875660802e-01 3.180922832883129048e-02 5.397649474986796481e-01
9.019459373391437111e+02 5.072147708223789797e-01 3.180896231976756278e-02 5.397574825507502894e-01
9.019534587586564385e+02 5.110728350600930447e-01 3.180869631007867543e-02 5.397500175444623904e-01
9.019609802408908763e+02 6.025772214042405261e-01 3.180843029976480191e-02 5.397425524798185048e-01
9.019685017858479341e+02 4.864338001333304295e-01 3.180816428882605323e-02 5.397350873568199647e-01
9.019760233935278393e+02 5.042289150630701045e-01 3.180789827726256819e-02 5.397276221754688796e-01
9.019835450639311603e+02 5.839824851023740493e-01 3.180763226507449942e-02 5.397201569357672479e-01
9.019910667970585791e+02 5.174564253835776118e-01 3.180736625226197878e-02 5.397126916377167349e-01
9.019985885929103233e+02 4.876846878514076167e-01 3.180710023882515197e-02 5.397052262813196721e-01
9.020061104514870749e+02 5.365010600188941936e-01 3.180683422476415778e-02 5.396977608665779469e-01
9.020136323727895160e+02 5.349142783552154334e-01 3.180656821007913498e-02 5.396902953934930025e-01
9.020211543568179877e+02 5.367657246382048220e-01 3.180630219477020848e-02 5.396828298620672815e-01
9.020286764035730585e+02 5.264821117509889126e-01 3.180603617883753786e-02 5.396753642723025601e-01
9.020361985130552966e+02 5.225404981191598131e-01 3.180577016228125498e-02 5.396678986242007259e-01
9.020437206852652707e+02 5.693457670320308806e-01 3.180550414510147778e-02 5.396604329177632220e-01
9.020512429202032081e+02 5.732566092086714971e-01 3.180523812729837974e-02 5.396529671529930461e-01
9.020587652178697908e+02 5.276683801604665769e-01 3.180497210887209963e-02 5.396455013298915304e-01
9.020662875782657011e+02 5.518105400841952779e-01 3.180470608982274155e-02 5.396380354484602293e-01
9.020738100013913936e+02 5.776343907104505293e-01 3.180444007015047897e-02 5.396305695087016963e-01
9.020813324872472094e+02 5.686158203500221164e-01 3.180417404985543678e-02 5.396231035106177076e-01
9.020888550358338307e+02 5.206243944537369828e-01 3.180390802893774682e-02 5.396156374542099288e-01
9.020963776471519395e+02 5.277407805708460575e-01 3.180364200739757563e-02 5.396081713394805801e-01
9.021039003212015359e+02 5.187836170430574212e-01 3.180337598523503423e-02 5.396007051664314380e-01
9.021114230579838704e+02 5.522757034829799405e-01 3.180310996245026833e-02 5.395932389350643898e-01
9.021189458574988294e+02 5.107197839656326677e-01 3.180284393904342366e-02 5.395857726453814340e-01
9.021264687197472085e+02 4.982519543991024147e-01 3.180257791501464593e-02 5.395783062973846800e-01
9.021339916447294627e+02 5.230741851315779956e-01 3.180231189036406003e-02 5.395708398910759040e-01
9.021415146324462739e+02 4.760734687503360707e-01 3.180204586509181863e-02 5.395633734264569936e-01
9.021490376828980970e+02 5.446774686803192989e-01 3.180177983919804663e-02 5.395559069035298361e-01
9.021565607960852731e+02 5.252904795181762010e-01 3.180151381268288974e-02 5.395484403222964298e-01
9.021640839720084841e+02 5.041757574853958923e-01 3.180124778554649367e-02 5.395409736827587732e-01
9.021716072106684123e+02 5.179473896839081881e-01 3.180098175778898334e-02 5.395335069849184206e-01
9.021791305120650577e+02 5.077760886522775241e-01 3.180071572941052527e-02 5.395260402287782586e-01
9.021866538761995571e+02 5.057666814053357607e-01 3.180044970041122354e-02 5.395185734143388423e-01
9.021941773030720242e+02 4.840712366190356719e-01 3.180018367079123776e-02 5.395111065416031693e-01
9.022017007926831411e+02 5.521101234090938226e-01 3.179991764055071363e-02 5.395036396105727938e-01
9.022092243450334763e+02 5.892151068788722412e-01 3.179965160968976912e-02 5.394961726212496034e-01
9.022167479601233708e+02 4.935154545044657670e-01 3.179938557820856382e-02 5.394887055736357073e-01
9.022242716379535068e+02 5.339828391874624769e-01 3.179911954610723651e-02 5.394812384677331041e-01
9.022317953785244526e+02 5.213437084768410834e-01 3.179885351338590516e-02 5.394737713035432369e-01
9.022393191818366631e+02 5.291068900733668645e-01 3.179858748004472241e-02 5.394663040810683263e-01
9.022468430478904793e+02 6.040452052211257028e-01 3.179832144608384092e-02 5.394588368003104817e-01
9.022543669766865833e+02 5.267275171977611192e-01 3.179805541150339254e-02 5.394513694612715904e-01
9.022618909682256572e+02 5.288113077532060613e-01 3.179778937630350216e-02 5.394439020639533178e-01
9.022694150225078147e+02 5.293352498901262582e-01 3.179752334048432938e-02 5.394364346083581063e-01
9.022769391395340790e+02 4.691195460488174485e-01 3.179725730404598522e-02 5.394289670944869552e-01
9.022844633193046775e+02 5.128763097059864107e-01 3.179699126698862927e-02 5.394214995223423070e-01
9.022919875618201786e+02 5.898221010003971143e-01 3.179672522931241418e-02 5.394140318919267152e-01
9.022995118670810371e+02 5.616256361607030456e-01 3.179645919101745793e-02 5.394065642032412899e-01
9.023070362350878213e+02 5.430752514888148585e-01 3.179619315210390623e-02 5.393990964562881407e-01
9.023145606658410998e+02 4.966486819959713417e-01 3.179592711257190479e-02 5.393916286510694880e-01
9.023220851593415546e+02 5.551152287470966229e-01 3.179566107242157852e-02 5.393841607875868860e-01
9.023296097155892994e+02 5.641604542399827338e-01 3.179539503165308700e-02 5.393766928658426663e-01
9.023371343345851301e+02 5.518529305043262667e-01 3.179512899026654821e-02 5.393692248858383831e-01
9.023446590163297287e+02 4.891483108718355788e-01 3.179486294826212173e-02 5.393617568475761459e-01
9.023521837608232090e+02 5.517523983185884662e-01 3.179459690563993246e-02 5.393542887510578421e-01
9.023597085680664804e+02 5.862400323375738243e-01 3.179433086240011919e-02 5.393468205962854700e-01
9.023672334380597704e+02 5.520318598287240475e-01 3.179406481854282762e-02 5.393393523832606951e-01
9.023747583708037610e+02 5.879041956697099724e-01 3.179379877406820348e-02 5.393318841119858487e-01
9.023822833662987932e+02 4.635407832091432700e-01 3.179353272897637861e-02 5.393244157824625962e-01
9.023898084245457767e+02 5.214758229758384989e-01 3.179326668326749178e-02 5.393169473946930470e-01
9.023973335455447113e+02 5.422087524883192344e-01 3.179300063694168871e-02 5.393094789486791996e-01
9.024048587292966204e+02 5.675959207687709673e-01 3.179273458999910124e-02 5.393020104444227192e-01
9.024123839758017311e+02 5.717487224856132588e-01 3.179246854243986814e-02 5.392945418819256043e-01
9.024199092850607258e+02 5.404439144483970114e-01 3.179220249426413514e-02 5.392870732611896312e-01
9.024274346570738317e+02 5.353092193695289103e-01 3.179193644547204101e-02 5.392796045822172424e-01
9.024349600918419583e+02 5.327913046793626428e-01 3.179167039606373146e-02 5.392721358450101032e-01
9.024424855893655604e+02 5.967583620771291786e-01 3.179140434603932447e-02 5.392646670495696570e-01
9.024500111496448653e+02 5.209187880634265078e-01 3.179113829539897962e-02 5.392571981958986793e-01
9.024575367726806689e+02 5.110806855854274078e-01 3.179087224414283569e-02 5.392497292839986134e-01
9.024650624584733123e+02 5.390445307559451615e-01 3.179060619227103146e-02 5.392422603138715687e-01
9.024725882070234775e+02 5.410885434324366194e-01 3.179034013978369877e-02 5.392347912855194325e-01
9.024801140183316193e+02 5.161637115247237340e-01 3.179007408668097640e-02 5.392273221989440923e-01
9.024876398923984198e+02 5.356030842059565922e-01 3.178980803296300311e-02 5.392198530541472135e-01
9.024951658292241063e+02 5.620952932577556460e-01 3.178954197862992465e-02 5.392123838511311273e-01
9.025026918288092475e+02 5.230413296771412313e-01 3.178927592368189364e-02 5.392049145898980544e-01
9.025102178911545252e+02 5.176298418537935708e-01 3.178900986811903501e-02 5.391974452704492160e-01
9.025177440162607354e+02 5.526857719739344255e-01 3.178874381194147364e-02 5.391899758927867214e-01
9.025252702041276507e+02 5.362292870917448884e-01 3.178847775514937607e-02 5.391825064569129022e-01
9.025327964547562942e+02 5.758841601863691206e-01 3.178821169774287414e-02 5.391750369628294237e-01
9.025403227681472345e+02 5.430675935013850042e-01 3.178794563972210663e-02 5.391675674105382843e-01
9.025478491443009261e+02 5.193506329291280865e-01 3.178767958108719149e-02 5.391600978000410382e-01
9.025553755832178240e+02 5.034950978849074277e-01 3.178741352183830221e-02 5.391526281313401281e-01
9.025629020848983828e+02 5.514486036006944758e-01 3.178714746197555674e-02 5.391451584044372192e-01
9.025704286493432846e+02 4.926970484889503510e-01 3.178688140149910774e-02 5.391376886193344209e-01
9.025779552765527569e+02 5.901731666875886795e-01 3.178661534040909398e-02 5.391302187760337317e-01
9.025854819665278228e+02 5.164069787078415796e-01 3.178634927870564036e-02 5.391227488745367058e-01
9.025930087192684823e+02 5.907444621416546582e-01 3.178608321638889955e-02 5.391152789148455637e-01
9.026005355347757586e+02 5.430373217658908125e-01 3.178581715345900338e-02 5.391078088969623039e-01
9.026080624130498791e+02 5.510205613648899714e-01 3.178555108991609757e-02 5.391003388208884806e-01
9.026155893540912984e+02 5.170324242543180571e-01 3.178528502576032783e-02 5.390928686866265362e-01
9.026231163579004715e+02 5.085503650251467223e-01 3.178501896099181906e-02 5.390853984941782473e-01
9.026306434244783077e+02 5.051950743127165966e-01 3.178475289561073086e-02 5.390779282435455011e-01
9.026381705538251481e+02 6.032762860051187337e-01 3.178448682961717425e-02 5.390704579347297409e-01
9.026456977459415612e+02 5.295725624400458020e-01 3.178422076301130883e-02 5.390629875677335203e-01
9.026532250008277742e+02 5.202776863419562581e-01 3.178395469579328031e-02 5.390555171425589487e-01
9.026607523184846968e+02 4.854222227326828176e-01 3.178368862796320665e-02 5.390480466592073583e-01
9.026682796989126700e+02 4.865403401810015627e-01 3.178342255952124745e-02 5.390405761176810806e-01
9.026758071421122622e+02 5.544721850035592148e-01 3.178315649046753455e-02 5.390331055179817810e-01
9.026833346480838145e+02 5.257125455699079852e-01 3.178289042080221366e-02 5.390256348601117908e-01
9.026908622168281227e+02 5.791787944171252756e-01 3.178262435052540968e-02 5.390181641440726645e-01
9.026983898483456414e+02 5.095428857421891999e-01 3.178235827963726834e-02 5.390106933698664005e-01
9.027059175426368256e+02 5.598611197979521670e-01 3.178209220813794228e-02 5.390032225374949970e-01
9.027134452997022436e+02 5.726345732149610290e-01 3.178182613602754947e-02 5.389957516469602306e-01
9.027209731195423501e+02 5.179160641388753650e-01 3.178156006330625644e-02 5.389882806982646546e-01
9.027285010021578273e+02 5.604147089152634598e-01 3.178129398997417421e-02 5.389808096914093793e-01
9.027360289475489026e+02 5.870567652632553424e-01 3.178102791603146238e-02 5.389733386263968473e-01
9.027435569557163717e+02 5.411375748450468759e-01 3.178076184147825972e-02 5.389658675032290569e-01
9.027510850266608031e+02 5.287479305407497554e-01 3.178049576631468420e-02 5.389583963219072293e-01
9.027586131603823105e+02 5.112649259371077060e-01 3.178022969054091623e-02 5.389509250824344733e-01
9.027661413568819171e+02 4.507925842518825665e-01 3.177996361415705295e-02 5.389434537848116769e-01
9.027736696161598502e+02 6.045198524913923954e-01 3.177969753716326090e-02 5.389359824290413936e-01
9.027811979382166783e+02 5.155662754099150646e-01 3.177943145955967885e-02 5.389285110151253999e-01
9.027887263230529697e+02 5.581011486397672305e-01 3.177916538134644558e-02 5.389210395430655831e-01
9.027962547706692931e+02 5.124398060420481960e-01 3.177889930252367212e-02 5.389135680128636086e-01
9.028037832810659893e+02 5.034215105447614746e-01 3.177863322309153193e-02 5.389060964245218077e-01
9.028113118542438542e+02 5.391172094525443770e-01 3.177836714305015686e-02 5.388986247780420680e-01
9.028188404902033426e+02 5.860616669649124644e-01 3.177810106239967181e-02 5.388911530734260547e-01
9.028263691889445681e+02 5.178075739859990811e-01 3.177783498114023636e-02 5.388836813106759882e-01
9.028338979504685540e+02 5.461942506615719006e-01 3.177756889927199624e-02 5.388762094897939781e-01
9.028414267747757549e+02 4.913176001930824599e-01 3.177730281679506247e-02 5.388687376107814675e-01
9.028489556618665119e+02 4.975038633007614619e-01 3.177703673370959464e-02 5.388612656736406770e-01
9.028564846117415073e+02 5.411729358106864840e-01 3.177677065001573153e-02 5.388537936783734938e-01
9.028640136244009682e+02 5.803840097728846237e-01 3.177650456571361193e-02 5.388463216249821386e-01
9.028715426998456905e+02 5.847245789780800562e-01 3.177623848080336766e-02 5.388388495134680545e-01
9.028790718380763565e+02 5.316280256975490781e-01 3.177597239528514445e-02 5.388313773438333509e-01
9.028866010390929659e+02 5.308693256770870006e-01 3.177570630915908800e-02 5.388239051160802484e-01
9.028941303028966558e+02 5.410143529001208984e-01 3.177544022242532323e-02 5.388164328302101902e-01
9.029016596294874262e+02 5.879217576326994932e-01 3.177517413508400973e-02 5.388089604862255078e-01
9.029091890188661864e+02 5.367909406927381388e-01 3.177490804713527239e-02 5.388014880841280885e-01
9.029167184710331640e+02 5.420333660164448064e-01 3.177464195857926388e-02 5.387940156239199307e-01
9.029242479859891546e+02 5.240681454721368704e-01 3.177437586941610215e-02 5.387865431056024779e-01
9.029317775637343857e+02 5.638211548038339904e-01 3.177410977964594679e-02 5.387790705291782833e-01
9.029393072042696531e+02 5.079360894544349136e-01 3.177384368926893660e-02 5.387715978946490125e-01
9.029468369075952978e+02 4.240983547546394727e-01 3.177357759828519645e-02 5.387641252020165528e-01
9.029543666737120020e+02 5.491579074377562764e-01 3.177331150669487903e-02 5.387566524512829025e-01
9.029618965026201067e+02 5.450052516248682366e-01 3.177304541449813002e-02 5.387491796424501711e-01
9.029694263943202941e+02 4.903242239699504568e-01 3.177277932169508129e-02 5.387417067755202460e-01
9.029769563488129052e+02 5.349198012978571004e-01 3.177251322828586466e-02 5.387342338504946815e-01
9.029844863660985084e+02 4.884673717852015540e-01 3.177224713427063280e-02 5.387267608673760311e-01
9.029920164461780132e+02 5.269713740685688652e-01 3.177198103964951059e-02 5.387192878261654050e-01
9.029995465890515334e+02 5.326458091426843344e-01 3.177171494442266458e-02 5.387118147268656898e-01
9.030070767947195236e+02 4.926144552889109574e-01 3.177144884859020579e-02 5.387043415694783288e-01
9.030146070631826660e+02 5.095645828371913044e-01 3.177118275215229382e-02 5.386968683540052094e-01
9.030221373944416428e+02 5.209313804182008623e-01 3.177091665510906049e-02 5.386893950804485520e-01
9.030296677884967949e+02 5.570175960839712781e-01 3.177065055746064459e-02 5.386819217488099110e-01
9.030371982453484634e+02 5.449326424492596521e-01 3.177038445920718490e-02 5.386744483590915067e-01
9.030447287649976715e+02 5.458792989021646891e-01 3.177011836034883407e-02 5.386669749112953376e-01
9.030522593474445330e+02 5.381909865500780210e-01 3.176985226088571701e-02 5.386595014054231800e-01
9.030597899926895025e+02 5.040173300125454503e-01 3.176958616081798636e-02 5.386520278414772545e-01
9.030673207007337169e+02 5.736051406509171668e-01 3.176932006014576010e-02 5.386445542194587821e-01
9.030748514715769488e+02 5.543063642759297194e-01 3.176905395886921168e-02 5.386370805393705385e-01
9.030823823052201078e+02 5.788315082722076399e-01 3.176878785698845908e-02 5.386296068012140781e-01
9.030899132016637623e+02 5.591448652018038423e-01 3.176852175450363414e-02 5.386221330049911771e-01
9.030974441609081396e+02 4.846042893719677558e-01 3.176825565141490337e-02 5.386146591507043890e-01
9.031049751829541492e+02 5.616223484226907647e-01 3.176798954772237782e-02 5.386071852383548242e-01
9.031125062678021322e+02 5.430615173109454297e-01 3.176772344342622401e-02 5.385997112679450360e-01
9.031200374154524297e+02 4.739386174101694604e-01 3.176745733852656683e-02 5.385922372394768010e-01
9.031275686259058375e+02 5.622743468143338585e-01 3.176719123302354508e-02 5.385847631529520063e-01
9.031350998991626966e+02 5.399038162842796362e-01 3.176692512691731834e-02 5.385772890083727615e-01
9.031426312352236891e+02 5.339879879110940308e-01 3.176665902020800458e-02 5.385698148057409540e-01
9.031501626340892699e+02 5.576617578466838143e-01 3.176639291289574951e-02 5.385623405450583601e-01
9.031576940957600073e+02 5.254113962305602126e-01 3.176612680498068497e-02 5.385548662263267561e-01
9.031652256202362423e+02 4.829378409880422662e-01 3.176586069646297056e-02 5.385473918495485846e-01
9.031727572075188846e+02 5.869265337706717212e-01 3.176559458734272423e-02 5.385399174147251777e-01
9.031802888576079340e+02 5.235381749053485967e-01 3.176532847762010559e-02 5.385324429218590891e-01
9.031878205705041864e+02 5.038776162756193333e-01 3.176506236729525340e-02 5.385249683709522062e-01
9.031953523462083240e+02 5.198781583501321801e-01 3.176479625636829257e-02 5.385174937620061941e-01
9.032028841847206877e+02 5.647911594424225301e-01 3.176453014483937576e-02 5.385100190950229404e-01
9.032104160860418460e+02 5.121483431517855900e-01 3.176426403270864174e-02 5.385025443700046655e-01
9.032179480501722537e+02 4.713730357556628059e-01 3.176399791997621541e-02 5.384950695869529236e-01
9.032254800771123655e+02 5.408463931197563523e-01 3.176373180664227025e-02 5.384875947458702683e-01
9.032330121668628635e+02 5.571982571775500048e-01 3.176346569270691034e-02 5.384801198467581429e-01
9.032405443194244299e+02 4.964819619983571464e-01 3.176319957817030221e-02 5.384726448896187678e-01
9.032480765347971783e+02 4.481644258806551928e-01 3.176293346303256382e-02 5.384651698744535864e-01
9.032556088129820182e+02 5.223532854173797979e-01 3.176266734729384783e-02 5.384576948012650410e-01
9.032631411539790633e+02 5.213504527938481736e-01 3.176240123095431384e-02 5.384502196700553522e-01
9.032706735577892232e+02 5.440558450341687058e-01 3.176213511401406592e-02 5.384427444808258523e-01
9.032782060244128388e+02 5.493492261411075939e-01 3.176186899647325673e-02 5.384352692335785395e-01
9.032857385538503650e+02 5.103202705931555450e-01 3.176160287833203200e-02 5.384277939283155234e-01
9.032932711461025974e+02 6.047346557918481524e-01 3.176133675959052355e-02 5.384203185650386914e-01
9.033008038011698773e+02 5.283111499987849236e-01 3.176107064024889098e-02 5.384128431437501527e-01
9.033083365190525456e+02 5.426757353315895260e-01 3.176080452030725226e-02 5.384053676644517950e-01
9.033158692997515118e+02 4.915521811314587097e-01 3.176053839976575310e-02 5.383978921271453943e-01
9.033234021432671170e+02 5.611799556739446304e-01 3.176027227862453922e-02 5.383904165318329493e-01
9.033309350495998160e+02 4.900382274626448598e-01 3.176000615688375633e-02 5.383829408785165693e-01
9.033384680187500635e+02 5.787150645788468051e-01 3.175974003454351546e-02 5.383754651671979197e-01
9.033460010507186553e+02 5.489018041878809262e-01 3.175947391160400396e-02 5.383679893978794428e-01
9.033535341455060461e+02 5.270877587417651666e-01 3.175920778806531203e-02 5.383605135705622491e-01
9.033610673031124634e+02 5.700342383626546550e-01 3.175894166392761314e-02 5.383530376852492250e-01
9.033686005235388166e+02 5.608888735791495161e-01 3.175867553919103914e-02 5.383455617419417027e-01
9.033761338067853330e+02 5.195344939451255195e-01 3.175840941385572880e-02 5.383380857406417919e-01
9.033836671528529223e+02 4.852547751213448501e-01 3.175814328792182090e-02 5.383306096813513797e-01
9.033912005617416980e+02 5.167383283092708002e-01 3.175787716138945421e-02 5.383231335640725757e-01
9.033987340334523424e+02 5.728617979487767853e-01 3.175761103425876752e-02 5.383156573888070451e-01
9.034062675679853101e+02 5.265939567213590022e-01 3.175734490652993430e-02 5.383081811555574525e-01
9.034138011653412832e+02 5.405238724985512722e-01 3.175707877820303088e-02 5.383007048643245751e-01
9.034213348255204892e+02 5.249187151570968712e-01 3.175681264927825154e-02 5.382932285151114105e-01
9.034288685485239512e+02 4.826573497960901515e-01 3.175654651975572118e-02 5.382857521079194019e-01
9.034364023343517829e+02 5.603447403082958411e-01 3.175628038963556471e-02 5.382782756427504367e-01
9.034439361830046664e+02 5.502615095415299695e-01 3.175601425891792784e-02 5.382707991196065134e-01
9.034514700944829428e+02 4.920634260600155185e-01 3.175574812760297017e-02 5.382633225384900744e-01
9.034590040687876353e+02 5.092753254988189315e-01 3.175548199569080271e-02 5.382558458994020079e-01
9.034665381059185165e+02 5.628309504461623813e-01 3.175521586318160588e-02 5.382483692023456445e-01
9.034740722058766096e+02 5.662055283917124537e-01 3.175494973007548377e-02 5.382408924473217615e-01
9.034816063686624830e+02 5.358065249133624475e-01 3.175468359637258903e-02 5.382334156343329123e-01
9.034891405942762503e+02 5.177163732356938608e-01 3.175441746207306043e-02 5.382259387633808734e-01
9.034966748827190486e+02 5.203130711025414357e-01 3.175415132717702982e-02 5.382184618344671989e-01
9.035042092339906503e+02 5.381372181320351888e-01 3.175388519168467760e-02 5.382109848475949976e-01
9.035117436480923061e+02 5.275138745270127050e-01 3.175361905559608011e-02 5.382035078027647135e-01
9.035192781250241296e+02 5.347923670715623023e-01 3.175335291891142470e-02 5.381960306999793442e-01
9.035268126647865756e+02 4.899466741243955203e-01 3.175308678163083626e-02 5.381885535392403330e-01
9.035343472673804399e+02 5.696003224348845650e-01 3.175282064375446744e-02 5.381810763205503445e-01
9.035418819328061772e+02 5.390412996448681326e-01 3.175255450528242929e-02 5.381735990439101558e-01
9.035494166610641287e+02 5.135809655318470668e-01 3.175228836621489525e-02 5.381661217093227645e-01
9.035569514521549763e+02 5.226573486145159597e-01 3.175202222655199025e-02 5.381586443167896139e-01
9.035644863060794023e+02 5.531329129027403591e-01 3.175175608629383917e-02 5.381511668663124803e-01
9.035720212228375203e+02 5.378605231954676213e-01 3.175148994544061548e-02 5.381436893578939173e-01
9.035795562024301262e+02 5.362746891977554498e-01 3.175122380399244409e-02 5.381362117915354792e-01
9.035870912448577883e+02 4.850211560742487826e-01 3.175095766194945685e-02 5.381287341672390534e-01
9.035946263501209614e+02 5.688326326013756207e-01 3.175069151931179945e-02 5.381212564850066382e-01
9.036021615182199866e+02 5.440170006981556172e-01 3.175042537607962456e-02 5.381137787448405652e-01
9.036096967491556597e+02 5.080114958032104777e-01 3.175015923225305015e-02 5.381063009467421665e-01
9.036172320429284355e+02 5.347551642708998632e-01 3.174989308783223579e-02 5.380988230907138847e-01
9.036247673995386549e+02 5.482850872905067341e-01 3.174962694281730641e-02 5.380913451767572742e-01
9.036323028189871138e+02 5.703574274766234353e-01 3.174936079720842158e-02 5.380838672048746663e-01
9.036398383012742670e+02 5.631461369818604457e-01 3.174909465100569234e-02 5.380763891750675043e-01
9.036473738464003418e+02 5.396816962478454549e-01 3.174882850420929215e-02 5.380689110873383418e-01
9.036549094543661340e+02 5.542067793549719790e-01 3.174856235681935285e-02 5.380614329416889552e-01
9.036624451251723258e+02 5.842312464182611853e-01 3.174829620883599934e-02 5.380539547381208987e-01
9.036699808588192582e+02 5.822034250190782911e-01 3.174803006025937735e-02 5.380464764766366148e-01
9.036775166553072722e+02 5.627773910486671971e-01 3.174776391108963952e-02 5.380389981572377689e-01
9.036850525146371638e+02 5.591390608517495808e-01 3.174749776132691076e-02 5.380315197799261373e-01
9.036925884368092738e+02 5.040833261402349885e-01 3.174723161097134372e-02 5.380240413447043846e-01
9.037001244218242846e+02 5.450078227425072530e-01 3.174696546002307024e-02 5.380165628515735099e-01
9.037076604696826507e+02 4.956342510119483569e-01 3.174669930848222910e-02 5.380090843005360668e-01
9.037151965803847133e+02 5.631351552442226405e-01 3.174643315634898683e-02 5.380016056915943867e-01
9.037227327539313819e+02 5.782818771811017999e-01 3.174616700362343363e-02 5.379941270247492469e-01
9.037302689903228838e+02 5.467818457055437786e-01 3.174590085030576381e-02 5.379866483000036448e-01
9.037378052895599012e+02 5.568212612843405074e-01 3.174563469639607449e-02 5.379791695173590238e-01
9.037453416516428888e+02 5.357590767792000941e-01 3.174536854189453222e-02 5.379716906768173823e-01
9.037528780765723013e+02 5.641646955382163542e-01 3.174510238680127577e-02 5.379642117783809407e-01
9.037604145643487072e+02 4.943398312856456256e-01 3.174483623111643005e-02 5.379567328220512534e-01
9.037679511149729024e+02 5.508488031567745358e-01 3.174457007484014770e-02 5.379492538078304298e-01
9.037754877284450004e+02 5.149710383768207889e-01 3.174430391797256057e-02 5.379417747357203572e-01
9.037830244047655697e+02 5.074731394002346407e-01 3.174403776051382825e-02 5.379342956057235892e-01
9.037905611439354061e+02 5.230592727511600426e-01 3.174377160246406870e-02 5.379268164178412359e-01
9.037980979459548507e+02 5.046485514850518328e-01 3.174350544382343459e-02 5.379193371720755179e-01
9.038056348108242446e+02 5.081228658955622146e-01 3.174323928459207855e-02 5.379118578684289886e-01
9.038131717385446109e+02 5.160643728025756660e-01 3.174297312477009775e-02 5.379043785069024253e-01
9.038207087291160633e+02 5.147600895661051945e-01 3.174270696435768646e-02 5.378968990874989364e-01
9.038282457825393976e+02 5.369295924197821090e-01 3.174244080335494184e-02 5.378894196102195213e-01
9.038357828988147276e+02 5.438746637131314232e-01 3.174217464176203735e-02 5.378819400750669555e-01
9.038433200779431900e+02 4.880823232423733837e-01 3.174190847957908401e-02 5.378744604820424602e-01
9.038508573199246712e+02 5.758028342442608194e-01 3.174164231680624837e-02 5.378669808311485889e-01
9.038583946247599670e+02 4.835793547518454361e-01 3.174137615344365532e-02 5.378595011223868960e-01
9.038659319924497595e+02 5.255206919912834840e-01 3.174110998949144363e-02 5.378520213557596019e-01
9.038734694229945035e+02 5.197195230670205168e-01 3.174084382494976597e-02 5.378445415312683719e-01
9.038810069163945400e+02 5.296178758363960792e-01 3.174057765981875417e-02 5.378370616489153155e-01
9.038885444726504375e+02 5.656517491354345895e-01 3.174031149409855396e-02 5.378295817087025421e-01
9.038960820917628780e+02 5.731082854048465958e-01 3.174004532778929716e-02 5.378221017106317170e-01
9.039036197737323164e+02 5.497697790461856249e-01 3.173977916089113643e-02 5.378146216547049496e-01
9.039111575185592073e+02 5.468429398843586142e-01 3.173951299340420362e-02 5.378071415409241274e-01
9.039186953262442330e+02 5.200192673873826887e-01 3.173924682532864444e-02 5.377996613692912486e-01
9.039262331967876207e+02 5.634467380749087484e-01 3.173898065666459073e-02 5.377921811398083118e-01
9.039337711301902800e+02 5.089708086373699869e-01 3.173871448741220208e-02 5.377847008524772043e-01
9.039413091264524382e+02 5.055073470900971477e-01 3.173844831757159646e-02 5.377772205072999245e-01
9.039488471855745502e+02 5.676385048029761737e-01 3.173818214714292651e-02 5.377697401042784708e-01
9.039563853075576390e+02 5.253123227479706836e-01 3.173791597612631715e-02 5.377622596434142865e-01
9.039639234924017046e+02 5.114352471016047064e-01 3.173764980452193490e-02 5.377547791247101472e-01
9.039714617401075429e+02 5.077583808979988511e-01 3.173738363232990467e-02 5.377472985481673851e-01
9.039790000506754950e+02 6.070128811719094353e-01 3.173711745955037217e-02 5.377398179137883316e-01
9.039865384241062429e+02 5.085759110718088838e-01 3.173685128618348311e-02 5.377323372215749853e-01
9.039940768604002415e+02 5.524379437984809904e-01 3.173658511222936240e-02 5.377248564715287893e-01
9.040016153595581727e+02 5.328452640209017099e-01 3.173631893768814882e-02 5.377173756636517421e-01
9.040091539215801504e+02 5.899978578574622823e-01 3.173605276256000196e-02 5.377098947979466192e-01
9.040166925464673113e+02 5.450316399597557870e-01 3.173578658684505366e-02 5.377024138744144199e-01
9.040242312342195419e+02 5.025182914168557780e-01 3.173552041054345657e-02 5.376949328930578087e-01
9.040317699848377515e+02 5.363645134223098410e-01 3.173525423365532866e-02 5.376874518538783398e-01
9.040393087983223950e+02 5.889089097996019762e-01 3.173498805618082258e-02 5.376799707568779008e-01
9.040468476746739270e+02 5.902855044717019162e-01 3.173472187812007711e-02 5.376724896020588229e-01
9.040543866138930298e+02 5.318186308311507737e-01 3.173445569947323103e-02 5.376650083894226606e-01
9.040619256159800443e+02 5.496758721921312096e-01 3.173418952024042311e-02 5.376575271189715233e-01
9.040694646809356527e+02 5.184158187673344464e-01 3.173392334042179214e-02 5.376500457907071873e-01
9.040770038087601961e+02 6.096848624885509160e-01 3.173365716001750464e-02 5.376425644046322061e-01
9.040845429994543565e+02 5.314933345173725732e-01 3.173339097902767164e-02 5.376350829607479120e-01
9.040920822530184751e+02 4.994744641771343141e-01 3.173312479745244580e-02 5.376276014590566366e-01
9.040996215694533475e+02 5.249548878376986139e-01 3.173285861529196589e-02 5.376201198995600450e-01
9.041071609487592013e+02 5.014828543218671220e-01 3.173259243254637763e-02 5.376126382822603578e-01
9.041147003909368323e+02 5.483290038436083869e-01 3.173232624921580591e-02 5.376051566071592402e-01
9.041222398959866950e+02 4.789861387644946955e-01 3.173206006530040341e-02 5.375976748742588018e-01
9.041297794639091308e+02 5.513615100050056617e-01 3.173179388080031582e-02 5.375901930835611520e-01
9.041373190947049352e+02 5.577568418665652672e-01 3.173152769571566806e-02 5.375827112350678449e-01
9.041448587883743357e+02 5.097544290817526136e-01 3.173126151004661971e-02 5.375752293287813233e-01
9.041523985449181282e+02 4.942680940942954515e-01 3.173099532379329568e-02 5.375677473647032523e-01
9.041599383643366536e+02 5.777277126310952360e-01 3.173072913695584862e-02 5.375602653428355193e-01
9.041674782466305942e+02 5.217260844863518265e-01 3.173046294953440344e-02 5.375527832631802339e-01
9.041750181918002909e+02 6.087529392605733891e-01 3.173019676152911972e-02 5.375453011257392832e-01
9.041825581998463122e+02 5.099769240292452155e-01 3.172993057294012237e-02 5.375378189305147769e-01
9.041900982707693402e+02 4.645831537973891256e-01 3.172966438376757098e-02 5.375303366775086022e-01
9.041976384045699433e+02 4.778729918573414448e-01 3.172939819401157657e-02 5.375228543667223136e-01
9.042051786012481216e+02 4.868094294492749108e-01 3.172913200367231262e-02 5.375153719981584644e-01
9.042127188608051256e+02 5.122373409742729811e-01 3.172886581274989709e-02 5.375078895718187200e-01
9.042202591832409553e+02 5.929581884970612782e-01 3.172859962124448263e-02 5.375004070877051898e-01
9.042277995685562928e+02 5.697715308318131999e-01 3.172833342915620802e-02 5.374929245458195393e-01
9.042353400167517066e+02 5.264376943702078204e-01 3.172806723648519817e-02 5.374854419461637667e-01
9.042428805278276513e+02 4.971558271138892815e-01 3.172780104323161959e-02 5.374779592887402035e-01
9.042504211017846956e+02 5.758949560593825678e-01 3.172753484939559721e-02 5.374704765735505152e-01
9.042579617386234077e+02 5.332654724143787162e-01 3.172726865497728366e-02 5.374629938005968111e-01
9.042655024383442424e+02 5.237194886039916453e-01 3.172700245997680385e-02 5.374555109698808675e-01
9.042730432009478818e+02 5.267312133526751428e-01 3.172673626439430350e-02 5.374480280814045718e-01
9.042805840264344397e+02 5.372508099002775150e-01 3.172647006822993526e-02 5.374405451351702556e-01
9.042881249148048255e+02 5.425394040540362228e-01 3.172620387148383098e-02 5.374330621311795841e-01
9.042956658660594940e+02 4.794366077183041530e-01 3.172593767415612248e-02 5.374255790694345558e-01
9.043032068801990135e+02 4.729620235294176855e-01 3.172567147624695549e-02 5.374180959499368360e-01
9.043107479572236116e+02 5.389295691474215166e-01 3.172540527775649655e-02 5.374106127726893112e-01
9.043182890971341976e+02 5.409713588978143362e-01 3.172513907868484972e-02 5.374031295376929807e-01
9.043258302999309990e+02 4.482819111003064072e-01 3.172487287903217462e-02 5.373956462449501759e-01
9.043333715656146978e+02 5.325037538841466134e-01 3.172460667879860308e-02 5.373881628944627842e-01
9.043409128941858626e+02 5.792657372982018549e-01 3.172434047798428081e-02 5.373806794862326930e-01
9.043484542856448343e+02 5.200565013683176030e-01 3.172407427658936047e-02 5.373731960202622338e-01
9.043559957399921814e+02 5.306081800310088470e-01 3.172380807461396696e-02 5.373657124965530718e-01
9.043635372572286997e+02 4.940296874958371443e-01 3.172354187205823906e-02 5.373582289151068725e-01
9.043710788373545029e+02 4.942754512078662010e-01 3.172327566892232248e-02 5.373507452759261893e-01
9.043786204803703868e+02 5.639486106896243189e-01 3.172300946520636988e-02 5.373432615790127986e-01
9.043861621862769198e+02 5.610477810864353820e-01 3.172274326091050617e-02 5.373357778243683658e-01
9.043937039550744430e+02 5.146080011696881895e-01 3.172247705603487011e-02 5.373282940119947781e-01
9.044012457867634112e+02 5.009521907849951994e-01 3.172221085057962825e-02 5.373208101418948113e-01
9.044087876813446201e+02 4.592247463466937463e-01 3.172194464454489160e-02 5.373133262140696864e-01
9.044163296388184108e+02 5.272525287421608864e-01 3.172167843793081976e-02 5.373058422285215130e-01
9.044238716591854654e+02 5.208291849480899405e-01 3.172141223073754457e-02 5.372983581852524004e-01
9.044314137424461251e+02 5.713038028307573235e-01 3.172114602296520480e-02 5.372908740842639030e-01
9.044389558886009581e+02 5.359876102505329865e-01 3.172087981461394618e-02 5.372833899255583523e-01
9.044464980976504194e+02 5.335458729481833418e-01 3.172061360568391442e-02 5.372759057091378576e-01
9.044540403695953046e+02 5.704838026781096083e-01 3.172034739617524135e-02 5.372684214350039733e-01
9.044615827044359548e+02 5.101397508040957929e-01 3.172008118608807270e-02 5.372609371031588088e-01
9.044691251021729386e+02 5.555176030136288468e-01 3.171981497542254724e-02 5.372534527136043625e-01
9.044766675628065968e+02 5.621698091734343983e-01 3.171954876417881070e-02 5.372459682663427438e-01
9.044842100863377254e+02 5.223923040475694224e-01 3.171928255235699490e-02 5.372384837613755071e-01
9.044917526727667791e+02 5.601998154326759405e-01 3.171901633995724556e-02 5.372309991987048727e-01
9.044992953220940990e+02 5.685094590729470321e-01 3.171875012697970841e-02 5.372235145783328392e-01
9.045068380343202534e+02 4.979051873974258968e-01 3.171848391342452916e-02 5.372160299002617379e-01
9.045143808094461519e+02 5.103302851156058528e-01 3.171821769929182577e-02 5.372085451644923459e-01
9.045219236474717945e+02 5.645927984974333791e-01 3.171795148458176478e-02 5.372010603710279941e-01
9.045294665483979770e+02 5.089011609179189266e-01 3.171768526929447107e-02 5.371935755198696816e-01
9.045370095122251541e+02 5.643630241727487507e-01 3.171741905343009038e-02 5.371860906110198508e-01
9.045445525389540080e+02 5.686495321981633877e-01 3.171715283698875454e-02 5.371786056444800561e-01
9.045520956285848797e+02 5.080394754694746995e-01 3.171688661997061620e-02 5.371711206202527400e-01
9.045596387811183376e+02 5.558455948658131973e-01 3.171662040237582109e-02 5.371636355383395678e-01
9.045671819965549503e+02 5.836789275509695063e-01 3.171635418420450103e-02 5.371561503987426489e-01
9.045747252748951723e+02 4.793195225060007392e-01 3.171608796545678788e-02 5.371486652014637597e-01
9.045822686161395723e+02 5.269874080504821645e-01 3.171582174613284816e-02 5.371411799465051207e-01
9.045898120202887185e+02 5.423652207253708557e-01 3.171555552623279289e-02 5.371336946338682861e-01
9.045973554873429521e+02 5.219416660798104068e-01 3.171528930575679556e-02 5.371262092635558094e-01
9.046048990173029551e+02 5.294141449580230807e-01 3.171502308470497411e-02 5.371187238355692450e-01
9.046124426101694098e+02 6.084693875717244183e-01 3.171475686307746733e-02 5.371112383499103693e-01
9.046199862659424298e+02 5.082490075504974003e-01 3.171449064087442093e-02 5.371037528065815136e-01
9.046275299846229245e+02 5.795073127220390363e-01 3.171422441809598758e-02 5.370962672055845655e-01
9.046350737662111214e+02 5.323000447261588830e-01 3.171395819474230604e-02 5.370887815469215232e-01
9.046426176107078163e+02 5.461331420797423952e-01 3.171369197081350122e-02 5.370812958305941631e-01
9.046501615181133502e+02 5.371298792317588111e-01 3.171342574630972577e-02 5.370738100566047057e-01
9.046577054884281779e+02 5.685831192236303622e-01 3.171315952123112542e-02 5.370663242249548164e-01
9.046652495216530951e+02 5.357202316976152900e-01 3.171289329557783199e-02 5.370588383356468265e-01
9.046727936177885567e+02 5.219068034390508259e-01 3.171262706934997733e-02 5.370513523886820684e-01
9.046803377768347900e+02 5.301984427655472842e-01 3.171236084254773491e-02 5.370438663840633176e-01
9.046878819987927045e+02 5.497341057898874617e-01 3.171209461517120187e-02 5.370363803217916843e-01
9.046954262836625276e+02 5.223238922948025831e-01 3.171182838722056557e-02 5.370288942018699441e-01
9.047029706314450550e+02 5.499791784232338498e-01 3.171156215869593009e-02 5.370214080242996513e-01
9.047105150421406279e+02 5.659349388847042528e-01 3.171129592959745502e-02 5.370139217890825822e-01
9.047180595157498146e+02 5.352200428448503633e-01 3.171102969992527221e-02 5.370064354962209574e-01
9.047256040522729563e+02 5.335172722806519330e-01 3.171076346967953430e-02 5.369989491457169972e-01
9.047331486517109624e+02 5.390326731368212387e-01 3.171049723886038008e-02 5.369914627375722560e-01
9.047406933140642877e+02 5.635195820716395465e-01 3.171023100746792750e-02 5.369839762717882881e-01
9.047482380393329322e+02 5.716383688363371185e-01 3.170996477550235698e-02 5.369764897483684241e-01
9.047557828275181464e+02 5.942158409395741359e-01 3.170969854296377954e-02 5.369690031673133301e-01
9.047633276786200440e+02 5.721546438453749550e-01 3.170943230985234090e-02 5.369615165286252267e-01
9.047708725926391935e+02 5.645553514339282097e-01 3.170916607616819372e-02 5.369540298323066674e-01
9.047784175695760496e+02 5.160880386529134167e-01 3.170889984191147676e-02 5.369465430783592064e-01
9.047859626094312944e+02 5.354323355453080024e-01 3.170863360708231493e-02 5.369390562667845090e-01
9.047935077122054963e+02 5.459248014444778585e-01 3.170836737168087477e-02 5.369315693975851289e-01
9.048010528778991102e+02 4.855633454051808684e-01 3.170810113570726729e-02 5.369240824707625093e-01
9.048085981065125907e+02 5.323564191300973469e-01 3.170783489916165210e-02 5.369165954863188706e-01
9.048161433980463926e+02 5.569944995407350996e-01 3.170756866204418878e-02 5.369091084442565442e-01
9.048236887525011980e+02 5.349843403914853468e-01 3.170730242435498142e-02 5.369016213445767516e-01
9.048312341698775754e+02 4.572096768811261258e-01 3.170703618609418267e-02 5.368941341872817130e-01
9.048387796501759794e+02 5.683576104636495208e-01 3.170676994726194520e-02 5.368866469723735380e-01
9.048463251933967513e+02 4.729813510177295899e-01 3.170650370785840083e-02 5.368791596998543358e-01
9.048538707995406867e+02 5.820772531356351864e-01 3.170623746788370917e-02 5.368716723697259940e-01
9.048614164686082404e+02 5.390103359653266590e-01 3.170597122733797429e-02 5.368641849819899559e-01
9.048689622005998672e+02 5.263180138905166894e-01 3.170570498622136968e-02 5.368566975366488858e-01
9.048765079955160218e+02 5.896608702178990358e-01 3.170543874453402716e-02 5.368492100337043382e-01
9.048840538533573863e+02 6.281429243308517263e-01 3.170517250227607858e-02 5.368417224731584225e-01
9.048915997741244155e+02 5.341189344699291963e-01 3.170490625944768354e-02 5.368342348550132481e-01
9.048991457578177915e+02 5.659284695050361691e-01 3.170464001604895998e-02 5.368267471792702583e-01
9.049066918044378554e+02 5.424246231336022905e-01 3.170437377208007446e-02 5.368192594459320066e-01
9.049142379139851755e+02 5.272863026567093936e-01 3.170410752754115186e-02 5.368117716550001584e-01
9.049217840864602067e+02 5.257587842040236659e-01 3.170384128243232402e-02 5.368042838064764899e-01
9.049293303218636311e+02 5.318415529984567014e-01 3.170357503675375749e-02 5.367967959003634437e-01
9.049368766201955623e+02 5.350255512537303026e-01 3.170330879050558409e-02 5.367893079366630182e-01
9.049444229814572509e+02 5.446720253876569107e-01 3.170304254368793567e-02 5.367818199153765457e-01
9.049519694056485832e+02 5.534845817177129756e-01 3.170277629630095795e-02 5.367743318365064686e-01
9.049595158927704688e+02 5.220914227420535569e-01 3.170251004834478969e-02 5.367668437000545634e-01
9.049670624428232486e+02 5.101209724707606030e-01 3.170224379981959051e-02 5.367593555060230504e-01
9.049746090558073774e+02 5.787257816064911298e-01 3.170197755072548529e-02 5.367518672544137059e-01
9.049821557317235374e+02 5.638755277448896930e-01 3.170171130106261281e-02 5.367443789452284175e-01
9.049897024705721833e+02 5.574505428957774456e-01 3.170144505083111880e-02 5.367368905784692945e-01
9.049972492723538835e+02 5.090946695429382496e-01 3.170117880003115590e-02 5.367294021541383353e-01
9.050047961370693201e+02 5.125763639553106987e-01 3.170091254866282821e-02 5.367219136722368722e-01
9.050123430647187206e+02 5.027593404539181243e-01 3.170064629672631612e-02 5.367144251327680138e-01
9.050198900553025396e+02 5.540153962033298463e-01 3.170038004422175842e-02 5.367069365357330923e-01
9.050274371088216867e+02 4.932804970571585956e-01 3.170011379114927308e-02 5.366994478811337732e-01
9.050349842252762755e+02 5.395382631592914313e-01 3.169984753750901968e-02 5.366919591689727209e-01
9.050425314046673293e+02 5.569054283093576307e-01 3.169958128330113006e-02 5.366844703992512677e-01
9.050500786469948480e+02 5.672571155912400354e-01 3.169931502852575689e-02 5.366769815719718562e-01
9.050576259522597411e+02 5.261906140394794207e-01 3.169904877318303199e-02 5.366694926871362625e-01
9.050651733204622360e+02 4.892058555489226523e-01 3.169878251727308721e-02 5.366620037447462632e-01
9.050727207516030148e+02 5.107986091754397329e-01 3.169851626079608908e-02 5.366545147448043007e-01
9.050802682456827597e+02 5.092511676697912826e-01 3.169825000375215557e-02 5.366470256873118183e-01
9.050878158027016980e+02 5.290460454020374792e-01 3.169798374614143932e-02 5.366395365722709254e-01
9.050953634226606255e+02 5.742212164117659334e-01 3.169771748796407912e-02 5.366320473996837315e-01
9.051029111055598833e+02 5.103073775578810256e-01 3.169745122922021374e-02 5.366245581695522349e-01
9.051104588513999261e+02 5.563395771747176033e-01 3.169718496990999584e-02 5.366170688818783230e-01
9.051180066601813223e+02 5.393519166764777495e-01 3.169691871003356420e-02 5.366095795366641052e-01
9.051255545319049816e+02 5.451599074416723090e-01 3.169665244959103678e-02 5.366020901339110249e-01
9.051331024665709037e+02 5.464461464571417348e-01 3.169638618858258011e-02 5.365946006736217466e-01
9.051406504641797710e+02 5.439053827861646262e-01 3.169611992700832603e-02 5.365871111557977136e-01
9.051481985247323792e+02 5.392494543419127373e-01 3.169585366486842026e-02 5.365796215804411462e-01
9.051557466482288419e+02 5.142180833524329087e-01 3.169558740216300158e-02 5.365721319475539319e-01
9.051632948346699550e+02 4.893913502791495396e-01 3.169532113889220876e-02 5.365646422571380691e-01
9.051708430840562869e+02 5.459156750241180855e-01 3.169505487505618752e-02 5.365571525091955563e-01
9.051783913963880650e+02 5.494663771820786913e-01 3.169478861065507663e-02 5.365496627037283917e-01
9.051859397716660851e+02 5.530314143162327056e-01 3.169452234568902182e-02 5.365421728407383517e-01
9.051934882098908020e+02 4.751316675002545398e-01 3.169425608015815493e-02 5.365346829202274348e-01
9.052010367110624429e+02 4.854839044294719241e-01 3.169398981406263555e-02 5.365271929421981945e-01
9.052085852751820312e+02 5.077214259287996523e-01 3.169372354740258857e-02 5.365197029066519629e-01
9.052161339022499078e+02 5.719602171524723611e-01 3.169345728017815278e-02 5.365122128135904056e-01
9.052236825922665275e+02 4.712840194223202883e-01 3.169319101238948083e-02 5.365047226630162980e-01
9.052312313452324588e+02 5.226375643199470122e-01 3.169292474403670457e-02 5.364972324549310834e-01
9.052387801611482701e+02 5.762836852511672436e-01 3.169265847511996970e-02 5.364897421893369822e-01
9.052463290400141886e+02 5.229895730319329417e-01 3.169239220563942888e-02 5.364822518662359929e-01
9.052538779818312378e+02 5.849165596410084156e-01 3.169212593559521396e-02 5.364747614856298918e-01
9.052614269865995311e+02 5.297157575623684389e-01 3.169185966498745677e-02 5.364672710475207884e-01
9.052689760543198645e+02 5.249859909503205024e-01 3.169159339381630996e-02 5.364597805519104590e-01
9.052765251849924653e+02 4.807684077738954564e-01 3.169132712208191927e-02 5.364522899988012350e-01
9.052840743786183566e+02 5.004181035299035685e-01 3.169106084978440263e-02 5.364447993881944488e-01
9.052916236351974248e+02 5.425917415543139999e-01 3.169079457692394047e-02 5.364373087200929868e-01
9.052991729547306932e+02 5.204899059039763687e-01 3.169052830350062994e-02 5.364298179944979594e-01
9.053067223372183889e+02 5.171274167471414662e-01 3.169026202951465143e-02 5.364223272114119201e-01
9.053142717826611943e+02 5.734473330905223154e-01 3.168999575496611598e-02 5.364148363708363121e-01
9.053218212910596776e+02 5.454168820680669327e-01 3.168972947985519706e-02 5.364073454727738000e-01
9.053293708624142937e+02 4.941559254050646444e-01 3.168946320418199181e-02 5.363998545172254939e-01
9.053369204967253836e+02 5.838716779742624263e-01 3.168919692794668758e-02 5.363923635041941695e-01
9.053444701939937431e+02 5.334605284683625603e-01 3.168893065114940927e-02 5.363848724336814922e-01
9.053520199542199407e+02 4.922078956226123569e-01 3.168866437379028178e-02 5.363773813056890161e-01
9.053595697774042037e+02 5.327749801964535292e-01 3.168839809586946471e-02 5.363698901202194058e-01
9.053671196635472143e+02 5.675076163454230160e-01 3.168813181738708989e-02 5.363623988772742157e-01
9.053746696126495408e+02 4.876197506800434844e-01 3.168786553834330305e-02 5.363549075768554442e-01
9.053822196247117517e+02 5.069760196876024194e-01 3.168759925873824296e-02 5.363474162189649785e-01
9.053897696997340745e+02 5.554033086114362749e-01 3.168733297857206921e-02 5.363399248036053724e-01
9.053973198377175322e+02 5.341880676930914618e-01 3.168706669784489977e-02 5.363324333307778469e-01
9.054048700386621249e+02 5.112172562361119166e-01 3.168680041655688728e-02 5.363249418004848446e-01
9.054124203025686484e+02 5.479453502980011770e-01 3.168653413470817054e-02 5.363174502127282528e-01
9.054199706294377847e+02 5.323032303950032684e-01 3.168626785229887444e-02 5.363099585675096259e-01
9.054275210192697614e+02 5.293576150860664908e-01 3.168600156932917244e-02 5.363024668648315174e-01
9.054350714720651467e+02 5.400817856229499503e-01 3.168573528579919640e-02 5.362949751046957036e-01
9.054426219878245092e+02 5.352063397459293492e-01 3.168546900170907815e-02 5.362874832871041830e-01
9.054501725665484173e+02 6.165073673194573223e-01 3.168520271705895647e-02 5.362799914120586209e-01
9.054577232082374394e+02 5.557377211261513850e-01 3.168493643184898401e-02 5.362724994795614597e-01
9.054652739128920302e+02 5.734929344035094578e-01 3.168467014607929955e-02 5.362650074896142538e-01
9.054728246805125309e+02 5.970777814695579222e-01 3.168440385975004187e-02 5.362575154422192236e-01
9.054803755110999646e+02 5.406115024651919621e-01 3.168413757286135668e-02 5.362500233373783676e-01
9.054879264046543312e+02 5.521354926161231580e-01 3.168387128541337583e-02 5.362425311750934620e-01
9.054954773611764267e+02 4.846329857956225284e-01 3.168360499740625197e-02 5.362350389553666163e-01
9.055030283806667057e+02 5.756622999816459751e-01 3.168333870884012388e-02 5.362275466781996069e-01
9.055105794631258505e+02 5.485470840694792738e-01 3.168307241971512339e-02 5.362200543435946543e-01
9.055181306085542019e+02 5.324830475427204668e-01 3.168280613003141011e-02 5.362125619515536457e-01
9.055256818169521011e+02 5.283385132011676477e-01 3.168253983978911587e-02 5.362050695020788016e-01
9.055332330883205714e+02 4.798859678597726108e-01 3.168227354898837250e-02 5.361975769951715654e-01
9.055407844226594989e+02 4.981426245454029789e-01 3.168200725762934655e-02 5.361900844308344904e-01
9.055483358199702479e+02 5.811350205878150765e-01 3.168174096571214210e-02 5.361825918090686871e-01
9.055558872802524775e+02 6.002192904379661798e-01 3.168147467323693955e-02 5.361750991298771529e-01
9.055634388035074380e+02 5.323191104672921892e-01 3.168120838020386382e-02 5.361676063932613312e-01
9.055709903897351296e+02 5.446699750234981208e-01 3.168094208661305367e-02 5.361601135992231093e-01
9.055785420389363480e+02 5.391381291229078165e-01 3.168067579246465482e-02 5.361526207477649297e-01
9.055860937511115480e+02 5.407872942198801436e-01 3.168040949775879911e-02 5.361451278388879027e-01
9.055936455262610707e+02 5.344073383427749846e-01 3.168014320249564614e-02 5.361376348725950258e-01
9.056011973643857118e+02 5.827028535201461690e-01 3.167987690667532774e-02 5.361301418488876314e-01
9.056087492654860398e+02 4.875837575293849868e-01 3.167961061029798964e-02 5.361226487677679398e-01
9.056163012295622821e+02 5.660961292298224423e-01 3.167934431336375672e-02 5.361151556292376164e-01
9.056238532566152344e+02 5.491937074849825295e-01 3.167907801587279554e-02 5.361076624332991036e-01
9.056314053466453515e+02 5.645222453177155542e-01 3.167881171782523098e-02 5.361001691799539559e-01
9.056389574996529745e+02 5.434469433134871963e-01 3.167854541922120876e-02 5.360926758692043936e-01
9.056465097156388993e+02 5.125737791767644991e-01 3.167827912006087460e-02 5.360851825010521932e-01
9.056540619946034667e+02 5.278372007862314197e-01 3.167801282034436033e-02 5.360776890754993529e-01
9.056616143365473590e+02 5.691189979280775191e-01 3.167774652007181863e-02 5.360701955925482043e-01
9.056691667414708036e+02 5.053161716214671362e-01 3.167748021924339519e-02 5.360627020522005237e-01
9.056767192093747099e+02 4.918182095947554178e-01 3.167721391785920798e-02 5.360552084544579765e-01
9.056842717402593053e+02 5.573657009330975631e-01 3.167694761591943048e-02 5.360477147993230052e-01
9.056918243341252719e+02 4.886499174731516182e-01 3.167668131342418064e-02 5.360402210867972750e-01
9.056993769909729508e+02 5.052754873546903003e-01 3.167641501037360419e-02 5.360327273168828954e-01
9.057069297108033652e+02 5.226731468198011488e-01 3.167614870676784683e-02 5.360252334895816428e-01
9.057144824936162877e+02 5.286717966051214246e-01 3.167588240260705429e-02 5.360177396048957377e-01
9.057220353394129688e+02 4.931176528529107594e-01 3.167561609789134452e-02 5.360102456628268452e-01
9.057295882481932949e+02 5.214716988845107259e-01 3.167534979262090489e-02 5.360027516633776301e-01
9.057371412199582892e+02 5.395648741756986499e-01 3.167508348679583252e-02 5.359952576065489804e-01
9.057446942547084063e+02 5.341707858499346040e-01 3.167481718041629396e-02 5.359877634923438938e-01
9.057522473524438738e+02 5.444889108299866276e-01 3.167455087348242798e-02 5.359802693207639246e-01
9.057598005131652599e+02 5.185066226137434731e-01 3.167428456599437336e-02 5.359727750918110711e-01
9.057673537368733605e+02 5.386802508212725771e-01 3.167401825795226888e-02 5.359652808054873319e-01
9.057749070235687441e+02 5.315826684417611636e-01 3.167375194935624638e-02 5.359577864617943721e-01
9.057824603732516380e+02 5.389912936615449679e-01 3.167348564020646545e-02 5.359502920607345233e-01
9.057900137859226106e+02 5.770680679308143324e-01 3.167321933050307181e-02 5.359427976023097839e-01
9.057975672615823441e+02 5.108643199087891107e-01 3.167295302024617648e-02 5.359353030865219303e-01
9.058051208002312933e+02 5.474546612818904645e-01 3.167268670943595987e-02 5.359278085133730718e-01
9.058126744018697991e+02 5.170272326509112171e-01 3.167242039807255383e-02 5.359203138828654289e-01
9.058202280664988848e+02 5.024593503275275319e-01 3.167215408615606936e-02 5.359128191950001119e-01
9.058277817941184367e+02 5.145465219715840144e-01 3.167188777368667996e-02 5.359053244497801183e-01
9.058353355847294779e+02 5.268928115100756093e-01 3.167162146066451051e-02 5.358978296472066694e-01
9.058428894383322358e+02 5.285445698200207376e-01 3.167135514708972754e-02 5.358903347872823186e-01
9.058504433549275063e+02 5.097749022156076171e-01 3.167108883296243516e-02 5.358828398700085094e-01
9.058579973345156304e+02 5.527140778872401405e-01 3.167082251828281375e-02 5.358753448953876841e-01
9.058655513770970629e+02 5.724744149850469199e-01 3.167055620305098823e-02 5.358678498634217302e-01
9.058731054826724858e+02 4.844005887699434076e-01 3.167028988726709043e-02 5.358603547741124240e-01
9.058806596512423539e+02 5.538994061327018326e-01 3.167002357093126608e-02 5.358528596274616529e-01
9.058882138828072357e+02 5.337171053069924564e-01 3.166975725404366782e-02 5.358453644234716373e-01
9.058957681773675858e+02 5.894182323281116354e-01 3.166949093660443443e-02 5.358378691621442647e-01
9.059033225349238592e+02 5.191459530420812207e-01 3.166922461861371857e-02 5.358303738434818664e-01
9.059108769554769651e+02 5.704986221603721708e-01 3.166895830007162432e-02 5.358228784674856637e-01
9.059184314390269037e+02 5.201900224553005492e-01 3.166869198097833210e-02 5.358153830341584323e-01
9.059259859855745844e+02 5.441740341298352268e-01 3.166842566133395293e-02 5.358078875435013932e-01
9.059335405951203484e+02 5.595144085959145031e-01 3.166815934113866027e-02 5.358003919955172112e-01
9.059410952676648776e+02 5.196466144742321047e-01 3.166789302039257903e-02 5.357928963902074404e-01
9.059486500032086269e+02 5.347564478534374555e-01 3.166762669909585493e-02 5.357854007275741903e-01
9.059562048017520510e+02 5.245283701211979066e-01 3.166736037724861286e-02 5.357779050076192373e-01
9.059637596632956047e+02 5.677119667360348565e-01 3.166709405485101936e-02 5.357704092303449128e-01
9.059713145878399700e+02 5.153820870162965084e-01 3.166682773190321321e-02 5.357629133957531042e-01
9.059788695753854881e+02 4.970247512677817836e-01 3.166656140840531930e-02 5.357554175038456989e-01
9.059864246259330685e+02 5.083373277117967381e-01 3.166629508435749030e-02 5.357479215546245843e-01
9.059939797394828247e+02 5.765571183705365810e-01 3.166602875975988579e-02 5.357404255480920918e-01
9.060015349160354390e+02 5.268220756372395952e-01 3.166576243461260987e-02 5.357329294842496648e-01
9.060090901555915934e+02 5.333419531610249509e-01 3.166549610891582212e-02 5.357254333630995236e-01
9.060166454581515154e+02 5.724562870040550422e-01 3.166522978266967520e-02 5.357179371846438887e-01
9.060242008237160007e+02 5.971765839794845876e-01 3.166496345587428707e-02 5.357104409488843144e-01
9.060317562522853905e+02 5.188974958064466181e-01 3.166469712852983120e-02 5.357029446558232433e-01
9.060393117438603667e+02 5.849359047424257385e-01 3.166443080063642557e-02 5.356954483054623406e-01
9.060468672984411569e+02 5.453399026390149951e-01 3.166416447219422281e-02 5.356879518978037158e-01
9.060544229160286704e+02 5.534957964462579039e-01 3.166389814320336171e-02 5.356804554328491452e-01
9.060619785966230211e+02 5.019095055271696193e-01 3.166363181366398105e-02 5.356729589106009604e-01
9.060695343402252320e+02 5.901792957271436713e-01 3.166336548357623348e-02 5.356654623310609376e-01
9.060770901468354168e+02 4.366223510854427836e-01 3.166309915294023697e-02 5.356579656942306311e-01
9.060846460164543714e+02 5.358537203608662036e-01 3.166283282175615110e-02 5.356504690001127056e-01
9.060922019490824368e+02 5.655209280797625082e-01 3.166256649002412854e-02 5.356429722487089373e-01
9.060997579447201815e+02 5.216061384516156307e-01 3.166230015774429418e-02 5.356354754400212137e-01
9.061073140033681739e+02 4.968991108640216647e-01 3.166203382491678681e-02 5.356279785740515331e-01
9.061148701250267550e+02 5.008364842449245513e-01 3.166176749154176601e-02 5.356204816508020050e-01
9.061224263096967206e+02 5.014562371587814038e-01 3.166150115761937056e-02 5.356129846702744057e-01
9.061299825573784119e+02 5.412958010636226280e-01 3.166123482314971843e-02 5.356054876324708447e-01
9.061375388680726246e+02 5.239170592544692973e-01 3.166096848813297615e-02 5.355979905373929872e-01
9.061450952417795861e+02 5.782907905772727286e-01 3.166070215256927556e-02 5.355904933850432759e-01
9.061526516784998648e+02 5.350173277439871367e-01 3.166043581645876237e-02 5.355829961754234869e-01
9.061602081782340292e+02 5.627890244323091595e-01 3.166016947980158230e-02 5.355754989085356188e-01
9.061677647409827614e+02 5.477663502341497681e-01 3.165990314259786720e-02 5.355680015843815589e-01
9.061753213667462887e+02 5.616996812923724658e-01 3.165963680484776277e-02 5.355605042029634166e-01
9.061828780555254070e+02 5.005020785383548221e-01 3.165937046655142167e-02 5.355530067642831904e-01
9.061904348073205711e+02 5.206013043849863076e-01 3.165910412770896881e-02 5.355455092683426566e-01
9.061979916221320082e+02 4.854974020615002717e-01 3.165883778832055684e-02 5.355380117151440356e-01
9.062055484999607415e+02 5.856143435370149142e-01 3.165857144838632453e-02 5.355305141046892148e-01
9.062131054408069986e+02 4.986671692804042766e-01 3.165830510790642455e-02 5.355230164369801926e-01
9.062206624446713477e+02 5.124373941573731051e-01 3.165803876688096791e-02 5.355155187120186344e-01
9.062282195115543573e+02 5.401669481873736522e-01 3.165777242531012808e-02 5.355080209298070937e-01
9.062357766414563685e+02 5.705488116062559234e-01 3.165750608319404386e-02 5.355005230903472357e-01
9.062433338343782907e+02 5.689893094304095955e-01 3.165723974053284012e-02 5.354930251936409480e-01
9.062508910903201240e+02 5.045467459996673121e-01 3.165697339732668342e-02 5.354855272396907839e-01
9.062584484092828916e+02 4.965305254029719895e-01 3.165670705357568476e-02 5.354780292284977428e-01
9.062660057912669345e+02 5.619514216056064049e-01 3.165644070928001069e-02 5.354705311600644890e-01
9.062735632362727074e+02 5.700915982157390705e-01 3.165617436443979305e-02 5.354630330343929101e-01
9.062811207443007788e+02 5.549856720681064504e-01 3.165590801905517060e-02 5.354555348514847823e-01
9.062886783153517172e+02 4.856272660218974302e-01 3.165564167312629601e-02 5.354480366113424372e-01
9.062962359494258635e+02 5.134598985492982992e-01 3.165537532665330805e-02 5.354405383139676511e-01
9.063037936465240136e+02 5.004591147002294127e-01 3.165510897963633857e-02 5.354330399593620893e-01
9.063113514066467360e+02 4.833125913191665957e-01 3.165484263207554716e-02 5.354255415475284163e-01
9.063189092297942580e+02 5.503962579469869887e-01 3.165457628397106565e-02 5.354180430784679645e-01
9.063264671159671479e+02 5.371804827708674956e-01 3.165430993532303283e-02 5.354105445521832873e-01
9.063340250651660881e+02 5.438984504008735898e-01 3.165404358613160135e-02 5.354030459686759391e-01
9.063415830773915332e+02 5.205552417692914657e-01 3.165377723639690305e-02 5.353955473279480293e-01
9.063491411526440515e+02 5.532261065508560227e-01 3.165351088611907671e-02 5.353880486300014452e-01
9.063566992909239843e+02 5.465886630710141691e-01 3.165324453529828885e-02 5.353805498748387404e-01
9.063642574922322410e+02 5.851756516291825028e-01 3.165297818393465051e-02 5.353730510624610250e-01
9.063718157565690490e+02 6.012383577051926276e-01 3.165271183202831434e-02 5.353655521928705197e-01
9.063793740839348629e+02 4.826008699273338642e-01 3.165244547957943300e-02 5.353580532660696667e-01
9.063869324743303650e+02 5.091516752540019564e-01 3.165217912658814525e-02 5.353505542820603536e-01
9.063944909277563511e+02 5.877082549290214564e-01 3.165191277305457601e-02 5.353430552408438015e-01
9.064020494442127074e+02 5.718904497323447078e-01 3.165164641897889181e-02 5.353355561424230080e-01
9.064096080237004571e+02 5.647937800970317390e-01 3.165138006436122448e-02 5.353280569867994165e-01
9.064171666662199414e+02 5.706817768296921223e-01 3.165111370920171280e-02 5.353205577739750254e-01
9.064247253717717285e+02 5.382683157488992176e-01 3.165084735350050249e-02 5.353130585039519440e-01
9.064322841403563871e+02 4.916766314892927481e-01 3.165058099725773233e-02 5.353055591767321708e-01
9.064398429719742580e+02 5.201284566190866876e-01 3.165031464047354803e-02 5.352980597923175932e-01
9.064474018666260235e+02 5.471032075748077927e-01 3.165004828314809532e-02 5.352905603507102095e-01
9.064549608243124794e+02 5.261783488899146599e-01 3.164978192528149215e-02 5.352830608519116851e-01
9.064625198450333983e+02 5.286598151954582381e-01 3.164951556687391893e-02 5.352755612959247955e-01
9.064700789287901443e+02 4.830436505194793950e-01 3.164924920792549362e-02 5.352680616827507620e-01
9.064776380755826040e+02 5.143965771740167670e-01 3.164898284843636195e-02 5.352605620123921382e-01
9.064851972854116866e+02 5.156218843558668663e-01 3.164871648840666962e-02 5.352530622848504782e-01
9.064927565582777333e+02 5.619318198618029614e-01 3.164845012783656236e-02 5.352455625001282247e-01
9.065003158941814263e+02 5.415959122737491471e-01 3.164818376672616507e-02 5.352380626582265988e-01
9.065078752931229928e+02 5.374902559091251364e-01 3.164791740507564427e-02 5.352305627591482651e-01
9.065154347551034562e+02 5.070988573716359582e-01 3.164765104288511793e-02 5.352230628028948889e-01
9.065229942801228162e+02 5.146526855131289269e-01 3.164738468015474565e-02 5.352155627894685797e-01
9.065305538681819826e+02 5.558278995580480109e-01 3.164711831688466620e-02 5.352080627188715578e-01
9.065381135192812962e+02 5.704725019702311384e-01 3.164685195307501142e-02 5.352005625911051556e-01
9.065456732334210983e+02 5.016073421681479516e-01 3.164658558872594091e-02 5.351930624061720376e-01
9.065532330106024119e+02 5.027526443276491008e-01 3.164631922383757956e-02 5.351855621640737581e-01
9.065607928508253508e+02 5.013020762886538639e-01 3.164605285841008003e-02 5.351780618648124266e-01
9.065683527540905970e+02 5.358996833334297438e-01 3.164578649244359498e-02 5.351705615083902634e-01
9.065759127203986054e+02 5.345221126807290224e-01 3.164552012593824237e-02 5.351630610948089339e-01
9.065834727497500580e+02 5.366924459025550487e-01 3.164525375889416792e-02 5.351555606240704366e-01
9.065910328421451823e+02 5.791106174466250645e-01 3.164498739131153815e-02 5.351480600961769918e-01
9.065985929975848876e+02 5.368325430338876103e-01 3.164472102319047103e-02 5.351405595111302649e-01
9.066061532160692877e+02 5.277735764532618390e-01 3.164445465453111922e-02 5.351330588689325873e-01
9.066137134975994059e+02 4.673797664857644030e-01 3.164418828533361455e-02 5.351255581695856245e-01
9.066212738421753556e+02 5.623179943733636055e-01 3.164392191559811662e-02 5.351180574130914858e-01
9.066288342497977055e+02 5.099213267839040054e-01 3.164365554532475033e-02 5.351105565994522806e-01
9.066363947204672513e+02 5.372692010797125439e-01 3.164338917451366834e-02 5.351030557286696743e-01
9.066439552541841067e+02 5.419061514547356406e-01 3.164312280316500942e-02 5.350955548007461093e-01
9.066515158509491812e+02 5.674333673385920651e-01 3.164285643127892622e-02 5.350880538156833621e-01
9.066590765107628158e+02 5.889924355517563992e-01 3.164259005885554366e-02 5.350805527734833200e-01
9.066666372336255790e+02 4.977680281476819513e-01 3.164232368589500743e-02 5.350730516741477594e-01
9.066741980195379256e+02 5.602477802206821123e-01 3.164205731239747715e-02 5.350655505176793447e-01
9.066817588685004239e+02 5.435076489220520557e-01 3.164179093836307077e-02 5.350580493040795194e-01
9.066893197805137561e+02 4.973670535119529834e-01 3.164152456379194095e-02 5.350505480333500596e-01
9.066968807555781495e+02 5.172727984630925979e-01 3.164125818868424034e-02 5.350430467054939632e-01
9.067044417936944001e+02 4.931665671533965734e-01 3.164099181304010078e-02 5.350355453205121181e-01
9.067120028948629624e+02 5.602571936767337668e-01 3.164072543685965411e-02 5.350280438784069670e-01
9.067195640590842913e+02 5.156948603496396277e-01 3.164045906014305992e-02 5.350205423791803971e-01
9.067271252863588415e+02 5.250428039850830730e-01 3.164019268289046394e-02 5.350130408228347401e-01
9.067346865766872952e+02 5.635444472247714831e-01 3.163992630510199106e-02 5.350055392093715501e-01
9.067422479300701070e+02 5.575141195254189608e-01 3.163965992677780087e-02 5.349980375387930476e-01
9.067498093465078455e+02 5.302688654438463267e-01 3.163939354791800440e-02 5.349905358111008979e-01
9.067573708260009653e+02 5.685488274455534619e-01 3.163912716852279594e-02 5.349830340262978767e-01
9.067649323685501486e+02 5.513058766293431612e-01 3.163886078859227263e-02 5.349755321843849831e-01
9.067724939741556227e+02 5.512570123003416311e-01 3.163859440812659407e-02 5.349680302853647706e-01
9.067800556428181835e+02 5.247913556601726537e-01 3.163832802712589903e-02 5.349605283292391267e-01
9.067876173745383994e+02 5.490249093494981025e-01 3.163806164559034018e-02 5.349530263160100496e-01
9.067951791693164978e+02 4.872700876000407577e-01 3.163779526352004934e-02 5.349455242456795379e-01
9.068027410271532744e+02 5.475153005226798264e-01 3.163752888091515836e-02 5.349380221182493678e-01
9.068103029480490704e+02 4.507643316227825103e-01 3.163726249777583377e-02 5.349305199337217598e-01
9.068178649320046816e+02 5.456297316723835999e-01 3.163699611410220047e-02 5.349230176920987123e-01
9.068254269790203352e+02 5.056821664573503128e-01 3.163672972989441806e-02 5.349155153933822238e-01
9.068329890890965999e+02 5.618108133919909042e-01 3.163646334515259756e-02 5.349080130375737374e-01
9.068405512622341575e+02 4.945571864437341980e-01 3.163619695987691938e-02 5.349005106246762509e-01
9.068481134984333494e+02 5.184531384223498574e-01 3.163593057406751535e-02 5.348930081546910964e-01
9.068556757976949712e+02 5.694513453337304298e-01 3.163566418772449651e-02 5.348855056276200504e-01
9.068632381600192502e+02 5.241652865464982991e-01 3.163539780084804326e-02 5.348780030434657773e-01
9.068708005854069825e+02 5.641150709553680587e-01 3.163513141343827356e-02 5.348705004022296094e-01
9.068783630738585089e+02 4.602376136351572500e-01 3.163486502549534701e-02 5.348629977039138783e-01
9.068859256253742842e+02 5.131916071677766755e-01 3.163459863701940933e-02 5.348554949485206933e-01
9.068934882399551043e+02 5.061973582983726461e-01 3.163433224801057153e-02 5.348479921360516087e-01
9.069010509176011965e+02 6.123348999010279625e-01 3.163406585846901403e-02 5.348404892665092891e-01
9.069086136583132429e+02 5.160347028533358582e-01 3.163379946839486173e-02 5.348329863398950668e-01
9.069161764620919257e+02 5.746769572457869346e-01 3.163353307778824647e-02 5.348254833562110511e-01
9.069237393289372449e+02 5.102162579919037322e-01 3.163326668664934171e-02 5.348179803154596845e-01
9.069313022588503372e+02 5.080214003229472919e-01 3.163300029497825155e-02 5.348104772176422994e-01
9.069388652518314302e+02 5.170242788480400309e-01 3.163273390277514252e-02 5.348029740627614492e-01
9.069464283078813196e+02 6.152014464267877569e-01 3.163246751004015339e-02 5.347954708508186883e-01
9.069539914270001191e+02 5.365204344129959058e-01 3.163220111677341601e-02 5.347879675818161260e-01
9.069615546091883971e+02 5.408264130126830826e-01 3.163193472297508996e-02 5.347804642557559829e-01
9.069691178544470631e+02 5.090491053131973587e-01 3.163166832864530709e-02 5.347729608726401462e-01
9.069766811627763445e+02 4.857124630457645975e-01 3.163140193378421311e-02 5.347654574324703924e-01
9.069842445341766961e+02 5.244522635849980796e-01 3.163113553839196068e-02 5.347579539352491640e-01
9.069918079686490273e+02 5.915154476696794505e-01 3.163086914246866083e-02 5.347504503809776821e-01
9.069993714661933382e+02 5.092182941213069247e-01 3.163060274601449395e-02 5.347429467696589445e-01
9.070069350268105381e+02 5.445422540641188247e-01 3.163033634902957802e-02 5.347354431012940612e-01
9.070144986505010820e+02 5.456653800723724190e-01 3.163006995151405182e-02 5.347279393758853638e-01
9.070220623372654245e+02 5.403109180840178771e-01 3.162980355346808187e-02 5.347204355934348508e-01
9.070296260871042477e+02 4.883434509043280691e-01 3.162953715489178613e-02 5.347129317539445204e-01
9.070371899000178928e+02 4.858160331438133306e-01 3.162927075578531727e-02 5.347054278574161490e-01
9.070447537760068144e+02 5.449598974360267967e-01 3.162900435614883488e-02 5.346979239038522902e-01
9.070523177150716947e+02 5.710258283925444545e-01 3.162873795598245691e-02 5.346904198932544983e-01
9.070598817172131021e+02 5.372088654006496045e-01 3.162847155528633603e-02 5.346829158256247716e-01
9.070674457824314914e+02 4.978045329227069882e-01 3.162820515406061100e-02 5.346754117009651086e-01
9.070750099107274309e+02 5.295410632692182373e-01 3.162793875230542062e-02 5.346679075192775077e-01
9.070825741021014892e+02 5.937369901015139284e-01 3.162767235002091060e-02 5.346604032805639672e-01
9.070901383565538936e+02 4.972522134507725289e-01 3.162740594720724052e-02 5.346528989848267077e-01
9.070977026740854399e+02 5.709756600934028370e-01 3.162713954386452836e-02 5.346453946320675055e-01
9.071052670546966965e+02 5.781373212801808048e-01 3.162687313999292676e-02 5.346378902222882479e-01
9.071128314983881182e+02 5.339205895636063293e-01 3.162660673559257452e-02 5.346303857554909333e-01
9.071203960051601598e+02 5.534013507582673519e-01 3.162634033066362427e-02 5.346228812316777823e-01
9.071279605750135033e+02 5.589955684987580886e-01 3.162607392520620786e-02 5.346153766508505711e-01
9.071355252079482625e+02 5.507424031048331337e-01 3.162580751922048489e-02 5.346078720130118533e-01
9.071430899039654605e+02 5.398343836644263760e-01 3.162554111270656637e-02 5.346003673181626281e-01
9.071506546630656658e+02 5.371908955774503669e-01 3.162527470566461885e-02 5.345928625663053380e-01
9.071582194852488783e+02 5.350508236076401136e-01 3.162500829809478803e-02 5.345853577574425364e-01
9.071657843705158939e+02 5.151211770513504096e-01 3.162474188999719882e-02 5.345778528915755556e-01
9.071733493188675084e+02 5.653856102831312791e-01 3.162447548137199693e-02 5.345703479687060611e-01
9.071809143303037217e+02 5.757432880065312952e-01 3.162420907221934196e-02 5.345628429888371613e-01
9.071884794048255571e+02 5.260440436532399788e-01 3.162394266253935882e-02 5.345553379519698556e-01
9.071960445424331283e+02 4.770448622698388874e-01 3.162367625233220708e-02 5.345478328581068084e-01
9.072036097431274584e+02 5.351069399062470255e-01 3.162340984159800472e-02 5.345403277072493520e-01
9.072111750069084337e+02 5.770985663788268383e-01 3.162314343033692521e-02 5.345328224994002619e-01
9.072187403337769638e+02 5.526243711268292724e-01 3.162287701854908650e-02 5.345253172345609816e-01
9.072263057237337307e+02 5.462987954636001620e-01 3.162261060623463432e-02 5.345178119127332872e-01
9.072338711767789619e+02 5.616824254202636979e-01 3.162234419339371438e-02 5.345103065339197324e-01
9.072414366929133394e+02 5.403021053140417695e-01 3.162207778002647240e-02 5.345028010981218713e-01
9.072490022721372043e+02 5.440979725418739754e-01 3.162181136613306104e-02 5.344952956053423687e-01
9.072565679144512387e+02 5.821027040026259813e-01 3.162154495171360519e-02 5.344877900555824457e-01
9.072641336198560111e+02 5.352796569883863098e-01 3.162127853676823669e-02 5.344802844488441007e-01
9.072716993883518626e+02 5.082406778884884790e-01 3.162101212129713596e-02 5.344727787851301093e-01
9.072792652199395889e+02 5.475544895120766364e-01 3.162074570530041401e-02 5.344652730644418037e-01
9.072868311146195310e+02 5.381026346067556698e-01 3.162047928877823044e-02 5.344577672867814044e-01
9.072943970723921439e+02 5.087536349256492896e-01 3.162021287173072404e-02 5.344502614521509098e-01
9.073019630932579958e+02 5.279633236168290722e-01 3.161994645415802663e-02 5.344427555605520963e-01
9.073095291772177688e+02 5.163718999342888916e-01 3.161968003606030475e-02 5.344352496119874063e-01
9.073170953242720316e+02 5.110253300170390922e-01 3.161941361743766249e-02 5.344277436064580611e-01
9.073246615344210113e+02 5.359805986430805635e-01 3.161914719829028025e-02 5.344202375439668362e-01
9.073322278076653902e+02 4.405208168049125073e-01 3.161888077861828295e-02 5.344127314245152860e-01
9.073397941440056229e+02 5.455917576621632792e-01 3.161861435842181628e-02 5.344052252481057419e-01
9.073473605434425053e+02 5.039341848729699258e-01 3.161834793770101903e-02 5.343977190147397582e-01
9.073549270059761511e+02 5.693841376691227696e-01 3.161808151645604387e-02 5.343902127244196665e-01
9.073624935316074698e+02 5.550789724229876487e-01 3.161781509468702261e-02 5.343827063771472430e-01
9.073700601203368024e+02 5.028595909385467078e-01 3.161754867239410793e-02 5.343751999729248192e-01
9.073776267721647173e+02 5.706923808332257098e-01 3.161728224957743166e-02 5.343676935117539495e-01
9.073851934870915557e+02 5.040812502555969132e-01 3.161701582623714646e-02 5.343601869936370763e-01
9.073927602651181132e+02 5.718826822795253229e-01 3.161674940237339110e-02 5.343526804185758650e-01
9.074003271062448448e+02 5.426021205476846410e-01 3.161648297798629742e-02 5.343451737865722029e-01
9.074078940104722051e+02 5.629173174933851387e-01 3.161621655307602502e-02 5.343376670976284215e-01
9.074154609778007625e+02 5.081600880712165980e-01 3.161595012764271267e-02 5.343301603517464082e-01
9.074230280082309719e+02 5.603259197139078829e-01 3.161568370168649916e-02 5.343226535489280504e-01
9.074305951017634015e+02 5.519987534271442176e-01 3.161541727520753714e-02 5.343151466891755685e-01
9.074381622583987337e+02 5.381014126036162137e-01 3.161515084820593763e-02 5.343076397724904059e-01
9.074457294781373093e+02 5.163356673388094231e-01 3.161488442068188104e-02 5.343001327988752269e-01
9.074532967609796970e+02 6.333183435546906326e-01 3.161461799263550615e-02 5.342926257683319191e-01
9.074608641069263513e+02 6.078900242755279626e-01 3.161435156406693092e-02 5.342851186808621478e-01
9.074684315159779544e+02 5.447427195171209435e-01 3.161408513497631495e-02 5.342776115364679113e-01
9.074759989881350748e+02 4.955042408851455527e-01 3.161381870536379007e-02 5.342701043351513190e-01
9.074835665233978261e+02 5.364195891492490320e-01 3.161355227522952283e-02 5.342625970769148136e-01
9.074911341217672316e+02 5.313283968323118112e-01 3.161328584457363117e-02 5.342550897617597272e-01
9.074987017832436322e+02 5.388077883275150803e-01 3.161301941339627469e-02 5.342475823896883913e-01
9.075062695078274828e+02 5.502660699192608584e-01 3.161275298169757830e-02 5.342400749607025823e-01
9.075138372955193518e+02 5.024072222295501433e-01 3.161248654947769465e-02 5.342325674748044095e-01
9.075214051463198075e+02 5.438019481157879698e-01 3.161222011673676252e-02 5.342250599319957605e-01
9.075289730602293048e+02 5.469449144644294991e-01 3.161195368347494844e-02 5.342175523322791886e-01
9.075365410372484121e+02 5.180323897473070316e-01 3.161168724969235649e-02 5.342100446756559151e-01
9.075441090773778114e+02 4.689584020222765659e-01 3.161142081538915322e-02 5.342025369621283826e-01
9.075516771806177303e+02 5.451194223306881081e-01 3.161115438056547738e-02 5.341950291916983673e-01
9.075592453469687371e+02 5.475137985722681178e-01 3.161088794522147472e-02 5.341875213643680897e-01
9.075668135764316276e+02 5.241267501150704833e-01 3.161062150935728399e-02 5.341800134801394373e-01
9.075743818690066291e+02 5.205420724578707636e-01 3.161035507297304398e-02 5.341725055390142973e-01
9.075819502246944239e+02 5.173395023772423551e-01 3.161008863606890734e-02 5.341649975409948903e-01
9.075895186434956941e+02 5.089319834861775194e-01 3.160982219864500592e-02 5.341574894860829925e-01
9.075970871254104395e+02 5.438184316723045919e-01 3.160955576070149237e-02 5.341499813742809355e-01
9.076046556704397972e+02 5.109088239319456992e-01 3.160928932223849852e-02 5.341424732055900515e-01
9.076122242785839944e+02 4.781723946824264493e-01 3.160902288325617010e-02 5.341349649800128940e-01
9.076197929498434860e+02 4.837120030783392255e-01 3.160875644375466670e-02 5.341274566975513505e-01
9.076273616842191814e+02 4.639773134230703033e-01 3.160849000373409934e-02 5.341199483582071972e-01
9.076349304817109669e+02 5.426976806696970357e-01 3.160822356319464843e-02 5.341124399619830987e-01
9.076424993423199794e+02 5.449808722588677101e-01 3.160795712213642500e-02 5.341049315088801652e-01
9.076500682660463326e+02 5.731804287039042878e-01 3.160769068055959558e-02 5.340974229989010613e-01
9.076576372528908223e+02 5.211660461445007941e-01 3.160742423846428506e-02 5.340899144320473413e-01
9.076652063028539033e+02 5.493040385658437552e-01 3.160715779585063223e-02 5.340824058083208925e-01
9.076727754159359165e+02 5.088377327669389993e-01 3.160689135271881750e-02 5.340748971277247126e-01
9.076803445921375442e+02 5.558867170151460257e-01 3.160662490906893801e-02 5.340673883902595787e-01
9.076879138314594684e+02 5.201983467119355442e-01 3.160635846490116030e-02 5.340598795959280443e-01
9.076954831339019165e+02 5.559997132513418983e-01 3.160609202021561620e-02 5.340523707447319968e-01
9.077030524994656844e+02 5.134728275629947269e-01 3.160582557501246531e-02 5.340448618366735456e-01
9.077106219281508857e+02 5.111333351804385750e-01 3.160555912929183947e-02 5.340373528717549112e-01
9.077181914199586572e+02 5.337475386689405354e-01 3.160529268305387052e-02 5.340298438499772038e-01
9.077257609748889990e+02 5.735796631514012978e-01 3.160502623629872498e-02 5.340223347713435320e-01
9.077333305929427070e+02 4.611759195421238910e-01 3.160475978902652777e-02 5.340148256358552281e-01
9.077409002741202357e+02 5.651079385321794435e-01 3.160449334123742460e-02 5.340073164435142905e-01
9.077484700184221538e+02 5.509315764831475004e-01 3.160422689293156812e-02 5.339998071943229396e-01
9.077560398258489158e+02 5.423493335439575347e-01 3.160396044410909017e-02 5.339922978882831739e-01
9.077636096964010903e+02 5.058656927550805316e-01 3.160369399477014341e-02 5.339847885253969917e-01
9.077711796300791320e+02 5.574926194587782602e-01 3.160342754491485273e-02 5.339772791056660584e-01
9.077787496268836094e+02 5.492098666303137922e-01 3.160316109454338468e-02 5.339697696290928164e-01
9.077863196868150908e+02 5.708780506940168697e-01 3.160289464365587109e-02 5.339622600956790421e-01
9.077938898098740310e+02 5.027131431463701672e-01 3.160262819225245073e-02 5.339547505054268450e-01
9.078014599960612259e+02 5.793963781982669481e-01 3.160236174033326934e-02 5.339472408583378904e-01
9.078090302453765617e+02 5.976456131112797276e-01 3.160209528789847955e-02 5.339397311544147318e-01
9.078166005578212889e+02 4.983332030070819485e-01 3.160182883494821321e-02 5.339322213936588124e-01
9.078241709333955214e+02 5.102105023028571384e-01 3.160156238148260910e-02 5.339247115760725748e-01
9.078317413721000548e+02 4.723677559309307772e-01 3.160129592750181293e-02 5.339172017016574623e-01
9.078393118739351166e+02 5.446262580927371255e-01 3.160102947300597737e-02 5.339096917704159173e-01
9.078468824389013889e+02 5.112596488676840467e-01 3.160076301799524118e-02 5.339021817823500493e-01
9.078544530669994401e+02 5.255182265332500879e-01 3.160049656246973621e-02 5.338946717374613016e-01
9.078620237582294976e+02 5.384641367615652374e-01 3.160023010642963592e-02 5.338871616357526717e-01
9.078695945125925846e+02 5.293748303082680406e-01 3.159996364987504441e-02 5.338796514772250479e-01
9.078771653300888147e+02 5.040827911686458496e-01 3.159969719280612127e-02 5.338721412618808726e-01
9.078847362107190975e+02 5.641912039314914695e-01 3.159943073522300527e-02 5.338646309897219222e-01
9.078923071544835466e+02 4.704913520322368536e-01 3.159916427712585602e-02 5.338571206607507502e-01
9.078998781613828442e+02 5.857923561750205677e-01 3.159889781851481227e-02 5.338496102749692440e-01
9.079074492314175586e+02 4.911456602386289338e-01 3.159863135938999201e-02 5.338420998323788469e-01
9.079150203645882584e+02 5.398096116369056618e-01 3.159836489975156870e-02 5.338345893329821124e-01
9.079225915608953983e+02 5.492911068527194240e-01 3.159809843959966030e-02 5.338270787767805947e-01
9.079301628203394330e+02 5.068514686215255249e-01 3.159783197893444029e-02 5.338195681637768475e-01
9.079377341429210446e+02 5.354718900323893749e-01 3.159756551775601968e-02 5.338120574939723140e-01
9.079453055286406880e+02 4.991582794670446077e-01 3.159729905606455808e-02 5.338045467673693256e-01
9.079528769774989314e+02 5.009490005925705258e-01 3.159703259386018037e-02 5.337970359839694368e-01
9.079604484894963434e+02 5.858153804578493107e-01 3.159676613114305310e-02 5.337895251437750899e-01
9.079680200646331514e+02 5.560730137068290446e-01 3.159649966791332892e-02 5.337820142467887274e-01
9.079755917029101511e+02 5.095337257660660368e-01 3.159623320417111192e-02 5.337745032930112377e-01
9.079831634043280246e+02 5.665013245133844189e-01 3.159596673991656862e-02 5.337669922824452851e-01
9.079907351688867720e+02 5.031713874876911907e-01 3.159570027514984475e-02 5.337594812150928680e-01
9.079983069965874165e+02 5.345847587117176225e-01 3.159543380987107908e-02 5.337519700909558740e-01
9.080058788874302991e+02 5.634811948435572981e-01 3.159516734408041039e-02 5.337444589100364123e-01
9.080134508414159882e+02 5.729241074813243850e-01 3.159490087777797745e-02 5.337369476723360373e-01
9.080210228585448249e+02 4.780224597808767073e-01 3.159463441096393987e-02 5.337294363778575246e-01
9.080285949388176050e+02 5.714533940244209687e-01 3.159436794363842255e-02 5.337219250266020953e-01
9.080361670822348970e+02 5.392141211588695748e-01 3.159410147580157119e-02 5.337144136185719701e-01
9.080437392887969281e+02 4.912798576451075649e-01 3.159383500745353845e-02 5.337069021537693692e-01
9.080513115585041533e+02 5.825168411122866319e-01 3.159356853859447700e-02 5.336993906321965131e-01
9.080588838913574818e+02 5.447079582066193248e-01 3.159330206922450479e-02 5.336918790538548452e-01
9.080664562873573686e+02 4.923173054130143278e-01 3.159303559934377448e-02 5.336843674187464748e-01
9.080740287465041547e+02 5.638887647763706212e-01 3.159276912895244566e-02 5.336768557268738444e-01
9.080816012687985221e+02 5.488845312401432475e-01 3.159250265805062241e-02 5.336693439782381754e-01
9.080891738542408120e+02 5.704951568696113862e-01 3.159223618663849209e-02 5.336618321728423542e-01
9.080967465028318202e+02 4.979208405220812983e-01 3.159196971471616572e-02 5.336543203106876021e-01
9.081043192145716603e+02 4.878217596459205607e-01 3.159170324228380289e-02 5.336468083917764726e-01
9.081118919894612418e+02 5.267943310792111422e-01 3.159143676934153544e-02 5.336392964161106311e-01
9.081194648275011332e+02 5.697760983825207459e-01 3.159117029588952991e-02 5.336317843836924091e-01
9.081270377286914481e+02 5.145771909594873961e-01 3.159090382192789731e-02 5.336242722945234718e-01
9.081346106930333235e+02 5.279583934348502927e-01 3.159063734745679031e-02 5.336167601486057066e-01
9.081421837205265319e+02 5.702689213766430898e-01 3.159037087247636849e-02 5.336092479459415561e-01
9.081497568111722103e+02 4.873509640444080304e-01 3.159010439698676370e-02 5.336017356865329075e-01
9.081573299649705859e+02 5.051126990802528027e-01 3.158983792098811472e-02 5.335942233703815374e-01
9.081649031819222273e+02 5.309220312460627422e-01 3.158957144448056725e-02 5.335867109974896660e-01
9.081724764620278165e+02 4.838780734983223475e-01 3.158930496746426703e-02 5.335791985678590699e-01
9.081800498052875810e+02 4.871443477823189094e-01 3.158903848993935282e-02 5.335716860814919693e-01
9.081876232117023164e+02 4.533408885413816591e-01 3.158877201190598422e-02 5.335641735383903628e-01
9.081951966812725914e+02 5.195345561806006263e-01 3.158850553336427919e-02 5.335566609385560266e-01
9.082027702139987468e+02 4.724176394349397512e-01 3.158823905431439039e-02 5.335491482819909592e-01
9.082103438098812376e+02 5.391392361004593292e-01 3.158797257475647047e-02 5.335416355686976031e-01
9.082179174689208594e+02 5.569341350566541227e-01 3.158770609469065821e-02 5.335341227986776236e-01
9.082254911911179533e+02 5.584150769373846801e-01 3.158743961411709239e-02 5.335266099719329080e-01
9.082330649764729742e+02 5.226949650132393099e-01 3.158717313303590485e-02 5.335190970884655659e-01
9.082406388249867177e+02 5.445380654036111601e-01 3.158690665144726212e-02 5.335115841482777066e-01
9.082482127366595250e+02 5.082419666463284802e-01 3.158664016935129604e-02 5.335040711513713285e-01
9.082557867114920782e+02 5.817513026436841317e-01 3.158637368674814538e-02 5.334965580977482080e-01
9.082633607494846046e+02 4.995964938993004978e-01 3.158610720363795588e-02 5.334890449874105656e-01
9.082709348506379001e+02 5.666487667047355181e-01 3.158584072002088017e-02 5.334815318203601775e-01
9.082785090149523057e+02 5.176531635767193107e-01 3.158557423589705010e-02 5.334740185965994863e-01
9.082860832424285036e+02 5.133502509061131924e-01 3.158530775126661139e-02 5.334665053161299353e-01
9.082936575330669484e+02 5.355599751985433699e-01 3.158504126612970281e-02 5.334589919789538559e-01
9.083012318868680950e+02 5.114458207718911575e-01 3.158477478048649090e-02 5.334514785850734686e-01
9.083088063038327391e+02 5.796733698687528413e-01 3.158450829433708668e-02 5.334439651344901057e-01
9.083163807839611081e+02 5.374574356960286625e-01 3.158424180768164280e-02 5.334364516272062096e-01
9.083239553272538842e+02 4.781444249602541108e-01 3.158397532052031886e-02 5.334289380632238897e-01
9.083315299337115221e+02 4.945029956791486825e-01 3.158370883285323977e-02 5.334214244425449225e-01
9.083391046033347038e+02 5.272148713791400265e-01 3.158344234468055123e-02 5.334139107651710843e-01
9.083466793361236569e+02 5.661493037591965871e-01 3.158317585600240590e-02 5.334063970311049285e-01
9.083542541320791770e+02 5.191886718847928961e-01 3.158290936681893563e-02 5.333988832403481206e-01
9.083618289912014916e+02 5.916340143631075854e-01 3.158264287713030694e-02 5.333913693929029920e-01
9.083694039134915101e+02 5.606135512011410915e-01 3.158237638693662391e-02 5.333838554887709860e-01
9.083769788989495737e+02 5.497535330942808773e-01 3.158210989623805309e-02 5.333763415279543230e-01
9.083845539475761370e+02 4.934198633602219219e-01 3.158184340503474713e-02 5.333688275104553345e-01
9.083921290593719959e+02 5.401446599085485412e-01 3.158157691332682399e-02 5.333613134362755748e-01
9.083997042343372641e+02 5.012588461076750157e-01 3.158131042111445019e-02 5.333537993054172643e-01
9.084072794724728510e+02 5.403695958502412466e-01 3.158104392839775065e-02 5.333462851178822905e-01
9.084148547737790977e+02 5.292246722919962121e-01 3.158077743517688496e-02 5.333387708736728738e-01
9.084224301382566864e+02 5.806443101901610504e-01 3.158051094145198495e-02 5.333312565727907906e-01
9.084300055659058444e+02 5.364660900963941215e-01 3.158024444722319635e-02 5.333237422152381502e-01
9.084375810567272538e+02 4.973420432512590250e-01 3.157997795249066486e-02 5.333162278010169510e-01
9.084451566107213694e+02 5.343880686680551051e-01 3.157971145725452927e-02 5.333087133301293026e-01
9.084527322278889869e+02 4.906983925425035808e-01 3.157944496151492836e-02 5.333011988025767591e-01
9.084603079082303339e+02 5.352716491643920715e-01 3.157917846527202865e-02 5.332936842183618742e-01
9.084678836517460923e+02 5.363499473751754953e-01 3.157891196852594118e-02 5.332861695774864241e-01
9.084754594584368306e+02 5.650847390929754077e-01 3.157864547127683941e-02 5.332786548799524073e-01
9.084830353283028899e+02 5.910885058577599604e-01 3.157837897352483436e-02 5.332711401257614892e-01
9.084906112613449523e+02 4.799109315268211828e-01 3.157811247527009257e-02 5.332636253149163341e-01
9.084981872575635862e+02 4.956151602909235065e-01 3.157784597651275282e-02 5.332561104474184965e-01
9.085057633169592464e+02 5.980948927530469472e-01 3.157757947725295389e-02 5.332485955232699748e-01
9.085133394395322739e+02 5.291644600474005866e-01 3.157731297749085536e-02 5.332410805424731004e-01
9.085209156252832372e+02 5.063049131712701323e-01 3.157704647722657521e-02 5.332335655050296497e-01
9.085284918742130458e+02 5.161274738449388444e-01 3.157677997646027301e-02 5.332260504109416210e-01
9.085360681863219270e+02 4.713145882579637957e-01 3.157651347519208063e-02 5.332185352602107908e-01
9.085436445616104493e+02 5.469388111281777709e-01 3.157624697342215070e-02 5.332110200528394905e-01
9.085512210000790674e+02 4.753919765527970798e-01 3.157598047115063589e-02 5.332035047888300516e-01
9.085587975017283497e+02 5.683326521538258902e-01 3.157571396837764721e-02 5.331959894681835843e-01
9.085663740665590922e+02 5.759253291777628458e-01 3.157544746510335815e-02 5.331884740909025311e-01
9.085739506945712947e+02 5.691126759344273811e-01 3.157518096132790053e-02 5.331809586569893344e-01
9.085815273857658667e+02 5.480762107491763402e-01 3.157491445705142008e-02 5.331734431664452156e-01
9.085891041401433768e+02 5.061680755505019169e-01 3.157464795227405557e-02 5.331659276192726171e-01
9.085966809577041658e+02 4.935427355057753762e-01 3.157438144699595273e-02 5.331584120154735373e-01
9.086042578384488024e+02 5.349003961795713025e-01 3.157411494121725726e-02 5.331508963550497526e-01
9.086118347823776276e+02 5.582385110214329593e-01 3.157384843493810794e-02 5.331433806380037055e-01
9.086194117894916644e+02 5.270707766647363401e-01 3.157358192815865050e-02 5.331358648643368392e-01
9.086269888597910267e+02 5.730558044889205727e-01 3.157331542087903065e-02 5.331283490340514852e-01
9.086345659932762828e+02 5.628072236999936973e-01 3.157304891309938716e-02 5.331208331471497530e-01
9.086421431899480012e+02 5.706396663194496233e-01 3.157278240481986575e-02 5.331133172036334189e-01
9.086497204498068641e+02 5.519303980927114939e-01 3.157251589604061215e-02 5.331058012035043703e-01
9.086572977728530986e+02 5.111814455703690419e-01 3.157224938676175818e-02 5.330982851467649386e-01
9.086648751590876145e+02 5.119127965922948276e-01 3.157198287698345651e-02 5.330907690334167892e-01
9.086724526085107527e+02 5.378498375183365932e-01 3.157171636670585979e-02 5.330832528634623646e-01
9.086800301211227406e+02 5.105208326665071628e-01 3.157144985592909986e-02 5.330757366369034411e-01
9.086876076969244878e+02 5.161061934059962830e-01 3.157118334465330856e-02 5.330682203537419062e-01
9.086951853359166762e+02 5.305643651088959301e-01 3.157091683287864547e-02 5.330607040139794250e-01
9.087027630380993060e+02 5.221808629621126352e-01 3.157065032060524939e-02 5.330531876176188844e-01
9.087103408034731729e+02 5.448737237141457745e-01 3.157038380783326603e-02 5.330456711646617274e-01
9.087179186320389590e+02 5.966000277387046857e-01 3.157011729456283416e-02 5.330381546551098415e-01
9.087254965237968918e+02 5.239221489831483725e-01 3.156985078079410645e-02 5.330306380889657802e-01
9.087330744787476533e+02 5.703828505917684089e-01 3.156958426652721472e-02 5.330231214662309869e-01
9.087406524968918120e+02 4.952757900514508926e-01 3.156931775176231164e-02 5.330156047869077929e-01
9.087482305782298226e+02 5.145334241089393190e-01 3.156905123649951517e-02 5.330080880509978636e-01
9.087558087227621400e+02 5.312929242483580561e-01 3.156878472073901265e-02 5.330005712585037525e-01
9.087633869304895597e+02 5.070682596156329547e-01 3.156851820448091511e-02 5.329930544094269029e-01
9.087709652014123094e+02 5.492757545958060206e-01 3.156825168772537521e-02 5.329855375037696463e-01
9.087785435355311847e+02 5.366862400430435498e-01 3.156798517047251784e-02 5.329780205415334260e-01
9.087861219328461857e+02 4.466163726127548861e-01 3.156771865272253730e-02 5.329705035227215726e-01
9.087937003933585629e+02 5.783970239772033839e-01 3.156745213447550991e-02 5.329629864473344192e-01
9.088012789170685437e+02 5.090052639811746271e-01 3.156718561573162996e-02 5.329554693153750744e-01
9.088088575039763555e+02 4.802343684756882336e-01 3.156691909649102235e-02 5.329479521268453146e-01
9.088164361540829077e+02 4.815459126152940583e-01 3.156665257675381892e-02 5.329404348817469161e-01
9.088240148673885415e+02 5.331138973295064254e-01 3.156638605652019314e-02 5.329329175800822105e-01
9.088315936438939389e+02 5.473181973863141536e-01 3.156611953579026297e-02 5.329254002218528630e-01
9.088391724835995547e+02 5.749291365850571767e-01 3.156585301456416720e-02 5.329178828070608720e-01
9.088467513865058436e+02 5.351775678880790199e-01 3.156558649284207235e-02 5.329103653357085690e-01
9.088543303526132604e+02 5.028453252067082158e-01 3.156531997062411027e-02 5.329028478077978415e-01
9.088619093819224872e+02 5.543751604621979245e-01 3.156505344791041973e-02 5.328953302233305767e-01
9.088694884744340925e+02 4.843409343484335050e-01 3.156478692470115338e-02 5.328878125823088840e-01
9.088770676301485310e+02 4.971399960984071442e-01 3.156452040099644307e-02 5.328802948847346510e-01
9.088846468490663710e+02 4.618083607945636659e-01 3.156425387679643452e-02 5.328727771306097649e-01
9.088922261311878401e+02 6.042243258651273097e-01 3.156398735210129425e-02 5.328652593199367793e-01
9.088998054765140751e+02 5.479396949604076195e-01 3.156372082691113329e-02 5.328577414527169154e-01
9.089073848850450759e+02 5.020617088137067086e-01 3.156345430122610429e-02 5.328502235289527267e-01
9.089149643567815247e+02 5.215786080229146693e-01 3.156318777504635298e-02 5.328427055486459896e-01
9.089225438917239899e+02 5.739560153682234933e-01 3.156292124837202506e-02 5.328351875117988135e-01
9.089301234898729263e+02 5.358344273040904771e-01 3.156265472120328014e-02 5.328276694184135298e-01
9.089377031512287886e+02 5.683803908555142836e-01 3.156238819354022229e-02 5.328201512684914709e-01
9.089452828757924863e+02 5.545314721871775765e-01 3.156212166538301805e-02 5.328126330620348572e-01
9.089528626635640194e+02 5.282134713137706106e-01 3.156185513673182702e-02 5.328051147990460201e-01
9.089604425145445248e+02 6.416834213622039096e-01 3.156158860758674634e-02 5.327975964795264030e-01
9.089680224287338888e+02 5.195206784027165403e-01 3.156132207794797029e-02 5.327900781034786704e-01
9.089756024061330208e+02 5.134654728196724749e-01 3.156105554781561684e-02 5.327825596709042655e-01
9.089831824467423758e+02 5.061318662766866039e-01 3.156078901718982477e-02 5.327750411818056309e-01
9.089907625505624083e+02 4.867860726368400393e-01 3.156052248607073979e-02 5.327675226361842098e-01
9.089983427175939141e+02 4.958600113367373496e-01 3.156025595445851456e-02 5.327600040340423337e-01
9.090059229478370071e+02 5.143214008166909768e-01 3.155998942235328786e-02 5.327524853753822232e-01
9.090135032412924829e+02 5.613922616934936549e-01 3.155972288975521234e-02 5.327449666602056544e-01
9.090210835979606827e+02 5.280997588391604936e-01 3.155945635666441290e-02 5.327374478885146258e-01
9.090286640178425159e+02 5.012068947730968782e-01 3.155918982308103526e-02 5.327299290603109139e-01
9.090362445009379826e+02 5.378046448375666255e-01 3.155892328900523208e-02 5.327224101755969610e-01
9.090438250472479922e+02 5.748003888410370132e-01 3.155865675443715601e-02 5.327148912343747655e-01
9.090514056567728858e+02 5.314784702682402440e-01 3.155839021937692501e-02 5.327073722366458819e-01
9.090589863295132318e+02 4.950265020002860283e-01 3.155812368382471256e-02 5.326998531824128635e-01
9.090665670654698260e+02 4.888911006754791400e-01 3.155785714778061579e-02 5.326923340716768207e-01
9.090741478646427822e+02 5.259441074972326380e-01 3.155759061124481513e-02 5.326848149044404179e-01
9.090817287270326688e+02 5.418447943242483689e-01 3.155732407421746322e-02 5.326772956807062087e-01
9.090893096526402815e+02 5.214424145041871572e-01 3.155705753669867802e-02 5.326697764004751923e-01
9.090968906414659614e+02 5.204499282962226081e-01 3.155679099868861220e-02 5.326622570637498111e-01
9.091044716935105043e+02 5.138109221962273709e-01 3.155652446018739760e-02 5.326547376705317305e-01
9.091120528087739103e+02 5.478461341471876356e-01 3.155625792119520073e-02 5.326472182208236150e-01
9.091196339872573162e+02 5.562635183783406490e-01 3.155599138171213264e-02 5.326396987146265749e-01
9.091272152289607220e+02 5.462255302250847988e-01 3.155572484173837372e-02 5.326321791519434967e-01
9.091347965338849235e+02 5.552588730840499753e-01 3.155545830127404194e-02 5.326246595327759348e-01
9.091423779020303755e+02 4.969931247486911730e-01 3.155519176031928302e-02 5.326171398571258875e-01
9.091499593333977600e+02 5.434253847544007199e-01 3.155492521887424268e-02 5.326096201249951312e-01
9.091575408279871908e+02 4.887592826526935275e-01 3.155465867693908744e-02 5.326021003363866635e-01
9.091651223857998048e+02 5.239972835801516293e-01 3.155439213451392139e-02 5.325945804913012616e-01
9.091727040068356018e+02 5.504309069364783369e-01 3.155412559159891800e-02 5.325870605897417009e-01
9.091802856910953778e+02 5.602387554057055574e-01 3.155385904819420217e-02 5.325795406317095360e-01
9.091878674385795875e+02 4.996111135279270310e-01 3.155359250429991963e-02 5.325720206172068760e-01
9.091954492492889131e+02 4.775589783967993940e-01 3.155332595991622302e-02 5.325645005462359416e-01
9.092030311232235817e+02 4.964148899184334662e-01 3.155305941504324418e-02 5.325569804187985090e-01
9.092106130603842757e+02 5.338679034429070214e-01 3.155279286968112884e-02 5.325494602348965767e-01
9.092181950607713361e+02 5.699089681791613682e-01 3.155252632383005046e-02 5.325419399945325871e-01
9.092257771243856723e+02 4.955637218588694326e-01 3.155225977749009925e-02 5.325344196977079836e-01
9.092333592512277392e+02 5.272012082677759448e-01 3.155199323066145561e-02 5.325268993444248755e-01
9.092409414412976503e+02 4.905572541800915509e-01 3.155172668334425140e-02 5.325193789346853723e-01
9.092485236945965426e+02 5.338983041750752223e-01 3.155146013553863232e-02 5.325118584684915835e-01
9.092561060111244160e+02 5.529879386747222902e-01 3.155119358724473716e-02 5.325043379458452852e-01
9.092636883908820664e+02 4.775514166657401915e-01 3.155092703846271163e-02 5.324968173667484761e-01
9.092712708338699485e+02 5.580190469743596671e-01 3.155066048919270144e-02 5.324892967312034875e-01
9.092788533400886308e+02 5.216026800228583671e-01 3.155039393943485232e-02 5.324817760392119848e-01
9.092864359095385680e+02 5.818125144757987366e-01 3.155012738918930304e-02 5.324742552907759663e-01
9.092940185422203285e+02 5.184525501432890593e-01 3.154986083845619238e-02 5.324667344858976525e-01
9.093016012381344808e+02 5.151002144504820413e-01 3.154959428723566606e-02 5.324592136245789309e-01
9.093091839972814796e+02 5.447928737498658469e-01 3.154932773552786979e-02 5.324516927068215777e-01
9.093167668196618934e+02 5.519171838231633487e-01 3.154906118333294929e-02 5.324441717326278134e-01
9.093243497052760631e+02 5.363004619346853907e-01 3.154879463065105721e-02 5.324366507020001915e-01
9.093319326541248984e+02 5.117273076557339317e-01 3.154852807748231847e-02 5.324291296149397112e-01
9.093395156662085128e+02 5.119328850616523541e-01 3.154826152382687876e-02 5.324216084714489261e-01
9.093470987415280433e+02 5.348834844168043334e-01 3.154799496968487688e-02 5.324140872715295014e-01
9.093546818800833762e+02 5.031807726727509644e-01 3.154772841505647935e-02 5.324065660151838797e-01
9.093622650818751936e+02 5.523249377398468107e-01 3.154746185994181801e-02 5.323990447024139483e-01
9.093698483469041776e+02 5.612058828641572905e-01 3.154719530434102470e-02 5.323915233332214836e-01
9.093774316751706692e+02 5.474158142915089842e-01 3.154692874825424515e-02 5.323840019076084840e-01
9.093850150666754644e+02 5.561634567511622995e-01 3.154666219168163893e-02 5.323764804255772809e-01
9.093925985214190177e+02 4.845920797779465494e-01 3.154639563462333096e-02 5.323689588871294287e-01
9.094001820394015567e+02 5.285956720611679760e-01 3.154612907707948083e-02 5.323614372922673699e-01
9.094077656206239908e+02 5.764152096774842748e-01 3.154586251905022037e-02 5.323539156409928808e-01
9.094153492650865473e+02 5.596209030400600692e-01 3.154559596053569531e-02 5.323463939333077377e-01
9.094229329727900222e+02 5.210008356901096871e-01 3.154532940153604442e-02 5.323388721692142722e-01
9.094305167437348700e+02 5.063695383025528240e-01 3.154506284205142036e-02 5.323313503487143716e-01
9.094381005779214320e+02 5.354129257192064006e-01 3.154479628208195496e-02 5.323238284718099234e-01
9.094456844753502764e+02 5.508150718139984692e-01 3.154452972162781477e-02 5.323163065385034809e-01
9.094532684360221992e+02 5.111380210945889457e-01 3.154426316068911079e-02 5.323087845487962655e-01
9.094608524599374277e+02 5.322354817219449030e-01 3.154399659926600957e-02 5.323012625026906086e-01
9.094684365470967577e+02 5.984529798552324920e-01 3.154373003735864989e-02 5.322937404001886197e-01
9.094760206975004166e+02 5.153178260575139724e-01 3.154346347496717051e-02 5.322862182412922971e-01
9.094836049111492002e+02 5.313252319030491444e-01 3.154319691209171717e-02 5.322786960260033062e-01
9.094911891880434496e+02 5.131625571584733647e-01 3.154293034873242169e-02 5.322711737543238675e-01
9.094987735281837331e+02 5.444301201927684852e-01 3.154266378488945061e-02 5.322636514262560903e-01
9.095063579315707329e+02 4.989416804243340664e-01 3.154239722056292189e-02 5.322561290418017510e-01
9.095139423982046765e+02 4.977002721774567151e-01 3.154213065575300901e-02 5.322486066009632921e-01
9.095215269280863595e+02 5.335919896400999063e-01 3.154186409045982298e-02 5.322410841037419349e-01
9.095291115212161230e+02 5.205346900821529177e-01 3.154159752468353728e-02 5.322335615501405659e-01
9.095366961775946493e+02 5.374347941260804173e-01 3.154133095842425599e-02 5.322260389401604064e-01
9.095442808972225066e+02 5.025639077904382468e-01 3.154106439168215953e-02 5.322185162738037878e-01
9.095518656801000361e+02 5.354412578561057456e-01 3.154079782445737973e-02 5.322109935510728196e-01
9.095594505262278062e+02 5.466518268758880916e-01 3.154053125675006231e-02 5.322034707719695001e-01
9.095670354356063854e+02 4.703613853866944750e-01 3.154026468856033216e-02 5.321959479364954948e-01
9.095746204082363420e+02 5.091980752954125000e-01 3.153999811988834889e-02 5.321884250446530240e-01
9.095822054441181308e+02 5.019744569371181742e-01 3.153973155073425821e-02 5.321809020964441972e-01
9.095897905432523203e+02 5.250358400888816002e-01 3.153946498109819196e-02 5.321733790918707907e-01
9.095973757056393652e+02 5.969759736755766433e-01 3.153919841098030280e-02 5.321658560309350250e-01
9.096049609312799475e+02 5.620543016763540622e-01 3.153893184038072950e-02 5.321583329136384544e-01
9.096125462201745222e+02 4.723041824508906750e-01 3.153866526929961778e-02 5.321508097399837434e-01
9.096201315723235439e+02 5.496408850364599141e-01 3.153839869773710641e-02 5.321432865099722243e-01
9.096277169877274673e+02 4.903428159416636234e-01 3.153813212569334112e-02 5.321357632236064505e-01
9.096353024663870883e+02 5.321873989539398497e-01 3.153786555316847456e-02 5.321282398808880876e-01
9.096428880083028616e+02 5.642360561772979954e-01 3.153759898016263163e-02 5.321207164818192448e-01
9.096504736134751283e+02 5.687346942856320586e-01 3.153733240667596499e-02 5.321131930264018095e-01
9.096580592819044568e+02 6.019590915742495385e-01 3.153706583270861341e-02 5.321056695146377802e-01
9.096656450135917567e+02 4.983879743831044484e-01 3.153679925826072261e-02 5.320981459465291552e-01
9.096732308085369141e+02 5.853161082919358105e-01 3.153653268333244525e-02 5.320906223220781550e-01
9.096808166667410660e+02 4.854633180741049769e-01 3.153626610792391316e-02 5.320830986412864450e-01
9.096884025882043261e+02 4.877871227966681933e-01 3.153599953203526512e-02 5.320755749041561344e-01
9.096959885729272628e+02 5.925516175862522994e-01 3.153573295566666768e-02 5.320680511106895549e-01
9.097035746209106719e+02 5.634985181501963591e-01 3.153546637881823184e-02 5.320605272608881497e-01
9.097111607321548945e+02 5.184254475732987810e-01 3.153519980149013108e-02 5.320530033547543614e-01
9.097187469066603853e+02 5.670893828816311322e-01 3.153493322368248336e-02 5.320454793922899661e-01
9.097263331444278265e+02 4.834871479053211019e-01 3.153466664539544828e-02 5.320379553734967404e-01
9.097339194454575590e+02 5.240623676962274935e-01 3.153440006662916462e-02 5.320304312983772377e-01
9.097415058097503788e+02 4.838334489485151546e-01 3.153413348738377114e-02 5.320229071669329013e-01
9.097490922373067406e+02 5.781284451817162440e-01 3.153386690765940664e-02 5.320153829791658406e-01
9.097566787281268716e+02 5.217977360611534277e-01 3.153360032745623071e-02 5.320078587350783872e-01
9.097642652822115679e+02 5.508638300573386326e-01 3.153333374677438905e-02 5.320003344346725394e-01
9.097718518995615113e+02 5.111476780141054332e-01 3.153306716561398576e-02 5.319928100779494073e-01
9.097794385801769295e+02 5.048373161530502751e-01 3.153280058397520819e-02 5.319852856649120998e-01
9.097870253240583907e+02 4.873483058509027743e-01 3.153253400185817429e-02 5.319777611955618379e-01
9.097946121312065770e+02 5.308932769465607437e-01 3.153226741926304366e-02 5.319702366699010643e-01
9.098021990016218297e+02 5.231645618679318099e-01 3.153200083618994121e-02 5.319627120879315552e-01
9.098097859353049444e+02 5.526528508975180332e-01 3.153173425263902652e-02 5.319551874496554200e-01
9.098173729322560348e+02 5.420818908428067795e-01 3.153146766861043143e-02 5.319476627550746572e-01
9.098249599924758968e+02 5.145976282386423017e-01 3.153120108410430861e-02 5.319401380041910432e-01
9.098325471159652125e+02 5.257572158835346343e-01 3.153093449912079682e-02 5.319326131970069094e-01
9.098401343027242092e+02 6.053664281081279075e-01 3.153066791366002097e-02 5.319250883335235880e-01
9.098477215527534554e+02 5.174129531143314420e-01 3.153040132772216148e-02 5.319175634137440767e-01
9.098553088660537469e+02 5.898325956558631011e-01 3.153013474130733629e-02 5.319100384376695967e-01
9.098628962426254247e+02 5.781790130173803943e-01 3.152986815441568419e-02 5.319025134053021464e-01
9.098704836824688300e+02 5.479147818185863272e-01 3.152960156704736477e-02 5.318949883166441683e-01
9.098780711855847585e+02 5.205891014674999262e-01 3.152933497920250988e-02 5.318874631716973278e-01
9.098856587519737786e+02 5.860544099045363886e-01 3.152906839088125829e-02 5.318799379704635122e-01
9.098932463816361178e+02 5.221759552845021135e-01 3.152880180208376959e-02 5.318724127129450530e-01
9.099008340745725718e+02 5.151202045874004876e-01 3.152853521281018256e-02 5.318648873991438375e-01
9.099084218307834817e+02 4.849765060699469110e-01 3.152826862306062211e-02 5.318573620290615311e-01
9.099160096502696433e+02 5.722677077358656605e-01 3.152800203283524783e-02 5.318498366027004653e-01
9.099235975330311703e+02 4.804083301335443923e-01 3.152773544213419848e-02 5.318423111200626385e-01
9.099311854790689722e+02 5.307947185056661743e-01 3.152746885095762674e-02 5.318347855811499381e-01
9.099387734883832763e+02 4.814445086792802919e-01 3.152720225930565751e-02 5.318272599859642513e-01
9.099463615609749922e+02 5.305110616697336079e-01 3.152693566717844342e-02 5.318197343345076877e-01
9.099539496968442336e+02 5.487942807458652261e-01 3.152666907457612328e-02 5.318122086267820237e-01
9.099615378959919099e+02 4.878958738371452775e-01 3.152640248149884278e-02 5.318046828627893685e-01
9.099691261584182485e+02 5.782753324442893028e-01 3.152613588794675459e-02 5.317971570425321648e-01
9.099767144841238178e+02 5.735629469258444191e-01 3.152586929391998360e-02 5.317896311660117448e-01
9.099843028731093000e+02 5.198088949749850585e-01 3.152560269941868942e-02 5.317821052332303289e-01
9.099918913253752635e+02 5.215273854537560982e-01 3.152533610444299000e-02 5.317745792441896935e-01
9.099994798409217083e+02 5.062777290565509958e-01 3.152506950899305882e-02 5.317670531988923921e-01
9.100070684197498849e+02 5.173003271494496236e-01 3.152480291306901383e-02 5.317595270973397570e-01
9.100146570618600208e+02 5.294189281855081752e-01 3.152453631667101464e-02 5.317520009395341196e-01
9.100222457672524570e+02 5.638062372512357978e-01 3.152426971979920001e-02 5.317444747254775894e-01
9.100298345359278755e+02 5.849280417899247464e-01 3.152400312245370179e-02 5.317369484551717207e-01
9.100374233678869587e+02 5.183587631854116307e-01 3.152373652463467957e-02 5.317294221286187339e-01
9.100450122631299337e+02 5.314047441973986929e-01 3.152346992634227213e-02 5.317218957458209605e-01
9.100526012216577101e+02 5.369314388553494410e-01 3.152320332757659743e-02 5.317143693067792887e-01
9.100601902434702879e+02 5.428493919263400747e-01 3.152293672833783589e-02 5.317068428114971601e-01
9.100677793285689177e+02 4.738459836892611188e-01 3.152267012862609852e-02 5.316993162599752409e-01
9.100753684769533720e+02 4.831800932475640575e-01 3.152240352844155880e-02 5.316917896522165288e-01
9.100829576886245604e+02 5.140539867697283549e-01 3.152213692778433468e-02 5.316842629882223559e-01
9.100905469635829377e+02 5.088713240578670582e-01 3.152187032665457189e-02 5.316767362679950537e-01
9.100981363018290722e+02 4.980376210640056200e-01 3.152160372505242308e-02 5.316692094915362876e-01
9.101057257033636461e+02 5.812971228175892735e-01 3.152133712297802010e-02 5.316616826588480560e-01
9.101133151681868867e+02 5.309581217604973924e-01 3.152107052043152252e-02 5.316541557699328013e-01
9.101209046962994762e+02 5.448073511307014449e-01 3.152080391741304832e-02 5.316466288247918559e-01
9.101284942877017556e+02 5.095185879602013301e-01 3.152053731392277097e-02 5.316391018234278842e-01
9.101360839423945208e+02 5.310658636520223519e-01 3.152027070996080149e-02 5.316315747658423296e-01
9.101436736603782265e+02 5.563699674494158032e-01 3.152000410552729948e-02 5.316240476520371905e-01
9.101512634416534411e+02 5.426664770989453324e-01 3.151973750062240370e-02 5.316165204820146872e-01
9.101588532862205057e+02 5.697902813779812670e-01 3.151947089524626683e-02 5.316089932557768183e-01
9.101664431940801023e+02 5.338549127737483024e-01 3.151920428939901375e-02 5.316014659733252490e-01
9.101740331652326859e+02 4.967464027303558627e-01 3.151893768308079019e-02 5.315939386346620887e-01
9.101816231996788247e+02 5.200766399278792251e-01 3.151867107629174880e-02 5.315864112397894470e-01
9.101892132974189735e+02 5.395627539026401909e-01 3.151840446903202836e-02 5.315788837887092111e-01
9.101968034584538145e+02 5.340575399015889957e-01 3.151813786130177458e-02 5.315713562814233795e-01
9.102043936827839161e+02 5.534060474025935816e-01 3.151787125310110543e-02 5.315638287179335064e-01
9.102119839704092783e+02 5.713848098492313454e-01 3.151760464443020826e-02 5.315563010982424785e-01
9.102195743213310379e+02 5.382198806606660613e-01 3.151733803528919409e-02 5.315487734223516281e-01
9.102271647355496498e+02 5.556482847120942647e-01 3.151707142567820169e-02 5.315412456902627314e-01
9.102347552130653412e+02 5.238014474323884340e-01 3.151680481559738373e-02 5.315337179019781200e-01
9.102423457538789080e+02 5.190628813123445706e-01 3.151653820504687897e-02 5.315261900574995702e-01
9.102499363579906912e+02 5.584781908482132629e-01 3.151627159402684009e-02 5.315186621568293024e-01
9.102575270254013731e+02 5.431016481901161930e-01 3.151600498253739890e-02 5.315111341999692041e-01
9.102651177561114082e+02 5.340634176227387897e-01 3.151573837057870114e-02 5.315036061869210515e-01
9.102727085501213651e+02 4.865789008472074517e-01 3.151547175815087865e-02 5.314960781176867322e-01
9.102802994074316985e+02 5.073074784594381326e-01 3.151520514525409794e-02 5.314885499922686884e-01
9.102878903280427494e+02 5.181933416670372328e-01 3.151493853188847699e-02 5.314810218106685857e-01
9.102954813119555411e+02 5.155478568502027681e-01 3.151467191805417539e-02 5.314734935728883114e-01
9.103030723591701872e+02 5.723753388749203141e-01 3.151440530375132498e-02 5.314659652789300859e-01
9.103106634696873698e+02 5.731894464477749196e-01 3.151413868898005760e-02 5.314584369287953525e-01
9.103182546435075437e+02 5.738399585370091982e-01 3.151387207374053978e-02 5.314509085224867757e-01
9.103258458806313911e+02 4.893846403974623227e-01 3.151360545803290336e-02 5.314433800600059099e-01
9.103334371810592529e+02 4.900707752607669776e-01 3.151333884185728712e-02 5.314358515413546424e-01
9.103410285447919250e+02 5.383241174585212674e-01 3.151307222521382984e-02 5.314283229665349717e-01
9.103486199718297485e+02 5.443645879438754331e-01 3.151280560810267029e-02 5.314207943355488961e-01
9.103562114621730643e+02 5.378172245988915856e-01 3.151253899052397500e-02 5.314132656483986361e-01
9.103638030158225547e+02 5.448057887298002333e-01 3.151227237247786889e-02 5.314057369050860791e-01
9.103713946327790154e+02 4.988016484056946309e-01 3.151200575396448378e-02 5.313982081056126683e-01
9.103789863130426738e+02 4.715268654468318665e-01 3.151173913498397233e-02 5.313906792499807352e-01
9.103865780566140984e+02 5.423849172183595746e-01 3.151147251553648027e-02 5.313831503381922783e-01
9.103941698634938575e+02 5.143552570180359718e-01 3.151120589562215329e-02 5.313756213702494069e-01
9.104017617336825197e+02 5.234129884490037465e-01 3.151093927524111632e-02 5.313680923461535643e-01
9.104093536671804259e+02 5.425097926827636696e-01 3.151067265439351506e-02 5.313605632659070821e-01
9.104169456639883720e+02 5.713828092174000339e-01 3.151040603307950216e-02 5.313530341295116255e-01
9.104245377241065853e+02 5.633563277298272443e-01 3.151013941129922336e-02 5.313455049369698591e-01
9.104321298475359754e+02 5.460253093352537279e-01 3.150987278905278965e-02 5.313379756882826710e-01
9.104397220342767696e+02 4.864541382107028245e-01 3.150960616634038841e-02 5.313304463834529479e-01
9.104473142843296500e+02 5.206351546791845308e-01 3.150933954316210983e-02 5.313229170224817999e-01
9.104549065976950715e+02 5.264986724927723793e-01 3.150907291951813433e-02 5.313153876053720026e-01
9.104624989743733749e+02 4.979364080893713407e-01 3.150880629540859373e-02 5.313078581321249994e-01
9.104700914143654700e+02 5.073361621376037967e-01 3.150853967083361989e-02 5.313003286027425665e-01
9.104776839176718113e+02 5.196125508259145098e-01 3.150827304579336546e-02 5.312927990172271464e-01
9.104852764842926263e+02 4.787485141107539754e-01 3.150800642028796228e-02 5.312852693755802935e-01
9.104928691142285970e+02 5.677136631864453387e-01 3.150773979431756300e-02 5.312777396778043393e-01
9.105004618074802920e+02 5.268771919086473465e-01 3.150747316788229946e-02 5.312702099239009490e-01
9.105080545640483933e+02 4.869048220974656060e-01 3.150720654098232432e-02 5.312626801138720101e-01
9.105156473839332421e+02 5.565066754724797837e-01 3.150693991361776247e-02 5.312551502477195209e-01
9.105232402671354066e+02 5.518321893671672695e-01 3.150667328578875964e-02 5.312476203254452578e-01
9.105308332136553418e+02 5.693128750824189011e-01 3.150640665749546848e-02 5.312400903470515523e-01
9.105384262234936159e+02 5.408873807953313850e-01 3.150614002873802083e-02 5.312325603125401807e-01
9.105460192966505701e+02 5.159258747943138435e-01 3.150587339951656934e-02 5.312250302219132525e-01
9.105536124331272276e+02 4.782557272079538957e-01 3.150560676983123198e-02 5.312175000751719889e-01
9.105612056329237021e+02 4.777604845953650758e-01 3.150534013968216834e-02 5.312099698723190544e-01
9.105687988960407893e+02 4.816925806484497752e-01 3.150507350906951720e-02 5.312024396133561144e-01
9.105763922224788303e+02 4.874615007888166707e-01 3.150480687799340346e-02 5.311949092982847231e-01
9.105839856122381661e+02 5.160996431608804169e-01 3.150454024645400752e-02 5.311873789271079893e-01
9.105915790653199338e+02 5.369787142928036383e-01 3.150427361445141267e-02 5.311798484998261349e-01
9.105991725817240194e+02 5.847580642115424165e-01 3.150400698198581317e-02 5.311723180164426017e-01
9.106067661614512190e+02 5.369077513448636818e-01 3.150374034905733395e-02 5.311647874769587219e-01
9.106143598045022145e+02 5.538540253839641103e-01 3.150347371566607907e-02 5.311572568813758277e-01
9.106219535108773471e+02 5.009894468306563819e-01 3.150320708181224283e-02 5.311497262296968058e-01
9.106295472805769577e+02 5.219952479415187474e-01 3.150294044749594319e-02 5.311421955219233215e-01
9.106371411136019560e+02 5.239781226206146059e-01 3.150267381271731892e-02 5.311346647580568181e-01
9.106447350099526830e+02 4.881727277338763216e-01 3.150240717747650188e-02 5.311271339380996270e-01
9.106523289696298207e+02 5.626775032382249631e-01 3.150214054177365164e-02 5.311196030620535247e-01
9.106599229926335966e+02 4.953492142107159824e-01 3.150187390560890005e-02 5.311120721299206204e-01
9.106675170789648064e+02 5.467944520330271230e-01 3.150160726898237895e-02 5.311045411417023576e-01
9.106751112286236776e+02 5.235539141670300101e-01 3.150134063189424793e-02 5.310970100974012897e-01
9.106827054416111196e+02 5.175059010508260560e-01 3.150107399434463190e-02 5.310894789970188601e-01
9.106902997179275872e+02 5.804877316017162947e-01 3.150080735633366963e-02 5.310819478405569560e-01
9.106978940575733077e+02 5.259888437549045115e-01 3.150054071786151377e-02 5.310744166280179090e-01
9.107054884605491907e+02 5.318042013479028496e-01 3.150027407892829617e-02 5.310668853594030514e-01
9.107130829268554635e+02 5.610062645978758367e-01 3.150000743953414867e-02 5.310593540347146035e-01
9.107206774564925809e+02 5.499741760450586048e-01 3.149974079967924473e-02 5.310518226539550080e-01
9.107282720494614523e+02 5.679989775938715235e-01 3.149947415936368844e-02 5.310442912171251528e-01
9.107358667057625325e+02 5.245177271394653173e-01 3.149920751858762552e-02 5.310367597242272586e-01
9.107434614253961627e+02 5.187228236355755362e-01 3.149894087735120168e-02 5.310292281752633237e-01
9.107510562083626837e+02 5.183974709990907259e-01 3.149867423565456959e-02 5.310216965702354575e-01
9.107586510546631189e+02 5.083271894270148250e-01 3.149840759349784719e-02 5.310141649091452143e-01
9.107662459642976955e+02 5.433479932606668505e-01 3.149814095088118021e-02 5.310066331919947036e-01
9.107738409372670958e+02 5.247260437746408268e-01 3.149787430780470743e-02 5.309991014187853686e-01
9.107814359735715470e+02 6.266418889759930444e-01 3.149760766426858150e-02 5.309915695895198740e-01
9.107890310732119588e+02 5.080194152166160881e-01 3.149734102027293425e-02 5.309840377041994408e-01
9.107966262361886720e+02 5.416285028462601847e-01 3.149707437581789754e-02 5.309765057628261786e-01
9.108042214625021415e+02 5.372387919980631255e-01 3.149680773090361707e-02 5.309689737654019748e-01
9.108118167521529358e+02 5.342266368389366749e-01 3.149654108553023163e-02 5.309614417119287166e-01
9.108194121051417369e+02 5.310081528567929254e-01 3.149627443969787999e-02 5.309539096024081806e-01
9.108270075214689996e+02 5.891347104318246375e-01 3.149600779340669399e-02 5.309463774368422539e-01
9.108346030011350649e+02 5.260158796298393113e-01 3.149574114665683322e-02 5.309388452152331572e-01
9.108421985441408424e+02 5.528597929176971570e-01 3.149547449944840871e-02 5.309313129375820006e-01
9.108497941504863320e+02 5.707780112126592531e-01 3.149520785178158699e-02 5.309237806038915597e-01
9.108573898201725569e+02 5.649616290891867898e-01 3.149494120365647909e-02 5.309162482141628336e-01
9.108649855531998583e+02 5.416361271649974274e-01 3.149467455507324459e-02 5.309087157683981539e-01
9.108725813495688044e+02 5.543821248778059152e-01 3.149440790603200840e-02 5.309011832665992969e-01
9.108801772092796227e+02 5.203724115819963192e-01 3.149414125653292318e-02 5.308936507087683720e-01
9.108877731323333364e+02 5.278917237200877466e-01 3.149387460657611382e-02 5.308861180949067116e-01
9.108953691187300592e+02 5.532194246102302149e-01 3.149360795616172604e-02 5.308785854250166469e-01
9.109029651684705868e+02 5.748283516648550195e-01 3.149334130528989167e-02 5.308710526990996215e-01
9.109105612815553741e+02 5.543850691033423983e-01 3.149307465396075645e-02 5.308635199171576335e-01
9.109181574579848757e+02 4.672845961468526932e-01 3.149280800217445914e-02 5.308559870791927926e-01
9.109257536977596601e+02 5.142367585925275986e-01 3.149254134993112464e-02 5.308484541852063199e-01
9.109333500008804094e+02 5.160112929397201453e-01 3.149227469723089867e-02 5.308409212352005468e-01
9.109409463673472374e+02 5.140332412548349605e-01 3.149200804407392695e-02 5.308333882291773609e-01
9.109485427971611671e+02 5.607829966713981928e-01 3.149174139046033438e-02 5.308258551671380943e-01
9.109561392903225396e+02 5.163240322341415833e-01 3.149147473639025974e-02 5.308183220490849674e-01
9.109637358468315824e+02 5.455856457617324073e-01 3.149120808186385567e-02 5.308107888750199788e-01
9.109713324666893186e+02 4.943700779203786255e-01 3.149094142688123321e-02 5.308032556449443495e-01
9.109789291498959756e+02 5.216111215787599953e-01 3.149067477144255195e-02 5.307957223588604112e-01
9.109865258964520081e+02 5.576959717283324069e-01 3.149040811554794372e-02 5.307881890167697181e-01
9.109941227063583256e+02 5.486785403301799313e-01 3.149014145919752650e-02 5.307806556186739355e-01
9.110017195796150418e+02 5.196054458925304376e-01 3.148987480239145986e-02 5.307731221645752839e-01
9.110093165162230662e+02 5.679864323679514326e-01 3.148960814512987566e-02 5.307655886544753177e-01
9.110169135161825125e+02 5.103654634037882998e-01 3.148934148741289879e-02 5.307580550883757020e-01
9.110245105794941765e+02 5.030884967272113428e-01 3.148907482924067497e-02 5.307505214662784354e-01
9.110321077061585129e+02 4.870797424525124542e-01 3.148880817061334297e-02 5.307429877881852942e-01
9.110397048961762039e+02 4.904301868337381798e-01 3.148854151153103464e-02 5.307354540540979437e-01
9.110473021495475905e+02 5.067208044126251254e-01 3.148827485199388182e-02 5.307279202640182714e-01
9.110548994662731275e+02 5.571063121583883504e-01 3.148800819200202328e-02 5.307203864179479424e-01
9.110624968463536106e+02 5.859924576113290096e-01 3.148774153155560473e-02 5.307128525158889554e-01
9.110700942897893810e+02 5.266390589447108583e-01 3.148747487065474415e-02 5.307053185578427534e-01
9.110776917965808934e+02 5.441319010224024977e-01 3.148720820929959419e-02 5.306977845438114461e-01
9.110852893667288299e+02 5.122731712863680675e-01 3.148694154749026586e-02 5.306902504737964765e-01
9.110928870002337590e+02 5.021034713513878867e-01 3.148667488522691876e-02 5.306827163477997322e-01
9.111004846970962490e+02 5.247276452201526942e-01 3.148640822250966392e-02 5.306751821658226564e-01
9.111080824573164136e+02 5.339497493289819818e-01 3.148614155933866787e-02 5.306676479278678027e-01
9.111156802808952762e+02 5.198596447012153732e-01 3.148587489571403469e-02 5.306601136339361702e-01
9.111232781678330639e+02 5.311828797996314133e-01 3.148560823163591704e-02 5.306525792840296463e-01
9.111308761181305726e+02 5.375961990107449573e-01 3.148534156710443288e-02 5.306450448781498963e-01
9.111384741317880298e+02 4.990981027739105347e-01 3.148507490211972792e-02 5.306375104162989187e-01
9.111460722088062312e+02 5.423684641588596422e-01 3.148480823668192707e-02 5.306299758984781567e-01
9.111536703491855178e+02 5.783757807246875382e-01 3.148454157079117605e-02 5.306224413246894978e-01
9.111612685529262308e+02 4.991744344824101676e-01 3.148427490444759974e-02 5.306149066949346071e-01
9.111688668200293932e+02 5.718336111070939642e-01 3.148400823765133000e-02 5.306073720092150392e-01
9.111764651504952326e+02 5.315278033511762201e-01 3.148374157040250559e-02 5.305998372675327923e-01
9.111840635443243173e+02 5.145759369054783150e-01 3.148347490270125837e-02 5.305923024698893098e-01
9.111916620015172157e+02 4.518198322703165237e-01 3.148320823454770628e-02 5.305847676162860349e-01
9.111992605220744963e+02 5.731523183367868146e-01 3.148294156594199505e-02 5.305772327067248550e-01
9.112068591059963865e+02 5.414349893276328984e-01 3.148267489688426346e-02 5.305696977412078796e-01
9.112144577532840231e+02 5.494013750656386863e-01 3.148240822737460864e-02 5.305621627197358858e-01
9.112220564639372924e+02 4.295994993716156229e-01 3.148214155741320408e-02 5.305546276423113161e-01
9.112296552379568766e+02 5.335113313992464468e-01 3.148187488700016773e-02 5.305470925089356138e-01
9.112372540753436851e+02 5.573208838618519678e-01 3.148160821613561755e-02 5.305395573196101111e-01
9.112448529760978317e+02 4.870391006794412836e-01 3.148134154481969232e-02 5.305320220743365844e-01
9.112524519402199985e+02 5.021062975857849553e-01 3.148107487305252389e-02 5.305244867731168101e-01
9.112600509677106402e+02 5.655087695299131356e-01 3.148080820083423714e-02 5.305169514159521205e-01
9.112676500585704389e+02 5.741372207674282357e-01 3.148054152816497087e-02 5.305094160028445138e-01
9.112752492127999631e+02 5.270115805933590636e-01 3.148027485504484302e-02 5.305018805337951004e-01
9.112828484303993264e+02 5.364088612288373525e-01 3.148000818147399238e-02 5.304943450088058787e-01
9.112904477113695521e+02 5.364602739388186770e-01 3.147974150745252997e-02 5.304868094278780699e-01
9.112980470557107537e+02 5.288874269183408972e-01 3.147947483298062232e-02 5.304792737910138944e-01
9.113056464634239546e+02 5.443340013383050069e-01 3.147920815805835965e-02 5.304717380982142405e-01
9.113132459345093821e+02 5.839195527296983101e-01 3.147894148268586684e-02 5.304642023494803293e-01
9.113208454689672635e+02 5.703131269236328960e-01 3.147867480686331043e-02 5.304566665448148255e-01
9.113284450667987358e+02 5.082782912079960580e-01 3.147840813059077369e-02 5.304491306842182841e-01
9.113360447280037988e+02 4.927998663529911672e-01 3.147814145386841622e-02 5.304415947676929255e-01
9.113436444525834759e+02 5.710802442085342046e-01 3.147787477669634210e-02 5.304340587952395270e-01
9.113512442405377669e+02 5.218083358387102244e-01 3.147760809907469703e-02 5.304265227668604199e-01
9.113588440918676952e+02 5.596430184698810706e-01 3.147734142100358512e-02 5.304189866825562705e-01
9.113664440065733743e+02 4.851448133389437700e-01 3.147707474248315207e-02 5.304114505423291881e-01
9.113740439846557138e+02 5.312898014203197850e-01 3.147680806351350197e-02 5.304039143461801720e-01
9.113816440261148273e+02 5.141512195882083081e-01 3.147654138409476665e-02 5.303963780941109984e-01
9.113892441309515107e+02 5.905605388023399405e-01 3.147627470422707796e-02 5.303888417861228888e-01
9.113968442991664460e+02 5.166037009274520031e-01 3.147600802391055386e-02 5.303813054222172862e-01
9.114044445307597471e+02 5.479390728155575374e-01 3.147574134314531230e-02 5.303737690023957452e-01
9.114120448257323233e+02 5.381068443244412247e-01 3.147547466193148513e-02 5.303662325266594868e-01
9.114196451840844020e+02 5.553732237002290129e-01 3.147520798026918337e-02 5.303586959950100654e-01
9.114272456058167791e+02 4.853066299054185628e-01 3.147494129815853192e-02 5.303511594074485913e-01
9.114348460909296818e+02 5.005540882147798687e-01 3.147467461559966956e-02 5.303436227639768408e-01
9.114424466394239062e+02 5.254638167793073134e-01 3.147440793259267955e-02 5.303360860645955910e-01
9.114500472512999067e+02 5.358880189605643718e-01 3.147414124913770067e-02 5.303285493093063963e-01
9.114576479265581384e+02 5.526308980704677243e-01 3.147387456523486476e-02 5.303210124981108109e-01
9.114652486651991694e+02 5.013397104161940732e-01 3.147360788088427591e-02 5.303134756310098341e-01
9.114728494672235684e+02 4.778769404891429762e-01 3.147334119608605207e-02 5.303059387080046871e-01
9.114804503326319036e+02 5.147594386196712168e-01 3.147307451084031121e-02 5.302984017290969243e-01
9.114880512614246300e+02 5.411531035545703583e-01 3.147280782514716435e-02 5.302908646942873228e-01
9.114956522536020884e+02 5.671911714898402179e-01 3.147254113900674333e-02 5.302833276035776588e-01
9.115032533091650748e+02 5.024454880266224777e-01 3.147227445241915222e-02 5.302757904569685987e-01
9.115108544281141576e+02 5.478320693705606148e-01 3.147200776538450900e-02 5.302682532544615857e-01
9.115184556104496778e+02 5.517224635907930219e-01 3.147174107790291775e-02 5.302607159960576189e-01
9.115260568561723176e+02 5.077806516908471846e-01 3.147147438997448948e-02 5.302531786817576975e-01
9.115336581652823043e+02 4.775385635750801216e-01 3.147120770159936298e-02 5.302456413115634870e-01
9.115412595377805474e+02 5.141403418598448072e-01 3.147094101277761458e-02 5.302381038854754314e-01
9.115488609736675016e+02 5.641782424385548556e-01 3.147067432350937610e-02 5.302305664034949739e-01
9.115564624729435081e+02 5.370105440032594268e-01 3.147040763379475165e-02 5.302230288656228918e-01
9.115640640356090216e+02 4.662300657211352894e-01 3.147014094363385917e-02 5.302154912718606283e-01
9.115716656616650653e+02 4.512574069585236769e-01 3.146987425302678193e-02 5.302079536222084055e-01
9.115792673511115254e+02 5.358256547100946898e-01 3.146960756197365872e-02 5.302004159166681108e-01
9.115868691039495388e+02 5.765146085662923303e-01 3.146934087047455891e-02 5.301928781552397441e-01
9.115944709201792193e+02 5.450420775139007690e-01 3.146907417852962130e-02 5.301853403379248597e-01
9.116020727998012489e+02 5.424099311201691087e-01 3.146880748613892220e-02 5.301778024647239018e-01
9.116096747428160825e+02 5.800384883390605761e-01 3.146854079330257958e-02 5.301702645356378696e-01
9.116172767492242883e+02 4.490154260262840813e-01 3.146827410002069059e-02 5.301627265506676512e-01
9.116248788190265486e+02 5.289422206104763546e-01 3.146800740629335930e-02 5.301551885098139127e-01
9.116324809522230908e+02 5.160197796417934635e-01 3.146774071212066898e-02 5.301476504130772094e-01
9.116400831488145968e+02 5.539202190288498029e-01 3.146747401750273759e-02 5.301401122604586513e-01
9.116476854088016353e+02 5.554794795608685165e-01 3.146723932597988299e-02 5.301334786430145218e-01
9.116552877321846609e+02 4.915770599689258669e-01 3.146720732214896427e-02 5.301325740437422551e-01
9.116628901189643557e+02 5.007912622062614671e-01 3.146720732186546188e-02 5.301325740357289984e-01
9.116704925691411745e+02 5.233555118897301739e-01 3.146720732157908679e-02 5.301325740276345844e-01
9.116780950827154584e+02 5.468721329847974211e-01 3.146720732128978348e-02 5.301325740194572367e-01
9.116856976596877757e+02 5.054589302571338427e-01 3.146720732099749646e-02 5.301325740111957341e-01
9.116933003000590361e+02 5.081859978589428062e-01 3.146720732070217019e-02 5.301325740028481892e-01
9.117009030038294668e+02 5.111205159616202254e-01 3.146720732040374224e-02 5.301325739944129367e-01
9.117085057709994089e+02 5.111739761854926511e-01 3.146720732010215016e-02 5.301325739858883113e-01
9.117161086015697720e+02 5.214831505089346786e-01 3.146720731979731761e-02 5.301325739772722034e-01
9.117237114955407833e+02 4.798563501512410623e-01 3.146720731948919603e-02 5.301325739685629479e-01
9.117313144529132387e+02 5.124943612170443918e-01 3.146720731917770214e-02 5.301325739597585462e-01
9.117389174736873656e+02 5.738627336143128366e-01 3.146720731886277350e-02 5.301325739508570001e-01
9.117465205578640735e+02 4.747420349921743221e-01 3.146720731854433378e-02 5.301325739418562000e-01
9.117541237054435896e+02 5.244936487882589926e-01 3.146720731822231359e-02 5.301325739327541475e-01
9.117617269164265963e+02 4.994448574256675211e-01 3.146720731789662967e-02 5.301325739235485113e-01
9.117693301908134345e+02 5.360779267681634597e-01 3.146720731756720568e-02 5.301325739142372928e-01
9.117769335286047863e+02 4.736903045954136138e-01 3.146720731723395142e-02 5.301325739048177166e-01
9.117845369298011065e+02 5.060845375658724610e-01 3.146720731689679057e-02 5.301325738952877842e-01
9.117921403944029635e+02 5.590562230265555543e-01 3.146720731655563291e-02 5.301325738856447201e-01
9.117997439224110394e+02 5.420907353752730806e-01 3.146720731621038825e-02 5.301325738758861927e-01
9.118073475138255617e+02 4.738192146308546349e-01 3.146720731586095249e-02 5.301325738660093156e-01
9.118149511686473261e+02 5.104540043622741718e-01 3.146720731550722849e-02 5.301325738560113132e-01
9.118225548868767874e+02 5.136008823562575598e-01 3.146720731514913993e-02 5.301325738458896319e-01
9.118301586685142865e+02 4.504983061333945882e-01 3.146720731478654803e-02 5.301325738356409412e-01
9.118377625135605058e+02 5.179319309892786993e-01 3.146720731441936258e-02 5.301325738252623543e-01
9.118453664220160135e+02 4.990673247783189992e-01 3.146720731404746563e-02 5.301325738147506517e-01
9.118529703938813782e+02 5.841450552445727196e-01 3.146720731367076002e-02 5.301325738041027247e-01
9.118605744291570545e+02 6.024006856267734022e-01 3.146720731328910003e-02 5.301325737933150206e-01
9.118681785278432699e+02 5.056620907809189491e-01 3.146720731290236772e-02 5.301325737823839868e-01
9.118757826899411612e+02 5.237836181556682069e-01 3.146720731251043818e-02 5.301325737713059594e-01
9.118833869154508420e+02 5.335280788753020698e-01 3.146720731211317262e-02 5.301325737600771637e-01
9.118909912043728809e+02 5.712488417127228324e-01 3.146720731171043922e-02 5.301325737486937140e-01
9.118985955567079600e+02 5.498342612398716689e-01 3.146720731130208532e-02 5.301325737371513913e-01
9.119061999724564203e+02 4.885575710655870596e-01 3.146720731088796519e-02 5.301325737254460879e-01
9.119138044516188302e+02 4.599172257209416248e-01 3.146720731046791925e-02 5.301325737135733629e-01
9.119214089941958719e+02 5.314055289660468695e-01 3.146720731004178095e-02 5.301325737015283313e-01
9.119290136001880001e+02 5.102678413427970128e-01 3.146720730960937684e-02 5.301325736893064411e-01
9.119366182695955558e+02 5.578560138257453449e-01 3.146720730917054037e-02 5.301325736769026964e-01
9.119442230024194487e+02 5.335124344916868377e-01 3.146720730872509808e-02 5.301325736643118791e-01
9.119518277986597923e+02 5.099507467017659890e-01 3.146720730827282791e-02 5.301325736515284381e-01
9.119594326583173824e+02 5.113970910697686056e-01 3.146720730781355641e-02 5.301325736385468224e-01
9.119670375813929013e+02 5.379774803915740033e-01 3.146720730734705457e-02 5.301325736253611476e-01
9.119746425678864625e+02 5.144114098393407497e-01 3.146720730687312118e-02 5.301325736119651966e-01
9.119822476177986346e+02 5.576690908021001425e-01 3.146720730639152031e-02 5.301325735983525300e-01
9.119898527311300995e+02 5.087581247145046559e-01 3.146720730590200910e-02 5.301325735845163756e-01
9.119974579078816532e+02 5.239190273599981795e-01 3.146720730540435162e-02 5.301325735704498499e-01
9.120050631480532957e+02 6.188567290538561361e-01 3.146720730489827728e-02 5.301325735561455144e-01
9.120126684516459363e+02 5.291187051053913848e-01 3.146720730438350849e-02 5.301325735415953755e-01
9.120202738186601437e+02 5.583614103860073952e-01 3.146720730385978160e-02 5.301325735267921058e-01
9.120278792490960313e+02 5.082356091631003991e-01 3.146720730332677740e-02 5.301325735117264903e-01
9.120354847429545089e+02 5.209038755772638085e-01 3.146720730278418365e-02 5.301325734963898695e-01
9.120430903002358036e+02 5.104565266204497131e-01 3.146720730223167423e-02 5.301325734807730283e-01
9.120506959209408251e+02 5.343006047113073587e-01 3.146720730166890911e-02 5.301325734648661969e-01
9.120583016050698006e+02 5.006916979728407435e-01 3.146720730109550668e-02 5.301325734486589392e-01
9.120659073526232987e+02 5.038692151601849023e-01 3.146720730051109222e-02 5.301325734321402638e-01
9.120735131636021151e+02 4.983252491548300078e-01 3.146720729991527021e-02 5.301325734152990687e-01
9.120811190380064772e+02 5.401320814729912989e-01 3.146720729930760352e-02 5.301325733981231414e-01
9.120887249758370672e+02 4.828179937681925660e-01 3.146720729868764804e-02 5.301325733805999363e-01
9.120963309770939986e+02 5.766946786560086524e-01 3.146720729805493888e-02 5.301325733627161307e-01
9.121039370417785221e+02 5.344335567424828293e-01 3.146720729740895561e-02 5.301325733444572919e-01
9.121115431698906377e+02 5.442701813988816140e-01 3.146720729674917783e-02 5.301325733258084316e-01
9.121191493614310275e+02 5.782907139002988472e-01 3.146720729607505734e-02 5.301325733067541179e-01
9.121267556164003736e+02 5.287891529662668288e-01 3.146720729538597661e-02 5.301325732872771423e-01
9.121343619347989033e+02 4.625462310885951056e-01 3.146720729468133193e-02 5.301325732673600744e-01
9.121419683166275263e+02 5.522092030183545219e-01 3.146720729396045024e-02 5.301325732469839291e-01
9.121495747618863561e+02 5.369737580066393789e-01 3.146720729322259602e-02 5.301325732261283896e-01
9.121571812705760749e+02 5.098722191441700247e-01 3.146720729246704068e-02 5.301325732047723616e-01
9.121647878426972511e+02 5.542321211957501603e-01 3.146720729169297931e-02 5.301325731828930854e-01
9.121723944782504532e+02 5.561510525259731885e-01 3.146720729089953067e-02 5.301325731604661362e-01
9.121800011772361358e+02 5.197614770574523479e-01 3.146720729008580658e-02 5.301325731374658679e-01
9.121876079396548676e+02 4.967526805606754525e-01 3.146720728925080784e-02 5.301325731138641917e-01
9.121952147655073304e+02 5.147413670161250510e-01 3.146720728839349362e-02 5.301325730896320199e-01
9.122028216547937518e+02 5.565272788669823889e-01 3.146720728751273982e-02 5.301325730647371559e-01
9.122104286075147002e+02 5.663712473756149501e-01 3.146720728660733213e-02 5.301325730391455160e-01
9.122180356236710850e+02 4.875931962794739505e-01 3.146720728567597991e-02 5.301325730128205738e-01
9.122256427032629063e+02 4.965071484466194729e-01 3.146720728471729539e-02 5.301325729857229163e-01
9.122332498462910735e+02 5.002437582018788298e-01 3.146720728372975895e-02 5.301325729578099111e-01
9.122408570527560414e+02 5.563335185230442459e-01 3.146720728271173995e-02 5.301325729290352617e-01
9.122484643226580374e+02 5.957798506405989070e-01 3.146720728166148978e-02 5.301325728993494524e-01
9.122560716559980847e+02 5.254901007342763775e-01 3.146720728057707944e-02 5.301325728686983041e-01
9.122636790527764106e+02 5.442588531191886458e-01 3.146720727945645502e-02 5.301325728370233081e-01
9.122712865129935835e+02 5.261621484389155112e-01 3.146720727829733361e-02 5.301325728042605157e-01
9.122788940366500583e+02 5.400989870446084584e-01 3.146720727709726578e-02 5.301325727703402046e-01
9.122865016237465170e+02 5.034702718746462136e-01 3.146720727585354538e-02 5.301325727351859918e-01
9.122941092742834144e+02 5.194521098052643504e-01 3.146720727456322336e-02 5.301325726987144993e-01
9.123017169882612052e+02 5.279092794841399039e-01 3.146720727322304539e-02 5.301325726608338007e-01
9.123093247656806852e+02 5.486327478992555351e-01 3.146720727182941713e-02 5.301325726214425327e-01
9.123169326065419682e+02 5.067144385643953530e-01 3.146720727037839033e-02 5.301325725804286737e-01
9.123245405108460773e+02 4.848398807273788802e-01 3.146720726886551023e-02 5.301325725376665465e-01
9.123321484785931261e+02 5.477127298120157972e-01 3.146720726728568368e-02 5.301325724930123773e-01
9.123397565097836832e+02 5.535806520647909013e-01 3.146720726563261711e-02 5.301325724462877531e-01
9.123473646044186580e+02 5.687519246026037090e-01 3.146720726389671402e-02 5.301325723972217796e-01
9.123549727624981642e+02 5.358029768567788009e-01 3.146720726205775448e-02 5.301325723452430250e-01
9.123625809840229977e+02 5.158974728363607820e-01 3.146720726005841628e-02 5.301325722887308967e-01
9.123701892689933857e+02 5.321434791473536041e-01 3.146720725771280647e-02 5.301325722224314863e-01
9.123777976174101241e+02 5.194266142617837145e-01 3.146720725440185773e-02 5.301325721288463466e-01
9.123854060292735539e+02 5.221247249482379171e-01 3.146720724809792813e-02 5.301325719506635448e-01
9.123930145045845848e+02 5.683771023337138573e-01 3.146720723236422906e-02 5.301325715059449495e-01
9.124006230433432165e+02 5.557316982062264765e-01 3.146720718749221324e-02 5.301325702376216142e-01
9.124082316455502450e+02 5.564760187778978739e-01 3.146720705538015583e-02 5.301325665034276602e-01
9.124158403112064661e+02 5.972720697200732953e-01 3.146720667122992338e-02 5.301325556452856080e-01
9.124234490403117661e+02 5.506852226404516104e-01 3.146720558551464875e-02 5.301325249571590126e-01
9.124310578328671681e+02 5.527083210600913787e-01 3.146720261941123725e-02 5.301324411191927766e-01
9.124386666888730133e+02 5.037521041650270259e-01 3.146719480205776437e-02 5.301322201588950511e-01
9.124462756083302111e+02 5.081171877101665624e-01 3.146717494068122095e-02 5.301316587698007288e-01
9.124538845912385341e+02 5.160476206908846120e-01 3.146712631247042952e-02 5.301302842745696520e-01
9.124614936375991192e+02 5.007828881622587991e-01 3.146701159985105384e-02 5.301270418722054956e-01
9.124691027474123075e+02 5.428787333247615532e-01 3.146675091762422827e-02 5.301196735452478048e-01
9.124767119206787811e+02 5.066489835611465153e-01 3.146618032738927873e-02 5.301035453530740238e-01
9.124843211573987674e+02 5.267731738117388263e-01 3.146497756709584065e-02 5.300695477160797253e-01
9.124919304575730621e+02 5.776217588825227622e-01 3.146253642880016826e-02 5.300005429508379828e-01
9.124995398212021200e+02 5.330392867461632989e-01 3.145776705337741119e-02 5.298657143718065177e-01
9.125071492482862823e+02 5.459963954180273582e-01 3.144879989379049945e-02 5.296121783393706872e-01
9.125147587388262309e+02 5.236754171750057640e-01 3.143258181132960183e-02 5.291535061287510056e-01
9.125223682928225344e+02 5.553610976927126908e-01 3.140438080313492225e-02 5.283555547545233377e-01
9.125299779102758748e+02 4.770407535716886249e-01 3.135726754131372418e-02 5.270213864518999980e-01
9.125375875911864796e+02 5.246108004941734126e-01 3.128171786406109406e-02 5.248790711530044728e-01
9.125451973355549171e+02 5.262183552520337537e-01 3.116556757670353381e-02 5.215784707677452170e-01
9.125528071433818695e+02 5.327400882586622588e-01 3.099461371007037475e-02 5.167048015628824542e-01
9.125604170146677916e+02 4.933642496206095407e-01 3.075413335495911366e-02 5.098163667954213052e-01
9.125680269494131380e+02 4.876428453078854863e-01 3.043141147422174370e-02 5.005096518687829343e-01
9.125756369476184773e+02 5.014407428024358904e-01 3.001900035159512162e-02 4.885061739555625060e-01
9.125832470092844915e+02 4.654759912427194335e-01 2.951795261897815006e-02 4.737437205975830734e-01
9.125908571344116353e+02 4.740897708657485499e-01 2.893990393711470474e-02 4.564448800838696307e-01
9.125984673230001363e+02 4.607859238357839282e-01 2.830693397536310565e-02 4.371348931836188112e-01
9.126060775750510174e+02 4.396544178855189000e-01 2.764877261094192754e-02 4.165931193949658495e-01
9.126136878905643925e+02 3.684606141483208752e-01 2.699795036663020509e-02 3.957448276439869961e-01
9.126212982695411711e+02 3.535747013435720509e-01 2.638437779211797937e-02 3.755221137060945624e-01
9.126289087119814667e+02 3.765369293125612193e-01 2.583103621504564615e-02 3.567328212025717704e-01
9.126365192178861889e+02 3.412044633920044423e-01 2.535186085802689990e-02 3.399697879016417290e-01
9.126441297872556788e+02 4.923019209448846745e-01 2.838730562296497631e-02 4.396097460937186119e-01
9.126517404200903911e+02 5.711958839967087309e-01 3.369134373796647125e-02 5.916508997008846915e-01
9.126593511163910080e+02 5.320692592224145478e-01 3.303196175068284085e-02 5.736725908665279983e-01
9.126669618761579841e+02 5.583485871897440056e-01 3.252864502262430013e-02 5.598098134032867268e-01
9.126745726993920016e+02 4.842398282124380504e-01 3.215885974337065467e-02 5.495419174918898531e-01
9.126821835860932879e+02 5.577144158798740259e-01 3.189977383555503421e-02 5.423035439041797856e-01
9.126897945362625251e+02 5.203931540999653382e-01 3.172964680884697575e-02 5.375298426664680829e-01
9.126974055499002816e+02 5.251456359281549968e-01 3.162805103189050143e-02 5.346710702903844092e-01
9.127050166270071259e+02 5.401481839990440736e-01 3.157564984235537026e-02 5.331941811218602334e-01
9.127126277675835127e+02 5.592427843069363025e-01 3.155431928323212953e-02 5.325925251624681334e-01
9.127202389716298967e+02 5.136656247322067825e-01 3.154810694772649388e-02 5.324172468946277714e-01
9.127278502391469601e+02 5.392116306331184994e-01 3.154491929933028044e-02 5.323272998182992932e-01
9.127354615701351577e+02 5.240473159878169529e-01 3.153817751049699941e-02 5.321370440919043210e-01
9.127430729645949441e+02 5.683902486685343813e-01 3.152737518667575456e-02 5.318321415442430755e-01
9.127506844225270015e+02 5.218989795589709102e-01 3.151678871516172542e-02 5.315332633016229824e-01
9.127582959439317847e+02 5.325703076045166240e-01 3.151244317318287885e-02 5.314105599694023407e-01
9.127659075288097483e+02 4.808739017725083831e-01 3.151837126934459166e-02 5.315779464180444558e-01
9.127735191771615746e+02 5.642353760861961165e-01 3.153371263008809822e-02 5.320110284896019115e-01
9.127811308889878319e+02 5.439016276867981725e-01 3.155203512010128220e-02 5.325280812160726462e-01
9.127887426642888613e+02 5.017597146256944640e-01 3.156346563125832227e-02 5.328505431174737073e-01
9.127963545030652313e+02 5.169495546251041684e-01 3.155902938624492726e-02 5.327254031672895573e-01
9.128039664053175102e+02 5.288752952146686948e-01 3.153543234890969493e-02 5.320595667996059763e-01
9.128115783710460391e+02 5.330720250112696013e-01 3.149798873696781770e-02 5.310023336643896474e-01
9.128191904002518413e+02 5.390033781986389716e-01 3.145998223753794509e-02 5.299283385793149836e-01
9.128268024929350304e+02 5.029273190925973580e-01 3.143830685658104140e-02 5.293154375427069347e-01
9.128344146490960611e+02 5.717290415912810175e-01 3.144691372756046321e-02 5.295588429304407541e-01
9.128420268687358430e+02 5.634313628898742765e-01 3.149051603232685265e-02 5.307912377976690133e-01
9.128496391518544897e+02 4.921742395844356799e-01 3.156095562581889835e-02 5.327797410037804493e-01
9.128572514984529107e+02 5.144571941469092691e-01 3.163793078216080301e-02 5.349493408380365800e-01
9.128648639085314471e+02 5.321301579370320001e-01 3.169462179574639854e-02 5.365449703120394043e-01
9.128724763820907810e+02 5.510666078756116804e-01 3.170703561344986876e-02 5.368941180833229909e-01
9.128800889191311398e+02 5.306876296300632179e-01 3.166390307993888903e-02 5.356805943894311639e-01
9.128877015196532057e+02 5.431514971576743012e-01 3.157287778574846548e-02 5.331160070974527709e-01
9.128953141836576606e+02 5.255799953536024471e-01 3.145988230532698049e-02 5.299255135172222797e-01
9.129029269111448457e+02 5.475161272917250521e-01 3.136151802949785350e-02 5.271418094150693845e-01
9.129105397021152157e+02 5.255634782160899521e-01 3.131350057357672190e-02 5.257807474635521894e-01
9.129181525565696802e+02 5.294047860940231942e-01 3.133914622887709611e-02 5.265078556961757528e-01
9.129257654745083528e+02 5.414714607404195190e-01 3.144101768768992750e-02 5.293921057002383135e-01
9.129333784559318019e+02 5.344747365261971472e-01 3.159755314235396240e-02 5.338117086708034087e-01
9.129409915008408234e+02 4.732457824956816106e-01 3.176598456603552112e-02 5.385508710663201581e-01
9.129486046092359857e+02 5.658422647221893476e-01 3.189241539829526517e-02 5.420974126189024300e-01
9.129562177811172887e+02 6.093653671711606323e-01 3.192798272399664794e-02 5.430934721352498329e-01
9.129638310164858694e+02 5.870708944428811860e-01 3.184642391595089023e-02 5.408083571795692102e-01
9.129714443153419552e+02 5.210605315549620142e-01 3.165567860869911154e-02 5.354490764337367370e-01
9.129790576776861144e+02 4.834667767103830727e-01 3.139768429168309644e-02 5.281660042772493568e-01
9.129866711035186881e+02 4.942813548423087289e-01 3.113632730827925119e-02 5.207462083276006570e-01
9.129942845928406996e+02 5.229932521779020460e-01 3.093934599183610287e-02 5.151251075400686830e-01
9.130018981456520351e+02 4.857165553741762953e-01 3.086135793397632235e-02 5.128925551663353621e-01
9.130095117619539451e+02 5.240273841847165048e-01 3.093196047869622989e-02 5.149138573962463994e-01
9.130171254417463160e+02 5.585549773217816094e-01 3.114890710194552492e-02 5.211043327219055943e-01
9.130247391850301710e+02 5.175608816231500597e-01 3.147533266678546188e-02 5.303622196917781029e-01
9.130323529918056238e+02 5.504362355104956972e-01 3.184214333370698202e-02 5.406883188782639627e-01
9.130399668620734701e+02 5.484494186399959670e-01 3.215899742958950452e-02 5.495457543029129699e-01
9.130475807958341647e+02 5.261151515512400012e-01 3.233590922651690541e-02 5.544671554449490669e-01
9.130551947930880488e+02 5.900449306176286379e-01 3.231121825015389332e-02 5.537813024086936098e-01
9.130628088538359179e+02 4.688529154531724252e-01 3.207459690298902766e-02 5.471918687456461816e-01
9.130704229780784544e+02 5.668763795121527505e-01 3.167307177885746866e-02 5.359386452021146496e-01
9.130780371658157719e+02 4.941688923305075365e-01 3.119654207761273987e-02 5.224594983964780948e-01
9.130856514170484388e+02 4.927714966592798840e-01 3.075093382106148035e-02 5.097244544816578182e-01
9.130932657317774783e+02 5.589889738060767055e-01 3.043232846940103348e-02 5.005362011288844171e-01
9.131008801100027767e+02 5.252639135068245535e-01 3.031084298075607114e-02 4.970135632333705367e-01
9.131084945517253573e+02 4.616606445333210074e-01 3.042415749358155438e-02 5.002996098862311225e-01
9.131161090569452199e+02 5.603183231080263171e-01 3.077492441219553676e-02 5.104134564261910700e-01
9.131237236256636152e+02 5.814250068766276813e-01 3.132701330351255614e-02 5.261639128066731841e-01
9.131313382578804294e+02 6.067438838024117320e-01 3.200105677154644473e-02 5.451376604523832103e-01
9.131389529535965721e+02 5.647240235113040185e-01 3.267613336073284941e-02 5.638852050871638877e-01
9.131465677128123843e+02 5.372268298566929001e-01 3.320667146830338229e-02 5.784556780483706140e-01
9.131541825355283208e+02 5.871290292675448441e-01 3.345762380901682459e-02 5.853011439060752386e-01
9.131617974217452911e+02 5.901644200613715974e-01 3.334791250863844425e-02 5.823120088060349531e-01
9.131694123714635225e+02 5.479809665564301380e-01 3.288144419540364738e-02 5.695400744506591284e-01
9.131770273846834698e+02 5.892993989212023109e-01 3.214776953195722098e-02 5.492328398409322965e-01
9.131846424614059288e+02 5.211746169191191491e-01 3.129150240804690758e-02 5.251567262792953272e-01
9.131922576016311268e+02 5.580618820604800190e-01 3.046792900262487724e-02 5.015664546885644226e-01
9.131998728053599734e+02 4.635661829998442007e-01 2.980716798481404181e-02 4.822898127684768221e-01
9.132074880725925823e+02 4.558503360104536606e-01 2.939886686854147752e-02 4.702043037364728173e-01
9.132151034033297492e+02 5.066642570738999485e-01 2.929446519038136562e-02 4.670911509219140001e-01
9.132227187975719289e+02 4.996070925012016661e-01 2.951555585410969157e-02 4.736726051633411982e-01
9.132303342553198036e+02 4.753941197544223618e-01 3.005738435908329037e-02 4.896288023474769102e-01
9.132379497765736005e+02 5.181826905657794802e-01 3.088244479245710189e-02 5.134966065797679224e-01
9.132455653613340019e+02 5.562884894845598893e-01 3.190699124890054861e-02 5.425056947838132748e-01
9.132531810096015761e+02 5.617426605230293468e-01 3.299106791760089696e-02 5.725509220103781605e-01
9.132607967213767779e+02 5.963260597641590888e-01 3.394674300040922965e-02 5.985623134253161837e-01
9.132684124966604031e+02 6.685421534249940123e-01 3.457408281386847165e-02 6.154236684306890748e-01
9.132760283354524518e+02 6.908840384397580969e-01 3.471855442036423517e-02 6.192845453829687319e-01
9.132836442377540607e+02 6.125568011407926949e-01 3.432559307655985020e-02 6.087639115974429194e-01
9.132912602035652299e+02 5.399875784777415921e-01 3.346300613639464211e-02 5.854476471083970290e-01
9.132988762328868688e+02 6.169559329057650032e-01 3.229746462465256374e-02 5.533991202672077225e-01
9.133064923257192049e+02 5.132350083161293375e-01 3.103790748086867127e-02 5.179408455222194174e-01
9.133141084820630340e+02 5.015626403815051093e-01 2.987608161631767970e-02 4.843160434205285303e-01
9.133217247019185834e+02 4.229186818326418074e-01 2.895062510375574424e-02 4.567685169566430003e-01
9.133293409852867626e+02 4.692566132886604735e-01 2.834225370089369159e-02 4.382233366900125660e-01
9.133369573321680264e+02 4.318375573165779691e-01 2.808983332654534787e-02 4.304143885831224203e-01
9.133445737425626021e+02 4.580998172493896403e-01 2.821087737467900189e-02 4.341678479052292761e-01
9.133521902164711719e+02 4.584074977158108521e-01 2.871376949244462337e-02 4.495927090902071543e-01
9.133598067538943042e+02 4.414441142840601073e-01 2.959572320677189214e-02 4.760486380750161284e-01
9.133674233548326811e+02 5.287972468859595265e-01 3.082642704395628999e-02 5.118912711801797411e-01
9.133750400192864163e+02 5.557356857525855842e-01 3.232350273729315410e-02 5.541225750952516460e-01
9.133826567472565330e+02 5.897295905237687208e-01 3.393291441933978664e-02 5.981888104006104490e-01
9.133902735387432585e+02 6.048519897270241419e-01 3.543124785652712605e-02 6.382167622316570199e-01
9.133978903937469340e+02 6.951450229451697771e-01 3.656119913604816835e-02 6.678755559666771369e-01
9.134055073122686963e+02 7.301525579603749261e-01 3.709574315980227605e-02 6.817673708313540804e-01
9.134131242943085454e+02 7.630418903720052048e-01 3.690812918411398580e-02 6.769012061090117216e-01
9.134207413398672770e+02 6.677902882365229775e-01 3.601628615871967781e-02 6.536246479085061623e-01
9.134283584489453460e+02 5.900409202561410771e-01 3.457919682735981215e-02 6.155604737228920209e-01
9.134359756215432071e+02 5.120668841022961715e-01 3.284584976773381043e-02 5.685611987163596837e-01
9.134435928576615424e+02 5.181973276741769219e-01 3.108078831782678728e-02 5.191638939923659546e-01
9.134512101573005793e+02 4.655451800596838718e-01 2.949953426711028961e-02 4.731970957786442722e-01
9.134588275204612273e+02 4.710793260264198312e-01 2.823750133617074914e-02 4.349912378897783927e-01
9.134664449471438274e+02 4.379617581487312838e-01 2.735539263220516937e-02 4.072658638716248336e-01
9.134740624373488345e+02 3.792554714180431108e-01 2.686675943638290945e-02 3.914702279551726116e-01
9.134816799910768168e+02 3.581541598776035729e-01 2.676880037545189064e-02 3.882614997630924880e-01
9.134892976083285703e+02 4.564202613200932790e-01 2.706348632388564518e-02 3.978707029023087482e-01
9.134969152891044359e+02 4.423451914374712524e-01 2.776390489944338333e-02 4.202235376450554338e-01
9.135045330334047549e+02 4.703098659094728795e-01 2.888501100080878223e-02 4.547861195857167971e-01
9.135121508412303228e+02 5.334473843659164327e-01 3.042043797264988580e-02 5.001918948541963506e-01
9.135197687125814809e+02 5.318035540363017510e-01 3.231168110036018726e-02 5.537941622106196116e-01
9.135273866474589113e+02 6.540213644795815906e-01 3.442264198709346634e-02 6.113678229796406516e-01
9.135350046458630686e+02 6.790891107708212360e-01 3.653527393218193586e-02 6.671996386372706089e-01
9.135426227077945214e+02 6.995139324099033384e-01 3.837557407427236167e-02 7.147042996950928595e-01
9.135502408332536106e+02 7.547829002984075553e-01 3.966596352327372843e-02 7.475001743287863487e-01
9.135578590222412458e+02 8.154578901455007411e-01 4.018846846412731100e-02 7.606742020726969811e-01
9.135654772747576544e+02 6.542022652479083655e-01 3.983894168512950446e-02 7.518679230096442234e-01
9.135730955908035185e+02 7.696409838107369783e-01 3.865568035792481955e-02 7.218566121994237639e-01
9.135807139703790654e+02 6.889205449855883012e-01 3.681306741359281764e-02 6.744316628424600335e-01
9.135883324134852046e+02 6.022826650457582254e-01 3.458034559213522124e-02 6.155912030015623371e-01
9.135959509201223909e+02 5.195770601292635238e-01 3.225665775003501434e-02 5.522645929342291371e-01
9.136035694902910791e+02 5.136752025737776339e-01 3.010335153121326129e-02 4.909717203995545565e-01
9.136111881239916102e+02 4.424924706731726554e-01 2.829732706599456110e-02 4.368386043660885676e-01
9.136188068212248936e+02 4.384154109501309793e-01 2.692015871642099156e-02 3.932132314981177656e-01
9.136264255819913842e+02 4.086242114397343750e-01 2.598005879318879968e-02 3.618493931465815439e-01
9.136340444062911956e+02 3.496831783420548123e-01 2.544934163710349181e-02 3.434204696436913284e-01
9.136416632941254647e+02 3.419041924521920572e-01 2.529873554429909813e-02 3.380800343508349459e-01
9.136492822454943052e+02 3.392476039519402575e-01 2.551869934264803727e-02 3.458626387235202992e-01
9.136569012603982856e+02 3.376206219345162518e-01 2.612613675133879793e-02 3.668235800342894426e-01
9.136645203388379741e+02 4.162651469699118478e-01 2.715711368791807676e-02 4.008971094303103722e-01
9.136721394808141667e+02 4.215826788318554064e-01 2.864557522871705522e-02 4.475164217575841041e-01
9.136797586863268634e+02 5.293972526064266715e-01 3.059081540759895496e-02 5.051157327910582584e-01
9.136873779553770873e+02 5.479712672749340596e-01 3.292438760715024615e-02 5.707202255886334452e-01
9.136949972879651796e+02 6.063603048554051522e-01 3.549344634185361280e-02 6.398603803426285985e-01
9.137026166840915948e+02 7.832757383776892679e-01 3.807268418642052732e-02 7.069482675336435928e-01
9.137102361437567879e+02 7.465891065486397471e-01 4.040180598784760130e-02 7.660367817711667415e-01
9.137178556669617819e+02 8.042765759204060227e-01 4.223214035064170452e-02 8.116865711860488108e-01
9.137254752537065770e+02 8.500828288753855544e-01 4.336486323450088054e-02 8.396460063118926787e-01
9.137330949039918551e+02 9.049497957647130164e-01 4.367316357096271556e-02 8.472210107931502643e-01
9.137407146178181847e+02 8.103614307523457905e-01 4.311198371617096931e-02 8.334218476855058677e-01
9.137483343951862480e+02 9.013603521023820786e-01 4.172293730522276534e-02 7.990480966068480573e-01
9.137559542360962723e+02 7.134869620184635108e-01 3.963684042405354879e-02 7.467641716344597391e-01
9.137635741405489398e+02 7.203972063712317242e-01 3.706748544323108102e-02 6.810350970466991782e-01
9.137711941085447052e+02 6.333370688637203205e-01 3.428650371537136227e-02 6.077140411096328965e-01
9.137788141400842505e+02 5.312984457434855035e-01 3.157612313932477849e-02 5.332075279830673642e-01
9.137864342351680307e+02 4.822871439435756913e-01 2.917174964522485994e-02 4.634194785141486639e-01
9.137940543937965003e+02 4.196125103521680111e-01 2.721832637445207453e-02 4.028690563007623626e-01
9.138016746159703416e+02 3.945586637605311697e-01 2.576102361496594370e-02 3.543137886692556693e-01
9.138092949016900093e+02 3.238896075896340876e-01 2.477124288579432912e-02 3.189375847154208854e-01
9.138169152509558444e+02 2.777769706335764810e-01 2.418915961878932014e-02 2.969010201740920896e-01
9.138245356637687564e+02 2.750464062210047911e-01 2.396113829044550780e-02 2.879617685019851825e-01
9.138321561401288591e+02 3.080478266270771925e-01 2.406207750097693471e-02 2.919422510887640376e-01
9.138397766800370619e+02 3.034246124900389363e-01 2.450360527859152954e-02 3.089357166332932780e-01
9.138473972834937058e+02 3.245542120471853753e-01 2.533078311374861724e-02 3.392208040785592571e-01
9.138550179504993594e+02 4.005318896848734656e-01 2.660615757943409973e-02 3.829009763927443410e-01
9.138626386810543636e+02 4.335550219423066620e-01 2.837879290967770460e-02 4.393479460063408615e-01
9.138702594751597417e+02 4.989387137272790484e-01 3.064347859204143848e-02 5.066335156588179789e-01
9.138778803328153799e+02 5.176033631067333829e-01 3.330826508922865581e-02 5.812304408710948778e-01
9.138855012540223015e+02 6.413794747316375888e-01 3.619210755266199370e-02 6.582330818830565144e-01
9.138931222387807338e+02 7.328376952575170744e-01 3.905909246500622461e-02 7.321243435456500359e-01
9.139007432870913590e+02 7.659937255848362492e-01 4.167280443587152022e-02 7.978013357036173314e-01
9.139083643989547454e+02 8.552622637798351635e-01 4.384361492447989145e-02 8.514029261898332646e-01
9.139159855743715752e+02 8.962290596433197809e-01 4.544953187794707056e-02 8.906017115251305682e-01
9.139236068133418485e+02 9.260318252194458255e-01 4.642866252452888115e-02 9.143357500164750462e-01
9.139312281158665883e+02 1.002445529929342438e+00 4.675556725729500263e-02 9.222341092170436294e-01
9.139388494819460220e+02 8.563158955478917811e-01 4.641843360267967206e-02 9.140884056969096338e-01
9.139464709115809455e+02 9.775692334048156074e-01 4.541036169868337830e-02 8.896497330225388023e-01
9.139540924047716999e+02 9.093849977912327187e-01 4.374021313401715849e-02 8.488665426221390087e-01
9.139617139615188535e+02 8.686573492299277666e-01 4.145907666863891949e-02 7.924810492827141228e-01
9.139693355818228611e+02 6.558212675293686456e-01 3.868895814166676411e-02 7.227050680020399298e-01
9.139769572656844048e+02 7.312001658860357578e-01 3.563418762830447561e-02 6.435745925631067843e-01
9.139845790131039394e+02 5.418623380262178602e-01 3.255915968451054965e-02 5.606539079448566998e-01
9.139922008240821469e+02 4.422192756582228323e-01 2.973192944136932372e-02 4.800732277387586011e-01
9.139998226986192549e+02 3.300976942074672627e-01 2.735594536065959897e-02 4.072835426573530593e-01
9.140074446367160590e+02 3.285716789976078078e-01 2.552543565916765358e-02 3.460992671157432921e-01
9.140150666383729003e+02 3.252714208200555568e-01 2.422816120360013134e-02 2.984115130736026966e-01
9.140226887035904610e+02 2.908246582176222672e-01 2.338754521516306362e-02 2.645546853784079278e-01
9.140303108323690822e+02 2.290604339963837333e-01 2.291374216034283012e-02 2.440136509318391878e-01
9.140379330247095595e+02 2.162360589740502659e-01 2.273949040357678072e-02 2.361238919054061969e-01
9.140455552806121204e+02 2.330202971183074900e-01 2.283677482380396667e-02 2.405532258978732296e-01
9.140531776000775608e+02 2.900277922165493960e-01 2.322145892300769843e-02 2.574935640328759323e-01
9.140607999831063353e+02 2.657217774168136315e-01 2.395084019136275652e-02 2.875535196129785920e-01
9.140684224296988987e+02 3.278742907550113994e-01 2.511122520351314821e-02 3.313562615166145697e-01
9.140760449398559331e+02 3.798279223369154245e-01 2.678794266398228097e-02 3.888896784708320564e-01
9.140836675135777796e+02 4.526167557635736860e-01 2.901726508412329902e-02 4.587777151549580212e-01
9.140912901508648929e+02 5.503033274566708766e-01 3.173908183511973957e-02 5.377950245975888777e-01
9.140989128517180689e+02 6.065346054307405588e-01 3.478198723078770177e-02 6.209772044732191354e-01
9.141065356161377622e+02 6.694147771817182679e-01 3.789750883370449769e-02 7.024518915492385940e-01
9.141141584441245413e+02 7.366562910529184105e-01 4.082759000618589595e-02 7.767122761354017246e-01
9.141217813356787474e+02 8.411071001278451753e-01 4.337002067095035301e-02 8.397728443069383264e-01
9.141294042908010624e+02 9.680353551115191690e-01 4.541341884762430114e-02 8.897240400166260832e-01
9.141370273094919412e+02 1.004980323103561890e+00 4.693488858500795280e-02 9.265614302772828825e-01
9.141446503917519522e+02 9.677351386425722124e-01 4.797176343005273708e-02 9.515126044918845727e-01
9.141522735375817774e+02 9.428807335016262670e-01 4.858483540018006253e-02 9.662116106926246228e-01
9.141598967469817580e+02 9.788280297969507160e-01 4.882631608312332228e-02 9.719908759920274921e-01
9.141675200199522351e+02 1.037668497144902835e+00 4.871861090479920331e-02 9.694139266707748614e-01
9.141751433564942317e+02 1.026869068066107893e+00 4.824517562698634604e-02 9.580727135528173122e-01
9.141827667566077480e+02 1.057292231417430894e+00 4.735355628153706253e-02 9.366503902799451220e-01
9.141903902202936933e+02 8.819979035808459544e-01 4.597151715859483512e-02 9.032693001216103301e-01
9.141980137475526362e+02 8.328128877056838464e-01 4.403700742067586521e-02 8.561425205798911531e-01
9.142056373383848040e+02 8.112388815044235812e-01 4.153883713716842452e-02 7.944674768685083821e-01
9.142132609927909925e+02 6.888187209002000211e-01 3.855666927540590816e-02 7.193306265744023875e-01
9.142208847107714291e+02 6.431703674342472699e-01 3.528024523245894273e-02 6.342208244460090238e-01
9.142285084923269096e+02 5.780365049950435541e-01 3.198745448099652583e-02 5.447573746739313716e-01
9.142361323374578888e+02 4.612841727188629615e-01 2.897679364479222724e-02 4.575580004912612742e-01
9.142437562461650487e+02 3.688613383491235465e-01 2.647876024068804290e-02 3.786723385470477377e-01
9.142513802184486167e+02 3.323105005524508160e-01 2.459311911922767643e-02 3.123044287749411896e-01
9.142590042543091613e+02 3.054614449865802328e-01 2.328853378813552921e-02 2.603622166253493631e-01
9.142666283537475920e+02 2.264809779450379645e-01 2.245654994148014658e-02 2.228566113315689490e-01
9.142742525167639087e+02 1.727526257948936994e-01 2.197636234799432015e-02 1.987586621364252348e-01
9.142818767433589073e+02 2.124104694581601671e-01 2.175610146558137198e-02 1.868637918203154002e-01
9.142895010335333836e+02 1.808531017463146373e-01 2.174780384957516327e-02 1.864032780664180156e-01
9.142971253872873376e+02 1.648372475830142680e-01 2.194958554793865688e-02 1.973446535546674596e-01
9.143047498046217925e+02 2.357290495069314096e-01 2.240564219096621151e-02 2.204031069537427112e-01
9.143123742855367482e+02 2.687800203242008967e-01 2.320452571145789275e-02 2.567656181268355153e-01
9.143199988300331142e+02 3.260048765503851254e-01 2.446577863672353206e-02 3.075048078422162878e-01
9.143276234381114591e+02 3.659602997256006796e-01 2.630108377440179557e-02 3.727293271605756075e-01
9.143352481097721238e+02 4.451964777375795879e-01 2.875058835560484125e-02 4.507117867324378357e-01
9.143428728450156768e+02 4.916255899435003074e-01 3.172630739745373879e-02 5.374359723341290973e-01
9.143504976438428002e+02 6.015201303358480578e-01 3.500717791607325935e-02 6.269740314069421894e-01
9.143581225062538351e+02 6.561527468379581007e-01 3.829782476139350494e-02 7.127155952946422346e-01
9.143657474322494636e+02 8.291527982324664592e-01 4.131733465129441146e-02 7.889481100574180505e-01
9.143733724218300267e+02 8.223859695539879056e-01 4.387058439273810312e-02 8.520642120437263989e-01
9.143809974749960929e+02 8.899025819591657172e-01 4.587529366028539335e-02 9.009367026265147071e-01
9.143886225917483443e+02 9.256469144794543524e-01 4.734736208597541129e-02 9.365012665122669500e-01
9.143962477720872357e+02 9.306911625409790556e-01 4.836431524660127212e-02 9.609288659437394964e-01
9.144038730160131081e+02 9.986621473602084187e-01 4.902728992964237864e-02 9.767963105700425697e-01
9.144114983235269847e+02 8.974229272349818487e-01 4.943316062103872421e-02 9.864890555377305859e-01
9.144191236946288655e+02 1.017113624121804394e+00 4.965908402535513383e-02 9.918776413384311486e-01
9.144267491293195462e+02 9.546954991759658560e-01 4.975636794009413028e-02 9.941965314635285988e-01
9.144343746275995954e+02 1.016264379880426727e+00 4.974918121629358370e-02 9.940252564021424542e-01
9.144420001894693542e+02 1.042973959655509875e+00 4.963452035004844998e-02 9.912919949562167821e-01
9.144496258149293908e+02 1.031650895668254186e+00 4.938160469112688744e-02 9.852587022963226193e-01
9.144572515039803875e+02 9.474704691146905722e-01 4.893085592612352736e-02 9.744909957654483978e-01
9.144648772566227990e+02 9.701150241622583659e-01 4.819470856719353102e-02 9.568624183216437595e-01
9.144725030728570800e+02 8.870319696090036565e-01 4.706452008413878479e-02 9.296873670182307370e-01
9.144801289526839128e+02 8.458735925800190403e-01 4.542894914214432728e-02 8.901015004280991016e-01
9.144877548961036382e+02 8.540261249764196094e-01 4.320744607355471445e-02 8.357726411829229374e-01
9.144953809031169385e+02 7.564673651218805084e-01 4.039567056026126257e-02 7.658826871776508449e-01
9.145030069737242684e+02 6.964861129692878627e-01 3.710769490633653023e-02 6.820770209746112034e-01
9.145106331079261963e+02 5.868672789822350078e-01 3.358870152476200327e-02 5.888652850206531619e-01
9.145182593057232907e+02 4.837029752591684439e-01 3.017357509501118404e-02 4.930201599712135119e-01
9.145258855671161200e+02 3.665884735208277956e-01 2.719116394557908808e-02 4.019946734964384705e-01
9.145335118921047979e+02 3.939169903573626619e-01 2.485474112053895693e-02 3.220160941294535895e-01
9.145411382806904612e+02 2.739472451604132441e-01 2.320476666828130002e-02 2.567759874222274030e-01
9.145487647328732237e+02 1.636341352458920428e-01 2.214032845532969140e-02 2.072428460313771592e-01
9.145563912486538811e+02 1.220029877584704325e-01 2.150423078142307473e-02 1.724224485112774152e-01
9.145640178280327746e+02 1.673220576922654634e-01 2.115535422038606131e-02 1.504738899445812184e-01
9.145716444710102451e+02 1.501465753145238280e-01 2.099911642973551623e-02 1.396643952057509130e-01
9.145792711775873158e+02 1.435229772510698554e-01 2.098930949136658397e-02 1.389606367696201716e-01
9.145868979477643279e+02 1.833983499284017882e-01 2.112295721607319529e-02 1.482907883785639369e-01
9.145945247815417360e+02 1.390404088216598555e-01 2.143983430979658558e-02 1.685604389375737477e-01
9.146021516789199950e+02 2.107937415607399889e-01 2.202737198562337156e-02 2.014295654619893683e-01
9.146097786398997869e+02 2.289350823431050286e-01 2.302097022905481155e-02 2.487732572163187661e-01
9.146174056644816801e+02 2.787471034313711016e-01 2.457897963950324283e-02 3.117739185422682135e-01
9.146250327526659021e+02 3.527504057089246858e-01 2.681582586699358950e-02 3.898036911333761512e-01
9.146326599044533623e+02 4.648620381543563385e-01 2.971503530460256268e-02 4.795748778267722723e-01
9.146402871198442881e+02 5.571371642798930157e-01 3.308648978139070579e-02 5.751669803629611000e-01
9.146479143988394753e+02 7.344706784497999630e-01 3.661173639296816384e-02 6.691925666993150390e-01
9.146555417414391513e+02 7.037967190577198995e-01 3.995009996755716913e-02 7.546713247038070449e-01
9.146631691476442256e+02 7.970225461063562555e-01 4.283978500441043558e-02 8.267109788333973919e-01
9.146707966174550393e+02 8.854133259199237216e-01 4.514788425961932528e-02 8.832654411992733046e-01
9.146784241508718196e+02 9.297909714011800553e-01 4.686429040157757270e-02 9.248582194865901940e-01
9.146860517478957036e+02 9.570797713864149792e-01 4.806213539305406734e-02 9.536818049303313893e-01
9.146936794085268048e+02 9.376392063342324779e-01 4.885195215376963995e-02 9.726040743209033446e-01
9.147013071327655780e+02 9.590514077213672106e-01 4.934667124133759047e-02 9.844248919755518301e-01
9.147089349206127054e+02 1.011893549305038054e+00 4.964225176355283736e-02 9.914763331304943250e-01
9.147165627720689827e+02 9.302095000054120266e-01 4.981113458651415665e-02 9.955015818483600176e-01
9.147241906871346373e+02 9.330148486822361642e-01 4.990337626668969739e-02 9.976990129412814934e-01
9.147318186658101240e+02 1.017309101660028858e+00 4.995103713022076147e-02 9.988341109371321469e-01
9.147394467080963523e+02 1.031338209139931905e+00 4.997301415505952388e-02 9.993574492350634220e-01
9.147470748139933221e+02 9.754855620966056406e-01 4.997890473157957925e-02 9.994977139124179288e-01
9.147547029835019430e+02 9.307531434989749775e-01 4.997134539799587272e-02 9.993177127090285827e-01
9.147623312166226697e+02 1.054443929749763420e+00 4.994666057109326679e-02 9.987298868061442736e-01
9.147699595133559569e+02 9.249146985251545106e-01 4.989376547080884294e-02 9.974700957283030300e-01
9.147775878737026005e+02 9.981195820865612633e-01 4.979129285183632458e-02 9.950287992800183057e-01
9.147852162976627142e+02 9.738638976418768634e-01 4.960305669656137062e-02 9.905417574231762945e-01
9.147928447852370937e+02 9.688120833089520767e-01 4.927245192290234665e-02 9.826529999785394986e-01
9.148004733364263075e+02 9.331628731497869644e-01 4.871744950032071142e-02 9.693861326810078172e-01
9.148081019512305829e+02 9.589140121281667373e-01 4.782958844712943691e-02 9.480982320758861714e-01
9.148157306296509432e+02 9.675838092257934564e-01 4.648241216707773432e-02 9.156352598178836288e-01
9.148233593716873884e+02 8.432879108266431167e-01 4.455569742020477203e-02 8.688279413961602637e-01
9.148309881773408279e+02 7.818713630448497209e-01 4.197873152043776757e-02 8.054025642764889303e-01
9.148386170466114891e+02 7.088476225992234037e-01 3.878579082692897723e-02 7.251724196111650755e-01
9.148462459795000541e+02 6.481392130674981100e-01 3.516072383271525575e-02 6.310522242806537729e-01
9.148538749760074325e+02 5.201692569661170440e-01 3.143484050120348011e-02 5.292173949790700549e-01
9.148615040361335105e+02 4.440890687381232604e-01 2.801052185258891616e-02 4.279460048995768484e-01
9.148691331598789702e+02 3.425992278053107687e-01 2.522423838297278842e-02 3.354188654124760083e-01
9.148767623472448349e+02 2.529641816960309653e-01 2.322211660972163874e-02 2.575218066689801133e-01
9.148843915982309909e+02 1.537045654122866090e-01 2.193852564339415084e-02 1.967581516208954384e-01
9.148920209128384613e+02 1.978681932576569769e-01 2.118748179778526947e-02 1.526112318887894170e-01
9.148996502910674735e+02 1.495612754525695587e-01 2.077674511301513816e-02 1.228106315523549846e-01
9.149072797329185960e+02 1.158852833285152623e-01 2.056722290949023965e-02 1.046778920677440550e-01
9.149149092383923971e+02 1.230080612340629653e-01 2.047866163486618263e-02 9.605452923295859646e-02
9.149225388074894454e+02 1.074747803069525942e-01 2.047577445170560562e-02 9.576098587412459895e-02
9.149301684402104229e+02 1.046816498167536941e-01 2.055740126040116883e-02 1.037551069465995068e-01
9.149377981365555570e+02 1.007112789583520518e-01 2.075609583641936304e-02 1.211365314845633812e-01
9.149454278965254161e+02 1.095932869421037681e-01 2.114832753354200373e-02 1.500028055953141759e-01
9.149530577201206825e+02 1.825255295720723259e-01 2.186865395555133429e-02 1.930186715656803942e-01
9.149606876073419244e+02 2.580765070927450444e-01 2.310658874022360545e-02 2.525248250742464506e-01
9.149683175581897103e+02 3.092780449157413458e-01 2.505193634758469401e-02 3.292122812317753722e-01
9.149759475726641540e+02 3.972263825054964115e-01 2.778302602906205718e-02 4.208248959496362351e-01
9.149835776507660512e+02 5.252103123061782064e-01 3.117003674679018690e-02 5.217056280316823003e-01
9.149912077924960840e+02 6.905399094347783873e-01 3.488705786661999708e-02 6.237775918754632221e-01
9.149988379978545936e+02 7.885538377453731318e-01 3.853164258157038696e-02 7.186917645507653329e-01
9.150064682668422620e+02 8.070081492285411384e-01 4.176390934702731150e-02 8.000667037733915077e-01
9.150140985994594303e+02 8.248539765808660107e-01 4.438845144581440860e-02 8.647418089296751154e-01
9.150217289957068942e+02 8.750867429755969651e-01 4.636122671413621388e-02 9.127048635042731561e-01
9.150293594555848813e+02 9.642913354672818516e-01 4.774713899593711897e-02 9.461172011293479400e-01
9.150369899790940735e+02 8.898518478973611590e-01 4.866440685272527961e-02 9.681166066138494619e-01
9.150446205662348120e+02 1.025214642638783369e+00 4.924002449948424592e-02 9.818786712908635916e-01
9.150522512170081200e+02 9.688043726775085185e-01 4.958419581698463030e-02 9.900919834354695581e-01
9.150598819314139973e+02 9.941612810690757529e-01 4.978097375189867446e-02 9.947829047114300494e-01
9.150675127094531263e+02 9.680378591195821780e-01 4.988882802716056858e-02 9.973524886750370078e-01
9.150751435511261889e+02 9.893400240716018201e-01 4.994559617146007713e-02 9.987045387467787805e-01
9.150827744564336399e+02 1.006742488259598556e+00 4.997432180288671755e-02 9.993885868331805478e-01
9.150904054253760478e+02 1.014895096509908834e+00 4.998830548568952703e-02 9.997215553786352737e-01
9.150980364579536399e+02 1.055388880091983506e+00 4.999485400675373475e-02 9.998774775494163602e-01
9.151056675541673258e+02 1.035242586762755268e+00 4.999779504993995954e-02 9.999475033676249458e-01
9.151132987140175601e+02 9.805213737058049439e-01 4.999903444396079644e-02 9.999770129272219643e-01
9.151209299375049113e+02 9.692146281392547413e-01 4.999945018717189688e-02 9.999869116036540495e-01
9.151285612246297205e+02 1.026501455197493362e+00 4.999935424692773106e-02 9.999846273069298297e-01
9.151361925753926698e+02 1.028748179725478495e+00 4.999866794780045282e-02 9.999682867899967187e-01
9.151438239897941003e+02 1.021456301682333478e+00 4.999687178280968342e-02 9.999255205936273816e-01
9.151514554678348077e+02 9.706687341823202475e-01 4.999270771702136323e-02 9.998263742020728762e-01
9.151590870095150194e+02 9.504613100451096974e-01 4.998352528271933493e-02 9.996077349125862543e-01
9.151667186148356450e+02 1.006334712744517024e+00 4.996406756322074871e-02 9.991444095867352271e-01
9.151743502837969118e+02 9.265259290205152265e-01 4.992439814036199464e-02 9.981996984459635680e-01
9.151819820163993882e+02 1.056059941470530728e+00 4.984661260014239953e-02 9.963468505314521106e-01
9.151896138126436426e+02 1.008316956665542996e+00 4.970004662901651021e-02 9.928541457650601476e-01
9.151972456725303573e+02 9.758323377892109685e-01 4.943505217547210229e-02 9.865341916376346720e-01
9.152048775960598732e+02 9.307693766435083393e-01 4.897631410260514656e-02 9.755778149024461054e-01
9.152125095832327588e+02 1.028380135734364487e+00 4.821838652744212667e-02 9.574302932193073934e-01
9.152201416340496962e+02 9.475360960086616213e-01 4.702863448422641562e-02 9.288222115813882240e-01
9.152277737485109128e+02 8.787537832760303758e-01 4.526515240261723416e-02 8.861188870327059153e-01
9.152354059266172044e+02 8.188320598977483211e-01 4.281681584684288167e-02 8.261441501503528073e-01
9.152430381683690257e+02 7.511529055866117410e-01 3.966502940217381257e-02 7.474765699627614612e-01
9.152506704737669452e+02 6.990955229640398727e-01 3.594906455848932009e-02 6.518600685021578300e-01
9.152583028428113039e+02 5.926108611508265067e-01 3.199475738696919147e-02 5.449615584199827278e-01
9.152659352755027840e+02 4.857788039472479280e-01 2.825909240566018901e-02 4.356584035726288606e-01
9.152735677718418401e+02 3.566739696720452324e-01 2.517694204505294478e-02 3.337224544121041303e-01
9.152812003318292682e+02 2.306497229397269644e-01 2.297868100263273511e-02 2.469044452688236024e-01
9.152888329554651818e+02 1.591514297647803333e-01 2.161679141271054261e-02 1.789994427448672043e-01
9.152964656427504906e+02 1.426250410829430215e-01 2.086575796098069993e-02 1.297981314742545078e-01
9.153040983936855355e+02 1.187920495407005644e-01 2.048318098992676223e-02 9.651230748484676547e-02
9.153117312082707713e+02 7.568770275681145632e-02 2.029740280947837927e-02 7.554428182901015698e-02
9.153193640865069938e+02 5.893198662708128838e-02 2.021224945712141868e-02 6.375189331460082154e-02
9.153269970283943167e+02 4.078464881341509196e-02 2.018213295250313732e-02 5.903389094458501990e-02
9.153346300339337631e+02 5.339871420607524011e-02 2.019111881026491515e-02 6.047938997960472518e-02
9.153422631031254468e+02 5.533761539204244684e-02 2.024393207601847544e-02 6.837152001784704836e-02
9.153498962359702773e+02 6.382638743855680030e-02 2.036872040062751715e-02 8.419020651829781099e-02
9.153575294324685956e+02 1.112622921514358210e-01 2.063184831116112589e-02 1.105681750698231103e-01
9.153651626926207427e+02 1.230721702201715562e-01 2.116284381471518136e-02 1.509745617198245682e-01
9.153727960164274009e+02 1.780186634533244550e-01 2.217145445882124158e-02 2.088214125300455193e-01
9.153804294038892522e+02 2.711399936983682757e-01 2.390916971659848983e-02 2.858974230073546563e-01
9.153880628550066376e+02 3.926588783380430270e-01 2.653736505052702727e-02 3.806208924404466121e-01
9.153956963697801257e+02 4.343594096763021550e-01 2.997415443731173482e-02 4.871930996400374303e-01
9.154033299482103985e+02 5.991981942709524445e-01 3.387304956506163173e-02 5.965709541134026628e-01
9.154109635902977971e+02 6.793202600377953315e-01 3.776513533604147071e-02 6.990488289454923621e-01
9.154185972960428899e+02 8.113265372002201881e-01 4.124227482278885332e-02 7.870757338262430736e-01
9.154262310654463590e+02 8.133166591235909682e-01 4.406645739368262454e-02 8.568637935059213451e-01
9.154338648985084319e+02 9.673283991675402094e-01 4.618028519533487475e-02 9.083262343448424980e-01
9.154414987952299043e+02 8.988777510836764018e-01 4.765479654730081505e-02 9.438976044244468122e-01
9.154491327556112310e+02 9.440554192740476802e-01 4.862216702099588644e-02 9.671054347142907792e-01
9.154567667796528667e+02 1.032561517231345150e+00 4.922334493523151944e-02 9.814803437103103434e-01
9.154644008673554936e+02 8.842156191310830415e-01 4.957914522222051090e-02 9.899715366378776249e-01
9.154720350187195663e+02 9.510147236278195804e-01 4.978046213289323563e-02 9.947707130504337414e-01
9.154796692337455397e+02 9.946363752391852442e-01 4.988965342632484951e-02 9.973721493610840927e-01
9.154873035124340959e+02 1.028550292558415125e+00 4.994652686960975030e-02 9.987267027885950998e-01
9.154949378547855758e+02 1.055833757262990114e+00 4.997500787507708209e-02 9.994049234632965684e-01
9.155025722608007754e+02 9.148217311042683431e-01 4.998873109796055092e-02 9.997316894475367643e-01
9.155102067304800357e+02 9.938866804601782512e-01 4.999509653575264639e-02 9.998832521599310130e-01
9.155178412638236978e+02 9.743724161773549275e-01 4.999793980972123270e-02 9.999509500570784581e-01
9.155254758608326711e+02 1.010446443200578637e+00 4.999916311394732304e-02 9.999800765088406873e-01
9.155331105215074103e+02 9.311851988058622576e-01 4.999967017688748683e-02 9.999921494627889151e-01
9.155407452458483704e+02 1.003215035734203564e+00 4.999987270042912518e-02 9.999969714560623668e-01
9.155483800338558922e+02 9.491233688931037804e-01 4.999995064967222014e-02 9.999988273910419556e-01
9.155560148855307716e+02 1.127622106364748245e+00 4.999997954183570820e-02 9.999995152997860348e-01
9.155636498008735771e+02 8.303184336114428632e-01 4.999998978025052554e-02 9.999997590715812290e-01
9.155712847798845360e+02 1.061027257702122695e+00 4.999999301565360293e-02 9.999998361049902140e-01
9.155789198225646714e+02 9.923819864570244675e-01 4.999999319800471631e-02 9.999998404466834412e-01
9.155865549289137562e+02 1.059109746668787766e+00 4.999999059724481026e-02 9.999997785238268211e-01
9.155941900989332680e+02 9.547886193374067743e-01 4.999998206349398622e-02 9.999995753392733056e-01
9.156018253326229797e+02 9.858843682854975254e-01 4.999995771629160701e-02 9.999989956439134797e-01
9.156094606299836869e+02 1.067527629013871771e+00 4.999989125642112509e-02 9.999974132655934378e-01
9.156170959910159581e+02 1.006709825345132092e+00 4.999971633925850284e-02 9.999932485681423122e-01
9.156247314157202482e+02 9.520589480183943021e-01 4.999927245253404928e-02 9.999826798162760877e-01
9.156323669040972391e+02 9.473349128740927716e-01 4.999818678201373157e-02 9.999568303931303248e-01
9.156400024561470445e+02 9.954300345345105105e-01 4.999562832304343951e-02 9.998959139857912515e-01
9.156476380718706878e+02 1.038271468615419746e+00 4.998982058367564679e-02 9.997576306437112592e-01
9.156552737512687372e+02 1.017741440696779964e+00 4.997712441992375326e-02 9.994553219867750027e-01
9.156629094943410792e+02 9.410166480451835902e-01 4.995040479145772955e-02 9.988190524209528132e-01
9.156705453010890778e+02 9.162287050220064843e-01 4.989629565710521769e-02 9.975303624396516522e-01
9.156781811715126196e+02 9.534602024818105148e-01 4.979093728716334905e-02 9.950203266671872049e-01
9.156858171056123865e+02 9.653975483618432163e-01 4.959391371759566680e-02 9.903237296349420848e-01
9.156934531033892881e+02 1.059778399666671200e+00 4.924070707597957841e-02 9.818949714511054916e-01
9.157010891648432107e+02 1.042268156470218532e+00 4.863536331533797885e-02 9.674213576726558017e-01
9.157087252899752912e+02 9.504125617139028703e-01 4.764755200376570576e-02 9.437234315470981461e-01
9.157163614787857568e+02 1.001347859097346582e+00 4.612158392611813429e-02 9.069048655755216348e-01
9.157239977312750625e+02 8.170465597518397072e-01 4.390741413725334635e-02 8.529670976448653352e-01
9.157316340474438903e+02 7.017928059419057396e-01 4.092068174702379740e-02 7.790415982281760909e-01
9.157392704272926949e+02 6.979857240253271033e-01 3.722417088520715150e-02 6.850925930352531612e-01
9.157469068708222721e+02 5.853611345195373072e-01 3.309515419836428496e-02 5.754043056797690792e-01
9.157545433780328494e+02 4.597526869205664224e-01 2.901593871308581415e-02 4.587377658818446724e-01
9.157621799489248815e+02 3.780274752883266420e-01 2.553319885173277806e-02 3.463718437348144996e-01
9.157698165834991642e+02 2.455542426713999138e-01 2.301641018575661252e-02 2.485722544324341088e-01
9.157774532817561521e+02 1.593091668186180643e-01 2.148714391498384585e-02 1.714050670179995683e-01
9.157850900436964139e+02 1.294773803953848668e-01 2.069115324439384576e-02 1.157251107841274773e-01
9.157927268693202905e+02 6.704743481603456234e-02 2.032106234723432547e-02 7.851473927684086973e-02
9.158003637586284640e+02 6.344217320874588617e-02 2.015936476395439880e-02 5.520523509411784380e-02
9.158080007116213892e+02 2.650856721584451611e-02 2.009033944672379904e-02 4.152881478244889457e-02
9.158156377282998619e+02 -1.204251698740841509e-02 2.006195555960456692e-02 3.437933315480855290e-02
9.158232748086639958e+02 4.649682750543228382e-02 2.005351113007799307e-02 3.194726845592189141e-02
9.158309119527145867e+02 3.199606503298266930e-02 2.005914519235479573e-02 3.358936852478892898e-02
9.158385491604522031e+02 5.819729336481323234e-02 2.008274520624877060e-02 3.974121702737232198e-02
9.158461864318770722e+02 3.031180377344153479e-02 2.014134440181749447e-02 5.197877033775182010e-02
9.158538237669899900e+02 5.860622260160840147e-02 2.027903428585754383e-02 7.315750016099605013e-02
9.158614611657915248e+02 1.082284769843303018e-01 2.059624564589945458e-02 1.073608618539303172e-01
9.158690986282820177e+02 1.930876566567394925e-01 2.128923636912317952e-02 1.592117416943087116e-01
9.158767361544620371e+02 2.374702461631228723e-01 2.265449941831939804e-02 2.322010151020025837e-01
9.158843737443322652e+02 3.464678685365263910e-01 2.497363075081158318e-02 3.263669005695516989e-01
9.158920113978932704e+02 4.726604999797234252e-01 2.829089867481163895e-02 4.366402888638186153e-01
9.158996491151452801e+02 5.911295419377952109e-01 3.229610956643857306e-02 5.533614607895533943e-01
9.159072868960889764e+02 6.310340791029341867e-01 3.645694557356624760e-02 6.651562260564836127e-01
9.159149247407249277e+02 7.489803300513639961e-01 4.026388764141807658e-02 7.625710452698648556e-01
9.159225626490537024e+02 8.455917722871151287e-01 4.339645369083002663e-02 8.404228536068873989e-01
9.159302006210757554e+02 9.063588978986326650e-01 4.575477697908238855e-02 8.980135820590152695e-01
9.159378386567916550e+02 8.939597780807732041e-01 4.740161713659413190e-02 9.378073000456872421e-01
9.159454767562018560e+02 9.353809450176593376e-01 4.847991802639314840e-02 9.636988419925657245e-01
9.159531149193070405e+02 9.409985000295628677e-01 4.914744008238505074e-02 9.796673091089538321e-01
9.159607531461075496e+02 9.989521763479728422e-01 4.954052614536471472e-02 9.890504683630301219e-01
9.159683914366040653e+02 9.671660295732634749e-01 4.976168137799381885e-02 9.943231590336985004e-01
9.159760297907969289e+02 9.309362792376061346e-01 4.988091237466865668e-02 9.971639377576163588e-01
9.159836682086869359e+02 9.338993080696481597e-01 4.994263165843385033e-02 9.986339400461977656e-01
9.159913066902746550e+02 9.942213578778884564e-01 4.997334634287477206e-02 9.993653592776056138e-01
9.159989452355603134e+02 1.087290212910157372e+00 4.998805315211567873e-02 9.997155471657563908e-01
9.160065838445444797e+02 9.936303742397514238e-01 4.999483216839339939e-02 9.998769575782405772e-01
9.160142225172278359e+02 1.005262420301201498e+00 4.999784133095903221e-02 9.999486053058073143e-01
9.160218612536110641e+02 9.667901776238637668e-01 4.999912801640631066e-02 9.999792408503843655e-01
9.160295000536943917e+02 1.004487761113069366e+00 4.999965811307287289e-02 9.999918622287407022e-01
9.160371389174782735e+02 8.931166238831442783e-01 4.999986860162447533e-02 9.999968738654277933e-01
9.160447778449636189e+02 9.840192987020379700e-01 4.999994919877776001e-02 9.999987928459292963e-01
9.160524168361506554e+02 9.206727767954971942e-01 4.999997899061977419e-02 9.999995021755962998e-01
9.160600558910400650e+02 9.646689862306658814e-01 4.999998964742611435e-02 9.999997559090951782e-01
9.160676950096324163e+02 9.171866321943443756e-01 4.999999335760761665e-02 9.999998442467525894e-01
9.160753341919279364e+02 1.092838350448887441e+00 4.999999463111605424e-02 9.999998745683826851e-01
9.160829734379275351e+02 1.016813774213586763e+00 4.999999507321643832e-02 9.999998850945825968e-01
9.160906127476315532e+02 1.084362615280690445e+00 4.999999523395214085e-02 9.999998889216232811e-01
9.160982521210405594e+02 9.814875053796030535e-01 4.999999529499616485e-02 9.999998903750523249e-01
9.161058915581551219e+02 9.854091507566550279e-01 4.999999531431941618e-02 9.999998908351297455e-01
9.161135310589758092e+02 9.344479948778041667e-01 4.999999530983365026e-02 9.999998907283256244e-01
9.161211706235030761e+02 1.013813185578494647e+00 4.999999528683965466e-02 9.999998901808495599e-01
9.161288102517372636e+02 1.001227867146615935e+00 4.999999524664436312e-02 9.999998892238188830e-01
9.161364499436790538e+02 9.575119871920515502e-01 4.999999518902362161e-02 9.999998878518965295e-01
9.161440896993292426e+02 1.009632243799929441e+00 4.999999511240450778e-02 9.999998860276319013e-01
9.161517295186879437e+02 1.000043171074992632e+00 4.999999501206357083e-02 9.999998836385618484e-01
9.161593694017561802e+02 1.061762607005776404e+00 4.999999487345210825e-02 9.999998803382889045e-01
9.161670093485339521e+02 9.993336457613184454e-01 4.999999465054979358e-02 9.999998750310907791e-01
9.161746493590219416e+02 9.541191610135195678e-01 4.999999419883374013e-02 9.999998642759464484e-01
9.161822894332208307e+02 1.080669301893603773e+00 4.999999307597406684e-02 9.999998375411918161e-01
9.161899295711311879e+02 1.028844470475838158e+00 4.999998997297262771e-02 9.999997636602028228e-01
9.161975697727533543e+02 9.977238773662062687e-01 4.999998115646313995e-02 9.999995537432992965e-01
9.162052100380880120e+02 1.026795362278174917e+00 4.999995637910659846e-02 9.999989638061700381e-01
9.162128503671356157e+02 1.053343979539279607e+00 4.999988859212649295e-02 9.999973498299803421e-01
9.162204907598966201e+02 1.028154985157214041e+00 4.999970916918804187e-02 9.999930778519928731e-01
9.162281312163715938e+02 9.851474445380311584e-01 4.999925082883416305e-02 9.999821649648319433e-01
9.162357717365613325e+02 9.377915680179755853e-01 4.999812199363500020e-02 9.999552878018416191e-01
9.162434123204660636e+02 9.541630003521803793e-01 4.999544289279225090e-02 9.998914989047221757e-01
9.162510529680862419e+02 1.009558079426818855e+00 4.998931760602232099e-02 9.997456545092759939e-01
9.162586936794226631e+02 1.042008000835716874e+00 4.997583052745493970e-02 9.994245122603839793e-01
9.162663344544757820e+02 9.457615530611778176e-01 4.994724077493501585e-02 9.987437039803787053e-01
9.162739752932462807e+02 1.031563625449520405e+00 4.988892554506187127e-02 9.973548115166421812e-01
9.162816161957341592e+02 1.055419455416080066e+00 4.977456219179930003e-02 9.946301182470996816e-01
9.162892571619405544e+02 1.041824159865056165e+00 4.955919700491880769e-02 9.894957873891800926e-01
9.162968981918656937e+02 9.051868659818370633e-01 4.917052679938788140e-02 9.802188083729372892e-01
9.163045392855101454e+02 9.974586666273058677e-01 4.850038100970081173e-02 9.641890172727578534e-01
9.163121804428745918e+02 8.863891491889588359e-01 4.740150401656805651e-02 9.378045773452367007e-01
9.163198216639592601e+02 8.951799901336295884e-01 4.569911450491756510e-02 8.966628810176345832e-01
9.163274629487647189e+02 8.520108984553668163e-01 4.323004765371617902e-02 8.363290051563433414e-01
9.163351042972918776e+02 6.560464556770987388e-01 3.991839050179722681e-02 7.538718819817183947e-01
9.163427457095410773e+02 7.098940552925918634e-01 3.587643901954785247e-02 6.499519714120063352e-01
9.163503871855126590e+02 5.443545054079417245e-01 3.148077927297362327e-02 5.305161339987658486e-01
9.163580287252073049e+02 3.992956968154119379e-01 2.733530073100613050e-02 4.066229540110143370e-01
9.163656703286254697e+02 2.986968346361119631e-01 2.405129098708023300e-02 2.915186902615612974e-01
9.163733119957679492e+02 2.004692048717363062e-01 2.192491352311946515e-02 1.960343058799777771e-01
9.163809537266348570e+02 1.266595066989321117e-01 2.080511302362892875e-02 1.250766203298356027e-01
9.163885955212269891e+02 8.233273971635474142e-02 2.031160239584860888e-02 7.734031771410708467e-02
9.163962373795449139e+02 4.024720958481631944e-02 2.011948031610671928e-02 4.777675398994416650e-02
9.164038793015890860e+02 2.023999353840763571e-02 2.004909950987398409e-02 3.060035194659347507e-02
9.164115212873598466e+02 3.410015673645611090e-02 2.002344673304016359e-02 2.113932407019396970e-02
9.164191633368581051e+02 7.059375493874317509e-02 2.001399822217228910e-02 1.633189856753590810e-02
9.164268054500840890e+02 2.579437912075847883e-02 2.001103022076696977e-02 1.449697131022723885e-02
9.164344476270385940e+02 1.445014146649271913e-02 2.001177239951232659e-02 1.497688131898855003e-02
9.164420898677218474e+02 2.524120819591909454e-02 2.001689715629804966e-02 1.794411750566537317e-02
9.164497321721345315e+02 5.423204456016753050e-03 2.003137294958702228e-02 2.445513210383562508e-02
9.164573745402773284e+02 4.062381732035712928e-02 2.007070964148642209e-02 3.673194787247544696e-02
9.164650169721504653e+02 7.231400794958332823e-02 2.017897686565428561e-02 5.851787443743281664e-02
9.164726594677546245e+02 9.640754086236894005e-02 2.046916646346909341e-02 9.508589045803562956e-02
9.164803020270903744e+02 1.540229279095976234e-01 2.118156301890925658e-02 1.522194875197547814e-01
9.164879446501581697e+02 2.304443491977166136e-01 2.268821593856788082e-02 2.337633648338102998e-01
9.164955873369585788e+02 3.490733908273748187e-01 2.531233419901262466e-02 3.385643869819060514e-01
9.165032300874922839e+02 5.013370800967672514e-01 2.902318493784915993e-02 4.589559964446229823e-01
9.165108729017595124e+02 5.788209582233179162e-01 3.335568109218897681e-02 5.825238483568597747e-01
9.165185157797609463e+02 6.453529574693633863e-01 3.766379991889054479e-02 6.964405537841369398e-01
9.165261587214970405e+02 7.593291891691540396e-01 4.142482697399797742e-02 7.916277082849093594e-01
9.165338017269685906e+02 9.015451544857990829e-01 4.437883263992305205e-02 8.645066846963747054e-01
9.165414447961759379e+02 9.038406527831818194e-01 4.650584773236704494e-02 9.162017565761363391e-01
9.165490879291195370e+02 9.929675198331511243e-01 4.793023471823375237e-02 9.505155017950311924e-01
9.165567311258000700e+02 1.016174876320943943e+00 4.882703786739763657e-02 9.720081414953686272e-01
9.165643743862179917e+02 1.063029548639154109e+00 4.936215055413276792e-02 9.847943748157774735e-01
9.165720177103738706e+02 9.334227969688686510e-01 4.966647489274728100e-02 9.920538431882237607e-01
9.165796610982680477e+02 1.095697293664812833e+00 4.983207443819588633e-02 9.960004907460786594e-01
9.165873045499014324e+02 1.033769755921861266e+00 4.991851716453802462e-02 9.980596331983095926e-01
9.165949480652742523e+02 1.022599456033299825e+00 4.996187436672606952e-02 9.990921832467822838e-01
9.166025916443870756e+02 9.458035946791804038e-01 4.998279186301676086e-02 9.995902714177352655e-01
9.166102352872405845e+02 1.050334124313391682e+00 4.999250500618949294e-02 9.998215476177279015e-01
9.166178789938351201e+02 1.094879769994029362e+00 4.999684810212189079e-02 9.999249567609836964e-01
9.166255227641713645e+02 9.547814155790612656e-01 4.999871863696035007e-02 9.999694936807614898e-01
9.166331665982496588e+02 1.016730439948020592e+00 4.999949485540506472e-02 9.999879751351496981e-01
9.166408104960709124e+02 9.657213324565165902e-01 4.999980532156122343e-02 9.999953671963229818e-01
9.166484544576352391e+02 1.056691372317766664e+00 4.999992509069169783e-02 9.999982188437440689e-01
9.166560984829434346e+02 1.065537809386570389e+00 4.999996971976790328e-02 9.999992814410070263e-01
9.166637425719959538e+02 1.002306169401437241e+00 4.999998584194908363e-02 9.999996653024952886e-01
9.166713867247931375e+02 9.885598800269222997e-01 4.999999154196960172e-02 9.999998010172749252e-01
9.166790309413358955e+02 1.141445054222240518e+00 4.999999356277970430e-02 9.999998491318022875e-01
9.166866752216244549e+02 9.244566955986435186e-01 4.999999432300341468e-02 9.999998672323672233e-01
9.166943195656593844e+02 9.939860804487181678e-01 4.999999465808342702e-02 9.999998752104630739e-01
9.167019639734413659e+02 9.851509414044469226e-01 4.999999484656143106e-02 9.999998796980346105e-01
9.167096084449709679e+02 1.058890165817819140e+00 4.999999497860046355e-02 9.999998828418211749e-01
9.167172529802485315e+02 9.664889820090745154e-01 4.999999508298483275e-02 9.999998853271634403e-01
9.167248975792745114e+02 1.026743895638313253e+00 4.999999516915525077e-02 9.999998873788399356e-01
9.167325422420498171e+02 9.694324500070156114e-01 4.999999524058752753e-02 9.999998890796085727e-01
9.167401869685745623e+02 1.039019992003187287e+00 4.999999529889784244e-02 9.999998904679493483e-01
9.167478317588494292e+02 1.029195075380510360e+00 4.999999534506510690e-02 9.999998915671699518e-01
9.167554766128749861e+02 9.065143996751861000e-01 4.999999537979044062e-02 9.999998923939635853e-01
9.167631215306520289e+02 9.665563249682894709e-01 4.999999540360674372e-02 9.999998929610184328e-01
9.167707665121806713e+02 9.663278055616805196e-01 4.999999541691661081e-02 9.999998932779199379e-01
9.167784115574614816e+02 1.061869416109426867e+00 4.999999542000916480e-02 9.999998933515523714e-01
9.167860566664951421e+02 9.805835564107661106e-01 4.999999541306942435e-02 9.999998931863203211e-01
9.167937018392822210e+02 9.953038279749714112e-01 4.999999539618400074e-02 9.999998927842865815e-01
9.168013470758232870e+02 9.315802200643300557e-01 4.999999536934443545e-02 9.999998921452490919e-01
9.168089923761184536e+02 9.299236346003904030e-01 4.999999533244826183e-02 9.999998912667686923e-01
9.168166377401689715e+02 8.507008489192072753e-01 4.999999528529805448e-02 9.999998901441449206e-01
9.168242831679746132e+02 1.040426872900882538e+00 4.999999522759851489e-02 9.999998887703464012e-01
9.168319286595364019e+02 9.533840092540575295e-01 4.999999515895132973e-02 9.999998871358896091e-01
9.168395742148546788e+02 9.657640132212865769e-01 4.999999507884775318e-02 9.999998852286614559e-01
9.168472198339301258e+02 9.541923278454219615e-01 4.999999498665860798e-02 9.999998830336818134e-01
9.168548655167631978e+02 9.513767440239857542e-01 4.999999488162083783e-02 9.999998805327823259e-01
9.168625112633542358e+02 9.691551284405183209e-01 4.999999476281908467e-02 9.999998777041693154e-01
9.168701570737040356e+02 1.019352118912593586e+00 4.999999462915657306e-02 9.999998745217283380e-01
9.168778029478129383e+02 1.022355572673006696e+00 4.999999447929506791e-02 9.999998709535973251e-01
9.168854488856815124e+02 1.064225199356291229e+00 4.999999431149177581e-02 9.999998669582808031e-01
9.168930948873105535e+02 1.000755513168423372e+00 4.999999412307658264e-02 9.999998624722044038e-01
9.169007409527004029e+02 1.073408509437633329e+00 4.999999390869457744e-02 9.999998573678711145e-01
9.169083870818514015e+02 9.680752495118389866e-01 4.999999365443999477e-02 9.999998513141903356e-01
9.169160332747642315e+02 9.634170329640953101e-01 4.999999331882371001e-02 9.999998433233263651e-01
9.169236795314396886e+02 1.031732533106510141e+00 4.999999277321486718e-02 9.999998303326392834e-01
9.169313258518778866e+02 1.039514612031199992e+00 4.999999162260253260e-02 9.999998029371065522e-01
9.169389722360795076e+02 9.573936567088157101e-01 4.999998868754310793e-02 9.999997330547369945e-01
9.169466186840451201e+02 1.029030782125787802e+00 4.999998056727878587e-02 9.999995397150994725e-01
9.169542651957752923e+02 9.884408634570478469e-01 4.999995781779227599e-02 9.999989980605962225e-01
9.169619117712704792e+02 9.723340202336451243e-01 4.999989520920302549e-02 9.999975073794862279e-01
9.169695584105312491e+02 9.817791502757133859e-01 4.999972794244372798e-02 9.999935248347491257e-01
9.169772051135582842e+02 9.587564823434718830e-01 4.999929609667187053e-02 9.999832427734721696e-01
9.169848518803518118e+02 1.010553794140060191e+00 4.999822060076498931e-02 9.999576356070021266e-01
9.169924987109124004e+02 9.521703127611688133e-01 4.999563889276915224e-02 9.998961656501134110e-01
9.170001456052409594e+02 1.105696046945037203e+00 4.998966801429882700e-02 9.997539978975344965e-01
9.170077925633374889e+02 9.232923208498058365e-01 4.997636778829692150e-02 9.994373053508727178e-01
9.170154395852030120e+02 9.881134385723641111e-01 4.994784386196681608e-02 9.987580660703005986e-01
9.170230866708377562e+02 1.068704618014785668e+00 4.988897815165513339e-02 9.973560645865575669e-01
9.170307338202421761e+02 1.054544748830184453e+00 4.977217263429361410e-02 9.945731745000040425e-01
9.170383810334171812e+02 1.044343420992005278e+00 4.954961620153310736e-02 9.892672795450654366e-01
9.170460283103627717e+02 9.989811170254043748e-01 4.914328927908817590e-02 9.795681485915711528e-01
9.170536756510800842e+02 9.811316343176460508e-01 4.843480167094881689e-02 9.626179638236929126e-01
9.170613230555691189e+02 9.128471732723100196e-01 4.726091116040914697e-02 9.344195381263356026e-01
9.170689705238307852e+02 8.595946756676114964e-01 4.542622082686090246e-02 8.900351915691814275e-01
9.170766180558656515e+02 7.935945162671231845e-01 4.274947835523548734e-02 8.244819180553134563e-01
9.170842656516738316e+02 6.918856908424207974e-01 3.915603961888036721e-02 7.345861966703028934e-01
9.170919133112561212e+02 6.313013054926652767e-01 3.480329710799105747e-02 6.215455006378801661e-01
9.170995610346130889e+02 5.151747230843336522e-01 3.017154902630079724e-02 4.929611115358943363e-01
9.171072088217453029e+02 3.658295126445875733e-01 2.599531244610206113e-02 3.623706857993658215e-01
9.171148566726529907e+02 2.556387658614023839e-01 2.294013068344367620e-02 2.451914760511340885e-01
9.171225045873369481e+02 1.368183260319313088e-01 2.119022555075917788e-02 1.527925281264233270e-01
9.171301525657977436e+02 6.346300249184025355e-02 2.040824450797597972e-02 8.863100063086283564e-02
9.171378006080356045e+02 7.597004862724836272e-02 2.012541478512679810e-02 4.895250540311114895e-02
9.171454487140515539e+02 2.378533022996041565e-02 2.003725061220142795e-02 2.664959726108234728e-02
9.171530968838455919e+02 3.112256481944700170e-02 2.001172738772905718e-02 1.494821404194955280e-02
9.171607451174186281e+02 -2.038182319954222679e-02 2.000432454879588415e-02 9.076676787626143661e-03
9.171683934147708896e+02 -1.104963422290682062e-02 2.000205570393481791e-02 6.258040881571479315e-03
9.171760417759033999e+02 7.282492113227923350e-03 2.000136056461538150e-02 5.091286270179827718e-03
9.171836902008161587e+02 5.961934419911277261e-02 2.000131120181398645e-02 4.998088559245534787e-03
9.171913386895099620e+02 -3.012205074050566464e-03 2.000184748347330621e-02 5.932670952903972006e-03
9.171989872419852645e+02 -2.464997538866077129e-02 2.000366600488450580e-02 8.357024720587687833e-03
9.172066358582426346e+02 -6.032436174536987689e-03 2.000953508952730761e-02 1.347845855662628892e-02
9.172142845382827545e+02 5.773349295596513775e-02 2.002960945972884557e-02 2.375735660366029914e-02
9.172219332821058515e+02 3.133777670376279578e-02 2.009931343110367072e-02 4.354751360980292640e-02
9.172295820897126077e+02 4.915427912398843274e-02 2.032746228467687336e-02 7.929971179485165167e-02
9.172372309611037053e+02 8.144190394714642678e-02 2.097997935921130236e-02 1.382880774886068032e-01
9.172448798962792580e+02 1.774562660448878726e-01 2.250661255697573859e-02 2.252486656219923056e-01
9.172525288952402889e+02 3.197462813334097098e-01 2.530508741715228882e-02 3.383063272815433065e-01
9.172601779579871391e+02 4.643532533377598970e-01 2.930639296819784190e-02 4.674473124789892964e-01
9.172678270845200359e+02 5.233817158933543601e-01 3.391057503290714065e-02 5.975852635470411123e-01
9.172754762748400026e+02 7.003910124048265962e-01 3.836404041752709132e-02 7.144093821816527301e-01
9.172831255289473802e+02 7.695974238629551545e-01 4.212505666524414549e-02 8.090324642157847856e-01
9.172907748468423961e+02 8.977883803044206523e-01 4.497811764218257596e-02 8.791313561068653248e-01
9.172984242285260734e+02 9.629169253765983427e-01 4.696305528125862411e-02 9.272408048629726673e-01
9.173060736739987533e+02 9.456670938593751963e-01 4.824907181039043286e-02 9.581661404399698378e-01
9.173137231832607768e+02 9.968160632815269429e-01 4.903365476164901759e-02 9.769484339270277928e-01
9.173213727563129396e+02 9.375601435583652554e-01 4.948796602737231404e-02 9.877966803523993145e-01
9.173290223931556966e+02 1.020988067981687397e+00 4.973900840724631428e-02 9.937828083620985353e-01
9.173366720937897298e+02 1.037236953607589829e+00 4.987186478046132937e-02 9.969484169576645627e-01
9.173443218582150394e+02 9.700610298631384687e-01 4.993935841467878056e-02 9.985559881161144569e-01
9.173519716864326483e+02 1.044612146234428884e+00 4.997232064189929823e-02 9.993409352960010983e-01
9.173596215784431251e+02 9.938784720076192514e-01 4.998780999688420129e-02 9.997097574892144234e-01
9.173672715342466972e+02 1.018792153013543755e+00 4.999481744642173681e-02 9.998766070481949209e-01
9.173749215538439330e+02 9.990079170649619478e-01 4.999787072352269990e-02 9.999493051344663375e-01
9.173825716372357419e+02 1.066010534530291043e+00 4.999915244884638871e-02 9.999798225770518689e-01
9.173902217844222378e+02 1.050493708358822165e+00 4.999967103039924810e-02 9.999921697845228774e-01
9.173978719954039889e+02 1.023355693110895803e+00 4.999987339234971545e-02 9.999969879303701736e-01
9.174055222701815637e+02 9.685859491124254594e-01 4.999994966776571265e-02 9.999988040123113375e-01
9.174131726087558718e+02 9.214099935852277934e-01 4.999997754232480413e-02 9.999994676923797954e-01
9.174208230111270268e+02 1.011886050281275651e+00 4.999998751534713570e-02 9.999997051453078933e-01
9.174284734772955971e+02 1.040381611616623792e+00 4.999999109784247775e-02 9.999997904428192808e-01
9.174361240072621513e+02 1.024576666096636002e+00 4.999999246881527137e-02 9.999998230850296599e-01
9.174437746010272576e+02 9.942047037020351752e-01 4.999999308913758572e-02 9.999998378546088862e-01
9.174514252585915983e+02 1.012390587605172421e+00 4.999999345164815590e-02 9.999998464858131930e-01
9.174590759799556281e+02 1.041472972914561090e+00 4.999999371772195778e-02 9.999998528209038673e-01
9.174667267651195743e+02 9.991983463767813989e-01 4.999999393944806053e-02 9.999998581000968390e-01
9.174743776140841192e+02 9.262062071688462739e-01 4.999999413409591392e-02 9.999998627345696445e-01
9.174820285268500584e+02 9.034220723608283876e-01 4.999999430811132017e-02 9.999998668777937416e-01
9.174896795034178467e+02 9.788170568536548322e-01 4.999999446456931257e-02 9.999998706029838980e-01
9.174973305437877116e+02 1.010291985333429121e+00 4.999999460541965091e-02 9.999998739565636452e-01
9.175049816479604488e+02 1.133602834496322043e+00 4.999999473215517576e-02 9.999998769740759963e-01
9.175126328159366267e+02 1.080850469967375105e+00 4.999999484601778260e-02 9.999998796850906313e-01
9.175202840477165864e+02 9.694125655022105548e-01 4.999999494807195327e-02 9.999998821149518324e-01
9.175279353433008964e+02 1.015543867095060504e+00 4.999999503923938798e-02 9.999998842856051562e-01
9.175355867026902388e+02 9.966984052117549009e-01 4.999999512032081428e-02 9.999998862161152413e-01
9.175432381258850683e+02 1.032727953543932431e+00 4.999999519201250853e-02 9.999998879230604931e-01
9.175508896128858396e+02 9.897712954413256936e-01 4.999999525491956309e-02 9.999998894208476097e-01
9.175585411636930075e+02 9.514189351507001957e-01 4.999999530956691918e-02 9.999998907219748157e-01
9.175661927783074816e+02 1.032324097358722437e+00 4.999999535640843595e-02 9.999998918372492440e-01
9.175738444567293755e+02 1.059277415617318363e+00 4.999999539583473152e-02 9.999998927759705669e-01
9.175814961989595986e+02 9.485889575440187294e-01 4.999999542817947645e-02 9.999998935460834293e-01
9.175891480049981510e+02 1.051440310994758320e+00 4.999999545372475068e-02 9.999998941543042363e-01
9.175967998748461696e+02 9.461843010352680716e-01 4.999999547270558148e-02 9.999998946062289562e-01
9.176044518085038817e+02 9.890055267476716150e-01 4.999999548531351007e-02 9.999998949064176079e-01
9.176121038059718558e+02 9.947824860045160200e-01 4.999999549169963087e-02 9.999998950584680912e-01
9.176197558672505465e+02 1.046406711138034851e+00 4.999999549197688825e-02 9.999998950650695884e-01
9.176274079923406362e+02 1.022280821947222362e+00 4.999999548622204720e-02 9.999998949280495264e-01
9.176350601812425793e+02 1.004349300180318316e+00 4.999999547447695619e-02 9.999998946484043305e-01
9.176427124339569446e+02 9.409604854196927937e-01 4.999999545674933821e-02 9.999998942263182977e-01
9.176503647504839591e+02 8.883953567619491398e-01 4.999999543301344301e-02 9.999998936611778078e-01
9.176580171308247600e+02 9.893431559559058286e-01 4.999999540320992919e-02 9.999998929515703239e-01
9.176656695749792334e+02 1.036862051472147828e+00 4.999999536724552412e-02 9.999998920952750669e-01
9.176733220829486299e+02 9.962716218271243651e-01 4.999999532499224686e-02 9.999998910892446968e-01
9.176809746547326085e+02 9.545790727555834021e-01 4.999999527628616602e-02 9.999998899295761134e-01
9.176886272903324198e+02 9.821709386449144485e-01 4.999999522092570675e-02 9.999998886114699337e-01
9.176962799897484047e+02 1.048711745717068711e+00 4.999999515866947186e-02 9.999998871291786440e-01
9.177039327529809043e+02 1.025561197414249337e+00 4.999999508923358427e-02 9.999998854759430955e-01
9.177115855800306008e+02 9.360854403056950712e-01 4.999999501228834936e-02 9.999998836439136785e-01
9.177192384708979489e+02 9.364328258349653433e-01 4.999999492745434149e-02 9.999998816240562860e-01
9.177268914255837444e+02 1.038808984035698657e+00 4.999999483429770630e-02 9.999998794060411811e-01
9.177345444440883284e+02 9.184273300564014253e-01 4.999999473232456110e-02 9.999998769781089925e-01
9.177421975264119283e+02 9.271205081902320622e-01 4.999999462097449304e-02 9.999998743269170598e-01
9.177498506725555671e+02 9.861152717038608184e-01 4.999999449961279457e-02 9.999998714373525832e-01
9.177575038825195861e+02 1.031004870490920267e+00 4.999999436752143589e-02 9.999998682923203486e-01
9.177651571563042125e+02 1.015852616016910348e+00 4.999999422388838599e-02 9.999998648724857109e-01
9.177728104939106970e+02 1.019336805982883343e+00 4.999999406779490063e-02 9.999998611559739459e-01
9.177804638953389258e+02 9.859104357721200085e-01 4.999999389820067308e-02 9.999998571180160889e-01
9.177881173605896947e+02 1.078604817648276537e+00 4.999999371392609832e-02 9.999998527305262730e-01
9.177957708896633449e+02 9.868533882251603329e-01 4.999999351363106775e-02 9.999998479615967995e-01
9.178034244825607857e+02 9.689068560921818563e-01 4.999999329578904556e-02 9.999998427748819640e-01
9.178110781392822446e+02 1.017089948208620420e+00 4.999999305865419214e-02 9.999998371288139065e-01
9.178187318598284037e+02 1.043630412084069592e+00 4.999999280021345804e-02 9.999998309754628556e-01
9.178263856441994903e+02 9.634162289499534904e-01 4.999999251809759959e-02 9.999998242584183794e-01
9.178340394923965277e+02 1.014445727454232449e+00 4.999999220935650440e-02 9.999998169074395538e-01
9.178416934044194022e+02 1.074554464122353226e+00 4.999999186976598203e-02 9.999998088219509418e-01
9.178493473802693643e+02 1.028286360219770934e+00 4.999999149153191991e-02 9.999997998163777657e-01
9.178570014199466414e+02 9.223754503051561082e-01 4.999999105566901858e-02 9.999997894386891684e-01
9.178646555234516882e+02 1.011271505391787118e+00 4.999999050733274636e-02 9.999997763830632547e-01
9.178723096907849595e+02 1.001625099348345538e+00 4.999998967871640415e-02 9.999997566541022342e-01
9.178799639219472510e+02 1.047668902135479918e+00 4.999998805719449435e-02 9.999997180464360591e-01
9.178876182169389040e+02 1.099398606378188870e+00 4.999998411560675760e-02 9.999996241991043755e-01
9.178952725757604867e+02 9.839303102141856439e-01 4.999997345577891078e-02 9.999993703936592704e-01
9.179029269984125676e+02 9.551069671083943780e-01 4.999994387321879397e-02 9.999986660468808131e-01
9.179105814848957152e+02 8.817623581926935517e-01 4.999986278334112716e-02 9.999967353348013788e-01
9.179182360352104979e+02 9.594929964605927175e-01 4.999964654386757773e-02 9.999915867711075546e-01
9.179258906493571430e+02 9.594471177817424090e-01 4.999908883974810841e-02 9.999783080696419413e-01
9.179335453273364465e+02 9.552626152939719395e-01 4.999770088936451862e-02 9.999452614299320086e-01
9.179412000691488629e+02 1.000595554489114081e+00 4.999437110372633580e-02 9.998659796222959528e-01
9.179488548747950745e+02 1.068307200650743916e+00 4.998667436406332987e-02 9.996827172978702825e-01
9.179565097442755359e+02 1.113444210952398317e+00 4.996953960273479295e-02 9.992747127374996818e-01
9.179641646775905883e+02 9.933775125762321911e-01 4.993281621006884913e-02 9.984001833276217042e-01
9.179718196747409138e+02 9.977261374983992237e-01 4.985709269097608753e-02 9.965965180773505017e-01
9.179794747357271945e+02 9.827997602020749346e-01 4.970701708338991914e-02 9.930202984076081929e-01
9.179871298605496577e+02 9.703453402937781691e-01 4.942160427683867097e-02 9.862132917598660509e-01
9.179947850492089856e+02 9.441605589955900379e-01 4.890211793179443517e-02 9.738038201498525614e-01
9.180024403017059740e+02 1.025523535720555879e+00 4.800096145190007463e-02 9.522135390717885173e-01
9.180100956180406229e+02 9.758900304489134259e-01 4.652055728151716085e-02 9.165572904075869332e-01
9.180177509982137281e+02 8.574950592914745151e-01 4.423907966772419598e-02 8.610890612427006818e-01
9.180254064422260853e+02 8.286280190698043224e-01 4.098505769028983059e-02 7.806514263747608151e-01
9.180330619500776947e+02 6.473803925524608260e-01 3.677127472965241450e-02 6.733451161106658311e-01
9.180407175217694657e+02 5.616632260434692991e-01 3.194983052633236509e-02 5.437049623327177006e-01
9.180483731573017394e+02 3.471787130871848981e-01 2.726111842275934921e-02 4.042444968175736841e-01
9.180560288566754252e+02 2.955610157208289346e-01 2.358581818360139248e-02 2.728079993463998765e-01
9.180636846198906369e+02 1.689167578148494386e-01 2.139235266275802891e-02 1.656628281486189069e-01
9.180713404469479428e+02 8.258603525554805702e-02 2.042625909339333343e-02 9.058558338478764349e-02
9.180789963378479115e+02 9.544900251961589699e-02 2.010703498451613114e-02 4.521307198336195488e-02
9.180866522925913387e+02 4.054306201480253891e-02 2.002358029287203828e-02 2.119948135821654589e-02
9.180943083111785654e+02 2.414138793687434920e-02 2.000499837051509036e-02 9.758265847072599905e-03
9.181019643936100465e+02 3.311206489703817125e-03 2.000114297276212039e-02 4.666511518438679063e-03
9.181096205398863503e+02 9.277157316410872614e-03 2.000031998652362919e-02 2.469783000254078577e-03
9.181172767500080454e+02 1.049476433895028121e-02 2.000012395537075979e-02 1.538135204040788975e-03
9.181249330239757001e+02 3.396674054877028837e-02 2.000007338672068688e-02 1.184332204881030940e-03
9.181325893617896554e+02 -1.255113844579840328e-02 2.000007041741768202e-02 1.160208781070674964e-03
9.181402457634507073e+02 1.546059443642619317e-02 2.000011003191764711e-02 1.449361833285264496e-03
9.181479022289593104e+02 -3.458305671672937814e-02 2.000026621922258718e-02 2.252925651678979683e-03
9.181555587583160332e+02 -1.951860617243327684e-02 2.000090802704332371e-02 4.159440315665593850e-03
9.181632153515213304e+02 -1.131618310321940227e-02 2.000387297329643543e-02 8.589695027197318672e-03
9.181708720085756568e+02 1.614691004203096247e-02 2.001819196440328061e-02 1.861923735468418856e-02
9.181785287294795808e+02 2.316499633148787901e-02 2.008368912295157085e-02 3.996771830085295296e-02
9.181861855142337845e+02 5.913781057558641086e-02 2.034244140950649052e-02 8.110819515522964263e-02
9.181938423628386090e+02 1.814351787956549611e-01 2.116028117474767073e-02 1.508034189804217939e-01
9.182014992752946227e+02 2.322919302802247399e-01 2.311315422888042537e-02 2.528107785560275711e-01
9.182091562516026215e+02 3.737555278330891295e-01 2.655257878386186113e-02 3.811258073435032645e-01
9.182168132917627190e+02 4.802543259799257336e-01 3.112836161856066125e-02 5.205193867353788972e-01
9.182244703957758247e+02 6.767777662519051107e-01 3.598733362886924469e-02 6.528648193014385814e-01
9.182321275636421660e+02 8.124533540807028498e-01 4.033816055162534747e-02 7.644379219756389787e-01
9.182397847953624250e+02 8.227646798189337529e-01 4.376144645816833906e-02 8.493875121540283013e-01
9.182474420909372839e+02 8.568899894441959209e-01 4.619744661365616373e-02 9.087416951077166294e-01
9.182550994503670836e+02 9.880309655340744346e-01 4.779733026547199753e-02 9.473232441192773745e-01
9.182627568736522790e+02 8.789443601503214021e-01 4.878115799317672002e-02 9.709105655519548739e-01
9.182704143607936658e+02 1.017952977917446544e+00 4.935333708388763008e-02 9.845840048301386371e-01
9.182780719117913577e+02 9.460458772598780985e-01 4.967021637077242285e-02 9.921430398972947984e-01
9.182857295266463780e+02 9.425950344813665005e-01 4.983807974373250654e-02 9.961435645763035973e-01
9.182933872053589539e+02 9.358730726816705259e-01 4.992338189447576707e-02 9.981754950807275595e-01
9.183010449479297677e+02 9.743826026971722509e-01 4.996503764812917220e-02 9.991675099693582141e-01
9.183087027543591603e+02 9.347268234753729477e-01 4.998460675353186278e-02 9.996334857814801467e-01
9.183163606246478139e+02 9.743824931080283802e-01 4.999345668508475143e-02 9.998442072450354212e-01
9.183240185587962969e+02 1.020057020468489561e+00 4.999731128377027378e-02 9.999359850181429588e-01
9.183316765568049505e+02 1.020527293071451735e+00 4.999892882525395349e-02 9.999744981863564197e-01
9.183393346186745703e+02 1.017047764828498124e+00 4.999958312325634979e-02 9.999900767543425939e-01
9.183469927444056111e+02 1.018409103665816051e+00 4.999983846107790980e-02 9.999961562329680032e-01
9.183546509339981867e+02 1.005995191646679610e+00 4.999993478323660340e-02 9.999984496186838934e-01
9.183623091874536613e+02 1.054524736987219047e+00 4.999997008104136581e-02 9.999992900427570053e-01
9.183699675047716937e+02 9.787000956256696194e-01 4.999998280851847970e-02 9.999995930779528308e-01
9.183776258859535346e+02 1.045081414240645046e+00 4.999998747332080884e-02 9.999997041446808677e-01
9.183852843309992977e+02 9.784384235667609175e-01 4.999998934110743559e-02 9.999997486157929938e-01
9.183929428399095514e+02 1.037632858534480063e+00 4.999999025285570275e-02 9.999997703240858238e-01
9.184006014126848640e+02 1.038016625071092713e+00 4.999999083031539393e-02 9.999997840731265075e-01
9.184082600493259179e+02 1.071240991757093086e+00 4.999999127782200903e-02 9.999997947280462318e-01
9.184159187498331676e+02 1.096332054195690686e+00 4.999999166203213802e-02 9.999998038759068120e-01
9.184235775142068405e+02 1.003638268175382375e+00 4.999999200565570512e-02 9.999998120574205007e-01
9.184312363424480736e+02 9.757491254659368396e-01 4.999999231766306951e-02 9.999998194861674516e-01
9.184388952345567532e+02 9.926551190319036211e-01 4.999999260267755374e-02 9.999998262722268327e-01
9.184465541905337886e+02 9.626714710617346737e-01 4.999999286381605346e-02 9.999998324898105029e-01
9.184542132103797485e+02 9.892740493987158823e-01 4.999999310354415888e-02 9.999998381976226147e-01
9.184618722940949738e+02 9.601396747654612485e-01 4.999999332394787499e-02 9.999998434453303275e-01
9.184695314416801466e+02 9.694052970346934694e-01 4.999999352683653225e-02 9.999998482760125151e-01
9.184771906531358354e+02 9.988290352770121672e-01 4.999999371379509200e-02 9.999998527274069904e-01
9.184848499284621539e+02 9.951674566691881552e-01 4.999999388621918783e-02 9.999998568327426174e-01
9.184925092676602389e+02 9.950196412098292198e-01 4.999999404534198610e-02 9.999998606213809094e-01
9.185001686707303179e+02 9.048665949190759505e-01 4.999999419225642505e-02 9.999998641193437177e-01
9.185078281376727318e+02 1.122989618313768867e+00 4.999999432793359594e-02 9.999998673497524360e-01
9.185154876684886176e+02 1.039906373131862960e+00 4.999999445323834862e-02 9.999998703331991479e-01
9.185231472631777478e+02 9.918602886514034100e-01 4.999999456894268363e-02 9.999998730880642617e-01
9.185308069217411457e+02 1.034701084884243727e+00 4.999999467573689599e-02 9.999998756307837411e-01
9.185384666441792660e+02 1.048015221363554739e+00 4.999999477423925504e-02 9.999998779760781442e-01
9.185461264304924498e+02 1.048247174756898437e+00 4.999999486500440737e-02 9.999998801371530188e-01
9.185537862806813791e+02 1.036837226553320335e+00 4.999999494853040599e-02 9.999998821258673232e-01
9.185614461947468499e+02 9.751237005434941763e-01 4.999999502526498302e-02 9.999998839528811967e-01
9.185691061726889757e+02 1.008286222708137947e+00 4.999999509561087185e-02 9.999998856277834136e-01
9.185767662145084387e+02 1.047145554731774730e+00 4.999999515993043542e-02 9.999998871592016281e-01
9.185844263202055799e+02 1.026605747862524121e+00 4.999999521854974621e-02 9.999998885548994076e-01
9.185920864897814226e+02 1.025296406846275543e+00 4.999999527176210434e-02 9.999998898218601662e-01
9.185997467232359668e+02 9.072870080539737758e-01 4.999999531983108370e-02 9.999998909663598834e-01
9.186074070205702355e+02 9.768608648216491330e-01 4.999999536299332831e-02 9.999998919940322750e-01
9.186150673817844563e+02 1.053968020254335114e+00 4.999999540146075894e-02 9.999998929099236378e-01
9.186227278068790838e+02 1.029502162744440730e+00 4.999999543542279351e-02 9.999998937185434755e-01
9.186303882958548002e+02 1.048094789592873388e+00 4.999999546504803327e-02 9.999998944239063547e-01
9.186380488487120601e+02 9.548590783848872610e-01 4.999999549048587261e-02 9.999998950295694300e-01
9.186457094654516595e+02 1.052934588907908475e+00 4.999999551186794927e-02 9.999998955386661947e-01
9.186533701460737120e+02 1.064151954871943362e+00 4.999999552930917829e-02 9.999998959539337928e-01
9.186610308905790134e+02 9.680126206721598736e-01 4.999999554290900095e-02 9.999998962777389977e-01
9.186686916989681322e+02 1.039713997882948826e+00 4.999999555275206481e-02 9.999998965120975303e-01
9.186763525712414094e+02 9.563158150661000834e-01 4.999999555890915354e-02 9.999998966586949312e-01
9.186840135073997544e+02 1.042566956512184895e+00 4.999999556143773505e-02 9.999998967188993282e-01
9.186916745074430537e+02 1.032294914488911752e+00 4.999999556038255827e-02 9.999998966937759803e-01
9.186993355713724441e+02 1.050299618113514688e+00 4.999999555577599314e-02 9.999998965840959375e-01
9.187069966991882666e+02 9.791034869710175670e-01 4.999999554763846082e-02 9.999998963903452553e-01
9.187146578908908623e+02 9.650294293515918609e-01 4.999999553597866270e-02 9.999998961127308794e-01
9.187223191464810270e+02 1.003068576663803446e+00 4.999999552079369136e-02 9.999998957511838649e-01
9.187299804659589881e+02 1.040371914091633210e+00 4.999999550206913473e-02 9.999998953053612638e-01
9.187376418493257688e+02 9.963121266621907113e-01 4.999999547977911768e-02 9.999998947746464584e-01
9.187453032965813691e+02 1.064251616162264602e+00 4.999999545388612854e-02 9.999998941581467182e-01
9.187529648077266984e+02 1.031842341024482579e+00 4.999999542434092198e-02 9.999998934546894258e-01
9.187606263827620978e+02 1.017189410695507723e+00 4.999999539108224145e-02 9.999998926628160811e-01
9.187682880216881358e+02 1.027187679126380759e+00 4.999999535403645140e-02 9.999998917807735310e-01
9.187759497245054945e+02 9.935585912192173019e-01 4.999999531311720424e-02 9.999998908065054204e-01
9.187836114912144012e+02 1.073827305347904604e+00 4.999999526822476725e-02 9.999998897376380924e-01
9.187912733218157655e+02 1.014146650581144060e+00 4.999999521924557849e-02 9.999998885714669328e-01
9.187989352163098147e+02 1.096337830059982421e+00 4.999999516605140720e-02 9.999998873049389392e-01
9.188065971746972309e+02 1.021075659277824954e+00 4.999999510849852807e-02 9.999998859346321822e-01
9.188142591969784689e+02 1.097543303492429123e+00 4.999999504642676368e-02 9.999998844567332679e-01
9.188219212831539835e+02 9.426291638188479816e-01 4.999999497965842976e-02 9.999998828670110251e-01
9.188295834332245704e+02 1.046144556323668651e+00 4.999999490799698909e-02 9.999998811607859750e-01
9.188372456471904570e+02 9.298469225482048905e-01 4.999999483122565674e-02 9.999998793328972457e-01
9.188449079250524392e+02 1.020590500688936197e+00 4.999999474910582498e-02 9.999998773776630490e-01
9.188525702668109716e+02 1.026210505966643316e+00 4.999999466137523135e-02 9.999998752888391573e-01
9.188602326724665090e+02 1.089357639703458558e+00 4.999999456774580769e-02 9.999998730595673901e-01
9.188678951420196199e+02 9.976779738742715953e-01 4.999999446790155677e-02 9.999998706823230998e-01
9.188755576754709864e+02 1.027738286914404275e+00 4.999999436149566573e-02 9.999998681488495578e-01
9.188832202728208358e+02 9.659611377780122909e-01 4.999999424814775134e-02 9.999998654500897866e-01
9.188908829340699640e+02 1.044575426678697294e+00 4.999999412744043220e-02 9.999998625761057358e-01
9.188985456592187120e+02 1.022582027888947698e+00 4.999999399891546376e-02 9.999998595159873549e-01
9.189062084482677619e+02 1.078183474794104812e+00 4.999999386206949170e-02 9.999998562577498973e-01
9.189138713012175685e+02 9.669150977651371770e-01 4.999999371634915313e-02 9.999998527882179022e-01
9.189215342180685866e+02 1.118369487005407059e+00 4.999999356114542132e-02 9.999998490928909689e-01
9.189291971988217256e+02 1.017391191359820146e+00 4.999999339578731911e-02 9.999998451557932100e-01
9.189368602434769855e+02 1.059881859203651633e+00 4.999999321953456366e-02 9.999998409592988358e-01
9.189445233520352758e+02 9.916001159055726211e-01 4.999999303156918429e-02 9.999998364839326470e-01
9.189521865244970513e+02 9.751863733565621084e-01 4.999999283098601616e-02 9.999998317081427723e-01
9.189598497608627667e+02 9.921601795350485364e-01 4.999999261678148010e-02 9.999998266080346587e-01
9.189675130611331042e+02 8.275949352012332838e-01 4.999999238784084282e-02 9.999998211570668705e-01
9.189751764253084048e+02 1.065433830627568579e+00 4.999999214292328437e-02 9.999998153256963729e-01
9.189828398533892369e+02 9.953028782409674147e-01 4.999999188064460642e-02 9.999998090809658624e-01
9.189905033453760552e+02 9.547480834604362698e-01 4.999999159945693605e-02 9.999998023860211527e-01
9.189981669012697694e+02 9.546856551474083297e-01 4.999999129762494610e-02 9.999997951995448497e-01
9.190058305210704930e+02 9.842723287643347918e-01 4.999999097319779429e-02 9.999997874750885529e-01
9.190134942047789082e+02 9.848736002540776635e-01 4.999999062397587901e-02 9.999997791602808217e-01
9.190211579523959244e+02 1.069470820543768630e+00 4.999999024747094761e-02 9.999997701958773799e-01
9.190288217639213144e+02 1.070242037609716812e+00 4.999998984085719106e-02 9.999997605145971580e-01
9.190364856393561013e+02 1.055345626990284114e+00 4.999998940090716326e-02 9.999997500395962913e-01
9.190441495787008535e+02 9.633100635574647352e-01 4.999998892389390798e-02 9.999997386821373180e-01
9.190518135819559120e+02 9.471545433971066963e-01 4.999998840539297135e-02 9.999997263368761713e-01
9.190594776491218454e+02 1.014885457839271199e+00 4.999998783975172223e-02 9.999997128692269532e-01
9.190671417801992220e+02 9.618637130876437347e-01 4.999998721841947963e-02 9.999996980756012954e-01
9.190748059751884966e+02 9.928438097559751929e-01 4.999998652444245101e-02 9.999996815523379823e-01
9.190824702340903514e+02 1.039079612937214181e+00 4.999998571445953693e-02 9.999996622670295210e-01
9.190901345569053547e+02 1.057826008352362290e+00 4.999998466148412868e-02 9.999996371961851205e-01
9.190977989436338476e+02 1.014686039200076273e+00 4.999998297954087734e-02 9.999995971499149316e-01
9.191054633942763985e+02 9.714968307681626225e-01 4.999997950688592208e-02 9.999995144676484538e-01
9.191131279088336896e+02 9.965821885985848283e-01 4.999997084369936506e-02 9.999993082012827994e-01
9.191207924873059483e+02 1.064694121098981761e+00 4.999994738228602520e-02 9.999987495961176753e-01
9.191284571296940840e+02 1.027711856671904567e+00 4.999988297502599294e-02 9.999972160894344819e-01
9.191361218359985514e+02 9.899765358590409958e-01 4.999970917238910628e-02 9.999930779282084625e-01
9.191437866062196917e+02 1.016581549930282158e+00 4.999925373419137481e-02 9.999822341402003767e-01
9.191514514403580733e+02 1.026634753772808217e+00 4.999810027770398846e-02 9.999547707521454498e-01
9.191591163384142646e+02 1.061558011503566323e+00 4.999528227259485147e-02 9.998876745467446536e-01
9.191667813003888341e+02 9.266736635714540871e-01 4.998864676583558014e-02 9.997296814532488085e-01
9.191744463262824638e+02 1.025343992626796874e+00 4.997359543920821406e-02 9.993712907426344216e-01
9.191821114160952675e+02 8.853765872768941669e-01 4.994072228684870440e-02 9.985884686962972490e-01
9.191897765698282683e+02 9.816033802958260557e-01 4.987163349343835123e-02 9.969429074209212871e-01
9.191974417874816936e+02 1.054843411353459048e+00 4.973204325272757159e-02 9.936168026737499659e-01
9.192051070690561119e+02 9.684007242533040349e-01 4.946134182587515193e-02 9.871614779114029625e-01
9.192127724145523189e+02 9.959505586990154979e-01 4.895880565018494862e-02 9.751592448142796243e-01
9.192204378239703146e+02 9.090839357685723821e-01 4.806954210662491012e-02 9.538595505119966678e-01
9.192281032973111223e+02 8.020190178272770254e-01 4.657959455663449044e-02 9.179839813770120927e-01
9.192357688345750830e+02 7.695153456441803375e-01 4.423983529628928296e-02 8.611075473781563128e-01
9.192434344357627651e+02 7.586276716403395071e-01 4.084749938095217497e-02 7.772105848581024601e-01
9.192511001008746234e+02 6.935149882249431741e-01 3.640514812976173437e-02 6.638039083750923997e-01
9.192587658299111126e+02 5.372518230344470735e-01 3.131836436003364310e-02 5.259186775191950769e-01
9.192664316228731423e+02 4.185757094449531479e-01 2.646655229071934526e-02 3.782657167810734022e-01
9.192740974797608260e+02 2.580163489515411857e-01 2.286808001920817915e-02 2.419652610254260650e-01
9.192817634005749596e+02 1.785376624272190793e-01 2.094207176141511806e-02 1.355243428070037059e-01
9.192894293853159979e+02 1.065592973554357059e-01 2.022788853020809560e-02 6.607169434331058855e-02
9.192970954339843956e+02 6.911146606815639359e-03 2.004193815792908173e-02 2.827833767813228011e-02
9.193047615465809486e+02 1.026168649797854805e-02 2.000625339748435608e-02 1.091493254044963168e-02
9.193124277231057704e+02 3.944111266403045601e-02 2.000083254454152262e-02 3.982853152863482030e-03
9.193200939635597706e+02 2.949342081393007547e-03 2.000011284545785695e-02 1.467733376506792902e-03
9.193277602679432903e+02 -1.344121916406526909e-02 2.000001811178482580e-02 5.914257704830019674e-04
9.193354266362568978e+02 2.969135190618420878e-02 2.000000396061319893e-02 2.832634233397953631e-04
9.193430930685011617e+02 2.360148735801669354e-02 2.000000133384311277e-02 1.737942590141732652e-04
9.193507595646766504e+02 2.032747225941419419e-02 2.000000083762366529e-02 1.440577834509035782e-04
9.193584261247838185e+02 5.973882527045318649e-03 2.000000117350119594e-02 1.647735188752682753e-04
9.193660927488230072e+02 -9.843438049184544819e-03 2.000000319258059267e-02 2.561424835316026714e-04
9.193737594367950123e+02 -1.286729455190858268e-02 2.000001370275217988e-02 5.155606666339465887e-04
9.193814261887006296e+02 -1.874772009143423675e-03 2.000008179574959757e-02 1.250126142500189875e-03
9.193890930045397454e+02 -7.298124201472528348e-03 2.000059285608208476e-02 3.361169748813592519e-03
9.193967598843132691e+02 -1.671623638155773570e-03 2.000448331596799134e-02 9.241799825964888693e-03
9.194044268280217693e+02 2.978339264394614522e-02 2.003087520889899192e-02 2.426021346126885567e-02
9.194120938356657007e+02 7.240273079041999182e-02 2.017467136765869681e-02 5.780663526189931678e-02
9.194197609072455180e+02 9.012493826418094267e-02 2.075815312000124299e-02 1.213042829476362883e-01
9.194274280427620170e+02 2.285374224584519054e-01 2.243128004053742200e-02 2.216414246271919963e-01
9.194350952422153114e+02 3.441584394974804839e-01 2.575107801070196725e-02 3.539693481408654474e-01
9.194427625056063107e+02 5.261094182988379497e-01 3.045613757617007811e-02 5.012253205581991278e-01
9.194504298329353560e+02 6.597440244609268367e-01 3.557484280505949364e-02 6.420092903497433001e-01
9.194580972242030157e+02 7.671256416556234692e-01 4.016672785004422874e-02 7.601271936970013243e-01
9.194657646794098582e+02 8.609958765783070067e-01 4.374425907966109084e-02 8.489658169415859046e-01
9.194734321985564520e+02 9.723526293624333849e-01 4.625027966976429095e-02 9.100205072537594919e-01
9.194810997816430245e+02 9.230676729200786301e-01 4.786599293978387876e-02 9.489727002413481660e-01
9.194887674286705987e+02 1.003231578470935803e+00 4.884027650144128624e-02 9.723248082652323765e-01
9.194964351396395159e+02 9.620822380651025130e-01 4.939576253589852972e-02 9.855965963575860078e-01
9.195041029145501170e+02 9.833148433874655536e-01 4.969737941094670708e-02 9.927905668921785942e-01
9.195117707534029705e+02 9.628493222086134118e-01 4.985406857233212752e-02 9.965244754336370914e-01
9.195194386561989859e+02 9.620973187329320275e-01 4.993217195043968271e-02 9.983848398583541339e-01
9.195271066229382768e+02 1.089803313074729552e+00 4.996959199681325070e-02 9.992759603603452723e-01
9.195347746536215254e+02 1.009595462980409586e+00 4.998684236121479774e-02 9.996867174319079563e-01
9.195424427482494139e+02 1.017791193650744663e+00 4.999449898887550064e-02 9.998690245713566238e-01
9.195501109068220558e+02 9.756349410320354076e-01 4.999777262438216685e-02 9.999469694212657078e-01
9.195577791293404744e+02 1.015043351657489712e+00 4.999912155494806026e-02 9.999790870056276537e-01
9.195654474158051244e+02 1.041308350771643187e+00 4.999965766169361253e-02 9.999918514816015236e-01
9.195731157662161195e+02 8.858433998791712671e-01 4.999986350149020903e-02 9.999967524335978686e-01
9.195807841805742555e+02 9.966594378866550086e-01 4.999994016065718166e-02 9.999985776525374126e-01
9.195884526588802146e+02 9.995228994078494411e-01 4.999996813895755954e-02 9.999992438026611419e-01
9.195961212011344514e+02 1.077288731313487347e+00 4.999997841150581601e-02 9.999994883871676787e-01
9.196037898073373071e+02 9.847232088479700440e-01 4.999998244183016111e-02 9.999995843472779811e-01
9.196114584774895775e+02 1.048847492828891337e+00 4.999998431478752670e-02 9.999996289415038486e-01
9.196191272115914899e+02 9.770224079851417276e-01 4.999998543510052185e-02 9.999996556156240946e-01
9.196267960096438401e+02 9.561992910744530061e-01 4.999998627165649911e-02 9.999996755336246768e-01
9.196344648716470829e+02 9.218483731659237179e-01 4.999998697872952425e-02 9.999996923686975681e-01
9.196421337976020141e+02 9.919642702691349179e-01 4.999998760839805684e-02 9.999997073608060116e-01
9.196498027875085199e+02 1.027685382955658477e+00 4.999998818036659187e-02 9.999997209791050556e-01
9.196574718413676237e+02 1.134473066296834975e+00 4.999998870408346036e-02 9.999997334485547507e-01
9.196651409591798938e+02 1.026314702409566459e+00 4.999998918553628935e-02 9.999997449117179471e-01
9.196728101409456713e+02 9.920467548844795758e-01 4.999998962931225671e-02 9.999997554778128350e-01
9.196804793866654109e+02 9.864468991673464027e-01 4.999999003924363028e-02 9.999997652380839819e-01
9.196881486963399084e+02 9.534765838375990343e-01 4.999999041863942978e-02 9.999997742713176985e-01
9.196958180699695049e+02 1.041217817702007498e+00 4.999999077039386786e-02 9.999997826464236406e-01
9.197034875075548825e+02 9.214697560811602184e-01 4.999999109705430961e-02 9.999997904240535140e-01
9.197111570090963824e+02 9.817208923311696589e-01 4.999999140087221794e-02 9.999997976578134384e-01
9.197188265745946865e+02 9.068428664454296628e-01 4.999999168384440529e-02 9.999998043952466054e-01
9.197264962040501359e+02 8.805716853684402157e-01 4.999999194774727707e-02 9.999998106786485152e-01
9.197341658974637539e+02 1.017504114938307946e+00 4.999999219416573215e-02 9.999998165457547605e-01
9.197418356548353131e+02 9.041867460863952655e-01 4.999999242451768494e-02 9.999998220303252250e-01
9.197495054761659503e+02 1.040058383381766483e+00 4.999999264007478489e-02 9.999998271626372448e-01
9.197571753614561203e+02 9.862579829357779326e-01 4.999999284198042987e-02 9.999998319699143767e-01
9.197648453107061641e+02 9.757303283691886042e-01 4.999999303126484440e-02 9.999998364766863324e-01
9.197725153239167639e+02 9.995427363205856564e-01 4.999999320885845089e-02 9.999998407051057248e-01
9.197801854010883744e+02 9.798615061215031341e-01 4.999999337560319390e-02 9.999998446752187409e-01
9.197878555422214504e+02 9.585790992021530066e-01 4.999999353226240034e-02 9.999998484051998426e-01
9.197955257473166739e+02 1.042805321758335069e+00 4.999999367952940449e-02 9.999998519115573803e-01
9.198031960163746135e+02 9.591864965942507038e-01 4.999999381803511833e-02 9.999998552093124493e-01
9.198108663493954964e+02 1.018874731502054765e+00 4.999999394835448474e-02 9.999998583121543216e-01
9.198185367463802322e+02 1.051542278847867440e+00 4.999999407101227145e-02 9.999998612325782243e-01
9.198262072073290483e+02 1.030918020845569938e+00 4.999999418648826827e-02 9.999998639820066870e-01
9.198338777322427404e+02 9.788770058125665363e-01 4.999999429522159616e-02 9.999998665708954571e-01
9.198415483211217634e+02 1.016870585428449880e+00 4.999999439761467629e-02 9.999998690088259812e-01
9.198492189739664582e+02 9.079778860249960726e-01 4.999999449403683821e-02 9.999998713045918919e-01
9.198568896907776207e+02 1.072183131530818567e+00 4.999999458482735915e-02 9.999998734662707278e-01
9.198645604715558193e+02 1.020961677954405733e+00 4.999999467029819095e-02 9.999998755012905471e-01
9.198722313163011677e+02 1.005569673804507014e+00 4.999999475073645810e-02 9.999998774164875481e-01
9.198799022250146891e+02 1.014920173371792966e+00 4.999999482640670595e-02 9.999998792181601370e-01
9.198875731976964971e+02 9.691651556051160687e-01 4.999999489755278109e-02 9.999998809121143362e-01
9.198952442343476150e+02 9.499148963312200600e-01 4.999999496439962859e-02 9.999998825037060834e-01
9.199029153349681565e+02 1.023730141385094106e+00 4.999999502715488098e-02 9.999998839978786469e-01
9.199105864995586899e+02 1.053406540695919436e+00 4.999999508601025294e-02 9.999998853991970416e-01
9.199182577281197837e+02 1.061234123695235620e+00 4.999999514114283894e-02 9.999998867118777834e-01
9.199259290206522337e+02 1.007108418645231929e+00 4.999999519271627890e-02 9.999998879398168672e-01
9.199336003771562673e+02 1.028804142385126408e+00 4.999999524088172276e-02 9.999998890866130807e-01
9.199412717976325666e+02 9.830085802567918307e-01 4.999999528577884350e-02 9.999998901555923192e-01
9.199489432820815864e+02 1.002756176767915175e+00 4.999999532753665599e-02 9.999998911498260146e-01
9.199566148305041224e+02 9.735574247947920146e-01 4.999999536627426633e-02 9.999998920721500095e-01
9.199642864429002884e+02 9.409216300763733054e-01 4.999999540210156579e-02 9.999998929251809887e-01
9.199719581192708802e+02 1.068730581728821738e+00 4.999999543511991079e-02 9.999998937113317998e-01
9.199796298596162387e+02 9.858695201306648670e-01 4.999999546542257395e-02 9.999998944328238881e-01
9.199873016639370462e+02 9.827362738488421012e-01 4.999999549309536162e-02 9.999998950916999529e-01
9.199949735322338711e+02 1.017689545109759619e+00 4.999999551821709270e-02 9.999998956898361602e-01
9.200026454645073954e+02 9.458972473242719392e-01 4.999999554085987619e-02 9.999998962289502469e-01
9.200103174607577330e+02 8.988531789254657900e-01 4.999999556108964543e-02 9.999998967106116243e-01
9.200179895209855658e+02 9.751233218127935976e-01 4.999999557896643576e-02 9.999998971362493716e-01
9.200256616451916898e+02 9.781429702506400092e-01 4.999999559454468973e-02 9.999998975071600071e-01
9.200333338333763322e+02 1.012522621729374350e+00 4.999999560787354164e-02 9.999998978245138170e-01
9.200410060855400616e+02 1.025196366534633308e+00 4.999999561899708816e-02 9.999998980893600731e-01
9.200486784016836737e+02 1.057276553093735805e+00 4.999999562795458263e-02 9.999998983026336941e-01
9.200563507818072821e+02 9.319889258745864824e-01 4.999999563478065012e-02 9.999998984651590206e-01
9.200640232259119102e+02 1.058282345791764278e+00 4.999999563950546788e-02 9.999998985776548110e-01
9.200716957339975579e+02 9.794904057312440182e-01 4.999999564215492492e-02 9.999998986407370172e-01
9.200793683060652484e+02 1.080144337176881297e+00 4.999999564275071917e-02 9.999998986549227808e-01
9.200870409421152090e+02 1.079742689415893908e+00 4.999999564131055174e-02 9.999998986206330986e-01
9.200947136421481218e+02 9.517159142860490695e-01 4.999999563784813389e-02 9.999998985381945982e-01
9.201023864061644417e+02 9.427097823288314027e-01 4.999999563237336048e-02 9.999998984078427577e-01
9.201100592341648507e+02 1.053281233361998304e+00 4.999999562489228916e-02 9.999998982297219063e-01
9.201177321261495763e+02 1.066073346288884949e+00 4.999999561540723753e-02 9.999998980038874441e-01
9.201254050821194141e+02 9.853735943419860144e-01 4.999999560391684555e-02 9.999998977303065084e-01
9.201330781020748191e+02 1.015008303338981843e+00 4.999999559041599928e-02 9.999998974088578629e-01
9.201407511860162458e+02 9.037408080474518268e-01 4.999999557489597651e-02 9.999998970393335629e-01
9.201484243339442628e+02 1.030135384369870621e+00 4.999999555734429418e-02 9.999998966214365126e-01
9.201560975458597795e+02 1.007086919304053252e+00 4.999999553774479855e-02 9.999998961547815757e-01
9.201637708217625686e+02 9.950528343074743765e-01 4.999999551607752640e-02 9.999998956388942428e-01
9.201714441616538807e+02 1.143775268239739074e+00 4.999999549231873286e-02 9.999998950732086334e-01
9.201791175655338293e+02 1.000249890872086933e+00 4.999999546644078724e-02 9.999998944570671622e-01
9.201867910334030967e+02 9.687913020985748913e-01 4.999999543841212452e-02 9.999998937897179863e-01
9.201944645652622512e+02 1.020537463128718070e+00 4.999999540819703714e-02 9.999998930703112299e-01
9.202021381611118613e+02 1.022888563718212795e+00 4.999999537575570974e-02 9.999998922978987625e-01
9.202098118209521544e+02 9.443896445470220113e-01 4.999999534104396931e-02 9.999998914714286480e-01
9.202174855447839263e+02 1.003333031187595648e+00 4.999999530401318809e-02 9.999998905897433676e-01
9.202251593326077455e+02 1.025062786529782555e+00 4.999999526461011007e-02 9.999998896515748248e-01
9.202328331844239528e+02 9.836931859958998325e-01 4.999999522277662894e-02 9.999998886555394595e-01
9.202405071002333443e+02 9.755967877952581579e-01 4.999999517844961466e-02 9.999998876001343628e-01
9.202481810800363746e+02 1.021241043167952389e+00 4.999999513156063585e-02 9.999998864837300605e-01
9.202558551238331574e+02 8.963230159608089886e-01 4.999999508203573778e-02 9.999998853045658498e-01
9.202635292316248297e+02 9.515915884323249418e-01 4.999999502979516480e-02 9.999998840607424722e-01
9.202712034034116186e+02 9.659445492168678982e-01 4.999999497475295096e-02 9.999998827502137866e-01
9.202788776391943202e+02 9.562869407326174409e-01 4.999999491681673958e-02 9.999998813707799972e-01
9.202865519389729343e+02 1.021162566232791002e+00 4.999999485588722814e-02 9.999998799200774391e-01
9.202942263027483705e+02 1.038870575856399858e+00 4.999999479185790463e-02 9.999998783955698078e-01
9.203019007305213108e+02 8.988540893975345281e-01 4.999999472461447853e-02 9.999998767945357248e-01
9.203095752222919828e+02 9.827623400014784405e-01 4.999999465403447141e-02 9.999998751140593001e-01
9.203172497780610684e+02 1.062522765032743122e+00 4.999999457998659247e-02 9.999998733510144788e-01
9.203249243978289087e+02 9.803871575393079407e-01 4.999999450233023196e-02 9.999998715020534945e-01
9.203325990815961859e+02 1.088813141320798872e+00 4.999999442091473956e-02 9.999998695635895496e-01
9.203402738293636958e+02 1.036456712108393630e+00 4.999999433557875822e-02 9.999998675317802732e-01
9.203479486411314383e+02 9.660109133331588049e-01 4.999999424614941235e-02 9.999998654025100686e-01
9.203556235169003230e+02 9.341111795395542483e-01 4.999999415244148204e-02 9.999998631713689079e-01
9.203632984566709183e+02 1.031679532664443677e+00 4.999999405425643861e-02 9.999998608336296835e-01
9.203709734604434516e+02 1.026660906698565467e+00 4.999999395138141067e-02 9.999998583842242272e-01
9.203786485282187186e+02 9.719793088990772434e-01 4.999999384358812249e-02 9.999998558177173313e-01
9.203863236599970605e+02 9.701768364215923590e-01 4.999999373063155478e-02 9.999998531282752179e-01
9.203939988557791594e+02 9.681032455874466480e-01 4.999999361224866101e-02 9.999998503096346747e-01
9.204016741155655836e+02 9.398020012866744599e-01 4.999999348815672984e-02 9.999998473550648637e-01
9.204093494393569017e+02 1.149214501175625847e+00 4.999999335805192097e-02 9.999998442573312385e-01
9.204170248271532273e+02 1.006512132019541150e+00 4.999999322160722515e-02 9.999998410086480272e-01
9.204247002789555836e+02 9.329334552396877367e-01 4.999999307847056984e-02 9.999998376006322687e-01
9.204323757947643116e+02 1.016244316866234287e+00 4.999999292826242531e-02 9.999998340242479689e-01
9.204400513745797525e+02 1.069120742038713434e+00 4.999999277057349395e-02 9.999998302697493680e-01
9.204477270184027020e+02 9.737436702462212157e-01 4.999999260496172659e-02 9.999998263266117737e-01
9.204554027262338423e+02 9.589237551073288568e-01 4.999999243094933182e-02 9.999998221834595080e-01
9.204630784980734006e+02 1.020574171584554657e+00 4.999999224801934816e-02 9.999998178279835281e-01
9.204707543339219455e+02 1.087660544908523930e+00 4.999999205561168197e-02 9.999998132468487233e-01
9.204784302337800455e+02 1.048359021355664611e+00 4.999999185311891636e-02 9.999998084255921071e-01
9.204861061976483825e+02 1.034363735754254998e+00 4.999999163988136375e-02 9.999998033485073545e-01
9.204937822255272977e+02 1.168566707235296098e+00 4.999999141518171597e-02 9.999997979985156826e-01
9.205014583174172458e+02 9.589844151412427742e-01 4.999999117823884787e-02 9.999997923570187464e-01
9.205091344733191363e+02 9.999613209741580189e-01 4.999999092820102409e-02 9.999997864037369899e-01
9.205168106932333103e+02 9.696920297579300074e-01 4.999999066413798876e-02 9.999997801165214639e-01
9.205244869771599951e+02 9.996976215246677899e-01 4.999999038503216003e-02 9.999997734711445485e-01
9.205321633251002140e+02 9.143332585365087084e-01 4.999999008976862419e-02 9.999997664410601450e-01
9.205398397370541943e+02 1.080461817216741505e+00 4.999998977712371423e-02 9.999997589971332257e-01
9.205475162130226181e+02 1.019201502267013115e+00 4.999998944575182597e-02 9.999997511073260847e-01
9.205551927530059402e+02 1.087216559074106303e+00 4.999998909417059656e-02 9.999997427363442881e-01
9.205628693570048426e+02 9.009001784848489347e-01 4.999998872074370992e-02 9.999997338452276674e-01
9.205705460250194392e+02 9.941875457094668800e-01 4.999998832366103763e-02 9.999997243908778088e-01
9.205782227570507530e+02 9.879731077622797564e-01 4.999998790091584461e-02 9.999997143255155985e-01
9.205858995530991251e+02 9.814137261399474843e-01 4.999998745027823405e-02 9.999997035960482838e-01
9.205935764131650103e+02 1.000629343118047965e+00 4.999998696926433173e-02 9.999996921433357278e-01
9.206012533372490907e+02 1.110295546805590616e+00 4.999998645510016909e-02 9.999996799013313176e-01
9.206089303253517073e+02 9.687666113063586604e-01 4.999998590467939763e-02 9.999996667960742158e-01
9.206166073774736560e+02 9.960936939545573798e-01 4.999998531451348149e-02 9.999996527445039751e-01
9.206242844936152778e+02 1.093312620039841976e+00 4.999998468067254342e-02 9.999996376530523312e-01
9.206319616737770275e+02 9.573604122626272472e-01 4.999998399871484478e-02 9.999996214159633245e-01
9.206396389179598145e+02 9.512302324354584560e-01 4.999998326360065304e-02 9.999996039132433845e-01
9.206473162261638663e+02 1.041253441008647806e+00 4.999998246958244075e-02 9.999995850080466431e-01
9.206549935983896376e+02 1.039320780050670745e+00 4.999998161004583913e-02 9.999995645428880753e-01
9.206626710346379241e+02 9.954455119493978987e-01 4.999998067721646289e-02 9.999995423326633048e-01
9.206703485349090670e+02 1.064156903104060747e+00 4.999997966143441414e-02 9.999995181473746442e-01
9.206780260992035210e+02 1.010269099972641582e+00 4.999997854896710836e-02 9.999994916600556394e-01
9.206857037275223092e+02 9.866129197944214502e-01 4.999997731491818281e-02 9.999994622779363462e-01
9.206933814198653181e+02 9.914973045048453004e-01 4.999997590015784615e-02 9.999994285931632643e-01
9.207010591762336844e+02 1.035876583431720510e+00 4.999997413807344415e-02 9.999993866387688612e-01
9.207087369966275219e+02 1.010455560277009557e+00 4.999997152992148586e-02 9.999993245399064756e-01
9.207164148810472852e+02 9.513892916949047152e-01 4.999996658195338117e-02 9.999992067311284094e-01
9.207240928294939977e+02 9.179169109311098307e-01 4.999995492681416631e-02 9.999989292277728925e-01
9.207317708419677729e+02 9.750276071375307829e-01 4.999992421514214136e-02 9.999981979973201485e-01
9.207394489184694066e+02 9.802244517600373630e-01 4.999984079719520941e-02 9.999962118548421097e-01
9.207471270589991263e+02 9.897368299168072259e-01 4.999961645600072002e-02 9.999908703923212627e-01
9.207548052635577278e+02 1.019279372305249787e+00 4.999902886268427216e-02 9.999768800391960477e-01
9.207624835321456658e+02 9.320412291244156711e-01 4.999753967830163764e-02 9.999414230365013534e-01
9.207701618647636224e+02 1.061318946030691546e+00 4.999389723897712523e-02 9.998546968761227172e-01
9.207778402614117113e+02 1.003139804568002891e+00 4.998530895277002173e-02 9.996502057694925947e-01
9.207855187220907283e+02 9.719831716071184458e-01 4.996580123397588447e-02 9.991856929827056533e-01
9.207931972468014692e+02 9.126953169800694488e-01 4.992313903289426202e-02 9.981697109670510937e-01
9.208008758355440477e+02 1.022972428548333257e+00 4.983337763407234139e-02 9.960315391104334060e-01
9.208085544883192597e+02 9.606870583865338986e-01 4.965190000848050678e-02 9.917063660387519519e-01
9.208162332051274461e+02 9.794711562444374797e-01 4.930004411913046364e-02 9.833117899715508869e-01
9.208239119859692892e+02 9.581019784627641256e-01 4.864805126923724132e-02 9.677250943689539309e-01
9.208315908308452435e+02 9.736946050930137542e-01 4.749976168317500413e-02 9.401690248323959498e-01
9.208392697397557640e+02 9.050264394895364273e-01 4.559439831862933251e-02 8.941207887170063984e-01
9.208469487127016464e+02 8.435972149780365248e-01 4.265573291071747541e-02 8.221665803363327196e-01
9.208546277496833454e+02 7.410045645240312950e-01 3.852823362893876419e-02 7.186047316192460954e-01
9.208623068507012022e+02 5.786287896536923547e-01 3.341010007088804357e-02 5.840070110563985173e-01
9.208699860157558987e+02 4.117913635143607975e-01 2.807104730361714012e-02 4.298303689760137880e-01
9.208776652448478899e+02 3.194240942657329829e-01 2.372256858343968489e-02 2.783970017897587357e-01
9.208853445379776304e+02 1.624024316616011210e-01 2.121434339053821644e-02 1.543779770366959236e-01
9.208930238951460296e+02 4.638222569805662554e-02 2.026850586919660968e-02 7.175467545829987415e-02
9.209007033163534288e+02 6.416603974007976940e-02 2.004027089400374842e-02 2.770995678590321143e-02
9.209083828016000552e+02 4.199083798057021838e-02 2.000423265963855932e-02 8.979722568549690712e-03
9.209160623508868184e+02 1.232769612393634162e-03 2.000033487586221070e-02 2.526546884702294670e-03
9.209237419642140594e+02 8.980214126975352359e-03 2.000002234550294147e-02 6.560691833864126191e-04
9.209314216415824603e+02 7.286260362731961787e-03 2.000000129211874575e-02 1.714925495388924500e-04
9.209391013829924759e+02 -1.363315767770454864e-02 1.999999988026886569e-02 5.017285192771268095e-05
9.209467811884446746e+02 -3.183148228105535382e-02 1.999999976587336567e-02 1.839437961218506375e-05
9.209544610579393975e+02 1.915332454569499895e-02 1.999999975271748998e-02 9.368302405344437360e-06
9.209621409914775541e+02 1.188454858380948512e-02 1.999999975078845665e-02 7.142939663766918272e-06
9.209698209890592580e+02 -3.600397355287355411e-02 1.999999975182540843e-02 8.412675170454690963e-06
9.209775010506853050e+02 1.329010573524950882e-02 1.999999975994903520e-02 1.501695070830664698e-05
9.209851811763562637e+02 2.020870149746409675e-02 1.999999982418328506e-02 3.806597315378897284e-05
9.209928613660724750e+02 3.376287196080964004e-02 2.000000055887035666e-02 1.242701008071159382e-04
9.210005416198346211e+02 2.009665487803139264e-02 2.000001119920890094e-02 4.670291560436415400e-04
9.210082219376431567e+02 -1.365153756352300261e-02 2.000017206082740570e-02 1.811673563067375901e-03
9.210159023194986503e+02 7.486709224162538603e-03 2.000229575588436878e-02 6.613319225583583379e-03
9.210235827654017839e+02 1.064159440849916406e-02 2.002364495836871788e-02 2.122854653091621469e-02
9.210312632753527851e+02 3.593012334299958144e-02 2.017303220041431408e-02 5.753358536566723080e-02
9.210389438493524494e+02 1.420824059944039153e-01 2.086344338847795007e-02 1.296208391899258960e-01
9.210466244874012318e+02 2.326713442129545450e-01 2.291129089637791369e-02 2.439040215350687935e-01
9.210543051894994733e+02 3.958490344803488048e-01 2.683854140747908221e-02 3.905474271282105558e-01
9.210619859556478559e+02 5.168643970019619616e-01 3.204650897137890225e-02 5.464076392690347950e-01
9.210696667858470619e+02 7.273973103234132598e-01 3.731560334266683515e-02 6.874571026973089749e-01
9.210773476800975459e+02 7.611136956143023102e-01 4.172963005459433272e-02 7.992145056148535209e-01
9.210850286383996490e+02 8.752962008390871018e-01 4.496137399339118768e-02 8.787234142694350103e-01
9.210927096607540534e+02 9.499891388347282417e-01 4.710206460703523362e-02 9.305923613537592232e-01
9.211003907471613275e+02 9.711629258041026835e-01 4.841436008422333320e-02 9.621281650196197299e-01
9.211080718976220396e+02 9.777548948229131121e-01 4.917013146024907383e-02 9.802093648792785663e-01
9.211157531121366446e+02 9.521685682054699118e-01 4.958307438020449071e-02 9.900652395696184493e-01
9.211234343907057109e+02 9.891444883596592907e-01 4.979847127476235563e-02 9.951998486494433305e-01
9.211311157333296933e+02 1.005694007795545852e+00 4.990614488560196627e-02 9.977649564373513025e-01
9.211387971400090464e+02 9.984329600493466739e-01 4.995784630531065890e-02 9.989962623364581074e-01
9.211464786107444525e+02 9.648211324840115788e-01 4.998172520579101386e-02 9.995648730996261611e-01
9.211541601455367072e+02 9.216327513285562656e-01 4.999234240090471432e-02 9.998176759515662315e-01
9.211618417443856970e+02 9.984011476051705136e-01 4.999688964418111392e-02 9.999259458694288449e-01
9.211695234072926723e+02 9.869346004883828849e-01 4.999876676627881128e-02 9.999706396224012916e-01
9.211772051342576333e+02 1.052139712586058096e+00 4.999951435615646728e-02 9.999884394396296727e-01
9.211848869252812619e+02 9.653334718655527391e-01 4.999980220627425059e-02 9.999952930227682391e-01
9.211925687803643541e+02 1.006825139251090295e+00 4.999990990602894148e-02 9.999978573040418928e-01
9.212002506995069098e+02 1.037382081560900282e+00 4.999994957422040920e-02 9.999988017850416355e-01
9.212079326827100658e+02 1.065520641379869016e+00 4.999996442854802436e-02 9.999991554595656362e-01
9.212156147299738223e+02 9.940287076699934055e-01 4.999997049375250885e-02 9.999992998692139867e-01
9.212232968412990886e+02 9.575211855456973176e-01 4.999997349289837106e-02 9.999993712774560839e-01
9.212309790166863195e+02 9.451575253743415006e-01 4.999997540032960486e-02 9.999994166924899286e-01
9.212386612561358561e+02 9.940890815818955728e-01 4.999997687876368141e-02 9.999994518933041920e-01
9.212463435596486079e+02 1.033739903396001303e+00 4.999997814883383462e-02 9.999994821330723260e-01
9.212540259272246885e+02 9.342507371721253673e-01 4.999997928699758537e-02 9.999995092322112589e-01
9.212617083588647802e+02 9.497896733070024800e-01 4.999998032368428019e-02 9.999995339152297769e-01
9.212693908545695649e+02 1.010306422340488064e+00 4.999998127448700147e-02 9.999995565533914554e-01
9.212770734143394975e+02 1.034454473544449860e+00 4.999998214980132943e-02 9.999995773942103039e-01
9.212847560381750327e+02 9.902261549246316186e-01 4.999998295778447510e-02 9.999995966319052965e-01
9.212924387260766252e+02 9.917284816545919313e-01 4.999998370530923247e-02 9.999996144301149803e-01
9.213001214780450709e+02 9.953182387997823177e-01 4.999998439832555042e-02 9.999996309305043685e-01
9.213078042940805972e+02 1.005905560547794231e+00 4.999998504204155453e-02 9.999996462570768241e-01
9.213154871741841134e+02 9.875013400302192768e-01 4.999998564104253529e-02 9.999996605190057952e-01
9.213231701183559608e+02 9.669890995729122363e-01 4.999998619938190308e-02 9.999996738128007490e-01
9.213308531265965939e+02 1.016788188305628893e+00 4.999998672065520539e-02 9.999996862240705386e-01
9.213385361989065814e+02 8.855683561244025448e-01 4.999998720806189678e-02 9.999996978289923399e-01
9.213462193352867189e+02 9.631484242548105090e-01 4.999998766445729048e-02 9.999997086955497716e-01
9.213539025357371202e+02 1.012953388617205297e+00 4.999998809239671743e-02 9.999997188845842766e-01
9.213615858002585810e+02 1.063334593945026496e+00 4.999998849417294777e-02 9.999997284506851880e-01
9.213692691288515562e+02 9.271433361341122614e-01 4.999998887184834567e-02 9.999997374429570041e-01
9.213769525215163867e+02 1.017622733429601078e+00 4.999998922728241674e-02 9.999997459056733096e-01
9.213846359782540958e+02 9.990897921458914421e-01 4.999998956215547657e-02 9.999997538788418794e-01
9.213923194990649108e+02 9.882393407920209150e-01 4.999998987798928013e-02 9.999997613986945089e-01
9.214000030839491728e+02 1.008645948533218872e+00 4.999999017616469504e-02 9.999997684981094537e-01
9.214076867329079050e+02 9.630848707423853572e-01 4.999999045793727254e-02 9.999997752069805790e-01
9.214153704459411074e+02 1.032003191548532595e+00 4.999999072445070192e-02 9.999997815525384359e-01
9.214230542230499168e+02 9.610857232109851767e-01 4.999999097674868997e-02 9.999997875596337016e-01
9.214307380642342196e+02 1.075937479565400645e+00 4.999999121578531380e-02 9.999997932509820942e-01
9.214384219694949252e+02 9.139218774147798152e-01 4.999999144243414545e-02 9.999997986473829759e-01
9.214461059388327158e+02 9.749439772304571150e-01 4.999999165749631491e-02 9.999998037679110885e-01
9.214537899722477050e+02 9.893805625694526151e-01 4.999999186170764331e-02 9.999998086300856404e-01
9.214614740697405750e+02 1.039602196349125762e+00 4.999999205574491568e-02 9.999998132500209636e-01
9.214691582313120080e+02 9.535851083352147040e-01 4.999999224023154304e-02 9.999998176425597407e-01
9.214768424569625722e+02 1.013913696452962254e+00 4.999999241574250991e-02 9.999998218213924650e-01
9.214845267466924952e+02 9.880922837979989604e-01 4.999999258280881514e-02 9.999998257991616901e-01
9.214922111005025727e+02 1.055993452092511609e+00 4.999999274192144794e-02 9.999998295875578425e-01
9.214998955183933731e+02 9.042993929503780892e-01 4.999999289353499604e-02 9.999998331974042642e-01
9.215075800003651239e+02 9.864666049990890029e-01 4.999999303807077522e-02 9.999998366387323756e-01
9.215152645464188481e+02 1.065123198716614983e+00 4.999999317591972969e-02 9.999998399208503974e-01
9.215229491565544322e+02 9.163037326744483124e-01 4.999999330744498566e-02 9.999998430524040804e-01
9.215306338307730130e+02 1.048774774175947222e+00 4.999999343298420357e-02 9.999998460414332158e-01
9.215383185690747041e+02 1.016101177983240067e+00 4.999999355285163205e-02 9.999998488954199294e-01
9.215460033714604151e+02 9.913327705367516174e-01 4.999999366734014100e-02 9.999998516213366440e-01
9.215536882379303734e+02 9.226331434472878623e-01 4.999999377672270651e-02 9.999998542256836043e-01
9.215613731684852610e+02 9.770499318790064613e-01 4.999999388125418720e-02 9.999998567145285122e-01
9.215690581631255327e+02 9.652887063231303522e-01 4.999999398117262878e-02 9.999998590935389453e-01
9.215767432218517570e+02 9.830961462401707207e-01 4.999999407670058238e-02 9.999998613680141091e-01
9.215844283446645022e+02 1.002218548474197668e+00 4.999999416804628422e-02 9.999998635429117044e-01
9.215921135315641095e+02 1.001125378977128610e+00 4.999999425540465475e-02 9.999998656228731297e-01
9.215997987825514883e+02 9.350519631736371462e-01 4.999999433895842976e-02 9.999998676122485719e-01
9.216074840976268661e+02 1.028208533707395622e+00 4.999999441887884033e-02 9.999998695151157690e-01
9.216151694767909248e+02 1.050668234039062954e+00 4.999999449532661899e-02 9.999998713353009938e-01
9.216228549200441194e+02 1.040618660892044911e+00 4.999999456845265894e-02 9.999998730763970389e-01
9.216305404273870181e+02 9.246236785788218837e-01 4.999999463839865932e-02 9.999998747417780942e-01
9.216382259988200758e+02 9.883536718767538254e-01 4.999999470529783302e-02 9.999998763346157338e-01
9.216459116343439746e+02 9.854856669093945420e-01 4.999999476927546871e-02 9.999998778578926828e-01
9.216535973339592829e+02 9.576574489938204371e-01 4.999999483044940962e-02 9.999998793144151410e-01
9.216612830976663417e+02 1.025157343111444241e+00 4.999999488893060867e-02 9.999998807068246620e-01
9.216689689254657196e+02 9.583441359026914075e-01 4.999999494482351703e-02 9.999998820376081454e-01
9.216766548173578713e+02 9.473459172506260018e-01 4.999999499822654209e-02 9.999998833091087169e-01
9.216843407733437061e+02 1.031717306051459948e+00 4.999999504923243604e-02 9.999998845235348321e-01
9.216920267934233379e+02 9.423061751143796405e-01 4.999999509792858732e-02 9.999998856829670490e-01
9.216997128775976762e+02 1.065567757241364655e+00 4.999999514439744386e-02 9.999998867893683530e-01
9.217073990258668346e+02 9.907436486425169608e-01 4.999999518871672821e-02 9.999998878445893746e-01
9.217150852382316089e+02 9.889203417725558332e-01 4.999999523095972898e-02 9.999998888503751626e-01
9.217227715146927949e+02 1.030202178246362399e+00 4.999999527119566856e-02 9.999998898083738430e-01
9.217304578552503926e+02 9.241811810468357757e-01 4.999999530948977255e-02 9.999998907201381737e-01
9.217381442599051979e+02 1.070085261440950619e+00 4.999999534590363753e-02 9.999998915871348704e-01
9.217458307286576655e+02 1.072597582659795101e+00 4.999999538049532816e-02 9.999998924107466047e-01
9.217535172615082502e+02 9.898153337124612205e-01 4.999999541331962699e-02 9.999998931922776668e-01
9.217612038584577476e+02 1.019711835693354995e+00 4.999999544442824961e-02 9.999998939329591829e-01
9.217688905195066127e+02 9.431914349860308633e-01 4.999999547386994175e-02 9.999998946339516692e-01
9.217765772446554138e+02 1.036197554336425686e+00 4.999999550169063195e-02 9.999998952963491394e-01
9.217842640339046056e+02 9.918226158259030312e-01 4.999999552793360502e-02 9.999998959211818805e-01
9.217919508872546430e+02 9.966363824514594683e-01 4.999999555263968248e-02 9.999998965094217818e-01
9.217996378047059807e+02 1.047951015947786502e+00 4.999999557584720866e-02 9.999998970619821126e-01
9.218073247862594144e+02 1.050690863203538772e+00 4.999999559759232132e-02 9.999998975797227407e-01
9.218150118319155126e+02 1.048614924955746375e+00 4.999999561790896552e-02 9.999998980634524637e-01
9.218226989416743891e+02 9.798263527776808202e-01 4.999999563682898385e-02 9.999998985139291197e-01
9.218303861155370669e+02 1.007820219777475268e+00 4.999999565438227600e-02 9.999998989318645837e-01
9.218380733535038871e+02 1.013332509068263887e+00 4.999999567059683347e-02 9.999998993179254336e-01
9.218457606555753046e+02 9.991219838100513506e-01 4.999999568549882978e-02 9.999998996727350598e-01
9.218534480217520013e+02 1.017131434846018978e+00 4.999999569911271063e-02 9.999998999968748858e-01
9.218611354520343184e+02 9.292499525724314813e-01 4.999999571146124255e-02 9.999999002908876999e-01
9.218688229464229380e+02 1.064132741655748449e+00 4.999999572256559610e-02 9.999999005552769882e-01
9.218765105049185422e+02 1.022274747373706161e+00 4.999999573244535978e-02 9.999999007905095993e-01
9.218841981275212447e+02 9.535387145602426395e-01 4.999999574111867878e-02 9.999999009970170771e-01
9.218918858142318413e+02 1.022925995281533273e+00 4.999999574860219953e-02 9.999999011751959932e-01
9.218995735650510142e+02 9.798036473539984970e-01 4.999999575491118758e-02 9.999999013254100566e-01
9.219072613799788769e+02 1.011843764425194747e+00 4.999999576005958318e-02 9.999999014479910020e-01
9.219149492590164527e+02 9.878220945729202507e-01 4.999999576405997348e-02 9.999999015432381455e-01
9.219226372021639691e+02 9.746666532595539278e-01 4.999999576692367581e-02 9.999999016114218264e-01
9.219303252094219943e+02 9.223051079776211081e-01 4.999999576866077239e-02 9.999999016527810758e-01
9.219380132807910968e+02 9.498587764695182178e-01 4.999999576928011030e-02 9.999999016675271690e-01
9.219457014162717314e+02 1.006799618916124794e+00 4.999999576878932234e-02 9.999999016558419607e-01
9.219533896158646940e+02 9.564846939391372649e-01 4.999999576719491023e-02 9.999999016178797717e-01
9.219610778795702117e+02 1.148212746573077370e+00 4.999999576450222388e-02 9.999999015537680558e-01
9.219687662073889669e+02 1.019731160936127479e+00 4.999999576071540580e-02 9.999999014636058448e-01
9.219764545993214142e+02 9.618118110029605372e-01 4.999999575583759931e-02 9.999999013474676346e-01
9.219841430553682358e+02 8.743337562536561691e-01 4.999999574987074730e-02 9.999999012053997216e-01
9.219918315755300000e+02 1.009288356658616825e+00 4.999999574281574488e-02 9.999999010374234221e-01
9.219995201598070480e+02 9.639177681504847994e-01 4.999999573467239777e-02 9.999999008435340730e-01
9.220072088081998345e+02 9.785951613233441204e-01 4.999999572543940146e-02 9.999999006237010324e-01
9.220148975207092690e+02 1.036475927097180616e+00 4.999999571511440366e-02 9.999999003778677897e-01
9.220225862973354651e+02 9.481276953355174397e-01 4.999999570369397656e-02 9.999999001059526327e-01
9.220302751380793325e+02 1.073891615979245318e+00 4.999999569117358211e-02 9.999998998078479806e-01
9.220379640429409847e+02 9.686023817307557460e-01 4.999999567754764146e-02 9.999998994834209398e-01
9.220456530119214449e+02 9.986888067061207019e-01 4.999999566280945162e-02 9.999998991325117492e-01
9.220533420450209405e+02 9.415043358618668812e-01 4.999999564695124799e-02 9.999998987549354457e-01
9.220610311422400400e+02 9.507459296379573432e-01 4.999999562996413488e-02 9.999998983504803096e-01
9.220687203035793118e+02 9.382548471052400973e-01 4.999999561183808561e-02 9.999998979189076431e-01
9.220764095290392106e+02 9.534690656755185900e-01 4.999999559256198406e-02 9.999998974599527690e-01
9.220840988186205323e+02 9.174070452243746621e-01 4.999999557212348594e-02 9.999998969733219223e-01
9.220917881723233904e+02 9.963583217982454610e-01 4.999999555050919919e-02 9.999998964586959138e-01
9.220994775901486946e+02 1.034312481142886986e+00 4.999999552770437866e-02 9.999998959157242462e-01
9.221071670720968996e+02 1.043954512148068225e+00 4.999999550369319673e-02 9.999998953440292215e-01
9.221148566181683464e+02 8.958947476988097236e-01 4.999999547845850739e-02 9.999998947432032770e-01
9.221225462283638308e+02 9.977906469171572423e-01 4.999999545198186013e-02 9.999998941128070973e-01
9.221302359026836939e+02 9.988464874625350154e-01 4.999999542424359011e-02 9.999998934523720573e-01
9.221379256411285041e+02 9.955453796081672468e-01 4.999999539522259617e-02 9.999998927613960031e-01
9.221456154436988299e+02 1.022620480601524884e+00 4.999999536489641017e-02 9.999998920393439183e-01
9.221533053103952398e+02 9.418549307414997296e-01 4.999999533324114842e-02 9.999998912856472577e-01
9.221609952412183020e+02 9.920897355454164623e-01 4.999999530023144928e-02 9.999998904997019489e-01
9.221686852361683577e+02 1.006005423406753030e+00 4.999999526584038290e-02 9.999998896808669491e-01
9.221763752952463165e+02 9.789104236834104134e-01 4.999999523003948593e-02 9.999998888284645782e-01
9.221840654184520645e+02 9.136721112668093614e-01 4.999999519279863663e-02 9.999998879417777431e-01
9.221917556057868524e+02 1.055349021501108542e+00 4.999999515408601325e-02 9.999998870200487167e-01
9.221994458572509075e+02 9.805004808754124168e-01 4.999999511386803847e-02 9.999998860624776942e-01
9.222071361728445709e+02 1.077974012966354644e+00 4.999999507210926841e-02 9.999998850682214613e-01
9.222148265525686384e+02 1.021011295468575275e+00 4.999999502877238572e-02 9.999998840363908403e-01
9.222225169964235647e+02 9.326432207062179680e-01 4.999999498381805380e-02 9.999998829660496913e-01
9.222302075044100320e+02 1.002206645148069564e+00 4.999999493720486132e-02 9.999998818562115810e-01
9.222378980765281540e+02 1.005669511742585120e+00 4.999999488888922511e-02 9.999998807058391170e-01
9.222455887127789538e+02 1.052650024877103574e+00 4.999999483882527213e-02 9.999998795138405061e-01
9.222532794131626588e+02 9.213232416613007514e-01 4.999999478696480482e-02 9.999998782790674445e-01
9.222609701776799511e+02 1.067104883208183308e+00 4.999999473325710680e-02 9.999998770003125648e-01
9.222686610063312855e+02 1.033354627634956335e+00 4.999999467764882494e-02 9.999998756763058827e-01
9.222763518991173441e+02 1.023380339061708444e+00 4.999999462008394152e-02 9.999998743057133543e-01
9.222840428560384680e+02 1.036674020675773411e+00 4.999999456050350372e-02 9.999998728871315468e-01
9.222917338770952256e+02 1.023778029200266504e+00 4.999999449884557495e-02 9.999998714190855287e-01
9.222994249622881853e+02 1.049731805481138425e+00 4.999999443504503371e-02 9.999998699000249847e-01
9.223071161116180292e+02 9.419575443053868069e-01 4.999999436903342087e-02 9.999998683283198853e-01
9.223148073250848711e+02 1.086668446582362613e+00 4.999999430073875234e-02 9.999998667022562682e-01
9.223224986026897341e+02 1.028371440118496460e+00 4.999999423008538030e-02 9.999998650200330186e-01
9.223301899444329592e+02 9.257370240598589151e-01 4.999999415699370869e-02 9.999998632797550968e-01
9.223378813503150013e+02 1.039084154928624937e+00 4.999999408138001283e-02 9.999998614794289864e-01
9.223455728203364288e+02 1.080641588907138795e+00 4.999999400315620346e-02 9.999998596169575871e-01
9.223532643544980374e+02 1.054053275450202332e+00 4.999999392222966715e-02 9.999998576901349967e-01
9.223609559527999409e+02 1.033239780070166702e+00 4.999999383850278062e-02 9.999998556966378516e-01
9.223686476152429350e+02 1.062436294811864634e+00 4.999999375187286904e-02 9.999998536340207744e-01
9.223763393418273608e+02 1.050963730076800662e+00 4.999999366223172037e-02 9.999998514997076038e-01
9.223840311325541279e+02 9.646857938704432867e-01 4.999999356946536327e-02 9.999998492909846215e-01
9.223917229874233499e+02 8.866998516688300302e-01 4.999999347345368550e-02 9.999998470049924482e-01
9.223994149064357089e+02 9.679696437722447033e-01 4.999999337407002448e-02 9.999998446387146078e-01
9.224071068895918870e+02 9.159526272810870617e-01 4.999999327118073711e-02 9.999998421889697564e-01
9.224147989368922254e+02 1.044910770125081712e+00 4.999999316464489446e-02 9.999998396524020228e-01
9.224224910483374060e+02 9.827130571577878948e-01 4.999999305431363644e-02 9.999998370254672420e-01
9.224301832239276564e+02 1.013623623105524230e+00 4.999999294002976935e-02 9.999998343044227411e-01
9.224378754636641133e+02 9.578299788052498931e-01 4.999999282162718994e-02 9.999998314853135728e-01
9.224455677675467768e+02 9.644000626833143519e-01 4.999999269893024012e-02 9.999998285639577489e-01
9.224532601355763290e+02 1.053015830210723314e+00 4.999999257175317263e-02 9.999998255359319188e-01
9.224609525677531110e+02 9.256254234818028781e-01 4.999999243989936004e-02 9.999998223965554933e-01
9.224686450640782596e+02 1.047462067358741811e+00 4.999999230316058696e-02 9.999998191408703274e-01
9.224763376245516611e+02 9.468176177705686092e-01 4.999999216131621738e-02 9.999998157636232898e-01
9.224840302491742250e+02 9.597565354775955404e-01 4.999999201413232730e-02 9.999998122592448357e-01
9.224917229379464061e+02 1.024306181441973607e+00 4.999999186136073331e-02 9.999998086218259141e-01
9.224994156908686591e+02 9.129672430640813907e-01 4.999999170273798643e-02 9.999998048450937649e-01
9.225071085079415525e+02 1.055608492839795520e+00 4.999999153798417861e-02 9.999998009223840523e-01
9.225148013891656547e+02 1.016002395506392375e+00 4.999999136680178397e-02 9.999997968466125542e-01
9.225224943345414204e+02 9.802679707594074143e-01 4.999999118887427096e-02 9.999997926102430768e-01
9.225301873440695317e+02 8.884582405808888472e-01 4.999999100386464529e-02 9.999997882052518161e-01
9.225378804177502161e+02 1.033424951235684341e+00 4.999999081141388857e-02 9.999997836230907211e-01
9.225455735555846104e+02 1.038933377010310188e+00 4.999999061113914733e-02 9.999997788546444166e-01
9.225532667575727146e+02 9.384541197134517176e-01 4.999999040263189420e-02 9.999997738901857947e-01
9.225609600237149834e+02 9.956497192601715396e-01 4.999999018545578378e-02 9.999997687193259432e-01
9.225686533540124401e+02 9.683443768196864365e-01 4.999998995914439748e-02 9.999997633309595235e-01
9.225763467484653120e+02 9.744209684894515888e-01 4.999998972319870394e-02 9.999997577132045956e-01
9.225840402070741675e+02 1.064836352229558081e+00 4.999998947708425567e-02 9.999997518533364493e-01
9.225917337298395751e+02 1.005421649423811070e+00 4.999998922022815678e-02 9.999997457377147736e-01
9.225994273167621031e+02 1.044293240027434733e+00 4.999998895201573229e-02 9.999997393517044975e-01
9.226071209678422065e+02 1.028264202621844925e+00 4.999998867178673256e-02 9.999997326795853070e-01
9.226148146830804535e+02 1.010921959536266845e+00 4.999998837883127406e-02 9.999997257044549448e-01
9.226225084624772990e+02 9.870895111784745435e-01 4.999998807238525272e-02 9.999997184081206303e-01
9.226302023060335387e+02 9.594416709395591214e-01 4.999998775162520920e-02 9.999997107709764910e-01
9.226378962137492863e+02 9.742264590607083719e-01 4.999998741566284016e-02 9.999997027718722231e-01
9.226455901856254513e+02 9.995988540094369323e-01 4.999998706353863537e-02 9.999996943879621014e-01
9.226532842216624886e+02 9.982986579074500932e-01 4.999998669421485548e-02 9.999996855945385565e-01
9.226609783218607390e+02 1.062091950924279660e+00 4.999998630656782295e-02 9.999996763648466569e-01
9.226686724862208848e+02 1.061598746628421575e+00 4.999998589937902638e-02 9.999996666698749426e-01
9.226763667147436081e+02 9.516875367641969286e-01 4.999998547132544768e-02 9.999996564781223896e-01
9.226840610074292499e+02 9.548579398328486123e-01 4.999998502096834885e-02 9.999996457553337326e-01
9.226917553642782650e+02 1.077050144086992178e+00 4.999998454674101783e-02 9.999996344642061441e-01
9.226994497852914492e+02 9.491534420191497512e-01 4.999998404693460630e-02 9.999996225640528369e-01
9.227071442704692572e+02 1.074717048837663835e+00 4.999998351968219790e-02 9.999996100104233676e-01
9.227148388198119164e+02 9.190481895656923417e-01 4.999998296294090594e-02 9.999995967546775333e-01
9.227225334333204501e+02 1.039283855824848057e+00 4.999998237447121630e-02 9.999995827434935425e-01
9.227302281109949718e+02 1.074764142780518794e+00 4.999998175181366578e-02 9.999995679183129038e-01
9.227379228528362773e+02 9.242203120880503331e-01 4.999998109226208576e-02 9.999995522147026028e-01
9.227456176588448216e+02 9.607731310703901961e-01 4.999998039283288370e-02 9.999995355616251302e-01
9.227533125290212865e+02 9.710849306938680314e-01 4.999997965022980051e-02 9.999995178805981544e-01
9.227610074633657860e+02 8.605569633427343490e-01 4.999997886080313758e-02 9.999994990847236309e-01
9.227687024618793430e+02 1.000008567153598316e+00 4.999997802050262785e-02 9.999994790775670328e-01
9.227763975245621850e+02 1.009127147320148188e+00 4.999997712482267403e-02 9.999994577518522831e-01
9.227840926514148805e+02 1.058940675400508846e+00 4.999997616873844142e-02 9.999994349879399724e-01
9.227917878424381115e+02 9.067517088153296267e-01 4.999997514663106352e-02 9.999994106520478931e-01
9.227994830976323328e+02 9.710822151001986535e-01 4.999997405219971242e-02 9.999993845941560489e-01
9.228071784169981129e+02 1.122582503044970093e+00 4.999997287835766802e-02 9.999993566455330773e-01
9.228148738005359064e+02 1.046077671744432669e+00 4.999997161710877797e-02 9.999993266157947147e-01
9.228225692482461682e+02 1.034726331927176668e+00 4.999997025939913881e-02 9.999992942893710657e-01
9.228302647601296940e+02 9.869135631740121317e-01 4.999996879493430468e-02 9.999992594211567498e-01
9.228379603361869385e+02 9.707774129371692373e-01 4.999996721194025634e-02 9.999992217308178999e-01
9.228456559764181293e+02 1.037573654875963758e+00 4.999996549679908142e-02 9.999991808941178784e-01
9.228533516808242894e+02 9.905817920556687639e-01 4.999996363332689930e-02 9.999991365257268061e-01
9.228610474494056461e+02 9.625500213166265917e-01 4.999996160088945873e-02 9.999990881343523430e-01
9.228687432821627681e+02 9.966730863201284096e-01 4.999995936862928342e-02 9.999990349852929672e-01
9.228764391790962236e+02 1.032094997524604540e+00 4.999995687688198881e-02 9.999989756579669153e-01
9.228841351402066948e+02 1.044195927377732591e+00 4.999995397769946975e-02 9.999989066298000662e-01
9.228918311654945228e+02 9.822730825326286830e-01 4.999995024970717294e-02 9.999988178680627726e-01
9.228995272549602760e+02 9.577216551893115160e-01 4.999994444212959438e-02 9.999986795923788696e-01
9.229072234086044091e+02 1.037224057630004692e+00 4.999993286941671611e-02 9.999984040515321748e-01
9.229149196264276043e+02 1.033922057053064059e+00 4.999990496075706198e-02 9.999977395594322749e-01
9.229226159084303163e+02 9.617497633289350256e-01 4.999983142585816970e-02 9.999959887276311798e-01
9.229303122546131135e+02 9.976617710164391584e-01 4.999963409484674964e-02 9.999912903654444296e-01
9.229380086649766781e+02 9.610900405560188764e-01 4.999911230754471719e-02 9.999788668286173632e-01
9.229457051395212375e+02 9.171738866510585897e-01 4.999777101606137780e-02 9.999469311275885897e-01
9.229534016782475874e+02 1.007627244356611884e+00 4.999443713942296891e-02 9.998675519343075413e-01
9.229610982811561826e+02 1.024421353130181789e+00 4.998644246360317567e-02 9.996771955754890637e-01
9.229687949482473641e+02 9.523605208653849186e-01 4.996796647557651128e-02 9.992372528655341091e-01
9.229764916795219278e+02 9.321833530464324058e-01 4.992684700002936876e-02 9.982580211930006664e-01
9.229841884749803285e+02 1.041387967137378245e+00 4.983879035178178513e-02 9.961604942894883852e-01
9.229918853346231344e+02 1.106505833982772913e+00 4.965757020231369168e-02 9.918415504392680271e-01
9.229995822584508005e+02 9.959045953091143488e-01 4.929991806391960385e-02 9.833087804484632599e-01
9.230072792464640088e+02 9.020895904745285243e-01 4.862545813907984127e-02 9.671842266307588698e-01
9.230149762986629867e+02 9.984090050946090589e-01 4.741745073865602511e-02 9.381883871712997092e-01
9.230226734150486436e+02 8.750979808869795429e-01 4.538256095247959754e-02 8.889739534137983679e-01
9.230303705956212070e+02 8.489767655364977017e-01 4.220839324269661658e-02 8.110981592307355825e-01
9.230380678403815864e+02 6.583711012567167176e-01 3.773315975411383610e-02 6.982261044297771724e-01
9.230457651493297817e+02 5.437274952976165476e-01 3.224417577195193285e-02 5.519173856777837006e-01
9.230534625224668162e+02 4.011024015015125510e-01 2.674103441859780259e-02 3.873493143897496771e-01
9.230611599597930308e+02 2.498745480394273799e-01 2.265664663370066390e-02 2.323007561638131546e-01
9.230688574613087667e+02 1.209734775735335915e-01 2.067655782736035550e-02 1.144761436236594321e-01
9.230765550270148196e+02 4.575686593290172188e-02 2.010509356422835250e-02 4.480007069500939465e-02
9.230842526569119855e+02 9.293524403066754508e-03 2.000974721261211675e-02 1.362759085450662710e-02
9.230919503510000368e+02 -4.956620931469774699e-03 2.000054451813999129e-02 3.221290609937402152e-03
9.230996481092801105e+02 1.497985449211406382e-02 2.000001923695460954e-02 6.092751983957849860e-04
9.231073459317527750e+02 1.071730039377176424e-02 2.000000025637627479e-02 9.839342348192437772e-05
9.231150438184180302e+02 5.892834731862978863e-04 1.999999975997074006e-02 1.503071059004517610e-05
9.231227417692770132e+02 -1.633993093325576684e-02 1.999999974843442996e-02 2.486571047893087979e-06
9.231304397843298375e+02 4.041142733957436665e-04 1.999999974812404283e-02 5.204217365329560900e-07
9.231381378635772990e+02 -1.572614823346547147e-02 1.999999974811118159e-02 1.609535643736562827e-07
9.231458360070197386e+02 -2.603664194653220604e-02 1.999999974811018932e-02 8.371075803679794010e-08
9.231535342146579524e+02 2.786882669680904555e-03 1.999999974811015116e-02 7.907879286069592233e-08
9.231612324864921675e+02 2.468478558038512960e-02 1.999999974811080342e-02 1.366224234847989797e-07
9.231689308225229524e+02 1.449783098345418589e-02 1.999999974811841191e-02 4.045192485204778145e-07
9.231766292227511030e+02 1.795124752577154092e-02 1.999999974828331820e-02 1.817881520883066448e-06
9.231843276871769604e+02 -3.137464553668487671e-02 1.999999975405914593e-02 1.064520864706459206e-05
9.231920262158012065e+02 -2.192894450340850815e-02 2.000000000106473899e-02 6.941317513088761002e-05
9.231997248086241825e+02 -9.167238078531543110e-04 2.000000982312310008e-02 4.380696985244318426e-04
9.232074234656464569e+02 2.025269475454333570e-02 2.000030195972765309e-02 2.399261383648058389e-03
9.232151221868685980e+02 6.803665717277882462e-03 2.000591168038892698e-02 1.061248678565857549e-02
9.232228209722914016e+02 6.009832919737241597e-02 2.007015964551569359e-02 3.658856360546627190e-02
9.232305198219149815e+02 1.353037148516045007e-01 2.049669232717928405e-02 9.786873237404983272e-02
9.232382187357401335e+02 2.370296452190266967e-01 2.213213659050592211e-02 2.068257607336576598e-01
9.232459177137671986e+02 3.298662624353103090e-01 2.582965671875617208e-02 3.566852529320980181e-01
9.232536167559969726e+02 5.063311438859551261e-01 3.117292436138604378e-02 5.217877799388150883e-01
9.232613158624296830e+02 6.172821977697787732e-01 3.676175602453731622e-02 6.730975716729379332e-01
9.232690150330661254e+02 7.644400906052573053e-01 4.146711460715978015e-02 7.926812858354714830e-01
9.232767142679068684e+02 9.352288573922838966e-01 4.488129147234658223e-02 8.767717665502715585e-01
9.232844135669521393e+02 8.588820425983659801e-01 4.710739229471827549e-02 9.307207700753037383e-01
9.232921129302027339e+02 9.826721531449770231e-01 4.844646798452701547e-02 9.628974801413567874e-01
9.232998123576588796e+02 9.466283755258692034e-01 4.920224691446960924e-02 9.809764599641670468e-01
9.233075118493214859e+02 9.811304688129396379e-01 4.960678943720615852e-02 9.906307678739494360e-01
9.233152114051910075e+02 1.036967932803525727e+00 4.981351420926290879e-02 9.955582803136003855e-01
9.233229110252678993e+02 1.028700919748149811e+00 4.991476807692404177e-02 9.979703407771293167e-01
9.233306107095527295e+02 1.062319913697521434e+00 4.996241551970495576e-02 9.991050697020857907e-01
9.233383104580460667e+02 1.052803363269502634e+00 4.998398681419346373e-02 9.996187244375850378e-01
9.233460102707483657e+02 1.057256220692653903e+00 4.999339062097503394e-02 9.998426342506296916e-01
9.233537101476599673e+02 9.450069743633325858e-01 4.999734101005947479e-02 9.999366927941419902e-01
9.233614100887818950e+02 9.936994384346028442e-01 4.999894169928066623e-02 9.999748047120446959e-01
9.233691100941144896e+02 9.846487975193183306e-01 4.999956850975022238e-02 9.999897288131590622e-01
9.233768101636578649e+02 9.083479958635189977e-01 4.999980678941186307e-02 9.999954021451733510e-01
9.233845102974132715e+02 1.003570962118139454e+00 4.999989572219344647e-02 9.999975195935487671e-01
9.233922104953804819e+02 9.687699970028413876e-01 4.999992923344321466e-02 9.999983174807122177e-01
9.233999107575607468e+02 1.006995179612726332e+00 4.999994279513534506e-02 9.999986403782216149e-01
9.234076110839542935e+02 9.934861355501966029e-01 4.999994930645042246e-02 9.999987954095646003e-01
9.234153114745614630e+02 9.974681330075360064e-01 4.999995329554172974e-02 9.999988903879462043e-01
9.234230119293830512e+02 9.525954987106542982e-01 4.999995630653832762e-02 9.999989620783538147e-01
9.234307124484196265e+02 1.016538975867053329e+00 4.999995885934151174e-02 9.999990228593915731e-01
9.234384130316715300e+02 1.049778111685607529e+00 4.999996113404123893e-02 9.999990770189171041e-01
9.234461136791394438e+02 1.023032907874522612e+00 4.999996320067093963e-02 9.999991262243931311e-01
9.234538143908237089e+02 9.672074751279217120e-01 4.999996509355101454e-02 9.999991712929723331e-01
9.234615151667251212e+02 1.071949774957125401e+00 4.999996683463395208e-02 9.999992127473333881e-01
9.234692160068441353e+02 1.061664180259320744e+00 4.999996844074805491e-02 9.999992509881497904e-01
9.234769169111810925e+02 9.937962024469270128e-01 4.999996992592432160e-02 9.999992863494935325e-01
9.234846178797367884e+02 9.662013549770231968e-01 4.999997130225145719e-02 9.999993191191908215e-01
9.234923189125114504e+02 9.945489268100861091e-01 4.999997258028248542e-02 9.999993495485043349e-01
9.235000200095058744e+02 1.055736843399474711e+00 4.999997376929031512e-02 9.999993778582172421e-01
9.235077211707208562e+02 1.046860411501527421e+00 4.999997487745861530e-02 9.999994042431794572e-01
9.235154223961562820e+02 1.025389882524137208e+00 4.999997591203585862e-02 9.999994288759731509e-01
9.235231236858131751e+02 9.393867782308098491e-01 4.999997687946305253e-02 9.999994519099558721e-01
9.235308250396918766e+02 1.003487652038871358e+00 4.999997778548097987e-02 9.999994734818132835e-01
9.235385264577928410e+02 8.812248772766524407e-01 4.999997863522097352e-02 9.999994937137195450e-01
9.235462279401167507e+02 9.996524369495861650e-01 4.999997943328194500e-02 9.999995127151726226e-01
9.235539294866642877e+02 9.410893494052746666e-01 4.999998018379616521e-02 9.999995305845601479e-01
9.235616310974355656e+02 1.126093788347574343e+00 4.999998089048568461e-02 9.999995474105023430e-01
9.235693327724314940e+02 1.008515438900392969e+00 4.999998155671080829e-02 9.999995632730062090e-01
9.235770345116525277e+02 1.074304918011598442e+00 4.999998218551188200e-02 9.999995782444616177e-01
9.235847363150991214e+02 9.770058236088103865e-01 4.999998277964563809e-02 9.999995923905041773e-01
9.235924381827719571e+02 9.402310400764951615e-01 4.999998334161660785e-02 9.999996057707660757e-01
9.236001401146711487e+02 1.047333142740994427e+00 4.999998387370459263e-02 9.999996184395285592e-01
9.236078421107978329e+02 9.811718476394485355e-01 4.999998437798871403e-02 9.999996304462939190e-01
9.236155441711521235e+02 1.104324892966028759e+00 4.999998485636831386e-02 9.999996418362850914e-01
9.236232462957347025e+02 1.031331287074438441e+00 4.999998531058154339e-02 9.999996526508863059e-01
9.236309484845460247e+02 9.568674693119766372e-01 4.999998574222161429e-02 9.999996629280314409e-01
9.236386507375867723e+02 1.084630788236623289e+00 4.999998615275114133e-02 9.999996727025445287e-01
9.236463530548573999e+02 9.859897555475968245e-01 4.999998654351489602e-02 9.999996820064440683e-01
9.236540554363583624e+02 1.021529977596599803e+00 4.999998691575112397e-02 9.999996908692118103e-01
9.236617578820902281e+02 9.959162894641593322e-01 4.999998727060154385e-02 9.999996993180314542e-01
9.236694603920536792e+02 1.002526507622431007e+00 4.999998760912027079e-02 9.999997073780017010e-01
9.236771629662491705e+02 1.014388535596772112e+00 4.999998793228191407e-02 9.999997150723268780e-01
9.236848656046772703e+02 9.617859341761415548e-01 4.999998824098857153e-02 9.999997224224855819e-01
9.236925683073383198e+02 9.522225628784918294e-01 4.999998853607635907e-02 9.999997294483856658e-01
9.237002710742330009e+02 9.799673975892331246e-01 4.999998881832105890e-02 9.999997361684979102e-01
9.237079739053617686e+02 9.712878161908674590e-01 4.999998908844337925e-02 9.999997425999820333e-01
9.237156768007255323e+02 1.057029520406604695e+00 4.999998934711354093e-02 9.999997487587956035e-01
9.237233797603242920e+02 9.955309260557951845e-01 4.999998959495549622e-02 9.999997546597946263e-01
9.237310827841589571e+02 1.015151351820790415e+00 4.999998983255072443e-02 9.999997603168241378e-01
9.237387858722297551e+02 1.021837314294322896e+00 4.999999006044167360e-02 9.999997657427991404e-01
9.237464890245375955e+02 1.088604768452516414e+00 4.999999027913486910e-02 9.999997709497803200e-01
9.237541922410825919e+02 9.052606911503662257e-01 4.999999048910374472e-02 9.999997759490394378e-01
9.237618955218656538e+02 1.006956352493524331e+00 4.999999069079124475e-02 9.999997807511228354e-01
9.237695988668871223e+02 1.029151538108648234e+00 4.999999088461203750e-02 9.999997853659040592e-01
9.237773022761475659e+02 9.767319202284341362e-01 4.999999107095483980e-02 9.999997898026373733e-01
9.237850057496475529e+02 1.013522189504898918e+00 4.999999125018415869e-02 9.999997940700021681e-01
9.237927092873874244e+02 9.859940627135090896e-01 4.999999142264221347e-02 9.999997981761465926e-01
9.238004128893680900e+02 9.764711455983953181e-01 4.999999158865051779e-02 9.999998021287254124e-01
9.238081165555898906e+02 9.570598237637971684e-01 4.999999174851132988e-02 9.999998059349353152e-01
9.238158202860531674e+02 9.840951061655697218e-01 4.999999190250906805e-02 9.999998096015481064e-01
9.238235240807588298e+02 9.340293902566872974e-01 4.999999205091153198e-02 9.999998131349403518e-01
9.238312279397071052e+02 1.038074679336020711e+00 4.999999219397106148e-02 9.999998165411195794e-01
9.238389318628987894e+02 9.963924246473131463e-01 4.999999233192558429e-02 9.999998198257511461e-01
9.238466358503341098e+02 9.892569630111168744e-01 4.999999246499961525e-02 9.999998229941805539e-01
9.238543399020139759e+02 9.914321438062637659e-01 4.999999259340514451e-02 9.999998260514552095e-01
9.238620440179385014e+02 9.848088284646661084e-01 4.999999271734240081e-02 9.999998290023424108e-01
9.238697481981085957e+02 1.050803185844240595e+00 4.999999283700078123e-02 9.999998318513514395e-01
9.238774524425246000e+02 1.041210880562736030e+00 4.999999295255935089e-02 9.999998346027461071e-01
9.238851567511870826e+02 1.042665073380994123e+00 4.999999306418764083e-02 9.999998372605626296e-01
9.238928611240964983e+02 9.883697870397001317e-01 4.999999317204620319e-02 9.999998398286236156e-01
9.239005655612535293e+02 1.062418746431481598e+00 4.999999327628717322e-02 9.999998423105516121e-01
9.239082700626586302e+02 9.914762189249373137e-01 4.999999337705480357e-02 9.999998447097808718e-01
9.239159746283122558e+02 1.037007996443940039e+00 4.999999347448590842e-02 9.999998470295692332e-01
9.239236792582153157e+02 9.934824223331392146e-01 4.999999356871037692e-02 9.999998492730088895e-01
9.239313839523678098e+02 1.020517054148853964e+00 4.999999365985153404e-02 9.999998514430364915e-01
9.239390887107706476e+02 1.040346686607018567e+00 4.999999374802654301e-02 9.999998535424415858e-01
9.239467935334243975e+02 9.729068012139590049e-01 4.999999383334678693e-02 9.999998555738758288e-01
9.239544984203292870e+02 9.428375354083629034e-01 4.999999391591814640e-02 9.999998575398608702e-01
9.239622033714859981e+02 1.016602248889788340e+00 4.999999399584142967e-02 9.999998594427961240e-01
9.239699083868950993e+02 1.016846585771542966e+00 4.999999407321251144e-02 9.999998612849647639e-01
9.239776134665571590e+02 9.361634528356680418e-01 4.999999414812274223e-02 9.999998630685418277e-01
9.239853186104726319e+02 9.412870347246404812e-01 4.999999422065912191e-02 9.999998647955985476e-01
9.239930238186422002e+02 9.793509966221426444e-01 4.999999429090459802e-02 9.999998664681097882e-01
9.240007290910660913e+02 1.076179466173506682e+00 4.999999435893816291e-02 9.999998680879566004e-01
9.240084344277452146e+02 9.070334868617885293e-01 4.999999442483525625e-02 9.999998696569351031e-01
9.240161398286799113e+02 1.062402922628885582e+00 4.999999448866783436e-02 9.999998711767583703e-01
9.240238452938706359e+02 9.745328075154687797e-01 4.999999455050452984e-02 9.999998726490606504e-01
9.240315508233179571e+02 1.023263012749780598e+00 4.999999461041091525e-02 9.999998740754032500e-01
9.240392564170226706e+02 9.967431226567485814e-01 4.999999466844963492e-02 9.999998754572774207e-01
9.240469620749848900e+02 9.737834791965350734e-01 4.999999472468048822e-02 9.999998767961073565e-01
9.240546677972056386e+02 1.095329209174686680e+00 4.999999477916067941e-02 9.999998780932546349e-01
9.240623735836851438e+02 1.017983344874662244e+00 4.999999483194486616e-02 9.999998793500211036e-01
9.240700794344238602e+02 9.527471365932850267e-01 4.999999488308532608e-02 9.999998805676512115e-01
9.240777853494225837e+02 9.953584894285295581e-01 4.999999493263207473e-02 9.999998817473357837e-01
9.240854913286816554e+02 1.006620301856924193e+00 4.999999498063296965e-02 9.999998828902143533e-01
9.240931973722015300e+02 9.942458041273128933e-01 4.999999502713380062e-02 9.999998839973768261e-01
9.241009034799830033e+02 9.968827569659712839e-01 4.999999507217842837e-02 9.999998850698679220e-01
9.241086096520267574e+02 1.054337030900616590e+00 4.999999511580880546e-02 9.999998861086865087e-01
9.241163158883327924e+02 1.009618436817272702e+00 4.999999515806516359e-02 9.999998871147903756e-01
9.241240221889019040e+02 1.040260937433874044e+00 4.999999519898602751e-02 9.999998880890965669e-01
9.241317285537347743e+02 1.070712469443358295e+00 4.999999523860827050e-02 9.999998890324832690e-01
9.241394349828318582e+02 1.013109177350427714e+00 4.999999527696728091e-02 9.999998899457930301e-01
9.241471414761934966e+02 1.069655361718004238e+00 4.999999531409694831e-02 9.999998908298328715e-01
9.241548480338203717e+02 9.890760822306713385e-01 4.999999535002979528e-02 9.999998916853767295e-01
9.241625546557129383e+02 9.685617636355399185e-01 4.999999538479693584e-02 9.999998925131660110e-01
9.241702613418719920e+02 1.025982612241619130e+00 4.999999541842827661e-02 9.999998933139121471e-01
9.241779680922978741e+02 9.437550821983192728e-01 4.999999545095245440e-02 9.999998940882972587e-01
9.241856749069910393e+02 1.070631907510498859e+00 4.999999548239692643e-02 9.999998948369753782e-01
9.241933817859522833e+02 1.070027845468716876e+00 4.999999551278807436e-02 9.999998955605740036e-01
9.242010887291818335e+02 1.028655608406394029e+00 4.999999554215116965e-02 9.999998962596953200e-01
9.242087957366804858e+02 1.112979596660666592e+00 4.999999557051044985e-02 9.999998969349161992e-01
9.242165028084484675e+02 1.031913584354503088e+00 4.999999559788915332e-02 9.999998975867903095e-01
9.242242099444865744e+02 9.538577670594557967e-01 4.999999562430964412e-02 9.999998982158496696e-01
9.242319171447956023e+02 9.924912767564334493e-01 4.999999564979328709e-02 9.999998988226028729e-01
9.242396244093753239e+02 9.559348989822777920e-01 4.999999567436059361e-02 9.999998994075388614e-01
9.242473317382268760e+02 9.920429301411712864e-01 4.999999569803128402e-02 9.999998999711265935e-01
9.242550391313508271e+02 1.015353904432942267e+00 4.999999572082425986e-02 9.999999005138164865e-01
9.242627465887472908e+02 9.513272543026615180e-01 4.999999574275758307e-02 9.999999010360385299e-01
9.242704541104169493e+02 9.610553497206048013e-01 4.999999576384862171e-02 9.999999015382062817e-01
9.242781616963607121e+02 1.015267591788262092e+00 4.999999578411403606e-02 9.999999020207159806e-01
9.242858693465785791e+02 9.927421718581161958e-01 4.999999580356977863e-02 9.999999024839478778e-01
9.242935770610713462e+02 8.987711273426071124e-01 4.999999582223110112e-02 9.999999029282651275e-01
9.243012848398396955e+02 9.590433905076193311e-01 4.999999584011267234e-02 9.999999033540170057e-01
9.243089926828838543e+02 1.004241949211095886e+00 4.999999585722851581e-02 9.999999037615369124e-01
9.243167005902045048e+02 1.019067638570598344e+00 4.999999587359204439e-02 9.999999041511447029e-01
9.243244085618022154e+02 1.030748000522111685e+00 4.999999588921608812e-02 9.999999045231460215e-01
9.243321165976776683e+02 9.835190535837943226e-01 4.999999590411297046e-02 9.999999048778335231e-01
9.243398246978309771e+02 1.001334313321629699e+00 4.999999591829439038e-02 9.999999052154864287e-01
9.243475328622629377e+02 9.826375295257251397e-01 4.999999593177159585e-02 9.999999055363721912e-01
9.243552410909742321e+02 9.550874606246375631e-01 4.999999594455529356e-02 9.999999058407459396e-01
9.243629493839652014e+02 9.090550744133865102e-01 4.999999595665569063e-02 9.999999061288509239e-01
9.243706577412363004e+02 9.816008723655974544e-01 4.999999596808255703e-02 9.999999064009191807e-01
9.243783661627883248e+02 1.000157217313749625e+00 4.999999597884519087e-02 9.999999066571720885e-01
9.243860746486216158e+02 1.017418326802938422e+00 4.999999598895238373e-02 9.999999068978195904e-01
9.243937831987366280e+02 1.006530966833793173e+00 4.999999599841258024e-02 9.999999071230624148e-01
9.244014918131340437e+02 9.914460300319307695e-01 4.999999600723372545e-02 9.999999073330897437e-01
9.244092004918145449e+02 1.118024779164124016e+00 4.999999601542338967e-02 9.999999075280818772e-01
9.244169092347783590e+02 1.141583527105592522e+00 4.999999602298878243e-02 9.999999077082101229e-01
9.244246180420262817e+02 1.002951702253341182e+00 4.999999602993662057e-02 9.999999078736347968e-01
9.244323269135586543e+02 9.171409461140711539e-01 4.999999603627332256e-02 9.999999080245085548e-01
9.244400358493761587e+02 1.065945234055375224e+00 4.999999604200489056e-02 9.999999081609747265e-01
9.244477448494791361e+02 1.050571880025322535e+00 4.999999604713701445e-02 9.999999082831678709e-01
9.244554539138683822e+02 9.620181570331648446e-01 4.999999605167492617e-02 9.999999083912136655e-01
9.244631630425442381e+02 8.971542213865650872e-01 4.999999605562366334e-02 9.999999084852311260e-01
9.244708722355074997e+02 9.055275014308683534e-01 4.999999605898777788e-02 9.999999085653289432e-01
9.244785814927582805e+02 1.026382308194685233e+00 4.999999606177154415e-02 9.999999086316092578e-01
9.244862908142973765e+02 1.071948207547875453e+00 4.999999606397894508e-02 9.999999086841663276e-01
9.244940002001254697e+02 9.696262500294862141e-01 4.999999606561357501e-02 9.999999087230861949e-01
9.245017096502427876e+02 1.106662730877751910e+00 4.999999606667878543e-02 9.999999087484482407e-01
9.245094191646501258e+02 9.995724962418767179e-01 4.999999606717751843e-02 9.999999087603228531e-01
9.245171287433477119e+02 1.029706660114177108e+00 4.999999606711248712e-02 9.999999087587744251e-01
9.245248383863363415e+02 1.099585919637795284e+00 4.999999606648607847e-02 9.999999087438599110e-01
9.245325480936163558e+02 9.804256791859868869e-01 4.999999606530037416e-02 9.999999087156290489e-01
9.245402578651885506e+02 1.051189234547788676e+00 4.999999606355719217e-02 9.999999086741245824e-01
9.245479677010532669e+02 9.601358799930477250e-01 4.999999606125799662e-02 9.999999086193820386e-01
9.245556776012111868e+02 1.077465088200280308e+00 4.999999605840402261e-02 9.999999085514301722e-01
9.245633875656626515e+02 9.708003881432084592e-01 4.999999605499618610e-02 9.999999084702911878e-01
9.245710975944082293e+02 1.055707209970777383e+00 4.999999605103512546e-02 9.999999083759802954e-01
9.245788076874487160e+02 1.034385109520038259e+00 4.999999604652120844e-02 9.999999082685059326e-01
9.245865178447842254e+02 1.046385886643832253e+00 4.999999604145449056e-02 9.999999081478698759e-01
9.245942280664157806e+02 9.841347367273111102e-01 4.999999603583479835e-02 9.999999080140675733e-01
9.246019383523434954e+02 1.041535375590659562e+00 4.999999602966160445e-02 9.999999078670868125e-01
9.246096487025681654e+02 1.089995213801452589e+00 4.999999602293419415e-02 9.999999077069103848e-01
9.246173591170902455e+02 9.926771320676948118e-01 4.999999601565149887e-02 9.999999075335128662e-01
9.246250695959100767e+02 1.029353796468158055e+00 4.999999600781222103e-02 9.999999073468632815e-01
9.246327801390286822e+02 9.868616410766595237e-01 4.999999599941476469e-02 9.999999071469239942e-01
9.246404907464460621e+02 1.006482700579764744e+00 4.999999599045724247e-02 9.999999069336495960e-01
9.246482014181631257e+02 9.506322224631155171e-01 4.999999598093752412e-02 9.999999067069896830e-01
9.246559121541799868e+02 1.017737442717060681e+00 4.999999597085315328e-02 9.999999064668856352e-01
9.246636229544978960e+02 9.997564763679873678e-01 4.999999596020145154e-02 9.999999062132735039e-01
9.246713338191167395e+02 9.545827390331048656e-01 4.999999594897938660e-02 9.999999059460815687e-01
9.246790447480373132e+02 1.012470254967276384e+00 4.999999593718369717e-02 9.999999056652317808e-01
9.246867557412600718e+02 1.001115547021664831e+00 4.999999592481079586e-02 9.999999053706390972e-01
9.246944667987855837e+02 9.961959245295850529e-01 4.999999591185685932e-02 9.999999050622120356e-01
9.247021779206144174e+02 9.587552098230600617e-01 4.999999589831771035e-02 9.999999047398512309e-01
9.247098891067470277e+02 1.001525188507646602e+00 4.999999588418889418e-02 9.999999044034508788e-01
9.247176003571839829e+02 1.045238479416375821e+00 4.999999586946567154e-02 9.999999040528979588e-01
9.247253116719259651e+02 1.020950740506715304e+00 4.999999585414299785e-02 9.999999036880723446e-01
9.247330230509733155e+02 1.022852202269063815e+00 4.999999583821548854e-02 9.999999033088459166e-01
9.247407344943266025e+02 1.015584516933511816e+00 4.999999582167749534e-02 9.999999029150842267e-01
9.247484460019866219e+02 9.834989743465899492e-01 4.999999580452301612e-02 9.999999025066441671e-01
9.247561575739533737e+02 1.010377568599575948e+00 4.999999578674574341e-02 9.999999020833756358e-01
9.247638692102279947e+02 1.059148799413855535e+00 4.999999576833902282e-02 9.999999016451205369e-01
9.247715809108107123e+02 9.322657218432002235e-01 4.999999574929589463e-02 9.999999011917127811e-01
9.247792926757019814e+02 1.020469036622885461e+00 4.999999572960903832e-02 9.999999007229778414e-01
9.247870045049023702e+02 1.057529543588678456e+00 4.999999570927079334e-02 9.999999002387338631e-01
9.247947163984125609e+02 9.523682604516325867e-01 4.999999568827313140e-02 9.999998997387896660e-01
9.248024283562331220e+02 9.412611870909435297e-01 4.999999566660768419e-02 9.999998992229457428e-01
9.248101403783643946e+02 1.040206069722482640e+00 4.999999564426570176e-02 9.999998986909937049e-01
9.248178524648070606e+02 1.001308104479728067e+00 4.999999562123805252e-02 9.999998981427161704e-01
9.248255646155614613e+02 9.110222914499317426e-01 4.999999559751520939e-02 9.999998975778868759e-01
9.248332768306283924e+02 1.013584654395324192e+00 4.999999557308731218e-02 9.999998969962700102e-01
9.248409891100083087e+02 1.004913094818105090e+00 4.999999554794398032e-02 9.999998963976194366e-01
9.248487014537016648e+02 1.048812338719203652e+00 4.999999552207452791e-02 9.999998957816800260e-01
9.248564138617090293e+02 1.021787491381701773e+00 4.999999549546777639e-02 9.999998951481858800e-01
9.248641263340310843e+02 1.007287328756887756e+00 4.999999546811213086e-02 9.999998944968611081e-01
9.248718388706681708e+02 9.920906097414310398e-01 4.999999543999553847e-02 9.999998938274184956e-01
9.248795514716208572e+02 1.029766124725443710e+00 4.999999541110549534e-02 9.999998931395601698e-01
9.248872641368897121e+02 9.813801014631144959e-01 4.999999538142902572e-02 9.999998924329774885e-01
9.248949768664753037e+02 9.858916884180467521e-01 4.999999535095261960e-02 9.999998917073487092e-01
9.249026896603780870e+02 9.308849849773532803e-01 4.999999531966231592e-02 9.999998909623416532e-01
9.249104025185986302e+02 9.262265414883076309e-01 4.999999528754361239e-02 9.999998901976105969e-01
9.249181154411373882e+02 1.043242575301235098e+00 4.999999525458149324e-02 9.999998894127980487e-01
9.249258284279952704e+02 9.045385965577605880e-01 4.999999522076033209e-02 9.999998886075323057e-01
9.249335414791723906e+02 9.837257170331259459e-01 4.999999518606399601e-02 9.999998877814290088e-01
9.249412545946694308e+02 9.461102581307747617e-01 4.999999515047573451e-02 9.999998869340895880e-01
9.249489677744869596e+02 1.010592339613209711e+00 4.999999511397820728e-02 9.999998860651008181e-01
9.249566810186255452e+02 1.026221197798952378e+00 4.999999507655344261e-02 9.999998851740349304e-01
9.249643943270854152e+02 1.007376944437257116e+00 4.999999503818279567e-02 9.999998842604480576e-01
9.249721076998675926e+02 9.891777074525222035e-01 4.999999499884701104e-02 9.999998833238816776e-01
9.249798211369724186e+02 1.005746757926198942e+00 4.999999495852606307e-02 9.999998823638591716e-01
9.249875346384001205e+02 9.816077444555948439e-01 4.999999491719928080e-02 9.999998813798883779e-01
9.249952482041517214e+02 9.372183663857606151e-01 4.999999487484522998e-02 9.999998803714584827e-01
9.250029618342275626e+02 1.031330032406365449e+00 4.999999483144169921e-02 9.999998793380410200e-01
9.250106755286279849e+02 9.649315516546360660e-01 4.999999478696568606e-02 9.999998782790880947e-01
9.250183892873537843e+02 1.079247794875997091e+00 4.999999474139336236e-02 9.999998771940330489e-01
9.250261031104055292e+02 9.405407559436688159e-01 4.999999469470006036e-02 9.999998760822877975e-01
9.250338169977833331e+02 9.907629776859425697e-01 4.999999464686024492e-02 9.999998749432441603e-01
9.250415309494881058e+02 9.705881081398544108e-01 4.999999459784740252e-02 9.999998737762718637e-01
9.250492449655205291e+02 9.713831689490235455e-01 4.999999454763409679e-02 9.999998725807172084e-01
9.250569590458808307e+02 1.042449149202991032e+00 4.999999449619195457e-02 9.999998713559040686e-01
9.250646731905695788e+02 9.631876682776917553e-01 4.999999444349149252e-02 9.999998701011311164e-01
9.250723873995873419e+02 1.045841893876427120e+00 4.999999438950221420e-02 9.999998688156722659e-01
9.250801016729349158e+02 9.799081001082547981e-01 4.999999433419250600e-02 9.999998674987742309e-01
9.250878160106124142e+02 9.636862105585259908e-01 4.999999427752956083e-02 9.999998661496565244e-01
9.250955304126205192e+02 1.034599412837306387e+00 4.999999421947942668e-02 9.999998647675104602e-01
9.251032448789599130e+02 9.534865649057875370e-01 4.999999416000689562e-02 9.999998633514977087e-01
9.251109594096309365e+02 9.645438552647607189e-01 4.999999409907542047e-02 9.999998619007481881e-01
9.251186740046343857e+02 9.365190147702312506e-01 4.999999403664713571e-02 9.999998604143606196e-01
9.251263886639703742e+02 9.653148461275570247e-01 4.999999397268276718e-02 9.999998588913994180e-01
9.251341033876398114e+02 1.026696398605158711e+00 4.999999390714158359e-02 9.999998573308950256e-01
9.251418181756432659e+02 1.016281486796938527e+00 4.999999383998127156e-02 9.999998557318399151e-01
9.251495330279810787e+02 1.012413488542505124e+00 4.999999377115798421e-02 9.999998540931901436e-01
9.251572479446537045e+02 8.845084054064610291e-01 4.999999370062616078e-02 9.999998524138611344e-01
9.251649629256618255e+02 9.851939344765965334e-01 4.999999362833855432e-02 9.999998506927273434e-01
9.251726779710060100e+02 1.131404301396313983e+00 4.999999355424605829e-02 9.999998489286203718e-01
9.251803930806869403e+02 1.022090119278854070e+00 4.999999347829771346e-02 9.999998471203263017e-01
9.251881082547045025e+02 1.074701346694576731e+00 4.999999340044054830e-02 9.999998452665842530e-01
9.251958234930601748e+02 9.903277101954547357e-01 4.999999332061956514e-02 9.999998433660846064e-01
9.252035387957536159e+02 1.022207375438954235e+00 4.999999323877756668e-02 9.999998414174656736e-01
9.252112541627860764e+02 1.045105903813914106e+00 4.999999315485512130e-02 9.999998394193120310e-01
9.252189695941575565e+02 1.081289624532549842e+00 4.999999306879043814e-02 9.999998373701529664e-01
9.252266850898688517e+02 1.000482521381015122e+00 4.999999298051922836e-02 9.999998352684574821e-01
9.252344006499205307e+02 9.954685736992476830e-01 4.999999288997463570e-02 9.999998331126338513e-01
9.252421162743130481e+02 9.511276459505596526e-01 4.999999279708710470e-02 9.999998309010257325e-01
9.252498319630469723e+02 9.752336895163886687e-01 4.999999270178420024e-02 9.999998286319089491e-01
9.252575477161226445e+02 9.803857797051660494e-01 4.999999260399052431e-02 9.999998263034880486e-01
9.252652635335408604e+02 1.017153597588804859e+00 4.999999250362757719e-02 9.999998239138939704e-01
9.252729794153021885e+02 9.380162931793133430e-01 4.999999240061355626e-02 9.999998214611792724e-01
9.252806953614069698e+02 1.051056585447565306e+00 4.999999229486323110e-02 9.999998189433141338e-01
9.252884113718557728e+02 9.286540004611653076e-01 4.999999218628775610e-02 9.999998163581838018e-01
9.252961274466490522e+02 1.012331542069607737e+00 4.999999207479449009e-02 9.999998137035822632e-01
9.253038435857877175e+02 1.038076672866792727e+00 4.999999196028680898e-02 9.999998109772088029e-01
9.253115597892718824e+02 1.023348904684742822e+00 4.999999184266390451e-02 9.999998081766634517e-01
9.253192760571023427e+02 9.584761186369799013e-01 4.999999172182056917e-02 9.999998052994408804e-01
9.253269923892795532e+02 1.004955126691400968e+00 4.999999159764689088e-02 9.999998023429246263e-01
9.253347087858041959e+02 1.080416155761868113e+00 4.999999147002814892e-02 9.999997993043832079e-01
9.253424252466763846e+02 9.777718080219884866e-01 4.999999133884446001e-02 9.999997961809619085e-01
9.253501417718970288e+02 1.008880499799746255e+00 4.999999120397052854e-02 9.999997929696775589e-01
9.253578583614665831e+02 9.078895180043876634e-01 4.999999106527525800e-02 9.999997896674093223e-01
9.253655750153856161e+02 9.492070965107582969e-01 4.999999092262165379e-02 9.999997862708948082e-01
9.253732917336543551e+02 1.014742626260567215e+00 4.999999077586628204e-02 9.999997827767191927e-01
9.253810085162739369e+02 9.561453997156764695e-01 4.999999062485899898e-02 9.999997791813075576e-01
9.253887253632443617e+02 1.027139144506056034e+00 4.999999046944257619e-02 9.999997754809164530e-01
9.253964422745664251e+02 1.033382882783518308e+00 4.999999030945229128e-02 9.999997716716236829e-01
9.254041592502408093e+02 9.537553431232667078e-01 4.999999014471544906e-02 9.999997677493179804e-01
9.254118762902675144e+02 9.630505465014727040e-01 4.999998997505102766e-02 9.999997637096885716e-01
9.254195933946474497e+02 8.916433364843577847e-01 4.999998980026904016e-02 9.999997595482126300e-01
9.254273105633812975e+02 1.070482205059612779e+00 4.999998962017018073e-02 9.999997552601442852e-01
9.254350277964692850e+02 1.021713724077428331e+00 4.999998943454505435e-02 9.999997508404984137e-01
9.254427450939119808e+02 1.008120749403476735e+00 4.999998924317378135e-02 9.999997462840392037e-01
9.254504624557101806e+02 9.853161826958021230e-01 4.999998904582519249e-02 9.999997415852632798e-01
9.254581798818641118e+02 9.957274597006364747e-01 4.999998884225625301e-02 9.999997367383832714e-01
9.254658973723745703e+02 1.000580026849760440e+00 4.999998863221118833e-02 9.999997317373102712e-01
9.254736149272418970e+02 1.066526287007580898e+00 4.999998841542083183e-02 9.999997265756348508e-01
9.254813325464667741e+02 9.813141743033284570e-01 4.999998819160163255e-02 9.999997212466060770e-01
9.254890502300496564e+02 1.020368264273852743e+00 4.999998796045481558e-02 9.999997157431101957e-01
9.254967679779909986e+02 1.067535633269562245e+00 4.999998772166532740e-02 9.999997100576460962e-01
9.255044857902915965e+02 9.759608424776393676e-01 4.999998747490086437e-02 9.999997041823013300e-01
9.255122036669515637e+02 9.757878521981793174e-01 4.999998721981056132e-02 9.999996981087223569e-01
9.255199216079718099e+02 9.630592879355965863e-01 4.999998695602386051e-02 9.999996918280864566e-01
9.255276396133529033e+02 9.674315411030973699e-01 4.999998668314915851e-02 9.999996853310694211e-01
9.255353576830951852e+02 9.670398858839626133e-01 4.999998640077229356e-02 9.999996786078103606e-01
9.255430758171992238e+02 9.977292246631309647e-01 4.999998610845498431e-02 9.999996716478742886e-01
9.255507940156653603e+02 9.724535995888001771e-01 4.999998580573317836e-02 9.999996644402117107e-01
9.255585122784946179e+02 9.196396776867562517e-01 4.999998549211513016e-02 9.999996569731148810e-01
9.255662306056872239e+02 9.522220862615208281e-01 4.999998516707938878e-02 9.999996492341681753e-01
9.255739489972436331e+02 9.869326440542363077e-01 4.999998483007270927e-02 9.999996412101992416e-01
9.255816674531644139e+02 9.656489418116549484e-01 4.999998448050758243e-02 9.999996328872196028e-01
9.255893859734503621e+02 1.035198638410517180e+00 4.999998411775971596e-02 9.999996242503650379e-01
9.255971045581018188e+02 9.652107397731826133e-01 4.999998374116514099e-02 9.999996152838270813e-01
9.256048232071193524e+02 9.796942211534080958e-01 4.999998335001729771e-02 9.999996059707825236e-01
9.256125419205034177e+02 1.025056887508336567e+00 4.999998294356346878e-02 9.999995962933100335e-01
9.256202606982548104e+02 9.902913842080266482e-01 4.999998252100136542e-02 9.999995862323067808e-01
9.256279795403736443e+02 9.965260099706783059e-01 4.999998208147487383e-02 9.999995757673897367e-01
9.256356984468608289e+02 9.853528010181425989e-01 4.999998162406985025e-02 9.999995648767932011e-01
9.256434174177167051e+02 1.012214053923915058e+00 4.999998114780921515e-02 9.999995535372534494e-01
9.256511364529419552e+02 1.048952284926715661e+00 4.999998065164763805e-02 9.999995417238816131e-01
9.256588555525368065e+02 9.767379857074750538e-01 4.999998013446578515e-02 9.999995294100271215e-01
9.256665747165022822e+02 1.057877095570203041e+00 4.999997959506383843e-02 9.999995165671226038e-01
9.256742939448383822e+02 9.984493304037583838e-01 4.999997903215441103e-02 9.999995031645163568e-01
9.256820132375462435e+02 1.000340014587338011e+00 4.999997844435478955e-02 9.999994891692860488e-01
9.256897325946257524e+02 1.126631488047133978e+00 4.999997783017817721e-02 9.999994745460323298e-01
9.256974520160780457e+02 1.063935917409853937e+00 4.999997718802418056e-02 9.999994592566500140e-01
9.257051715019032372e+02 9.954494422193995717e-01 4.999997651616808897e-02 9.999994432600750605e-01
9.257128910521021226e+02 1.022246344251342531e+00 4.999997581274902986e-02 9.999994265120010217e-01
9.257206106666750429e+02 1.043268335125020263e+00 4.999997507575690281e-02 9.999994089645675155e-01
9.257283303456225667e+02 9.057940502078437595e-01 4.999997430301738460e-02 9.999993905660060634e-01
9.257360500889453760e+02 1.086834071480283326e+00 4.999997349217576159e-02 9.999993712602511797e-01
9.257437698966440394e+02 1.058858722077409942e+00 4.999997264067826408e-02 9.999993509864990582e-01
9.257514897687186703e+02 9.462814739198964764e-01 4.999997174575147169e-02 9.999993296787161867e-01
9.257592097051702922e+02 9.435626900325331246e-01 4.999997080437901947e-02 9.999993072650840142e-01
9.257669297059991322e+02 1.003148727247502814e+00 4.999996981327534118e-02 9.999992836673747831e-01
9.257746497712059863e+02 9.006031745520095555e-01 4.999996876885599850e-02 9.999992588002448723e-01
9.257823699007911955e+02 1.016936083393568113e+00 4.999996766720424951e-02 9.999992325704381013e-01
9.257900900947553282e+02 1.016884023296348749e+00 4.999996650403275983e-02 9.999992048758752361e-01
9.257978103530989529e+02 9.646248555235223954e-01 4.999996527464040108e-02 9.999991756046249236e-01
9.258055306758226379e+02 9.855932238136093648e-01 4.999996397386273495e-02 9.999991446337241907e-01
9.258132510629268381e+02 9.666618743108355005e-01 4.999996259601548892e-02 9.999991118278327429e-01
9.258209715144123493e+02 9.199646737868009128e-01 4.999996113482953197e-02 9.999990770376859794e-01
9.258286920302791714e+02 1.031323427575481455e+00 4.999995958337623975e-02 9.999990400983163052e-01
9.258364126105283276e+02 9.853114605850388230e-01 4.999995793398121641e-02 9.999990008270002173e-01
9.258441332551603864e+02 1.026218372296557657e+00 4.999995617812428433e-02 9.999989590208759882e-01
9.258518539641754614e+02 1.042725791030548299e+00 4.999995430632334092e-02 9.999989144541794328e-01
9.258595747375742349e+02 9.472834795374087680e-01 4.999995230799876567e-02 9.999988668750144916e-01
9.258672955753573888e+02 8.488396074309704220e-01 4.999995017131448477e-02 9.999988160015698124e-01
9.258750164775256053e+02 1.009462783181129142e+00 4.999994788299105125e-02 9.999987615176681999e-01
9.258827374440788844e+02 1.051544363069700783e+00 4.999994542808459952e-02 9.999987030675028254e-01
9.258904584750182494e+02 1.083973927680150995e+00 4.999994278972377804e-02 9.999986402493747928e-01
9.258981795703441549e+02 9.776013247802076700e-01 4.999993994879386311e-02 9.999985726081715987e-01
9.259059007300571693e+02 1.008404504208380237e+00 4.999993688354876370e-02 9.999984996261283010e-01
9.259136219541575201e+02 8.956153444112400219e-01 4.999993356910745895e-02 9.999984207108397749e-01
9.259213432426460031e+02 9.288617239947285498e-01 4.999992997670638789e-02 9.999983351774590634e-01
9.259290645955231867e+02 9.875873425651725546e-01 4.999992607227946029e-02 9.999982422148878669e-01
9.259367860127892982e+02 1.006932344818611824e+00 4.999992181290504462e-02 9.999981408011822115e-01
9.259445074944451335e+02 9.992209548685079268e-01 4.999991713622031764e-02 9.999980294515118384e-01
9.259522290404913747e+02 9.897518205388032841e-01 4.999991192689987041e-02 9.999979054200325290e-01
9.259599506509283628e+02 1.031398354713058074e+00 4.999990591055283179e-02 9.999977621736251265e-01
9.259676723257565527e+02 9.544255882851618855e-01 4.999989832636036330e-02 9.999975815975471471e-01
9.259753940649765127e+02 9.771290800015927092e-01 4.999988695191224380e-02 9.999973107772438530e-01
9.259831158685890387e+02 9.650805690976029805e-01 4.999986530923116596e-02 9.999967954750712540e-01
9.259908377365942442e+02 1.001113132433358421e+00 4.999981497869434438e-02 9.999955971282297185e-01
9.259985596689931526e+02 1.029204374931143029e+00 4.999968531891926110e-02 9.999925099877966517e-01
9.260062816657859912e+02 9.281378065538925526e-01 4.999934218596643887e-02 9.999843401404724386e-01
9.260140037269733284e+02 9.743443021871627252e-01 4.999844377075706586e-02 9.999629492119914698e-01
9.260217258525556190e+02 9.929123511325569362e-01 4.999615302186428967e-02 9.999084070104278243e-01
9.260294480425335450e+02 9.914147260473500367e-01 4.999050127979200175e-02 9.997738383017507058e-01
9.260371702969076750e+02 1.039620561773118679e+00 4.997704522441240305e-02 9.994534362146259010e-01
9.260448926156783500e+02 9.394969003627032800e-01 4.994617074172713611e-02 9.987182218169555759e-01
9.260526149988464795e+02 1.024124057806205856e+00 4.987796859144362493e-02 9.970938153512610702e-01
9.260603374464120634e+02 1.074695800683697300e+00 4.973309328828501297e-02 9.936418292362855231e-01
9.260680599583760113e+02 9.508573307492410587e-01 4.943772652656124034e-02 9.865980061834088710e-01
9.260757825347387779e+02 9.320636336235514907e-01 4.886165673494347050e-02 9.728361847512937421e-01
9.260835051755010454e+02 9.053729620645254439e-01 4.779288940917524042e-02 9.472165459043070390e-01
9.260912278806630411e+02 9.207195258583152908e-01 4.592450765931458539e-02 9.021298644309029280e-01
9.260989506502256745e+02 8.027010366402226316e-01 4.289430090494945197e-02 8.280559735508894459e-01
9.261066734841889456e+02 6.603048673792822898e-01 3.844795153613186911e-02 7.165542505631846693e-01
9.261143963825539913e+02 5.394850534738422354e-01 3.278192985689507705e-02 5.668017774016875787e-01
9.261221193453209253e+02 3.837775486234993316e-01 2.693112321739653606e-02 3.935705950024370181e-01
9.261298423724904296e+02 2.104598381921464756e-01 2.257221627794150920e-02 2.283532745276751486e-01
9.261375654640631865e+02 1.469825590152862016e-01 2.056831933171796023e-02 1.047804284867709101e-01
9.261452886200395369e+02 3.796343457828117024e-02 2.006788447458369637e-02 3.598939897382756603e-02
9.261530118404201630e+02 3.677588863268287100e-02 2.000409640939039210e-02 8.834004425341757810e-03
9.261607351252051785e+02 1.116080218845341872e-02 2.000011918694617752e-02 1.508320993326242501e-03
9.261684584743958339e+02 -1.908299526321058370e-02 2.000000144769895072e-02 1.799253379007411291e-04
9.261761818879921293e+02 2.791588990673715687e-02 1.999999976109477842e-02 1.572680848063284900e-05
9.261839053659948604e+02 -1.320782858575735366e-02 1.999999974817483900e-02 1.112846229210722999e-06
9.261916289084042546e+02 1.249398737282217051e-02 1.999999974811011300e-02 7.436296184144375374e-08
9.261993525152212214e+02 2.054536278426171564e-02 1.999999974810982503e-02 5.735950127998807929e-09
9.262070761864462156e+02 1.409910505030215720e-02 1.999999974810982156e-02 6.419809292984886952e-10
9.262147999220794645e+02 -5.837618310621642053e-04 1.999999974810982156e-02 1.307947170120539834e-10
9.262225237221217640e+02 -2.865326994314156689e-02 1.999999974810982156e-02 5.839401277990897957e-11
9.262302475865737961e+02 1.494959744091386641e-02 1.999999974810982156e-02 6.325736966346637929e-11
9.262379715154359019e+02 3.403712689130870828e-02 1.999999974810982156e-02 1.645517090954106445e-10
9.262456955087085362e+02 4.513331008214089765e-03 1.999999974810982156e-02 9.120547541539538326e-10
9.262534195663923811e+02 1.407762804365396588e-02 1.999999974810982503e-02 8.854258956572618394e-09
9.262611436884878913e+02 5.359252844353529222e-02 1.999999974811057443e-02 1.196526024889688849e-07
9.262688678749957489e+02 5.639883605913048950e-03 1.999999974827919649e-02 1.796157045731100592e-06
9.262765921259164088e+02 6.412624724596908965e-03 1.999999978009429219e-02 2.468254389855671855e-05
9.262843164412500983e+02 3.412011114511316612e-02 2.000000353876225587e-02 2.687059906985020180e-04
9.262920408209979541e+02 2.779284963194156646e-02 2.000023523708075249e-02 2.117907117619792414e-03
9.262997652651600902e+02 1.891698823427119536e-02 2.000708914096733376e-02 1.162153113058067046e-02
9.263074897737373021e+02 2.593437165178742038e-02 2.010363986744210033e-02 4.448833980683919442e-02
9.263152143467297037e+02 1.226331414795662905e-01 2.077397867427803468e-02 1.225875780916017288e-01
9.263229389841382044e+02 3.176555369960980535e-01 2.316939118670399353e-02 2.552502954973557836e-01
9.263306636859633727e+02 3.818983024923005010e-01 2.790110788952640530e-02 4.245287760388539167e-01
9.263383884522054359e+02 5.833582538297591435e-01 3.383304036663715986e-02 5.954888470132698730e-01
9.263461132828654172e+02 7.396478581227772242e-01 3.933126930061773413e-02 7.390304958181366235e-01
9.263538381779432029e+02 8.951147391397203945e-01 4.352391726588997894e-02 8.435557915451434852e-01
9.263615631374399300e+02 9.005118209516257410e-01 4.632506859332405358e-02 9.118301821459293688e-01
9.263692881613558257e+02 8.849203592341531310e-01 4.802738667441774217e-02 9.528478319652007311e-01
9.263770132496914584e+02 9.973182930728973217e-01 4.899036855236447302e-02 9.759137893648353046e-01
9.263847384024473968e+02 9.584421846822817059e-01 4.950472751120336967e-02 9.881965430192956035e-01
9.263924636196240954e+02 1.007552035462352169e+00 4.976639734272060578e-02 9.944355456977674868e-01
9.264001889012223501e+02 9.714667387433241208e-01 4.989383935868732523e-02 9.974718556779297307e-01
9.264079142472422745e+02 9.380049848104747845e-01 4.995343817498937994e-02 9.988912890891278318e-01
9.264156396576847783e+02 1.038544696404990697e+00 4.998024740111001868e-02 9.995296847236208038e-01
9.264233651325504297e+02 9.236333036355407478e-01 4.999186031195140129e-02 9.998061972977009271e-01
9.264310906718393426e+02 9.674552948657896279e-01 4.999670923365680947e-02 9.999216503283857582e-01
9.264388162755525400e+02 1.007952216534513834e+00 4.999866376105113752e-02 9.999681871049828086e-01
9.264465419436901357e+02 1.099612044860324822e+00 4.999942668623949538e-02 9.999863520564487018e-01
9.264542676762530391e+02 9.177117546941923054e-01 4.999971722745918945e-02 9.999932697158004924e-01
9.264619934732415913e+02 1.084804605227092988e+00 4.999982718364195250e-02 9.999958877224177645e-01
9.264697193346561335e+02 9.477776667311512693e-01 4.999987035483517694e-02 9.999969156085602995e-01
9.264774452604976887e+02 1.074227491374933674e+00 4.999988944412259162e-02 9.999973701156106287e-01
9.264851712507663706e+02 9.708645020183165331e-01 4.999989989759362485e-02 9.999976190078772031e-01
9.264928973054629751e+02 9.458926841357595539e-01 4.999990712291309258e-02 9.999977910393559322e-01
9.265006234245878431e+02 1.035414059096570139e+00 4.999991297161762022e-02 9.999979302942728632e-01
9.265083496081418843e+02 9.746344868161123109e-01 4.999991808030918722e-02 9.999980519298252712e-01
9.265160758561249850e+02 9.387417680214948934e-01 4.999992268275004620e-02 9.999981615117835565e-01
9.265238021685382819e+02 9.680757845181527932e-01 4.999992688093763543e-02 9.999982614686592219e-01
9.265315285453820024e+02 9.755529124907006411e-01 4.999993073256168291e-02 9.999983531740184173e-01
9.265392549866568288e+02 1.013387381116011010e+00 4.999993427858406836e-02 9.999984376031442190e-01
9.265469814923632157e+02 1.089911789643031259e+00 4.999993755199323708e-02 9.999985155414765625e-01
9.265547080625017315e+02 1.058700694099727446e+00 4.999994058080346748e-02 9.999985876560224529e-01
9.265624346970729448e+02 9.074305473967586577e-01 4.999994338930432297e-02 9.999986545251051684e-01
9.265701613960773102e+02 9.305341137879238333e-01 4.999994599875003803e-02 9.999987166547779083e-01
9.265778881595153962e+02 9.191540966603177765e-01 4.999994842783785087e-02 9.999987744902135711e-01
9.265856149873877712e+02 1.026363301884867463e+00 4.999995069308136447e-02 9.999988284245929782e-01
9.265933418796948899e+02 1.008153058283519199e+00 4.999995280911630896e-02 9.999988788063867151e-01
9.266010688364373209e+02 9.100745421965467097e-01 4.999995478895545575e-02 9.999989259454222790e-01
9.266087958576158599e+02 1.076649695859378530e+00 4.999995664420320979e-02 9.999989701179952117e-01
9.266165229432306205e+02 1.010214316233828846e+00 4.999995838523729058e-02 9.999990115711939742e-01
9.266242500932823987e+02 9.490552250580063243e-01 4.999996002136309486e-02 9.999990505265763385e-01
9.266319773077717628e+02 9.721311319404187801e-01 4.999996156094580618e-02 9.999990871833128736e-01
9.266397045866990538e+02 9.352838096835764947e-01 4.999996301152338091e-02 9.999991217208792360e-01
9.266474319300650677e+02 1.046945281249856086e+00 4.999996437990406051e-02 9.999991543013759809e-01
9.266551593378700318e+02 9.746497135572573800e-01 4.999996567225033911e-02 9.999991850715295172e-01
9.266628868101145144e+02 1.082998389140381157e+00 4.999996689415199536e-02 9.999992141644298282e-01
9.266706143467995389e+02 9.701480663718040631e-01 4.999996805068932654e-02 9.999992417010362677e-01
9.266783419479248778e+02 1.055564844843467576e+00 4.999996914648850016e-02 9.999992677914958383e-01
9.266860696134917816e+02 1.027477683465149783e+00 4.999997018576983476e-02 9.999992925362921614e-01
9.266937973435004778e+02 9.079508171904075997e-01 4.999997117239010636e-02 9.999993160272536707e-01
9.267015251379511938e+02 1.072397208291700821e+00 4.999997210987992130e-02 9.999993383484422349e-01
9.267092529968449526e+02 1.065689095501208605e+00 4.999997300147648871e-02 9.999993595769339771e-01
9.267169809201822090e+02 9.421651341077148523e-01 4.999997385015260420e-02 9.999993797835100562e-01
9.267247089079633042e+02 9.501693165717871592e-01 4.999997465864237933e-02 9.999993990332685101e-01
9.267324369601891476e+02 9.416891790914784233e-01 4.999997542946406359e-02 9.999994173861672664e-01
9.267401650768597392e+02 9.963093678846040024e-01 4.999997616494025743e-02 9.999994348975069780e-01
9.267478932579759885e+02 1.034938518372748639e+00 4.999997686721606438e-02 9.999994516183610127e-01
9.267556215035382365e+02 9.406692875294946354e-01 4.999997753827523789e-02 9.999994675959615886e-01
9.267633498135470518e+02 1.025709549541286236e+00 4.999997817995453092e-02 9.999994828740413899e-01
9.267710781880032300e+02 1.010274876567371249e+00 4.999997879395676886e-02 9.999994974931434299e-01
9.267788066269069986e+02 9.347526206795609971e-01 4.999997938186240970e-02 9.999995114908977190e-01
9.267865351302589261e+02 1.034505843642882006e+00 4.999997994513999400e-02 9.999995249022699539e-01
9.267942636980598081e+02 9.469732031260122973e-01 4.999998048515565119e-02 9.999995377597865609e-01
9.268019923303099858e+02 1.022690803367126700e+00 4.999998100318151645e-02 9.999995500937366444e-01
9.268097210270099140e+02 1.012218269306259133e+00 4.999998150040349532e-02 9.999995619323558405e-01
9.268174497881603884e+02 1.026239002050435056e+00 4.999998197792813320e-02 9.999995733019909627e-01
9.268251786137616364e+02 1.059168325065654948e+00 4.999998243678902693e-02 9.999995842272511037e-01
9.268329075038144538e+02 8.806647533169603692e-01 4.999998287795255625e-02 9.999995947311450806e-01
9.268406364583191817e+02 9.555333886929887610e-01 4.999998330232292842e-02 9.999996048352024491e-01
9.268483654772766158e+02 1.025890876748555502e+00 4.999998371074717424e-02 9.999996145595897445e-01
9.268560945606869836e+02 9.161527493422632062e-01 4.999998410401925580e-02 9.999996239232112893e-01
9.268638237085510809e+02 9.541605987973243996e-01 4.999998448288411890e-02 9.999996329438038956e-01
9.268715529208692487e+02 1.061278235882225696e+00 4.999998484804132892e-02 9.999996416380234621e-01
9.268792821976420555e+02 1.002623075819538689e+00 4.999998520014821424e-02 9.999996500215212469e-01
9.268870115388701834e+02 1.057045450677282172e+00 4.999998553982309274e-02 9.999996581090186965e-01
9.268947409445540870e+02 9.775869140463889773e-01 4.999998586764787395e-02 9.999996659143712829e-01
9.269024704146943350e+02 1.052701569079180333e+00 4.999998618417069579e-02 9.999996734506293450e-01
9.269101999492913819e+02 9.893716120169606665e-01 4.999998648990827688e-02 9.999996807300958190e-01
9.269179295483457963e+02 9.527585114286634127e-01 4.999998678534792879e-02 9.999996877643736459e-01
9.269256592118580329e+02 9.955770763469833362e-01 4.999998707094971406e-02 9.999996945644162860e-01
9.269333889398287738e+02 9.470708942852998913e-01 4.999998734714816706e-02 9.999997011405703518e-01
9.269411187322587011e+02 1.049550690877802506e+00 4.999998761435398703e-02 9.999997075026140214e-01
9.269488485891478149e+02 1.069609157917335907e+00 4.999998787295563407e-02 9.999997136597962299e-01
9.269565785104972520e+02 9.820232980819735280e-01 4.999998812332072384e-02 9.999997196208700867e-01
9.269643084963072397e+02 9.334821123926018149e-01 4.999998836579738065e-02 9.999997253941241837e-01
9.269720385465783465e+02 1.011449781207047316e+00 4.999998860071547258e-02 9.999997309874120166e-01
9.269797686613111409e+02 9.704492128000309359e-01 4.999998882838770087e-02 9.999997364081796292e-01
9.269874988405061913e+02 9.805415069922865934e-01 4.999998904911075182e-02 9.999997416634908154e-01
9.269952290841640661e+02 9.845620903697412940e-01 4.999998926316624737e-02 9.999997467600503231e-01
9.270029593922851063e+02 1.043375988869643667e+00 4.999998947082155698e-02 9.999997517042246153e-01
9.270106897648698805e+02 9.405146552203772492e-01 4.999998967233082459e-02 9.999997565020644075e-01
9.270184202019191844e+02 1.070339048820437622e+00 4.999998986793558614e-02 9.999997611593208768e-01
9.270261507034333590e+02 1.059081709271667560e+00 4.999999005786565087e-02 9.999997656814654245e-01
9.270338812694130866e+02 1.040483748965233657e+00 4.999999024233967027e-02 9.999997700737039974e-01
9.270416118998587081e+02 9.649725173743821660e-01 4.999999042156587359e-02 9.999997743409950735e-01
9.270493425947706783e+02 9.591824431771219794e-01 4.999999059574260912e-02 9.999997784880599871e-01
9.270570733541499067e+02 1.016928996970429600e+00 4.999999076505888540e-02 9.999997825194000267e-01
9.270648041779966206e+02 9.881438928001465838e-01 4.999999092969494019e-02 9.999997864393064262e-01
9.270725350663115023e+02 9.886126331742969287e-01 4.999999108982270540e-02 9.999997902518723558e-01
9.270802660190951201e+02 9.504051843022338630e-01 4.999999124560629976e-02 9.999997939610055786e-01
9.270879970363479288e+02 9.695956750755475584e-01 4.999999139720234104e-02 9.999997975704353337e-01
9.270957281180704967e+02 1.042590261411301400e+00 4.999999154476051505e-02 9.999998010837252149e-01
9.271034592642632788e+02 1.074254669692457087e+00 4.999999168842379771e-02 9.999998045042797212e-01
9.271111904749267296e+02 1.044573030306230832e+00 4.999999182832890604e-02 9.999998078353538045e-01
9.271189217500618724e+02 9.794333830712500522e-01 4.999999196460658268e-02 9.999998110800605300e-01
9.271266530896688209e+02 9.919490624939979462e-01 4.999999209738192896e-02 9.999998142413785152e-01
9.271343844937479162e+02 1.088852145548200534e+00 4.999999222677465466e-02 9.999998173221575914e-01
9.271421159623002950e+02 1.075230542681281820e+00 4.999999235289941807e-02 9.999998203251282414e-01
9.271498474953260711e+02 9.640951068121274004e-01 4.999999247586601331e-02 9.999998232529044850e-01
9.271575790928259266e+02 9.869511360256582044e-01 4.999999259577969646e-02 9.999998261079919848e-01
9.271653107548004300e+02 1.015289079555855567e+00 4.999999271274128271e-02 9.999998288927919310e-01
9.271730424812499223e+02 9.566635254628073071e-01 4.999999282684752799e-02 9.999998316096074813e-01
9.271807742721749719e+02 1.022920474411941338e+00 4.999999293819123308e-02 9.999998342606479795e-01
9.271885061275764883e+02 9.973945902772365368e-01 4.999999304686140317e-02 9.999998368480330635e-01
9.271962380474544716e+02 1.002440452048872777e+00 4.999999315294350460e-02 9.999998393737975499e-01
9.272039700318100586e+02 9.942488030485768791e-01 4.999999325651961757e-02 9.999998418398954314e-01
9.272117020806432492e+02 1.019583003364044949e+00 4.999999335766857483e-02 9.999998442482039840e-01
9.272194341939546121e+02 9.482019812239542711e-01 4.999999345646610749e-02 9.999998466005262099e-01
9.272271663717450565e+02 1.018252272059208874e+00 4.999999355298503229e-02 9.999998488985960554e-01
9.272348986140149236e+02 9.607953708560965644e-01 4.999999364729535573e-02 9.999998511440798543e-01
9.272426309207648956e+02 1.006796258019304613e+00 4.999999373946440590e-02 9.999998533385812127e-01
9.272503632919951997e+02 1.026339814149811014e+00 4.999999382955695043e-02 9.999998554836416753e-01
9.272580957277065181e+02 1.007434613830169301e+00 4.999999391763532836e-02 9.999998575807460544e-01
9.272658282278994193e+02 9.547320122929967567e-01 4.999999400375954028e-02 9.999998596313226518e-01
9.272735607925743579e+02 9.944241190741686109e-01 4.999999408798738720e-02 9.999998616367475890e-01
9.272812934217321299e+02 1.023344461720160359e+00 4.999999417037453292e-02 9.999998635983462503e-01
9.272890261153729625e+02 1.019500013990773724e+00 4.999999425097458039e-02 9.999998655173950590e-01
9.272967588734976516e+02 1.027976850017035870e+00 4.999999432983921049e-02 9.999998673951244754e-01
9.273044916961064246e+02 9.903300659475441359e-01 4.999999440701826531e-02 9.999998692327209948e-01
9.273122245832000772e+02 1.009043464308923443e+00 4.999999448255976892e-02 9.999998710313281469e-01
9.273199575347789505e+02 1.011375116402198238e+00 4.999999455651007313e-02 9.999998727920497155e-01
9.273276905508438404e+02 1.038615380077599681e+00 4.999999462891386443e-02 9.999998745159495162e-01
9.273354236313952015e+02 9.691744494251727238e-01 4.999999469981430272e-02 9.999998762040552824e-01
9.273431567764332613e+02 1.011202613556054120e+00 4.999999476925300751e-02 9.999998778573579994e-01
9.273508899859590429e+02 1.039796047175459703e+00 4.999999483727022437e-02 9.999998794768153454e-01
9.273586232599727737e+02 1.060387407334872689e+00 4.999999490390474866e-02 9.999998810633516921e-01
9.273663565984751358e+02 1.044727952525297265e+00 4.999999496919411285e-02 9.999998826178602140e-01
9.273740900014665840e+02 1.076157309295520559e+00 4.999999503317453103e-02 9.999998841412038875e-01
9.273818234689475730e+02 9.800099497562071438e-01 4.999999509588105850e-02 9.999998856342162679e-01
9.273895570009187850e+02 9.996519844413775946e-01 4.999999515734754318e-02 9.999998870977041543e-01
9.273972905973807883e+02 1.063024841196408055e+00 4.999999521760673665e-02 9.999998885324468123e-01
9.274050242583340378e+02 9.106473815508274727e-01 4.999999527669028720e-02 9.999998899391980833e-01
9.274127579837788744e+02 1.017702638034498452e+00 4.999999533462881618e-02 9.999998913186869398e-01
9.274204917737163214e+02 9.876575068632745813e-01 4.999999539145198735e-02 9.999998926716194836e-01
9.274282256281463788e+02 9.208591921790311163e-01 4.999999544718845140e-02 9.999998939986781687e-01
9.274359595470700697e+02 1.047574724521743939e+00 4.999999550186597780e-02 9.999998953005239111e-01
9.274436935304876215e+02 1.082458533264108125e+00 4.999999555551144781e-02 9.999998965777969762e-01
9.274514275783994890e+02 9.552944919621123576e-01 4.999999560815088923e-02 9.999998978311170905e-01
9.274591616908065816e+02 9.190290234886371312e-01 4.999999565980949717e-02 9.999998990610841076e-01
9.274668958677091268e+02 9.713328890878163424e-01 4.999999571051171043e-02 9.999999002682795624e-01
9.274746301091078067e+02 1.010107648874363218e+00 4.999999576028117676e-02 9.999999014532671149e-01
9.274823644150031896e+02 1.056285085823231995e+00 4.999999580914086389e-02 9.999999026165928839e-01
9.274900987853955030e+02 1.041829070119425271e+00 4.999999585711297628e-02 9.999999037587861128e-01
9.274978332202856564e+02 9.747260487476768764e-01 4.999999590421907308e-02 9.999999048803598356e-01
9.275055677196742181e+02 1.061209839787679021e+00 4.999999595048006118e-02 9.999999059818118763e-01
9.275133022835614156e+02 1.025586101404838857e+00 4.999999599591621602e-02 9.999999070636251819e-01
9.275210369119479310e+02 1.035859653249458390e+00 4.999999604054720242e-02 9.999999081262677114e-01
9.275287716048343327e+02 9.858634466349488479e-01 4.999999608439210236e-02 9.999999091701938791e-01
9.275365063622210755e+02 9.689147972542296872e-01 4.999999612746942185e-02 9.999999101958445547e-01
9.275442411841087278e+02 1.079280049415489717e+00 4.999999616979717426e-02 9.999999112036481730e-01
9.275519760704978580e+02 9.312219194706256031e-01 4.999999621139279704e-02 9.999999121940199576e-01
9.275597110213890346e+02 9.982715846617241651e-01 4.999999625227320721e-02 9.999999131673631414e-01
9.275674460367828260e+02 9.610287680014409917e-01 4.999999629245488464e-02 9.999999141240696332e-01
9.275751811166796870e+02 1.060769597367608785e+00 4.999999633195380266e-02 9.999999150645202395e-01
9.275829162610800722e+02 9.917413418371749945e-01 4.999999637078549053e-02 9.999999159890841094e-01
9.275906514699846639e+02 9.219900419467603747e-01 4.999999640896502645e-02 9.999999168981208442e-01
9.275983867433940304e+02 9.432751618484316314e-01 4.999999644650710701e-02 9.999999177919798310e-01
9.276061220813085129e+02 9.108815626073594185e-01 4.999999648342593611e-02 9.999999186709997989e-01
9.276138574837289070e+02 1.006519710232322673e+00 4.999999651973541931e-02 9.999999195355110393e-01
9.276215929506554403e+02 1.035505940446789896e+00 4.999999655544896254e-02 9.999999203858337404e-01
9.276293284820889085e+02 1.005500088367788702e+00 4.999999659057971502e-02 9.999999212222799860e-01
9.276370640780298800e+02 1.058056423656032363e+00 4.999999662514040266e-02 9.999999220451535331e-01
9.276447997384786959e+02 9.944319321560626257e-01 4.999999665914339753e-02 9.999999228547485908e-01
9.276525354634359246e+02 1.067967750567797136e+00 4.999999669260076635e-02 9.999999236513528178e-01
9.276602712529021346e+02 1.109914085070380363e+00 4.999999672552424973e-02 9.999999244352453243e-01
9.276680071068778943e+02 9.661689548201082278e-01 4.999999675792526216e-02 9.999999252066977817e-01
9.276757430253638859e+02 9.720592644867216414e-01 4.999999678981491280e-02 9.999999259659750894e-01
9.276834790083602229e+02 1.008248259726242546e+00 4.999999682120398470e-02 9.999999267133341530e-01
9.276912150558678150e+02 1.072904184056712174e+00 4.999999685210305272e-02 9.999999274490261048e-01
9.276989511678872304e+02 9.515219196333549734e-01 4.999999688252234481e-02 9.999999281732951939e-01
9.277066873444188104e+02 1.016352583590530267e+00 4.999999691247187378e-02 9.999999288863790081e-01
9.277144235854632370e+02 1.033942839727749474e+00 4.999999694196132632e-02 9.999999295885089179e-01
9.277221598910207376e+02 1.009320751721475284e+00 4.999999697100022261e-02 9.999999302799114087e-01
9.277298962610923354e+02 1.021264060777136384e+00 4.999999699959776361e-02 9.999999309608051945e-01
9.277376326956782577e+02 1.018744594274012094e+00 4.999999702776296989e-02 9.999999316314053255e-01
9.277453691947790730e+02 1.003311312982008596e+00 4.999999705550457751e-02 9.999999322919197464e-01
9.277531057583952361e+02 1.036592301894359913e+00 4.999999708283114908e-02 9.999999329425524053e-01
9.277608423865275427e+02 1.012891879803856865e+00 4.999999710975102513e-02 9.999999335835016989e-01
9.277685790791762201e+02 1.019500857296635088e+00 4.999999713627231029e-02 9.999999342149610282e-01
9.277763158363421780e+02 1.004884045409690119e+00 4.999999716240291492e-02 9.999999348371184649e-01
9.277840526580257574e+02 1.083167835231658938e+00 4.999999718815059668e-02 9.999999354501583060e-01
9.277917895442271856e+02 9.672864991780747435e-01 4.999999721352284265e-02 9.999999360542595195e-01
9.277995264949474858e+02 1.028543798017853117e+00 4.999999723852703581e-02 9.999999366495974096e-01
9.278072635101869992e+02 1.080004842213907690e+00 4.999999726317032323e-02 9.999999372363423955e-01
9.278150005899462940e+02 9.985521759278017662e-01 4.999999728745971317e-02 9.999999378146610107e-01
9.278227377342259388e+02 1.034335530190407360e+00 4.999999731140199188e-02 9.999999383847155698e-01
9.278304749430263882e+02 1.100099956937333090e+00 4.999999733500386928e-02 9.999999389466649458e-01
9.278382122163482109e+02 1.014851661767758317e+00 4.999999735827183323e-02 9.999999395006637926e-01
9.278459495541918614e+02 9.837754733854370270e-01 4.999999738121217729e-02 9.999999400468627675e-01
9.278536869565580218e+02 9.397550656204521902e-01 4.999999740383116037e-02 9.999999405854099743e-01
9.278614244234472608e+02 1.028280868715536478e+00 4.999999742613480541e-02 9.999999411164491869e-01
9.278691619548598055e+02 1.012840237662108400e+00 4.999999744812901048e-02 9.999999416401206265e-01
9.278768995507965656e+02 9.125999567522473654e-01 4.999999746981955567e-02 9.999999421565620716e-01
9.278846372112579957e+02 9.960417030927053439e-01 4.999999749121204762e-02 9.999999426659071933e-01
9.278923749362445506e+02 1.048761803204356635e+00 4.999999751231203049e-02 9.999999431682876638e-01
9.279001127257566850e+02 1.033834468281657148e+00 4.999999753312484724e-02 9.999999436638310479e-01
9.279078505797949674e+02 1.033264069564313381e+00 4.999999755365576448e-02 9.999999441526625787e-01
9.279155884983603073e+02 9.967882097996194624e-01 4.999999757390991700e-02 9.999999446349041587e-01
9.279233264814525910e+02 1.040857098548899407e+00 4.999999759389230775e-02 9.999999451106752479e-01
9.279310645290730690e+02 9.870511534308393786e-01 4.999999761360784944e-02 9.999999455800928638e-01
9.279388026412216277e+02 1.003767895768012286e+00 4.999999763306131606e-02 9.999999460432708043e-01
9.279465408178990629e+02 9.773762955081179982e-01 4.999999765225741216e-02 9.999999465003206467e-01
9.279542790591060566e+02 9.468726469092028086e-01 4.999999767120070354e-02 9.999999469513515260e-01
9.279620173648430637e+02 1.104787325608823867e+00 4.999999768989567273e-02 9.999999473964698016e-01
9.279697557351106525e+02 9.627513408009646945e-01 4.999999770834669816e-02 9.999999478357798344e-01
9.279774941699092778e+02 9.978309565022929206e-01 4.999999772655804725e-02 9.999999482693835429e-01
9.279852326692393945e+02 1.015549451432404826e+00 4.999999774453393886e-02 9.999999486973809582e-01
9.279929712331016844e+02 9.829827432288765765e-01 4.999999776227844611e-02 9.999999491198691137e-01
9.280007098614967163e+02 8.959390442945640576e-01 4.999999777979557969e-02 9.999999495369437108e-01
9.280084485544250583e+02 1.012825393192484436e+00 4.999999779708925313e-02 9.999999499486980081e-01
9.280161873118869380e+02 9.754344178840037571e-01 4.999999781416331751e-02 9.999999503552231550e-01
9.280239261338831511e+02 9.673655682248398779e-01 4.999999783102150597e-02 9.999999507566087464e-01
9.280316650204142661e+02 9.480122318218140443e-01 4.999999784766752386e-02 9.999999511529423790e-01
9.280394039714807377e+02 1.097846285431845814e+00 4.999999786410492392e-02 9.999999515443089848e-01
9.280471429870830207e+02 9.650724910891507191e-01 4.999999788033725190e-02 9.999999519307930518e-01
9.280548820672217971e+02 1.038035274626937454e+00 4.999999789636794950e-02 9.999999523124764034e-01
9.280626212118977492e+02 1.059312365046895854e+00 4.999999791220038209e-02 9.999999526894391977e-01
9.280703604211109905e+02 1.020077373565573930e+00 4.999999792783786645e-02 9.999999530617600385e-01
9.280780996948622033e+02 9.884422896824085480e-01 4.999999794328360836e-02 9.999999534295159753e-01
9.280858390331522969e+02 9.179507259035801781e-01 4.999999795854080664e-02 9.999999537927826143e-01
9.280935784359812715e+02 1.017370102484985939e+00 4.999999797361254911e-02 9.999999541516333412e-01
9.281013179033500364e+02 1.056176433181065022e+00 4.999999798850183336e-02 9.999999545061403206e-01
9.281090574352590465e+02 1.029395822861971954e+00 4.999999800321168475e-02 9.999999548563749396e-01
9.281167970317087565e+02 9.779142979784700707e-01 4.999999801774500374e-02 9.999999552024062544e-01
9.281245366926998486e+02 9.189047983933007480e-01 4.999999803210464916e-02 9.999999555443025434e-01
9.281322764182327774e+02 9.910063670712285777e-01 4.999999804629340350e-02 9.999999558821300871e-01
9.281400162083077703e+02 9.088692970243279490e-01 4.999999806031400068e-02 9.999999562159539446e-01
9.281477560629259642e+02 1.008723044393069923e+00 4.999999807416914688e-02 9.999999565458382866e-01
9.281554959820875865e+02 9.265729297499494255e-01 4.999999808786148581e-02 9.999999568718461740e-01
9.281632359657929783e+02 1.128297959980811394e+00 4.999999810139354323e-02 9.999999571940382248e-01
9.281709760140430490e+02 1.037203013463858792e+00 4.999999811476790040e-02 9.999999575124751683e-01
9.281787161268381396e+02 1.026188514886455128e+00 4.999999812798700677e-02 9.999999578272159573e-01
9.281864563041788188e+02 9.162072389919573290e-01 4.999999814105330481e-02 9.999999581383182123e-01
9.281941965460656547e+02 9.082970399151624186e-01 4.999999815396916070e-02 9.999999584458386659e-01
9.282019368524991023e+02 9.704120685358397225e-01 4.999999816673693365e-02 9.999999587498331621e-01
9.282096772234798436e+02 1.018476249425504188e+00 4.999999817935889268e-02 9.999999590503561020e-01
9.282174176590082197e+02 9.274873823123968020e-01 4.999999819183729988e-02 9.999999593474608872e-01
9.282251581590851401e+02 1.037044640012320995e+00 4.999999820417434793e-02 9.999999596412001424e-01
9.282328987237106048e+02 9.935564262717729855e-01 4.999999821637218789e-02 9.999999599316249377e-01
9.282406393528854096e+02 9.812880251972796453e-01 4.999999822843295000e-02 9.999999602187858994e-01
9.282483800466102366e+02 9.565994118722913608e-01 4.999999824035871593e-02 9.999999605027326544e-01
9.282561208048855406e+02 9.859223767877576261e-01 4.999999825215151877e-02 9.999999607835139415e-01
9.282638616277116625e+02 1.089111326877162611e+00 4.999999826381336387e-02 9.999999610611766121e-01
9.282716025150893984e+02 1.055604976415583263e+00 4.999999827534620800e-02 9.999999613357681838e-01
9.282793434670192028e+02 9.440792975006653265e-01 4.999999828675195934e-02 9.999999616073338427e-01
9.282870844835016442e+02 8.618433469912970546e-01 4.999999829803254692e-02 9.999999618759192188e-01
9.282948255645370637e+02 1.062207064736088613e+00 4.999999830918980953e-02 9.999999621415682771e-01
9.283025667101261433e+02 1.014049668754501532e+00 4.999999832022553742e-02 9.999999624043238722e-01
9.283103079202696790e+02 1.140240657616910180e+00 4.999999833114156939e-02 9.999999626642290806e-01
9.283180491949677844e+02 9.737645920750592765e-01 4.999999834193960546e-02 9.999999629213253138e-01
9.283257905342211416e+02 1.029518182267835424e+00 4.999999835262141507e-02 9.999999631756540941e-01
9.283335319380304327e+02 1.084902709770196205e+00 4.999999836318864965e-02 9.999999634272549454e-01
9.283412734063958851e+02 1.003126596852200514e+00 4.999999837364298844e-02 9.999999636761678357e-01
9.283490149393184083e+02 9.993411928313079562e-01 4.999999838398604818e-02 9.999999639224312897e-01
9.283567565367983434e+02 9.697140836214029891e-01 4.999999839421945952e-02 9.999999641660837213e-01
9.283644981988363725e+02 1.037875786177724802e+00 4.999999840434475595e-02 9.999999644071623228e-01
9.283722399254327229e+02 1.056067430018162501e+00 4.999999841436347792e-02 9.999999646457033986e-01
9.283799817165880768e+02 1.033134779059708963e+00 4.999999842427717972e-02 9.999999648817439191e-01
9.283877235723032300e+02 9.844066593063907078e-01 4.999999843408733241e-02 9.999999651153188562e-01
9.283954654925782961e+02 1.028924389976010323e+00 4.999999844379537234e-02 9.999999653464627380e-01
9.284032074774140710e+02 8.719770632175177782e-01 4.999999845340276361e-02 9.999999655752100924e-01
9.284109495268112369e+02 1.009532980886957310e+00 4.999999846291089400e-02 9.999999658015943371e-01
9.284186916407700210e+02 9.565910932546117795e-01 4.999999847232117212e-02 9.999999660256484457e-01
9.284264338192911055e+02 1.054011866311961754e+00 4.999999848163495797e-02 9.999999662474051698e-01
9.284341760623749451e+02 9.862369116464114738e-01 4.999999849085356995e-02 9.999999664668959287e-01
9.284419183700221083e+02 9.458940850141724921e-01 4.999999849997833340e-02 9.999999666841521417e-01
9.284496607422332772e+02 9.930816888475517690e-01 4.999999850901053200e-02 9.999999668992046731e-01
9.284574031790089066e+02 9.915131558701367753e-01 4.999999851795144251e-02 9.999999671120836098e-01
9.284651456803494511e+02 9.803113345875716922e-01 4.999999852680232781e-02 9.999999673228187058e-01
9.284728882462554793e+02 9.547734316159933732e-01 4.999999853556439527e-02 9.999999675314393821e-01
9.284806308767275596e+02 9.768756921159789108e-01 4.999999854423883838e-02 9.999999677379737273e-01
9.284883735717662603e+02 1.034091502810061014e+00 4.999999855282685757e-02 9.999999679424504961e-01
9.284961163313721499e+02 9.785968206586039830e-01 4.999999856132961856e-02 9.999999681448972222e-01
9.285038591555455696e+02 1.122798115519355378e+00 4.999999856974826629e-02 9.999999683453412169e-01
9.285116020442873150e+02 1.044276682416742652e+00 4.999999857808391096e-02 9.999999685438089037e-01
9.285193449975977273e+02 1.002935315400328653e+00 4.999999858633769056e-02 9.999999687403274828e-01
9.285270880154773749e+02 9.660481550170875176e-01 4.999999859451066675e-02 9.999999689349221565e-01
9.285348310979269399e+02 8.691572732574096571e-01 4.999999860260391504e-02 9.999999691276185709e-01
9.285425742449467634e+02 1.050571428813110497e+00 4.999999861061848322e-02 9.999999693184417060e-01
9.285503174565376412e+02 9.920403319352000260e-01 4.999999861855542599e-02 9.999999695074164308e-01
9.285580607326999143e+02 9.380221816099557630e-01 4.999999862641574255e-02 9.999999696945668370e-01
9.285658040734339238e+02 1.048677376443136744e+00 4.999999863420043905e-02 9.999999698799166836e-01
9.285735474787406929e+02 1.097800227829600184e+00 4.999999864191050081e-02 9.999999700634895072e-01
9.285812909486203353e+02 1.037246648171877172e+00 4.999999864954688539e-02 9.999999702453082895e-01
9.285890344830738741e+02 9.954595757115367594e-01 4.999999865711055730e-02 9.999999704253956789e-01
9.285967780821011957e+02 1.041280211864402894e+00 4.999999866460245329e-02 9.999999706037743241e-01
9.286045217457034369e+02 9.568392775776692893e-01 4.999999867202351012e-02 9.999999707804658744e-01
9.286122654738807114e+02 9.624203838646595566e-01 4.999999867937460207e-02 9.999999709554918681e-01
9.286200092666337014e+02 9.966328994353499393e-01 4.999999868665663816e-02 9.999999711288737325e-01
9.286277531239630889e+02 9.993612002134040218e-01 4.999999869387049267e-02 9.999999713006323399e-01
9.286354970458694424e+02 1.022747841631482135e+00 4.999999870101704685e-02 9.999999714707883403e-01
9.286432410323528757e+02 1.054213928222787366e+00 4.999999870809712643e-02 9.999999716393617177e-01
9.286509850834142981e+02 1.026711376234570094e+00 4.999999871511159183e-02 9.999999718063726784e-01
9.286587291990542781e+02 1.047098448639838475e+00 4.999999872206125490e-02 9.999999719718408731e-01
9.286664733792729294e+02 1.012713225736594502e+00 4.999999872894692748e-02 9.999999721357852867e-01
9.286742176240713889e+02 1.018793144969714515e+00 4.999999873576939369e-02 9.999999722982251260e-01
9.286819619334497702e+02 9.856995540983348736e-01 4.999999874252946536e-02 9.999999724591791539e-01
9.286897063074086418e+02 1.107363728649471968e+00 4.999999874922789189e-02 9.999999726186654669e-01
9.286974507459489132e+02 1.008680998953984886e+00 4.999999875586545739e-02 9.999999727767028279e-01
9.287051952490704707e+02 1.007121961447811076e+00 4.999999876244290431e-02 9.999999729333085563e-01
9.287129398167746785e+02 9.320517052486638754e-01 4.999999876896094042e-02 9.999999730885000826e-01
9.287206844490613094e+02 9.721190626312208316e-01 4.999999877542034982e-02 9.999999732422955034e-01
9.287284291459313863e+02 1.001821207534352443e+00 4.999999878182179169e-02 9.999999733947108060e-01
9.287361739073851368e+02 9.475841716330903886e-01 4.999999878816600851e-02 9.999999735457636429e-01
9.287439187334233566e+02 1.021058259828414583e+00 4.999999879445368722e-02 9.999999736954701124e-01
9.287516636240463868e+02 1.092763682343931064e+00 4.999999880068549396e-02 9.999999738438465346e-01
9.287594085792550231e+02 1.091053224932995613e+00 4.999999880686210180e-02 9.999999739909085639e-01
9.287671535990494931e+02 9.925447246995796613e-01 4.999999881298418380e-02 9.999999741366725203e-01
9.287748986834304787e+02 9.748674079830005335e-01 4.999999881905240612e-02 9.999999742811539472e-01
9.287826438323985485e+02 1.062276240099222502e+00 4.999999882506738630e-02 9.999999744243677213e-01
9.287903890459541572e+02 1.030364011039453409e+00 4.999999883102977660e-02 9.999999745663293860e-01
9.287981343240978731e+02 9.112956169403665374e-01 4.999999883694018071e-02 9.999999747070533740e-01
9.288058796668304922e+02 1.001714667911528078e+00 4.999999884279922313e-02 9.999999748465544513e-01
9.288136250741519007e+02 9.655791825881772095e-01 4.999999884860752142e-02 9.999999749848471620e-01
9.288213705460633491e+02 9.943194588849314508e-01 4.999999885436565150e-02 9.999999751219454946e-01
9.288291160825651787e+02 1.132944000862182277e+00 4.999999886007421707e-02 9.999999752578636603e-01
9.288368616836577303e+02 1.004868619236933380e+00 4.999999886573378710e-02 9.999999753926154256e-01
9.288446073493415724e+02 1.023633272150409557e+00 4.999999887134493060e-02 9.999999755262141132e-01
9.288523530796172736e+02 9.716336075056668520e-01 4.999999887690820960e-02 9.999999756586731570e-01
9.288600988744854021e+02 9.759497611498257896e-01 4.999999888242419310e-02 9.999999757900062125e-01
9.288678447339466402e+02 9.438948960511444053e-01 4.999999888789341540e-02 9.999999759202256033e-01
9.288755906580012152e+02 1.068252536542804165e+00 4.999999889331641079e-02 9.999999760493445411e-01
9.288833366466501502e+02 1.001180175616912083e+00 4.999999889869371356e-02 9.999999761773755713e-01
9.288910826998933317e+02 9.988578480427284800e-01 4.999999890402583719e-02 9.999999763043311285e-01
9.288988288177318964e+02 9.601650498228084807e-01 4.999999890931330904e-02 9.999999764302230920e-01
9.289065750001659580e+02 1.036885648771473267e+00 4.999999891455663564e-02 9.999999765550642294e-01
9.289143212471964262e+02 1.019526434661500947e+00 4.999999891975630967e-02 9.999999766788659761e-01
9.289220675588234144e+02 1.007542718978390983e+00 4.999999892491283765e-02 9.999999768016405444e-01
9.289298139350478323e+02 1.011197234947537993e+00 4.999999893002669143e-02 9.999999769233989255e-01
9.289375603758700208e+02 9.570314323877905371e-01 4.999999893509835674e-02 9.999999770441527769e-01
9.289453068812905485e+02 9.623807010174583176e-01 4.999999894012829849e-02 9.999999771639134227e-01
9.289530534513099838e+02 9.129106585481548963e-01 4.999999894511698850e-02 9.999999772826917432e-01
9.289608000859290087e+02 9.878437996871788362e-01 4.999999895006489864e-02 9.999999774004990627e-01
9.289685467851478506e+02 9.572151289794005313e-01 4.999999895497245911e-02 9.999999775173457062e-01
9.289762935489673055e+02 1.043693876650947150e+00 4.999999895984012788e-02 9.999999776332426649e-01
9.289840403773877142e+02 1.095167111137628879e+00 4.999999896466834209e-02 9.999999777482001528e-01
9.289917872704097590e+02 1.002647436946411785e+00 4.999999896945755279e-02 9.999999778622289393e-01
9.289995342280338946e+02 9.899462140745177718e-01 4.999999897420815548e-02 9.999999779753384610e-01
9.290072812502609167e+02 1.028289382252477902e+00 4.999999897892059425e-02 9.999999780875394872e-01
9.290150283370909392e+02 9.915296481893048908e-01 4.999999898359528544e-02 9.999999781988414549e-01
9.290227754885246441e+02 1.031604305461925941e+00 4.999999898823262456e-02 9.999999783092544670e-01
9.290305227045627134e+02 1.033591277348258286e+00 4.999999899283304183e-02 9.999999784187881824e-01
9.290382699852058295e+02 9.869511732419755656e-01 4.999999899739690501e-02 9.999999785274518160e-01
9.290460173304541058e+02 9.999826405155243236e-01 4.999999900192465124e-02 9.999999786352550268e-01
9.290537647403083383e+02 1.005339594255783009e+00 4.999999900641662748e-02 9.999999787422068076e-01
9.290615122147689817e+02 1.011289157130648153e+00 4.999999901087323617e-02 9.999999788483167062e-01
9.290692597538366044e+02 1.008806444146436387e+00 4.999999901529485896e-02 9.999999789535933825e-01
9.290770073575118886e+02 1.105549319298514188e+00 4.999999901968185667e-02 9.999999790580457182e-01
9.290847550257949479e+02 9.277330541165915712e-01 4.999999902403460400e-02 9.999999791616824840e-01
9.290925027586868055e+02 9.355219242285738313e-01 4.999999902835347565e-02 9.999999792645126728e-01
9.291002505561878024e+02 9.265441108434592232e-01 4.999999903263880469e-02 9.999999793665445003e-01
9.291079984182985072e+02 1.065943833159820109e+00 4.999999903689096581e-02 9.999999794677864040e-01
9.291157463450192608e+02 9.727455823801630652e-01 4.999999904111030596e-02 9.999999795682468218e-01
9.291234943363507455e+02 1.043082451784417275e+00 4.999999904529715822e-02 9.999999796679338582e-01
9.291312423922938706e+02 9.836712107411320627e-01 4.999999904945187645e-02 9.999999797668556178e-01
9.291389905128486362e+02 1.006553006308263276e+00 4.999999905357478680e-02 9.999999798650200944e-01
9.291467386980156107e+02 9.554696635982180553e-01 4.999999905766621539e-02 9.999999799624351704e-01
9.291544869477955899e+02 1.050198008600948363e+00 4.999999906172650221e-02 9.999999800591087284e-01
9.291622352621891423e+02 9.567025587550667121e-01 4.999999906575595954e-02 9.999999801550482070e-01
9.291699836411964952e+02 8.935076413650944183e-01 4.999999906975492042e-02 9.999999802502614887e-01
9.291777320848184445e+02 1.026713600702283014e+00 4.999999907372366936e-02 9.999999803447554569e-01
9.291854805930554448e+02 8.935164596669561421e-01 4.999999907766253943e-02 9.999999804385382163e-01
9.291932291659082921e+02 9.778940673809646267e-01 4.999999908157184286e-02 9.999999805316166501e-01
9.292009778033768725e+02 9.822032341279151035e-01 4.999999908545186417e-02 9.999999806239981970e-01
9.292087265054624368e+02 9.996925580472406647e-01 4.999999908930289477e-02 9.999999807156896292e-01
9.292164752721652121e+02 1.046342316040276943e+00 4.999999909312526775e-02 9.999999808066981632e-01
9.292242241034855397e+02 1.026648468456281771e+00 4.999999909691922595e-02 9.999999808970306825e-01
9.292319729994243289e+02 9.948497126273536662e-01 4.999999910068509551e-02 9.999999809866940703e-01
9.292397219599819209e+02 1.063666966366806133e+00 4.999999910442312623e-02 9.999999810756949881e-01
9.292474709851588841e+02 1.012939679305103535e+00 4.999999910813362342e-02 9.999999811640402081e-01
9.292552200749556732e+02 1.040014322962297788e+00 4.999999911181685075e-02 9.999999812517359477e-01
9.292629692293729704e+02 9.081444524394720608e-01 4.999999911547307191e-02 9.999999813387889791e-01
9.292707184484112304e+02 9.917773164561215493e-01 4.999999911910257833e-02 9.999999814252056307e-01
9.292784677320710216e+02 9.329576396549768003e-01 4.999999912270563368e-02 9.999999815109926748e-01
9.292862170803531399e+02 9.760777600034085122e-01 4.999999912628247389e-02 9.999999815961556626e-01
9.292939664932574715e+02 1.037567063679689872e+00 4.999999912983338346e-02 9.999999816807012554e-01
9.293017159707851533e+02 1.066674101674550013e+00 4.999999913335860524e-02 9.999999817646350042e-01
9.293094655129365265e+02 1.057883218760364397e+00 4.999999913685841679e-02 9.999999818479636815e-01
9.293172151197122730e+02 9.941888186361826918e-01 4.999999914033304016e-02 9.999999819306928384e-01
9.293249647911125066e+02 9.630370542431785363e-01 4.999999914378271126e-02 9.999999820128279149e-01
9.293327145271381369e+02 9.898383977662954525e-01 4.999999914720770766e-02 9.999999820943754614e-01
9.293404643277896184e+02 9.914303668101711597e-01 4.999999915060825140e-02 9.999999821753406959e-01
9.293482141930675198e+02 9.796632122500308348e-01 4.999999915398457839e-02 9.999999822557296136e-01
9.293559641229722956e+02 1.002997891409149744e+00 4.999999915733693151e-02 9.999999823355475437e-01
9.293637141175046281e+02 9.383939344589341536e-01 4.999999916066555361e-02 9.999999824148003702e-01
9.293714641766648583e+02 1.052491919609626514e+00 4.999999916397063898e-02 9.999999824934928672e-01
9.293792143004535546e+02 1.050808651334631083e+00 4.999999916725244437e-02 9.999999825716310298e-01
9.293869644888713992e+02 1.072684241537229077e+00 4.999999917051117793e-02 9.999999826492199650e-01
9.293947147419189605e+02 9.871479864202541421e-01 4.999999917374706865e-02 9.999999827262648910e-01
9.294024650595965795e+02 9.856085574301963748e-01 4.999999917696032470e-02 9.999999828027711368e-01
9.294102154419049384e+02 9.740654012315348442e-01 4.999999918015115424e-02 9.999999828787433653e-01
9.294179658888443782e+02 9.730062891351084486e-01 4.999999918331981402e-02 9.999999829541874607e-01
9.294257164004156948e+02 9.704743353283790119e-01 4.999999918646647057e-02 9.999999830291077529e-01
9.294334669766193429e+02 1.012170128242041001e+00 4.999999918959133205e-02 9.999999831035093489e-01
9.294412176174558908e+02 8.919762334196967846e-01 4.999999919269462745e-02 9.999999831773974668e-01
9.294489683229256798e+02 1.020450934120302078e+00 4.999999919577655799e-02 9.999999832507766584e-01
9.294567190930295055e+02 1.009963973314421004e+00 4.999999919883729715e-02 9.999999833236513647e-01
9.294644699277678228e+02 9.968186183877937312e-01 4.999999920187706698e-02 9.999999833960270257e-01
9.294722208271409727e+02 1.019081862864049670e+00 4.999999920489606869e-02 9.999999834679078603e-01
9.294799717911498647e+02 1.053374555151985081e+00 4.999999920789447577e-02 9.999999835392985315e-01
9.294877228197947261e+02 9.307587219453071770e-01 4.999999921087248250e-02 9.999999836102034800e-01
9.294954739130761254e+02 1.008779986584532606e+00 4.999999921383028317e-02 9.999999836806272580e-01
9.295032250709948585e+02 9.623063179668179812e-01 4.999999921676807207e-02 9.999999837505747502e-01
9.295109762935512663e+02 9.320149645351708534e-01 4.999999921968601574e-02 9.999999838200496205e-01
9.295187275807460310e+02 9.765125722784062656e-01 4.999999922258432233e-02 9.999999838890568649e-01
9.295264789325793799e+02 1.040214502818390230e+00 4.999999922546313758e-02 9.999999839576000360e-01
9.295342303490521090e+02 1.047592659708086016e+00 4.999999922832267657e-02 9.999999840256842409e-01
9.295419818301646728e+02 1.006745796106234714e+00 4.999999923116309197e-02 9.999999840933131434e-01
9.295497333759175262e+02 1.058559293812687097e+00 4.999999923398456420e-02 9.999999841604910733e-01
9.295574849863114650e+02 9.708371727294836662e-01 4.999999923678725977e-02 9.999999842272219164e-01
9.295652366613467166e+02 9.098562250317222544e-01 4.999999923957135217e-02 9.999999842935100025e-01
9.295729884010240767e+02 9.346817286474246034e-01 4.999999924233701487e-02 9.999999843593588844e-01
9.295807402053441137e+02 9.854511683917296372e-01 4.999999924508441440e-02 9.999999844247732250e-01
9.295884920743070552e+02 9.901009850213077224e-01 4.999999924781371036e-02 9.999999844897564660e-01
9.295962440079136968e+02 1.070408485391767250e+00 4.999999925052505539e-02 9.999999845543123822e-01
9.296039960061643797e+02 1.096491709312229501e+00 4.999999925321863686e-02 9.999999846184450814e-01
9.296117480690600132e+02 9.608618332015459451e-01 4.999999925589460048e-02 9.999999846821584493e-01
9.296195001966007112e+02 9.940038032725860839e-01 4.999999925855307809e-02 9.999999847454557056e-01
9.296272523887872694e+02 9.955347507000829044e-01 4.999999926119425703e-02 9.999999848083408471e-01
9.296350046456201426e+02 1.027678147541013720e+00 4.999999926381827609e-02 9.999999848708176486e-01
9.296427569670998992e+02 1.031745642648459915e+00 4.999999926642530873e-02 9.999999849328897739e-01
9.296505093532272213e+02 1.051358893967950348e+00 4.999999926901547292e-02 9.999999849945604424e-01
9.296582618040021089e+02 9.919918138258960738e-01 4.999999927158894214e-02 9.999999850558335401e-01
9.296660143194256989e+02 1.038110363484194831e+00 4.999999927414586903e-02 9.999999851167125087e-01
9.296737668994982187e+02 1.055138239831105551e+00 4.999999927668635769e-02 9.999999851772004567e-01
9.296815195442204640e+02 1.028744747440301532e+00 4.999999927921058157e-02 9.999999852373011588e-01
9.296892722535927760e+02 9.599817328966762098e-01 4.999999928171870028e-02 9.999999852970180569e-01
9.296970250276154957e+02 1.019728965488478245e+00 4.999999928421080403e-02 9.999999853563539265e-01
9.297047778662895325e+02 9.630034468783830182e-01 4.999999928668708710e-02 9.999999854153129863e-01
9.297125307696154550e+02 1.055106177197833173e+00 4.999999928914763969e-02 9.999999854738976790e-01
9.297202837375934905e+02 9.724628664032290981e-01 4.999999929159262141e-02 9.999999855321115572e-01
9.297280367702242074e+02 9.817563293482638453e-01 4.999999929402217103e-02 9.999999855899579515e-01
9.297357898675084016e+02 1.010815016215039108e+00 4.999999929643642038e-02 9.999999856474399706e-01
9.297435430294464140e+02 1.018019398085981742e+00 4.999999929883547356e-02 9.999999857045605012e-01
9.297512962560388132e+02 9.808487854895250324e-01 4.999999930121949709e-02 9.999999857613228738e-01
9.297590495472861676e+02 1.131527129624052330e+00 4.999999930358860895e-02 9.999999858177300860e-01
9.297668029031890455e+02 9.462637378763341101e-01 4.999999930594291320e-02 9.999999858737851355e-01
9.297745563237479018e+02 9.373360786642099818e-01 4.999999930828256944e-02 9.999999859294913529e-01
9.297823098089633049e+02 9.854897965377850122e-01 4.999999931060768871e-02 9.999999859848511807e-01
9.297900633588360506e+02 1.033506541981730198e+00 4.999999931291839589e-02 9.999999860398679496e-01
9.297978169733663663e+02 1.062501017311066498e+00 4.999999931521478813e-02 9.999999860945439911e-01
9.298055706525545929e+02 1.056212803352702290e+00 4.999999931749702503e-02 9.999999861488829689e-01
9.298133243964017538e+02 1.018324579596151969e+00 4.999999931976519679e-02 9.999999862028872144e-01
9.298210782049083036e+02 9.810075156507560568e-01 4.999999932201943526e-02 9.999999862565595032e-01
9.298288320780743561e+02 1.052289896089139365e+00 4.999999932425986532e-02 9.999999863099031661e-01
9.298365860159008207e+02 1.015023282206507949e+00 4.999999932648658413e-02 9.999999863629200902e-01
9.298443400183882659e+02 1.101663452443482738e+00 4.999999932869970964e-02 9.999999864156137175e-01
9.298520940855370327e+02 1.073213900336534632e+00 4.999999933089937371e-02 9.999999864679866013e-01
9.298598482173479169e+02 8.909580658478762905e-01 4.999999933308565264e-02 9.999999865200409621e-01
9.298676024138212597e+02 9.292008034814767115e-01 4.999999933525870605e-02 9.999999865717802416e-01
9.298753566749576294e+02 1.031760535075670671e+00 4.999999933741859637e-02 9.999999866232061052e-01
9.298831110007574807e+02 9.744486598054655779e-01 4.999999933956546239e-02 9.999999866743218835e-01
9.298908653912216096e+02 1.038150816344664218e+00 4.999999934169938043e-02 9.999999867251296859e-01
9.298986198463502433e+02 1.039391293942557581e+00 4.999999934382049621e-02 9.999999867756323990e-01
9.299063743661441777e+02 8.792510937953582628e-01 4.999999934592890688e-02 9.999999868258324653e-01
9.299141289506037538e+02 1.068605045038057533e+00 4.999999934802468876e-02 9.999999868757321053e-01
9.299218835997295400e+02 9.438178602511460014e-01 4.999999935010795288e-02 9.999999869253336504e-01
9.299296383135222186e+02 9.695981098078383376e-01 4.999999935217881719e-02 9.999999869746399872e-01
9.299373930919824716e+02 1.060784059011889102e+00 4.999999935423737191e-02 9.999999870236531141e-01
9.299451479351102989e+02 1.016627417086579221e+00 4.999999935628372111e-02 9.999999870723759177e-01
9.299529028429068376e+02 1.021502047440339567e+00 4.999999935831796194e-02 9.999999871208101743e-01
9.299606578153719738e+02 9.917188471885144407e-01 4.999999936034019848e-02 9.999999871689585484e-01
9.299684128525068445e+02 9.836474823426486491e-01 4.999999936235052095e-02 9.999999872168233717e-01
9.299761679543117907e+02 9.971754402532690964e-01 4.999999936434902648e-02 9.999999872644067533e-01
9.299839231207873809e+02 9.685677849505994752e-01 4.999999936633580527e-02 9.999999873117110250e-01
9.299916783519340697e+02 9.596931552081414685e-01 4.999999936831094755e-02 9.999999873587382959e-01
9.299994336477521983e+02 1.012435932257434112e+00 4.999999937027456431e-02 9.999999874054911198e-01
