1.300945663644485876e+03 9.993074293573352973e-01 4.999998030969988148e-03 -9.999999999000000000e+09
1.300947833388301888e+03 1.001057963910186421e+00 4.999998024213649604e-03 -9.999999999000000000e+09
1.300950003135736324e+03 9.985662670463788526e-01 4.999998017421491622e-03 -9.999999999000000000e+09
1.300952172886789867e+03 1.003242080902326139e+00 4.999998010593254862e-03 -9.999999999000000000e+09
1.300954342641462290e+03 1.004564533077140887e+00 4.999998003728683450e-03 -9.999999999000000000e+09
1.300956512399752910e+03 9.994496671798415166e-01 4.999997996827518047e-03 -9.999999999000000000e+09
1.300958682161662864e+03 1.000012356304557759e+00 4.999997989889496709e-03 -9.999999999000000000e+09
1.300960851927191015e+03 9.951677745924747409e-01 4.999997982914356626e-03 -9.999999999000000000e+09
1.300963021696338501e+03 1.008956073531111386e+00 4.999997975901828047e-03 -9.999999999000000000e+09
1.300965191469104639e+03 9.990172354154256418e-01 4.999997968851642091e-03 -9.999999999000000000e+09
1.300967361245489201e+03 9.993386893395942439e-01 4.999997961763527274e-03 -9.999999999000000000e+09
1.300969531025493097e+03 9.976496803511174516e-01 4.999997954637211244e-03 -9.999999999000000000e+09
1.300971700809115418e+03 1.005992050537791060e+00 4.999997947472414710e-03 -9.999999999000000000e+09
1.300973870596356619e+03 9.999529895440603111e-01 4.999997940268860117e-03 -9.999999999000000000e+09
1.300976040387216472e+03 9.977312281790498005e-01 4.999997933026266439e-03 -9.999999999000000000e+09
1.300978210181695431e+03 1.000455208615834479e+00 4.999997925744345713e-03 -9.999999999000000000e+09
1.300980379979793270e+03 1.003458948786395410e+00 4.999997918422816913e-03 -9.999999999000000000e+09
1.300982549781509761e+03 9.953972273638775903e-01 4.999997911061385136e-03 -9.999999999000000000e+09
1.300984719586845358e+03 1.001660954573083684e+00 4.999997903659759817e-03 -9.999999999000000000e+09
1.300986889395799608e+03 1.001949746889610360e+00 4.999997896217648653e-03 -9.999999999000000000e+09
1.300989059208372282e+03 9.911736269440529767e-01 4.999997888734750671e-03 -9.999999999000000000e+09
1.300991229024564291e+03 1.002772482188593939e+00 4.999997881210767499e-03 -9.999999999000000000e+09
1.300993398844375406e+03 9.989370484106157022e-01 4.999997873645395559e-03 -9.999999999000000000e+09
1.300995568667804946e+03 9.941686104330588192e-01 4.999997866038328673e-03 -9.999999999000000000e+09
1.300997738494853365e+03 1.002421469392524855e+00 4.999997858389258927e-03 -9.999999999000000000e+09
1.300999908325520892e+03 9.962758991021550825e-01 4.999997850697873204e-03 -9.999999999000000000e+09
1.301002078159807297e+03 1.000151524173848561e+00 4.999997842963860122e-03 9.998291179109136673e-01
1.301004247997712355e+03 1.000146749301204618e+00 4.999997835186897888e-03 9.998297136079031810e-01
1.301006417839236519e+03 1.000580422518635215e+00 4.999997827366669916e-03 9.998303087798596778e-01
1.301008587684379563e+03 1.004786716013103876e+00 4.999997819502850077e-03 9.998309034267126583e-01
1.301010757533141259e+03 9.855785270141330656e-01 4.999997811595113979e-03 9.998314975483919564e-01
1.301012927385522062e+03 1.001471819552349540e+00 4.999997803643130290e-03 9.998320911448257409e-01
1.301015097241521971e+03 1.002227275886328428e+00 4.999997795646568544e-03 9.998326842159421801e-01
1.301017267101140760e+03 1.006022845286326461e+00 4.999997787605093072e-03 9.998332767616681105e-01
1.301019436964378201e+03 1.001653139964042483e+00 4.999997779518361267e-03 9.998338687819305903e-01
1.301021606831234976e+03 9.927136287179092466e-01 4.999997771386035725e-03 9.998344602766552347e-01
1.301023776701710403e+03 1.005277622645636137e+00 4.999997763207767766e-03 9.998350512457674366e-01
1.301025946575804710e+03 9.969699895601606965e-01 4.999997754983209579e-03 9.998356416891918119e-01
1.301028116453518123e+03 9.907831880703836802e-01 4.999997746712010749e-03 9.998362316068524214e-01
1.301030286334850871e+03 9.996702163479659342e-01 4.999997738393813056e-03 9.998368209986718824e-01
1.301032456219802043e+03 9.970612584186487881e-01 4.999997730028260014e-03 9.998374098645730346e-01
1.301034626108372549e+03 9.977167842743482895e-01 4.999997721614989933e-03 9.998379982044773850e-01
1.301036796000561935e+03 9.937395435690203893e-01 4.999997713153635052e-03 9.998385860183065521e-01
1.301038965896369973e+03 1.001302126637618306e+00 4.999997704643830213e-03 9.998391733059801556e-01
1.301041135795797572e+03 1.001162744572079211e+00 4.999997696085196376e-03 9.998397600674179264e-01
1.301043305698843824e+03 1.001247246772011934e+00 4.999997687477363180e-03 9.998403463025388183e-01
1.301045475605509182e+03 9.997655700845006210e-01 4.999997678819946383e-03 9.998409320112606746e-01
1.301047645515793420e+03 9.906332385092121440e-01 4.999997670112566947e-03 9.998415171935010060e-01
1.301049815429696764e+03 1.002252503382902837e+00 4.999997661354832826e-03 9.998421018491757684e-01
1.301051985347219443e+03 1.002720407565955263e+00 4.999997652546356308e-03 9.998426859782014731e-01
1.301054155268360773e+03 9.974344215297841210e-01 4.999997643686741010e-03 9.998432695804920778e-01
1.301056325193121211e+03 9.947680667031461033e-01 4.999997634775586210e-03 9.998438526559626505e-01
1.301058495121500755e+03 1.003232511944303518e+00 4.999997625812493789e-03 9.998444352045255945e-01
1.301060665053499406e+03 9.999215462711490421e-01 4.999997616797053485e-03 9.998450172260937574e-01
1.301062834989116709e+03 1.009225489635812600e+00 4.999997607728855903e-03 9.998455987205787654e-01
1.301065004928353574e+03 9.960717004054344681e-01 4.999997598607486445e-03 9.998461796878913566e-01
1.301067174871209318e+03 1.001597202668202069e+00 4.999997589432526174e-03 9.998467601279414918e-01
1.301069344817684168e+03 9.937329975075357424e-01 4.999997580203552686e-03 9.998473400406382439e-01
1.301071514767778126e+03 1.006466658178408746e+00 4.999997570920138371e-03 9.998479194258896863e-01
1.301073684721491190e+03 9.947263028892046055e-01 4.999997561581852150e-03 9.998484982836034485e-01
1.301075854678823362e+03 9.946277390701780963e-01 4.999997552188257741e-03 9.998490766136853836e-01
1.301078024639774412e+03 1.001239486618394681e+00 4.999997542738916258e-03 9.998496544160410116e-01
1.301080194604344797e+03 1.001279168020650090e+00 4.999997533233384479e-03 9.998502316905752973e-01
1.301082364572534061e+03 1.002928995825384195e+00 4.999997523671210510e-03 9.998508084371919846e-01
1.301084534544342660e+03 1.004464182643660664e+00 4.999997514051942454e-03 9.998513846557933737e-01
1.301086704519770365e+03 1.004408416742831767e+00 4.999997504375124947e-03 9.998519603462812100e-01
1.301088874498817177e+03 1.001147504750085293e+00 4.999997494640289614e-03 9.998525355085565725e-01
1.301091044481482868e+03 1.003531399639763233e+00 4.999997484846975884e-03 9.998531101425189860e-01
1.301093214467768121e+03 9.966619763668378429e-01 4.999997474994708445e-03 9.998536842480675313e-01
1.301095384457672253e+03 1.004509987800774384e+00 4.999997465083010247e-03 9.998542578250997348e-01
1.301097554451195720e+03 1.006918999877651322e+00 4.999997455111402506e-03 9.998548308735131229e-01
1.301099724448338293e+03 9.915926767422929000e-01 4.999997445079397765e-03 9.998554033932025575e-01
1.301101894449099973e+03 9.982538718611632111e-01 4.999997434986502495e-03 9.998559753840636777e-01
1.301104064453480760e+03 9.948196608900600202e-01 4.999997424832224903e-03 9.998565468459895689e-01
1.301106234461480881e+03 9.973968231527772232e-01 4.999997414616059316e-03 9.998571177788730946e-01
1.301108404473099881e+03 1.000004164211617752e+00 4.999997404337502664e-03 9.998576881826057861e-01
1.301110574488338216e+03 1.002432145580111511e+00 4.999997393996040602e-03 9.998582580570781753e-01
1.301112744507195885e+03 9.892830990973369154e-01 4.999997383591157050e-03 9.998588274021796840e-01
1.301114914529672660e+03 1.002959769863434936e+00 4.999997373122328989e-03 9.998593962177988459e-01
1.301117084555768770e+03 9.930640630076593700e-01 4.999997362589030797e-03 9.998599645038224182e-01
1.301119254585483986e+03 9.953528916696825490e-01 4.999997351990728180e-03 9.998605322601363810e-01
1.301121424618818537e+03 9.953141850880584673e-01 4.999997341326882505e-03 9.998610994866258261e-01
1.301123594655771967e+03 9.964837534971406896e-01 4.999997330596949070e-03 9.998616661831742913e-01
1.301125764696344959e+03 1.003408223083252837e+00 4.999997319800378835e-03 9.998622323496647590e-01
1.301127934740537285e+03 9.946199618567450607e-01 4.999997308936614954e-03 9.998627979859777692e-01
1.301130104788348717e+03 9.959735838595404900e-01 4.999997298005097110e-03 9.998633630919939730e-01
1.301132274839779029e+03 1.000655953474868687e+00 4.999997287005256315e-03 9.998639276675920229e-01
1.301134444894828903e+03 9.905951405846940006e-01 4.999997275936521844e-03 9.998644917126495724e-01
1.301136614953498338e+03 1.000655171806403176e+00 4.999997264798311698e-03 9.998650552270429426e-01
1.301138785015786652e+03 1.008342154534505264e+00 4.999997253590042143e-03 9.998656182106472334e-01
1.301140955081694301e+03 9.977273316621261268e-01 4.999997242311119902e-03 9.998661806633359905e-01
1.301143125151221284e+03 9.991973672314395927e-01 4.999997230960948232e-03 9.998667425849822044e-01
1.301145295224367601e+03 9.969362368270860975e-01 4.999997219538920845e-03 9.998673039754564229e-01
1.301147465301133252e+03 9.871774186116497596e-01 4.999997208044429722e-03 9.998678648346288611e-01
1.301149635381518010e+03 1.005960744107956550e+00 4.999997196476856434e-03 9.998684251623679575e-01
1.301151805465522102e+03 1.002308000580812930e+00 4.999997184835577348e-03 9.998689849585403744e-01
1.301153975553145528e+03 1.006334003255473064e+00 4.999997173119961891e-03 9.998695442230121078e-01
1.301156145644388516e+03 9.960560553755184454e-01 4.999997161329372553e-03 9.998701029556471553e-01
1.301158315739250384e+03 9.912544553687058224e-01 4.999997149463164016e-03 9.998706611563090707e-01
1.301160485837732040e+03 9.953089882463631577e-01 4.999997137520685760e-03 9.998712188248581878e-01
1.301162655939832575e+03 9.983939176045496522e-01 4.999997125501282925e-03 9.998717759611551736e-01
1.301164826045552900e+03 1.007280135707455671e+00 4.999997113404285910e-03 9.998723325650576976e-01
1.301166996154892558e+03 1.005212740149706185e+00 4.999997101229024243e-03 9.998728886364235402e-01
1.301169166267851097e+03 9.939627759646065819e-01 4.999997088974817046e-03 9.998734441751073732e-01
1.301171336384429424e+03 9.977578305472685205e-01 4.999997076640979969e-03 9.998739991809634242e-01
1.301173506504626857e+03 9.966074839470835389e-01 4.999997064226813920e-03 9.998745536538435896e-01
1.301175676628443625e+03 9.984837800724314372e-01 4.999997051731619804e-03 9.998751075935988775e-01
1.301177846755879955e+03 9.973199385475906009e-01 4.999997039154685519e-03 9.998756610000778533e-01
1.301180016886935846e+03 1.003540183387708007e+00 4.999997026495294622e-03 9.998762138731287497e-01
1.301182187021610844e+03 1.005366199151827455e+00 4.999997013752722000e-03 9.998767662125966904e-01
1.301184357159905403e+03 1.005775123749006683e+00 4.999997000926232997e-03 9.998773180183258003e-01
1.301186527301819069e+03 1.002650984194981998e+00 4.999996988015083417e-03 9.998778692901589826e-01
1.301188697447352297e+03 9.960649434188302287e-01 4.999996975018527329e-03 9.998784200279363654e-01
1.301190867596504859e+03 9.882639849104342122e-01 4.999996961935804923e-03 9.998789702314970773e-01
1.301193037749276982e+03 1.008235620984710756e+00 4.999996948766148586e-03 9.998795199006782486e-01
1.301195207905668667e+03 1.000251490357112250e+00 4.999996935508782027e-03 9.998800690353153442e-01
1.301197378065679459e+03 1.002962180036489848e+00 4.999996922162923754e-03 9.998806176352419417e-01
1.301199548229309812e+03 1.000822948753838926e+00 4.999996908727778397e-03 9.998811657002896203e-01
1.301201718396559954e+03 9.924484285591286259e-01 4.999996895202542778e-03 9.998817132302884048e-01
1.301203888567429203e+03 1.000177369315206510e+00 4.999996881586411118e-03 9.998822602250662106e-01
1.301206058741918014e+03 1.002985166575875997e+00 4.999996867878559424e-03 9.998828066844491769e-01
1.301208228920025931e+03 1.004044138924907514e+00 4.999996854078160233e-03 9.998833526082613332e-01
1.301210399101753637e+03 9.978071606562616269e-01 4.999996840184373070e-03 9.998838979963249329e-01
1.301212569287100905e+03 9.892124439840779271e-01 4.999996826196352259e-03 9.998844428484598978e-01
1.301214739476067507e+03 1.004144649322571636e+00 4.999996812113237377e-03 9.998849871644848175e-01
1.301216909668653443e+03 9.958600864989906043e-01 4.999996797934161061e-03 9.998855309442153949e-01
1.301219079864859168e+03 9.996801268608138669e-01 4.999996783658246409e-03 9.998860741874657787e-01
1.301221250064684227e+03 9.918416624932757664e-01 4.999996769284605243e-03 9.998866168940481192e-01
1.301223420268128848e+03 1.003224003712153811e+00 4.999996754812340710e-03 9.998871590637715689e-01
1.301225590475193030e+03 1.000303963954859432e+00 4.999996740240542949e-03 9.998877006964443925e-01
1.301227760685876547e+03 9.992558208560402555e-01 4.999996725568294290e-03 9.998882417918721899e-01
1.301229930900179625e+03 9.978162396774693521e-01 4.999996710794664054e-03 9.998887823498572303e-01
1.301232101118102491e+03 9.994796652557327299e-01 4.999996695918714623e-03 9.998893223702012278e-01
1.301234271339644692e+03 1.001509842409233020e+00 4.999996680939491032e-03 9.998898618527025661e-01
1.301236441564806228e+03 9.955353876238415278e-01 4.999996665856034847e-03 9.998904007971578523e-01
1.301238611793587552e+03 9.962292921027267045e-01 4.999996650667369417e-03 9.998909392033606958e-01
1.301240782025988665e+03 9.953333179973705702e-01 4.999996635372512890e-03 9.998914770711030409e-01
1.301242952262008885e+03 1.001647849383600741e+00 4.999996619970466065e-03 9.998920144001738342e-01
1.301245122501648893e+03 9.975415319508907919e-01 4.999996604460221934e-03 9.998925511903598018e-01
1.301247292744908464e+03 1.003952017519171847e+00 4.999996588840761348e-03 9.998930874414456715e-01
1.301249462991787595e+03 1.001166608644986633e+00 4.999996573111049544e-03 9.998936231532127294e-01
1.301251633242286061e+03 9.965450093162773193e-01 4.999996557270043954e-03 9.998941583254403742e-01
1.301253803496404316e+03 1.003732434386971795e+00 4.999996541316688130e-03 9.998946929579048959e-01
1.301255973754142360e+03 9.972028580054898006e-01 4.999996525249910014e-03 9.998952270503806972e-01
1.301258144015499738e+03 1.008839036623621732e+00 4.999996509068632342e-03 9.998957606026385170e-01
1.301260314280476905e+03 1.005498270035750208e+00 4.999996492771755299e-03 9.998962936144474289e-01
1.301262484549073633e+03 1.003043138698883174e+00 4.999996476358173000e-03 9.998968260855729540e-01
1.301264654821289696e+03 9.927507766036861581e-01 4.999996459826763079e-03 9.998973580157786145e-01
1.301266825097125775e+03 1.001278978194058089e+00 4.999996443176390158e-03 9.998978894048237143e-01
1.301268995376581643e+03 1.006484929322046362e+00 4.999996426405905851e-03 9.998984202524667797e-01
1.301271165659656617e+03 1.003883265147257564e+00 4.999996409514147894e-03 9.998989505584612303e-01
1.301273335946351608e+03 1.007863030701259488e+00 4.999996392499939275e-03 9.998994803225589312e-01
1.301275506236666160e+03 1.000099356934214700e+00 4.999996375362086506e-03 9.999000095445087499e-01
1.301277676530600047e+03 1.008047440094904657e+00 4.999996358099385689e-03 9.999005382240555573e-01
1.301279846828153723e+03 1.003158986609775871e+00 4.999996340710616445e-03 9.999010663609422256e-01
1.301282017129327414e+03 1.006002525072962506e+00 4.999996323194543651e-03 9.999015939549076304e-01
1.301284187434120668e+03 1.008774534883966734e+00 4.999996305549916573e-03 9.999021210056880937e-01
1.301286357742533482e+03 1.000600043006192097e+00 4.999996287775468860e-03 9.999026475130161629e-01
1.301288528054566086e+03 1.004949838081893088e+00 4.999996269869916819e-03 9.999031734766218316e-01
1.301290698370218024e+03 9.944797209040591168e-01 4.999996251831963744e-03 9.999036988962310968e-01
1.301292868689490206e+03 1.002477822489839410e+00 4.999996233660299050e-03 9.999042237715671799e-01
1.301295039012381721e+03 1.002387586022007726e+00 4.999996215353588735e-03 9.999047481023491946e-01
1.301297209338893026e+03 1.000635579915046369e+00 4.999996196910488390e-03 9.999052718882932567e-01
1.301299379669023892e+03 1.001590303543437699e+00 4.999996178329632786e-03 9.999057951291117075e-01
1.301301550002774775e+03 1.009714918460152822e+00 4.999996159609644553e-03 9.999063178245137795e-01
1.301303720340145219e+03 9.917830272830082672e-01 4.999996140749122901e-03 9.999068399742048197e-01
1.301305890681135224e+03 9.976335213746799768e-01 4.999996121746649695e-03 9.999073615778861779e-01
1.301308061025745246e+03 1.005396566386359103e+00 4.999996102600797257e-03 9.999078826352555405e-01
1.301310231373974830e+03 9.967683514826898294e-01 4.999996083310110154e-03 9.999084031460077071e-01
1.301312401725824429e+03 9.970324019918103131e-01 4.999996063873119942e-03 9.999089231098320374e-01
1.301314572081293591e+03 9.952967731991849698e-01 4.999996044288335627e-03 9.999094425264154484e-01
1.301316742440382541e+03 9.958418118749030601e-01 4.999996024554252336e-03 9.999099613954399723e-01
1.301318912803091507e+03 1.003506646792003076e+00 4.999996004669339175e-03 9.999104797165841996e-01
1.301321083169420035e+03 1.005595123116622913e+00 4.999995984632054843e-03 9.999109974895219466e-01
1.301323253539368352e+03 9.941820605456984650e-01 4.999995964440827681e-03 9.999115147139235882e-01
1.301325423912936458e+03 1.005790647668074467e+00 4.999995944094070416e-03 9.999120313894549472e-01
1.301327594290124125e+03 1.010324678705044610e+00 4.999995923590182766e-03 9.999125475157771836e-01
1.301329764670931809e+03 1.000952773877999968e+00 4.999995902927528886e-03 9.999130630925481267e-01
1.301331935055359281e+03 9.921039577847592383e-01 4.999995882104462525e-03 9.999135781194199435e-01
1.301334105443406770e+03 1.011776704662688875e+00 4.999995861119311408e-03 9.999140925960411375e-01
1.301336275835073593e+03 1.000383764357738015e+00 4.999995839970384180e-03 9.999146065220552160e-01
1.301338446230360660e+03 9.923395569170871955e-01 4.999995818655966068e-03 9.999151198971016896e-01
1.301340616629267515e+03 1.006933596277986398e+00 4.999995797174318010e-03 9.999156327208146289e-01
1.301342787031793932e+03 1.004636479047269271e+00 4.999995775523681865e-03 9.999161449928234413e-01
1.301344957437940366e+03 9.985149655539404812e-01 4.999995753702273470e-03 9.999166567127530936e-01
1.301347127847706588e+03 9.964834651736156346e-01 4.999995731708284374e-03 9.999171678802234453e-01
1.301349298261092827e+03 1.007968012170636696e+00 4.999995709539885314e-03 9.999176784948492491e-01
1.301351468678098854e+03 9.985932039525673432e-01 4.999995687195217531e-03 9.999181885562398175e-01
1.301353639098724670e+03 9.971678009394915332e-01 4.999995664672404055e-03 9.999186980640001332e-01
1.301355809522970503e+03 1.000626552528351532e+00 4.999995641969537559e-03 9.999192070177290725e-01
1.301357979950835897e+03 9.954438862655834441e-01 4.999995619084689029e-03 9.999197154170207380e-01
1.301360150382321535e+03 9.890640318575598666e-01 4.999995596015897360e-03 9.999202232614635699e-01
1.301362320817426962e+03 1.002795134139641720e+00 4.999995572761182366e-03 9.999207305506404575e-01
1.301364491256152405e+03 1.007027879654080582e+00 4.999995549318534370e-03 9.999212372841286278e-01
1.301366661698497637e+03 9.975643008904641063e-01 4.999995525685913336e-03 9.999217434614999789e-01
1.301368832144462431e+03 1.002258379225498652e+00 4.999995501861254944e-03 9.999222490823201914e-01
1.301371002594047468e+03 1.003241190898592539e+00 4.999995477842467118e-03 9.999227541461493951e-01
1.301373173047252521e+03 9.839291414659574464e-01 4.999995453627423952e-03 9.999232586525412803e-01
1.301375343504077364e+03 9.938510843045404997e-01 4.999995429213978729e-03 9.999237626010440971e-01
1.301377513964521995e+03 1.005334075030071883e+00 4.999995404599949164e-03 9.999242659911991016e-01
1.301379684428587097e+03 1.003781833064660844e+00 4.999995379783122619e-03 9.999247688225423314e-01
1.301381854896271534e+03 1.002920719632994562e+00 4.999995354761259565e-03 9.999252710946023859e-01
1.301384025367576214e+03 9.997093350726222738e-01 4.999995329532086648e-03 9.999257728069018691e-01
1.301386195842500911e+03 1.000538534771625132e+00 4.999995304093300154e-03 9.999262739589569460e-01
1.301388366321045169e+03 1.005682670596302675e+00 4.999995278442564278e-03 9.999267745502764537e-01
1.301390536803209898e+03 9.928671634273625868e-01 4.999995252577508521e-03 9.999272745803631235e-01
1.301392707288994188e+03 1.000369862342634475e+00 4.999995226495731158e-03 9.999277740487121369e-01
1.301394877778398723e+03 9.995391519735133956e-01 4.999995200194799240e-03 9.999282729548122362e-01
1.301397048271423046e+03 1.002761890322798610e+00 4.999995173672238183e-03 9.999287712981443921e-01
1.301399218768067840e+03 9.957996592235376365e-01 4.999995146925543046e-03 9.999292690781823589e-01
1.301401389268332196e+03 1.000141264926521778e+00 4.999995119952175930e-03 9.999297662943928966e-01
1.301403559772216568e+03 9.959552780639746583e-01 4.999995092749559035e-03 9.999302629462352154e-01
1.301405730279720956e+03 9.914188503338365877e-01 4.999995065315077265e-03 9.999307590331600881e-01
1.301407900790845360e+03 9.986397431807280123e-01 4.999995037646083433e-03 9.999312545546109599e-01
1.301410071305590009e+03 1.007194142350554600e+00 4.999995009739882645e-03 9.999317495100236153e-01
1.301412241823954446e+03 9.932542758328856136e-01 4.999994981593749652e-03 9.999322438988251793e-01
1.301414412345938899e+03 9.916381155010681736e-01 4.999994953204919303e-03 9.999327377204350054e-01
1.301416582871543596e+03 9.985886277791986565e-01 4.999994924570582214e-03 9.999332309742638980e-01
1.301418753400768537e+03 9.951532596303571676e-01 4.999994895687891704e-03 9.999337236597142242e-01
1.301420923933613039e+03 1.011748337223895788e+00 4.999994866553957723e-03 9.999342157761794692e-01
1.301423094470077785e+03 1.002988774862934029e+00 4.999994837165845987e-03 9.999347073230445693e-01
1.301425265010162548e+03 1.005254654027938344e+00 4.999994807520587517e-03 9.999351982996852461e-01
1.301427435553867326e+03 1.005750821113198468e+00 4.999994777615160424e-03 9.999356887054682286e-01
1.301429606101192576e+03 1.003708576948188158e+00 4.999994747446502054e-03 9.999361785397512525e-01
1.301431776652137614e+03 9.986400185627449799e-01 4.999994717011506384e-03 9.999366678018821730e-01
1.301433947206702669e+03 1.003631903830979555e+00 4.999994686307019688e-03 9.999371564911989640e-01
1.301436117764887967e+03 9.983119037327828904e-01 4.999994655329838798e-03 9.999376446070306068e-01
1.301438288326693282e+03 9.987659175074767859e-01 4.999994624076716312e-03 9.999381321486955354e-01
1.301440458892118841e+03 1.002833634708242494e+00 4.999994592544355389e-03 9.999386191155024139e-01
1.301442629461164415e+03 1.001741224370047423e+00 4.999994560729410613e-03 9.999391055067491374e-01
1.301444800033830006e+03 9.877594446234704284e-01 4.999994528628483662e-03 9.999395913217231646e-01
1.301446970610115613e+03 9.946047834233412432e-01 4.999994496238126772e-03 9.999400765597016294e-01
1.301449141190021692e+03 1.004912128535594640e+00 4.999994463554840139e-03 9.999405612199506743e-01
1.301451311773547786e+03 1.005343851002267863e+00 4.999994430575069315e-03 9.999410453017250067e-01
1.301453482360694125e+03 1.011313455107420767e+00 4.999994397295208677e-03 9.999415288042680094e-01
1.301455652951460479e+03 9.926423391227203741e-01 4.999994363711595356e-03 9.999420117268120745e-01
1.301457823545846850e+03 9.920474919082361565e-01 4.999994329820510106e-03 9.999424940685773811e-01
1.301459994143853464e+03 1.012439478334363541e+00 4.999994295618179034e-03 9.999429758287725623e-01
1.301462164745480550e+03 9.978394711274785056e-01 4.999994261100763199e-03 9.999434570065937056e-01
1.301464335350727424e+03 1.004728512425909548e+00 4.999994226264373350e-03 9.999439376012245750e-01
1.301466505959594770e+03 9.984810228948698407e-01 4.999994191105056919e-03 9.999444176118365002e-01
1.301468676572082359e+03 9.916589341049563133e-01 4.999994155618797155e-03 9.999448970375881540e-01
1.301470847188189737e+03 9.978769114692247477e-01 4.999994119801514855e-03 9.999453758776246648e-01
1.301473017807917586e+03 9.941301496798794490e-01 4.999994083649072704e-03 9.999458541310776161e-01
1.301475188431265451e+03 1.003353371268456140e+00 4.999994047157259661e-03 9.999463317970661569e-01
1.301477359058233560e+03 9.976139657267523164e-01 4.999994010321806570e-03 9.999468088746944483e-01
1.301479529688822367e+03 1.000082656897339550e+00 4.999993973138369685e-03 9.999472853630525515e-01
1.301481700323030964e+03 1.004802335971871630e+00 4.999993935602543675e-03 9.999477612612170940e-01
1.301483870960859576e+03 1.003353894559362081e+00 4.999993897709846015e-03 9.999482365682494933e-01
1.301486041602308660e+03 1.004918746591219936e+00 4.999993859455728260e-03 9.999487112831957347e-01
1.301488212247377987e+03 9.917661372449256829e-01 4.999993820835566503e-03 9.999491854050873707e-01
1.301490382896067786e+03 1.005339325457947908e+00 4.999993781844662248e-03 9.999496589329401885e-01
1.301492553548377600e+03 1.002428264272091418e+00 4.999993742478241535e-03 9.999501318657539883e-01
1.301494724204307659e+03 9.938332602206487731e-01 4.999993702731455811e-03 9.999506042025124719e-01
1.301496894863857960e+03 9.980242041171947243e-01 4.999993662599374993e-03 9.999510759421832429e-01
1.301499065527028506e+03 9.991330980291989183e-01 4.999993622076988331e-03 9.999515470837170295e-01
1.301501236193819523e+03 9.984854357923630408e-01 4.999993581159207015e-03 9.999520176260473514e-01
1.301503406864230783e+03 9.976994233701694803e-01 4.999993539840855497e-03 9.999524875680897429e-01
1.301505577538262287e+03 9.948889279837282995e-01 4.999993498116673228e-03 9.999529569087434178e-01
1.301507748215914035e+03 9.998889657735102743e-01 4.999993455981317260e-03 9.999534256468877169e-01
1.301509918897186026e+03 1.007020965937028611e+00 4.999993413429350969e-03 9.999538937813852169e-01
1.301512089582078488e+03 1.003068965662446965e+00 4.999993370455248394e-03 9.999543613110783991e-01
1.301514260270591194e+03 9.983295201757085291e-01 4.999993327053395969e-03 9.999548282347913153e-01
1.301516430962724144e+03 1.007996739275230480e+00 4.999993283218082119e-03 9.999552945513275892e-01
1.301518601658477564e+03 1.000085832311942369e+00 4.999993238943499854e-03 9.999557602594719707e-01
1.301520772357851229e+03 1.000243012241122997e+00 4.999993194223746780e-03 9.999562253579876714e-01
1.301522943060845137e+03 9.932025404370787847e-01 4.999993149052818150e-03 9.999566898456178077e-01
1.301525113767459516e+03 9.967758039765172162e-01 4.999993103424612076e-03 9.999571537210840688e-01
1.301527284477694366e+03 9.895398630618906788e-01 4.999993057332916511e-03 9.999576169830863837e-01
1.301529455191549232e+03 1.003978292067599032e+00 4.999993010771418799e-03 9.999580796303026986e-01
1.301531625909024797e+03 1.000840828779331115e+00 4.999992963733696123e-03 9.999585416613883115e-01
1.301533796630120605e+03 9.993685700625404289e-01 4.999992916213215517e-03 9.999590030749756497e-01
1.301535967354836885e+03 9.972357181819482275e-01 4.999992868203332122e-03 9.999594638696731597e-01
1.301538138083173408e+03 1.007710440946739450e+00 4.999992819697287455e-03 9.999599240440660841e-01
1.301540308815130174e+03 1.002618964183850325e+00 4.999992770688203338e-03 9.999603835967143528e-01
1.301542479550707412e+03 1.001351412146396003e+00 4.999992721169083630e-03 9.999608425261534705e-01
1.301544650289905121e+03 9.983279041567887369e-01 4.999992671132808160e-03 9.999613008308930739e-01
1.301546821032723301e+03 1.001148760979497343e+00 4.999992620572134457e-03 9.999617585094172645e-01
1.301548991779161952e+03 9.961174380352172397e-01 4.999992569479690813e-03 9.999622155601827211e-01
1.301551162529220846e+03 9.976509937736230960e-01 4.999992517847978019e-03 9.999626719816193665e-01
1.301553333282900212e+03 9.994796781829303756e-01 4.999992465669359822e-03 9.999631277721295897e-01
1.301555504040200049e+03 1.002251388739558324e+00 4.999992412936067263e-03 9.999635829300865808e-01
1.301557674801119902e+03 1.000223489161828017e+00 4.999992359640191737e-03 9.999640374538358856e-01
1.301559845565660908e+03 9.931198286595636082e-01 4.999992305773685863e-03 9.999644913416924075e-01
1.301562016333821930e+03 9.968556585426077143e-01 4.999992251328353073e-03 9.999649445919416291e-01
1.301564187105603423e+03 1.002485136372222696e+00 4.999992196295854549e-03 9.999653972028369475e-01
1.301566357881005388e+03 9.961304187245679786e-01 4.999992140667694485e-03 9.999658491726014509e-01
1.301568528660028051e+03 1.003372113785711672e+00 4.999992084435225283e-03 9.999663004994255866e-01
1.301570699442670957e+03 1.001806382062986112e+00 4.999992027589644956e-03 9.999667511814669396e-01
1.301572870228934107e+03 1.002646791178226415e+00 4.999991970121984985e-03 9.999672012168486779e-01
1.301575041018818183e+03 9.936848925660239917e-01 4.999991912023117255e-03 9.999676506036607737e-01
1.301577211812322730e+03 1.006030490521123699e+00 4.999991853283742779e-03 9.999680993399573392e-01
1.301579382609447521e+03 9.893959744798039857e-01 4.999991793894389101e-03 9.999685474237567373e-01
1.301581553410192782e+03 1.005021457985616928e+00 4.999991733845412893e-03 9.999689948530404715e-01
1.301583724214558742e+03 9.966796149081577072e-01 4.999991673126985212e-03 9.999694416257526308e-01
1.301585895022545174e+03 1.003067961701557431e+00 4.999991611729096702e-03 9.999698877397982244e-01
1.301588065834152076e+03 1.007674902705006925e+00 4.999991549641551528e-03 9.999703331930442918e-01
1.301590236649379676e+03 1.003962145797075101e+00 4.999991486853956960e-03 9.999707779833165722e-01
1.301592407468227520e+03 9.971203189006072609e-01 4.999991423355727715e-03 9.999712221084002817e-01
1.301594578290696063e+03 9.854666181510783884e-01 4.999991359136078152e-03 9.999716655660384479e-01
1.301596749116785077e+03 1.001275563982269468e+00 4.999991294184010122e-03 9.999721083539313549e-01
1.301598919946494789e+03 9.949286436244244580e-01 4.999991228488325119e-03 9.999725504697348777e-01
1.301601090779824972e+03 9.983849050878368381e-01 4.999991162037600856e-03 9.999729919110602605e-01
1.301603261616775626e+03 1.003643015118362847e+00 4.999991094820200807e-03 9.999734326754727842e-01
1.301605432457346751e+03 1.005788060399186001e+00 4.999991026824258597e-03 9.999738727604901012e-01
1.301607603301538802e+03 1.000082949825301215e+00 4.999990958037681468e-03 9.999743121635826792e-01
1.301609774149351324e+03 9.937918341544087486e-01 4.999990888448137272e-03 9.999747508821708042e-01
1.301611945000784317e+03 1.007185024610786739e+00 4.999990818043054466e-03 9.999751889136241356e-01
1.301614115855838008e+03 1.001000787163749850e+00 4.999990746809612578e-03 9.999756262552615960e-01
1.301616286714511944e+03 9.977513896033147756e-01 4.999990674734741333e-03 9.999760629043491500e-01
1.301618457576806804e+03 9.950384025027584345e-01 4.999990601805108514e-03 9.999764988580972513e-01
1.301620628442722364e+03 1.005315211799310715e+00 4.999990528007114757e-03 9.999769341136623968e-01
1.301622799312258394e+03 1.002744727345165066e+00 4.999990453326895283e-03 9.999773686681436846e-01
1.301624970185414895e+03 1.005563622058591733e+00 4.999990377750299086e-03 9.999778025185825925e-01
1.301627141062192322e+03 9.960299700566203063e-01 4.999990301262900207e-03 9.999782356619597579e-01
1.301629311942590220e+03 9.972511880769396875e-01 4.999990223849971709e-03 9.999786680951967544e-01
1.301631482826608590e+03 1.001238092894082721e+00 4.999990145496491754e-03 9.999790998151508736e-01
1.301633653714247885e+03 9.980459371042410543e-01 4.999990066187131460e-03 9.999795308186165688e-01
1.301635824605507651e+03 1.000275336704347984e+00 4.999989985906251426e-03 9.999799611023221235e-01
1.301637995500388115e+03 1.005078308224424566e+00 4.999989904637884390e-03 9.999803906629292083e-01
1.301640166398889505e+03 9.988066691534857044e-01 4.999989822365739564e-03 9.999808194970301045e-01
1.301642337301011366e+03 1.002503443029586050e+00 4.999989739073187021e-03 9.999812476011463724e-01
1.301644508206753699e+03 9.964965635587347270e-01 4.999989654743245554e-03 9.999816749717279629e-01
1.301646679116116729e+03 1.004421832868855224e+00 4.999989569358587009e-03 9.999821016051499978e-01
1.301648850029100913e+03 1.001185667211998309e+00 4.999989482901516340e-03 9.999825274977123257e-01
1.301651020945705341e+03 1.000920713274238594e+00 4.999989395353962932e-03 9.999829526456359696e-01
1.301653191865930467e+03 9.986960813315466368e-01 4.999989306697477133e-03 9.999833770450626824e-01
1.301655362789776518e+03 9.974089708584145120e-01 4.999989216913215510e-03 9.999838006920519495e-01
1.301657533717243268e+03 1.004954240473061589e+00 4.999989125981933909e-03 9.999842235825793235e-01
1.301659704648330717e+03 1.008939208761976403e+00 4.999989033883974442e-03 9.999846457125342036e-01
1.301661875583038864e+03 1.000629039509186358e+00 4.999988940599255950e-03 9.999850670777170603e-01
1.301664046521367709e+03 9.911137063886032994e-01 4.999988846107262727e-03 9.999854876738385467e-01
1.301666217463317253e+03 9.967317836445375168e-01 4.999988750387036711e-03 9.999859074965155026e-01
1.301668388408887722e+03 9.884637227244827962e-01 4.999988653417154934e-03 9.999863265412688440e-01
1.301670559358078890e+03 1.007560936089380244e+00 4.999988555175736461e-03 9.999867448035221207e-01
1.301672730310890529e+03 9.996196353188468997e-01 4.999988455640409432e-03 9.999871622785988512e-01
1.301674901267323094e+03 9.939129218360108764e-01 4.999988354788311058e-03 9.999875789617176380e-01
1.301677072227376357e+03 9.915994180609376540e-01 4.999988252596072012e-03 9.999879948479918346e-01
1.301679243191050546e+03 1.000559941050298329e+00 4.999988149039797346e-03 9.999884099324261033e-01
1.301681414158345433e+03 1.002978809979806041e+00 4.999988044095064754e-03 9.999888242099126412e-01
1.301683585129261246e+03 1.008551266785662648e+00 4.999987937736892485e-03 9.999892376752294032e-01
1.301685756103797758e+03 9.969451804992036648e-01 4.999987829939743673e-03 9.999896503230359945e-01
1.301687927081954967e+03 9.984364930418981876e-01 4.999987720677495119e-03 9.999900621478708951e-01
1.301690098063732876e+03 1.005894279393424240e+00 4.999987609923431213e-03 9.999904731441479067e-01
1.301692269049131937e+03 9.916603406689231681e-01 4.999987497650223121e-03 9.999908833061532665e-01
1.301694440038151697e+03 1.007219319584811368e+00 4.999987383829911439e-03 9.999912926280414283e-01
1.301696611030792155e+03 1.005732932467885643e+00 4.999987268433890575e-03 9.999917011038315096e-01
1.301698782027053539e+03 9.992148574428286745e-01 4.999987151432893143e-03 9.999921087274039611e-01
1.301700953026935849e+03 1.002151108284412340e+00 4.999987032796963937e-03 9.999925154924966808e-01
1.301703124030438858e+03 1.003787662712505080e+00 4.999986912495450395e-03 9.999929213927003513e-01
1.301705295037562564e+03 1.001796725096685048e+00 4.999986790496974837e-03 9.999933264214547757e-01
1.301707466048307424e+03 1.002023106931553942e+00 4.999986666769412787e-03 9.999937305720447700e-01
1.301709637062672982e+03 1.000114655588896673e+00 4.999986541279883429e-03 9.999941338375949451e-01
1.301711808080659239e+03 9.947969569790018340e-01 4.999986413994715780e-03 9.999945362110658209e-01
1.301713979102266649e+03 1.006170125572520613e+00 4.999986284879429609e-03 9.999949376852488303e-01
1.301716150127494757e+03 9.876949042867688711e-01 4.999986153898712885e-03 9.999953382527617674e-01
1.301718321156344018e+03 9.990584891014364644e-01 4.999986021016397490e-03 9.999957379060434581e-01
1.301720492188813751e+03 9.969647687783532719e-01 4.999985886195434069e-03 9.999961366373483207e-01
1.301722663224904636e+03 9.996470184645608326e-01 4.999985749397864269e-03 9.999965344387407029e-01
1.301724834264616220e+03 9.918094467225621047e-01 4.999985610584800795e-03 9.999969313020902195e-01
1.301727005307949184e+03 9.960198764115147929e-01 4.999985469716388374e-03 9.999973272190653129e-01
1.301729176354902620e+03 9.952617421275617993e-01 4.999985326751780340e-03 9.999977221811271466e-01
1.301731347405476981e+03 9.995352266812013164e-01 4.999985181649116948e-03 9.999981161795241658e-01
1.301733518459672268e+03 1.000414434141086550e+00 4.999985034365482008e-03 9.999985092052845470e-01
1.301735689517488709e+03 9.945143088597346859e-01 4.999984884856874257e-03 9.999989012492107587e-01
1.301737860578926075e+03 1.006288964389956186e+00 4.999984733078185681e-03 9.999992923018712343e-01
1.301740031643984139e+03 9.988559184398025925e-01 4.999984578983145134e-03 9.999996823535942658e-01
1.301742202712663357e+03 1.005180355763587219e+00 4.999984422524304459e-03 1.000000071394461010e+00
1.301744373784963500e+03 9.963454871312811267e-01 4.999984263652993387e-03 1.000000459414296161e+00
1.301746544860884342e+03 9.957113664695881328e-01 4.999984102319279637e-03 1.000000846402661736e+00
1.301748715940426564e+03 9.968445514250330319e-01 4.999983938471930754e-03 1.000001232348848079e+00
1.301750887023589485e+03 9.934723732379691086e-01 4.999983772058373341e-03 1.000001617241864649e+00
1.301753058110373559e+03 1.006333391797945565e+00 4.999983603024654027e-03 1.000002001070433133e+00
1.301755229200778331e+03 1.003655223543983510e+00 4.999983431315388298e-03 1.000002383822976126e+00
1.301757400294804256e+03 1.001517248118501069e+00 4.999983256873729263e-03 1.000002765487608469e+00
1.301759571392451107e+03 1.010426757943027054e+00 4.999983079641296541e-03 1.000003146052128145e+00
1.301761742493719112e+03 9.959466348961401039e-01 4.999982899558151964e-03 1.000003525504004509e+00
1.301763913598608042e+03 9.953668033178584285e-01 4.999982716562733666e-03 1.000003903830369412e+00
1.301766084707118125e+03 1.000337538849354280e+00 4.999982530591809242e-03 1.000004281018003871e+00
1.301768255819249134e+03 1.004732987177428871e+00 4.999982341580418502e-03 1.000004657053329415e+00
1.301770426935001069e+03 1.010953896264455532e+00 4.999982149461816225e-03 1.000005031922393872e+00
1.301772598054373930e+03 1.000258048063886518e+00 4.999981954167417517e-03 1.000005405610859599e+00
1.301774769177367943e+03 1.001182596454400109e+00 4.999981755626731889e-03 1.000005778103991716e+00
1.301776940303983338e+03 1.002354239059079166e+00 4.999981553767296472e-03 1.000006149386643006e+00
1.301779111434219431e+03 9.992571461617062445e-01 4.999981348514617036e-03 1.000006519443241704e+00
1.301781282568076676e+03 1.001589596308085861e+00 4.999981139792098600e-03 1.000006888257776172e+00
1.301783453705555075e+03 1.006743664598584997e+00 4.999980927520963035e-03 1.000007255813779583e+00
1.301785624846654173e+03 1.003418020801581712e+00 4.999980711620188346e-03 1.000007622094314597e+00
1.301787795991374423e+03 1.003751840807104667e+00 4.999980492006424540e-03 1.000007987081958927e+00
1.301789967139716282e+03 1.001369190577046986e+00 4.999980268593906020e-03 1.000008350758785580e+00
1.301792138291678611e+03 1.014537857993709880e+00 4.999980041294385669e-03 1.000008713106346203e+00
1.301794309447262322e+03 9.944315652689205143e-01 4.999979810017026426e-03 1.000009074105653983e+00
1.301796480606467185e+03 9.975233414979405300e-01 4.999979574668324961e-03 1.000009433737163222e+00
1.301798651769292746e+03 9.998684198374110377e-01 4.999979335152010193e-03 1.000009791980750240e+00
1.301800822935740143e+03 1.005133432121681603e+00 4.999979091368948747e-03 1.000010148815692723e+00
1.301802994105808239e+03 9.908361936319000085e-01 4.999978843217033932e-03 1.000010504220647523e+00
1.301805165279497260e+03 9.931196989402080177e-01 4.999978590591088595e-03 1.000010858173629114e+00
1.301807336456807434e+03 9.976748855705181995e-01 4.999978333382744562e-03 1.000011210651985616e+00
1.301809507637738989e+03 1.014110998461128066e+00 4.999978071480332478e-03 1.000011561632373702e+00
1.301811678822291697e+03 9.944575884311696035e-01 4.999977804768756043e-03 1.000011911090735506e+00
1.301813850010465558e+03 1.004183753045248872e+00 4.999977533129367109e-03 1.000012259002269088e+00
1.301816021202260572e+03 9.972299773620332264e-01 4.999977256439828641e-03 1.000012605341403127e+00
1.301818192397676512e+03 9.996406271054633086e-01 4.999976974573983740e-03 1.000012950081766494e+00
1.301820363596713833e+03 9.975798061856980814e-01 4.999976687401707330e-03 1.000013293196158726e+00
1.301822534799372306e+03 9.987728265268416283e-01 4.999976394788750028e-03 1.000013634656518935e+00
1.301824706005651706e+03 9.940078409941199844e-01 4.999976096596593297e-03 1.000013974433891395e+00
1.301826877215552713e+03 9.977651357115202568e-01 4.999975792682274239e-03 1.000014312498392011e+00
1.301829048429074419e+03 1.005998054416183063e+00 4.999975482898212122e-03 1.000014648819173457e+00
1.301831219646217505e+03 1.002082727263045481e+00 4.999975167092041844e-03 1.000014983364385435e+00
1.301833390866981972e+03 1.001777511102571738e+00 4.999974845106407509e-03 1.000015316101136476e+00
1.301835562091367592e+03 1.002929658755104869e+00 4.999974516778778535e-03 1.000015646995452867e+00
1.301837733319374138e+03 9.961274714442934775e-01 4.999974181941241498e-03 1.000015976012234686e+00
1.301839904551002064e+03 1.004707603653861803e+00 4.999973840420278946e-03 1.000016303115212501e+00
1.301842075786251598e+03 1.000503944218351426e+00 4.999973492036549963e-03 1.000016628266897412e+00
1.301844247025121831e+03 9.860574766108534117e-01 4.999973136604649038e-03 1.000016951428535084e+00
1.301846418267613672e+03 1.008714899221048400e+00 4.999972773932858869e-03 1.000017272560049575e+00
1.301848589513726438e+03 1.003365636685616513e+00 4.999972403822893624e-03 1.000017591619993818e+00
1.301850760763460812e+03 1.008082594964896384e+00 4.999972026069625722e-03 1.000017908565488334e+00
1.301852932016816339e+03 1.010094905401196064e+00 4.999971640460793530e-03 1.000018223352164837e+00
1.301855103273793020e+03 9.988739285443792859e-01 4.999971246776709066e-03 1.000018535934101616e+00
1.301857274534390854e+03 9.992758953659151011e-01 4.999970844789946613e-03 1.000018846263758254e+00
1.301859445798610068e+03 1.005690211803417222e+00 4.999970434265000978e-03 1.000019154291906798e+00
1.301861617066450663e+03 1.004236405381760955e+00 4.999970014957946622e-03 1.000019459967559587e+00
1.301863788337912183e+03 1.008131345765890030e+00 4.999969586616076836e-03 1.000019763237891990e+00
1.301865959612995539e+03 1.007015240894315156e+00 4.999969148977519498e-03 1.000020064048162904e+00
1.301868130891699820e+03 9.977771618337356596e-01 4.999968701770827681e-03 1.000020362341632163e+00
1.301870302174025710e+03 1.003578015595240513e+00 4.999968244714565052e-03 1.000020658059468825e+00
1.301872473459972525e+03 1.001201004538528450e+00 4.999967777516857448e-03 1.000020951140661030e+00
1.301874644749540948e+03 9.971340095129229697e-01 4.999967299874920161e-03 1.000021241521916737e+00
1.301876816042730525e+03 1.004619766493963562e+00 4.999966811474573954e-03 1.000021529137560705e+00
1.301878987339541482e+03 9.948598435707487475e-01 4.999966311989715965e-03 1.000021813919425018e+00
1.301881158639973592e+03 1.002355213255677668e+00 4.999965801081775879e-03 1.000022095796737176e+00
1.301883329944027309e+03 9.872134091001717460e-01 4.999965278399139124e-03 1.000022374695995753e+00
1.301885501251702408e+03 1.000870803788486141e+00 4.999964743576540589e-03 1.000022650540846714e+00
1.301887672562998432e+03 9.997049895859619895e-01 4.999964196234415841e-03 1.000022923251945972e+00
1.301889843877916292e+03 9.956345328477966827e-01 4.999963635978228911e-03 1.000023192746820611e+00
1.301892015196455532e+03 1.002083100102015623e+00 4.999963062397757597e-03 1.000023458939717447e+00
1.301894186518615697e+03 9.994989553563080609e-01 4.999962475066330181e-03 1.000023721741445382e+00
1.301896357844397471e+03 1.002077700149790473e+00 4.999961873540037863e-03 1.000023981059208866e+00
1.301898529173800853e+03 1.002635383396080382e+00 4.999961257356883015e-03 1.000024236796430710e+00
1.301900700506825387e+03 9.936505340875382286e-01 4.999960626035884065e-03 1.000024488852566229e+00
1.301902871843471303e+03 9.974386650594022630e-01 4.999959979076139607e-03 1.000024737122904739e+00
1.301905043183738599e+03 9.961975917059276986e-01 4.999959315955820535e-03 1.000024981498360832e+00
1.301907214527627275e+03 9.979163430335270535e-01 4.999958636131111855e-03 1.000025221865252778e+00
1.301909385875137559e+03 1.004635177976627158e+00 4.999957939035092926e-03 1.000025458105068932e+00
1.301911557226268997e+03 9.987025803758075027e-01 4.999957224076540495e-03 1.000025690094215713e+00
1.301913728581022269e+03 1.002282851224883364e+00 4.999956490638675366e-03 1.000025917703756928e+00
1.301915899939396695e+03 9.982190847284557744e-01 4.999955738077811046e-03 1.000026140799131991e+00
1.301918071301392501e+03 9.981495951050414206e-01 4.999954965721946018e-03 1.000026359239858609e+00
1.301920242667009916e+03 9.959995289462055812e-01 4.999954172869231113e-03 1.000026572879215925e+00
1.301922414036248483e+03 1.000442173906413323e+00 4.999953358786386574e-03 1.000026781563910783e+00
1.301924585409108658e+03 9.994426464703306534e-01 4.999952522706969070e-03 1.000026985133716906e+00
1.301926756785590442e+03 9.886802356529139635e-01 4.999951663829578855e-03 1.000027183421098975e+00
1.301928928165693605e+03 1.007058057238841231e+00 4.999950781315899533e-03 1.000027376250804068e+00
1.301931099549418377e+03 9.966452942478170041e-01 4.999949874288647615e-03 1.000027563439431777e+00
1.301933270936764529e+03 1.004757535088833142e+00 4.999948941829377227e-03 1.000027744794974582e+00
1.301935442327731835e+03 1.006149729754344024e+00 4.999947982976125221e-03 1.000027920116328017e+00
1.301937613722320975e+03 9.923388723021938640e-01 4.999946996720915776e-03 1.000028089192765979e+00
1.301939785120531496e+03 1.003726045775224396e+00 4.999945982007082852e-03 1.000028251803382728e+00
1.301941956522363625e+03 1.000863384133469536e+00 4.999944937726420909e-03 1.000028407716495149e+00
1.301944127927817135e+03 9.957671959764129443e-01 4.999943862716119646e-03 1.000028556689005033e+00
1.301946299336892253e+03 9.948533851237445491e-01 4.999942755755514001e-03 1.000028698465714516e+00
1.301948470749588978e+03 9.997021038664457571e-01 4.999941615562566999e-03 1.000028832778596444e+00
1.301950642165907084e+03 9.993804482665678002e-01 4.999940440790132286e-03 1.000028959346008106e+00
1.301952813585846798e+03 1.003641498337194848e+00 4.999939230021932177e-03 1.000029077871852357e+00
1.301954985009407892e+03 9.982928865431407450e-01 4.999937981768248600e-03 1.000029188044674999e+00
1.301957156436590594e+03 9.950663881857927384e-01 4.999936694461287919e-03 1.000029289536698451e+00
1.301959327867395132e+03 9.985263797580136158e-01 4.999935366450210077e-03 1.000029382002778133e+00
1.301961499301820822e+03 9.996193381135485279e-01 4.999933995995779583e-03 1.000029465079286695e+00
1.301963670739868348e+03 1.000573544209430343e+00 4.999932581264602757e-03 1.000029538382907646e+00
1.301965842181537482e+03 1.007242411767981460e+00 4.999931120322930432e-03 1.000029601509340171e+00
1.301968013626827997e+03 1.008861088597184485e+00 4.999929611129973195e-03 1.000029654031900694e+00
1.301970185075740119e+03 1.001789529092186548e+00 4.999928051530693612e-03 1.000029695500014526e+00
1.301972356528273849e+03 1.000385296724901618e+00 4.999926439248016455e-03 1.000029725437586503e+00
1.301974527984429187e+03 1.000599288944974408e+00 4.999924771874413552e-03 1.000029743341244171e+00
1.301976699444206133e+03 9.966098254258254352e-01 4.999923046862808640e-03 1.000029748678432195e+00
1.301978870907604687e+03 1.001367161878794043e+00 4.999921261516718923e-03 1.000029740885351126e+00
1.301981042374624849e+03 1.004603146523401325e+00 4.999919412979587398e-03 1.000029719364726288e+00
1.301983213845266619e+03 9.980654701035837073e-01 4.999917498223190558e-03 1.000029683483384835e+00
1.301985385319529769e+03 1.005618451126019774e+00 4.999915514035073796e-03 1.000029632569625404e+00
1.301987556797414982e+03 9.968229700269212179e-01 4.999913457004881781e-03 1.000029565910359963e+00
1.301989728278921802e+03 9.912540495607790048e-01 4.999911323509499683e-03 1.000029482748005183e+00
1.301991899764050004e+03 1.005368332730964820e+00 4.999909109696850859e-03 1.000029382277095591e+00
1.301994071252800040e+03 1.002315747506734800e+00 4.999906811468253845e-03 1.000029263640588750e+00
1.301996242745171457e+03 9.994109860140582002e-01 4.999904424459148712e-03 1.000029125925839590e+00
1.301998414241164937e+03 9.936636204241027226e-01 4.999901944018043595e-03 1.000028968160190379e+00
1.302000585740779570e+03 1.001845823569804228e+00 4.999899365183483636e-03 1.000028789306157462e+00
1.302002757244016266e+03 1.002595755142276390e+00 4.999896682658818564e-03 1.000028588256150375e+00
1.302004928750874569e+03 1.003907141285512949e+00 4.999893890784532120e-03 1.000028363826684252e+00
1.302007100261354481e+03 1.010999292279783468e+00 4.999890983507855775e-03 1.000028114752023578e+00
1.302009271775456227e+03 9.971158404388151819e-01 4.999887954349358822e-03 1.000027839677192221e+00
1.302011443293179354e+03 9.985112612988029657e-01 4.999884796366170503e-03 1.000027537150278478e+00
1.302013614814524317e+03 1.000347116735580411e+00 4.999881502111410032e-03 1.000027205613949643e+00
1.302015786339491115e+03 1.017962259323744068e+00 4.999878063589409047e-03 1.000026843396081944e+00
1.302017957868079748e+03 1.000299611987282011e+00 4.999874472206192189e-03 1.000026448699400827e+00
1.302020129400289761e+03 9.879684990142255652e-01 4.999870718714629486e-03 1.000026019590005255e+00
1.302022300936122065e+03 1.003205310451285470e+00 4.999866793153599602e-03 1.000025553984640103e+00
1.302024472475575294e+03 9.888933050818823345e-01 4.999862684780405006e-03 1.000025049636553254e+00
1.302026644018650813e+03 1.007229678074582635e+00 4.999858381995546559e-03 1.000024504119756852e+00
1.302028815565347941e+03 1.002597473502839565e+00 4.999853872258861777e-03 1.000023914811478898e+00
1.302030987115666676e+03 1.002023246997292283e+00 4.999849141995862771e-03 1.000023278872564259e+00
1.302033158669607701e+03 1.001500814119671734e+00 4.999844176492932932e-03 1.000022593225544432e+00
1.302035330227169879e+03 9.946132733819575966e-01 4.999838959779829770e-03 1.000021854530050103e+00
1.302037501788354120e+03 1.004778199673904915e+00 4.999833474497696745e-03 1.000021059155187686e+00
1.302039673353159969e+03 9.986054175217156104e-01 4.999827701750478998e-03 1.000020203148446196e+00
1.302041844921587654e+03 9.979607849883208592e-01 4.999821620937304825e-03 1.000019282200616422e+00
1.302044016493637173e+03 1.005985440788810026e+00 4.999815209562953264e-03 1.000018291606123766e+00
1.302046188069308528e+03 9.988079606406164990e-01 4.999808443023077108e-03 1.000017226218073763e+00
1.302048359648601490e+03 1.003028639294804902e+00 4.999801294360170685e-03 1.000016080397176044e+00
1.302050531231516288e+03 9.956305178619091478e-01 4.999793733985642870e-03 1.000014847953569763e+00
1.302052702818053376e+03 9.986172110696218684e-01 4.999785729362429473e-03 1.000013522080383410e+00
1.302054874408211845e+03 1.003462497416176102e+00 4.999777244641527910e-03 1.000012095277650559e+00
1.302057046001991921e+03 1.007807264678276082e+00 4.999768240244564614e-03 1.000010559264922660e+00
1.302059217599394287e+03 9.932526902495284471e-01 4.999758672382951380e-03 1.000008904880599347e+00
1.302061389200418262e+03 1.004311702242439042e+00 4.999748492502178836e-03 1.000007121965583723e+00
1.302063560805064071e+03 1.000785334148051708e+00 4.999737646637489839e-03 1.000005199228370945e+00
1.302065732413331716e+03 9.977070826331075892e-01 4.999726074664151941e-03 1.000003124088065132e+00
1.302067904025221196e+03 1.001040026022144147e+00 4.999713709421836627e-03 1.000000882491015375e+00
1.302070075640732739e+03 9.975669509885358721e-01 4.999700475687963129e-03 9.999984586958170496e-01
1.302072247259865890e+03 9.974946323193213393e-01 4.999686288968952647e-03 9.999958350201556545e-01
1.302074418882621103e+03 1.009174927929626708e+00 4.999671054070821408e-03 9.999929915414199622e-01
1.302076590508998379e+03 1.004421494186487962e+00 4.999654663400922815e-03 9.999899057409658010e-01
1.302078762138997035e+03 9.990550143260416016e-01 4.999636994940154580e-03 9.999865520793237428e-01
1.302080933772617755e+03 9.991821831253785424e-01 4.999617909808774796e-03 9.999829014862147147e-01
1.302083105409860536e+03 9.995302809298555191e-01 4.999597249327545311e-03 9.999789207447736805e-01
1.302085277050725153e+03 1.008189336520817436e+00 4.999574831447571935e-03 9.999745717434063152e-01
1.302087448695211606e+03 1.000150048726183627e+00 4.999550446383914382e-03 9.999698105606741327e-01
1.302089620343320121e+03 1.002350702659647208e+00 4.999523851235446355e-03 9.999645863375462573e-01
1.302091791995050244e+03 1.007434515647050999e+00 4.999494763298694376e-03 9.999588398756262819e-01
1.302093963650402657e+03 1.002246007664175487e+00 4.999462851669969447e-03 9.999525018760347939e-01
1.302096135309376905e+03 1.006788830832592296e+00 4.999427726536097641e-03 9.999454906924946096e-01
1.302098306971972988e+03 9.979581479794080723e-01 4.999388925158661061e-03 9.999377093878824008e-01
1.302100478638191134e+03 9.886702404091105567e-01 4.999345892595231759e-03 9.999290416776576151e-01
1.302102650308030888e+03 9.988461941868909122e-01 4.999297952578182769e-03 9.999193457809900654e-01
1.302104821981492933e+03 9.983309021134447736e-01 4.999244256510924390e-03 9.999084436004004317e-01
1.302106993658577039e+03 1.005634282969115612e+00 4.999183677479663440e-03 9.998960981393537617e-01
1.302109165339282754e+03 1.000122368533770567e+00 4.999114558724551682e-03 9.998819597820602922e-01
1.302111337023610758e+03 1.001333062860238377e+00 4.999034076685100400e-03 9.998654301926691579e-01
1.302113508711560371e+03 1.004918303741141994e+00 4.998936612076679969e-03 9.998453145116004137e-01
1.302115680403132501e+03 9.988194731029805817e-01 4.998809677724318397e-03 9.998189530450470874e-01
1.302117852098326011e+03 9.977573937051178454e-01 4.998624139268356519e-03 9.997801394320345869e-01
1.302120023797142039e+03 1.001861417702009982e+00 4.998311878621484669e-03 9.997143740986826899e-01
1.302122195499579902e+03 1.001529506156645155e+00 4.997717611902145751e-03 9.995886448025208537e-01
1.302124367205639601e+03 9.994001948563357995e-01 4.996501387204246511e-03 9.993307871877838977e-01
1.302126538915321589e+03 9.878550138562179894e-01 4.993954965789859646e-03 9.987906969294833015e-01
1.302128710628625413e+03 1.003573782302813910e+00 4.988683593256900035e-03 9.976732551169364971e-01
1.302130882345551299e+03 9.990757516575116126e-01 4.978107139087615401e-03 9.954334268773770145e-01
1.302133054066099248e+03 9.975361974819109134e-01 4.957773709885215235e-03 9.911322722021035370e-01
1.302135225790269487e+03 9.862937767373307629e-01 4.920581773671313906e-03 9.832741029343733397e-01
1.302137397518061334e+03 9.662305079139955621e-01 4.856184783432480716e-03 9.696817733414011542e-01
1.302139569249475471e+03 9.473422119238783523e-01 4.751063307120041886e-03 9.475099767181264232e-01
1.302141740984511443e+03 9.188795849288131645e-01 4.589865203884433038e-03 9.135185428526402251e-01
1.302143912723169706e+03 8.664799587488307697e-01 4.358438803345215939e-03 8.646890331441128286e-01
1.302146084465450031e+03 7.985118853985868626e-01 4.048375505485657562e-03 7.991404916459433627e-01
1.302148256211352418e+03 7.136919008435922418e-01 3.661943541771691714e-03 7.171080272052710036e-01
1.302150427960876641e+03 6.211478558175409503e-01 3.215498631434610555e-03 6.215886154296590416e-01
1.302152599714023154e+03 5.178375378148409869e-01 2.739434815359309376e-03 5.182656200417198322e-01
1.302154771470791957e+03 4.147025195040608958e-01 2.273783388938171741e-03 4.145669425006975883e-01
1.302156943231182595e+03 3.214013672954956213e-01 1.860151638190517568e-03 3.181069196234660446e-01
1.302159114995195523e+03 2.338740262809501647e-01 1.531714356947467886e-03 2.350874066910932925e-01
1.302161286762830287e+03 1.683159129659581033e-01 1.303464151643059492e-03 1.692767164613776798e-01
1.302163458534087340e+03 1.215380801528450072e-01 1.167384336030538941e-03 1.219090007591703967e-01
1.302165630308966684e+03 9.316903720830405078e-02 1.099221971180325665e-03 9.242112045413392041e-02
1.302167802087467862e+03 7.940796244862083353e-02 1.074255319064548308e-03 7.961097989423805699e-02
1.302169973869591331e+03 8.235374371534436022e-02 1.079539359979112293e-03 8.270014003210948705e-02
1.302172145655337090e+03 1.028327609966869088e-01 1.118051351370188485e-03 1.018920457807047653e-01
1.302174317444704684e+03 1.376105495323761418e-01 1.207905761118904884e-03 1.382316488839984425e-01
1.302176489237694341e+03 1.923025125145328418e-01 1.375506191035984205e-03 1.928140165629027847e-01
1.302178661034306515e+03 2.669178319333881944e-01 1.640750503442096452e-03 2.656262019934424456e-01
1.302180832834540752e+03 3.535880851776681544e-01 2.003291443710844034e-03 3.544920994431504657e-01
1.302183004638397279e+03 4.557443976933389651e-01 2.440502493567814866e-03 4.546272151290596253e-01
1.302185176445875641e+03 5.612922080138952330e-01 2.914914866363012367e-03 5.591128612019450328e-01
1.302187348256976520e+03 6.568365787691263780e-01 3.384400395319228823e-03 6.602048127535120603e-01
1.302189520071699462e+03 7.518203459684728029e-01 3.811686721584306957e-03 7.509952206085916959e-01
1.302191691890044694e+03 8.221241567925102744e-01 4.171244939610262159e-03 8.267849494102046393e-01
1.302193863712011989e+03 8.827948780879272261e-01 4.452093066961449255e-03 8.856937111484650682e-01
1.302196035537601347e+03 9.254179474381558634e-01 4.656397527335699900e-03 9.284179915008692330e-01
1.302198207366813449e+03 9.625072954130219349e-01 4.795258023961660940e-03 9.574035773610267697e-01
1.302200379199647159e+03 9.795745415168370940e-01 4.883726838501124996e-03 9.758509663105001675e-01
1.302202551036103614e+03 9.929729527769178832e-01 4.936742391680621136e-03 9.868996269892955642e-01
1.302204722876181904e+03 9.895629602772350042e-01 4.966737030713447125e-03 9.931493326341562788e-01
1.302206894719882484e+03 1.006380798752415817e+00 4.982828638756235315e-03 9.965023012721365703e-01
1.302209066567205355e+03 1.000773998648093688e+00 4.991060779422787884e-03 9.982180010457423203e-01
1.302211238418150742e+03 9.989671000803016510e-01 4.995110343387209814e-03 9.990623519377898054e-01
1.302213410272718193e+03 1.000783192772485508e+00 4.997052770932619049e-03 9.994676439615499675e-01
1.302215582130907706e+03 1.008627550424831432e+00 4.997983759538240575e-03 9.996621251200418223e-01
1.302217753992719963e+03 9.991640430031518694e-01 4.998447954852242026e-03 9.997592801087977765e-01
1.302219925858154284e+03 9.993512233878021345e-01 4.998701868234744009e-03 9.998125745128951802e-01
1.302222097727210439e+03 9.963132987394728302e-01 4.998860801722575416e-03 9.998460505853742353e-01
1.302224269599889567e+03 9.972577110311734438e-01 4.998974756956194553e-03 9.998701388764938969e-01
1.302226441476190530e+03 9.974335853484206371e-01 4.999065049850056827e-03 9.998892878152491059e-01
1.302228613356114010e+03 1.001265702168593119e+00 4.999140920723121016e-03 9.999054263844892043e-01
1.302230785239659781e+03 1.001129614284400393e+00 4.999206667944004756e-03 9.999194519962483207e-01
1.302232957126827614e+03 9.788171398501638309e-01 4.999264570992281893e-03 9.999318404828301254e-01
1.302235129017617965e+03 1.015589417431731700e+00 4.999316047035736593e-03 9.999428875809440731e-01
1.302237300912030832e+03 1.008847304176693882e+00 4.999362102626646147e-03 9.999528032841448200e-01
1.302239472810065990e+03 9.995620789174677334e-01 4.999403514983117268e-03 9.999617497180656178e-01
1.302241644711722984e+03 9.931542943335717188e-01 4.999440911584429430e-03 9.999698577675720790e-01
1.302243816617002722e+03 9.991668086041387564e-01 4.999474810896099679e-03 9.999772355795224499e-01
1.302245988525904750e+03 1.006938609184937272e+00 4.999505647050895944e-03 9.999839737126618999e-01
1.302248160438429295e+03 1.002774342995395473e+00 4.999533786865145539e-03 9.999901486867539546e-01
1.302250332354575903e+03 1.002154463163486220e+00 4.999559542486810455e-03 9.999958256201179063e-01
1.302252504274345029e+03 9.931186837378828125e-01 4.999583181170335830e-03 1.000001060267891484e+00
1.302254676197736671e+03 1.000422995373582591e+00 4.999604932990764881e-03 1.000005900630599021e+00
1.302256848124750377e+03 9.957089849750563326e-01 4.999624997011575117e-03 1.000010388240325954e+00
1.302259020055386600e+03 1.007757096377658312e+00 4.999643546264143090e-03 1.000014559199125186e+00
1.302261191989645340e+03 1.006213523853333403e+00 4.999660731800412324e-03 1.000018445024188463e+00
1.302263363927526370e+03 9.995638732952752958e-01 4.999676686014957287e-03 1.000022073340677276e+00
1.302265535869029691e+03 9.978925520184001030e-01 4.999691525385982667e-03 1.000025468453395572e+00
1.302267707814155528e+03 1.004038169943786141e+00 4.999705352750525092e-03 1.000028651821331938e+00
1.302269879762903656e+03 1.000016279721688939e+00 4.999718259203576355e-03 1.000031642453773628e+00
1.302272051715274529e+03 1.005093081697426172e+00 4.999730325691565704e-03 1.000034457242687358e+00
1.302274223671267691e+03 1.007013928570414496e+00 4.999741624355924854e-03 1.000037111242976451e+00
1.302276395630883371e+03 1.005820635749465231e+00 4.999752219671105627e-03 1.000039617909868284e+00
1.302278567594121341e+03 1.010854879131919848e+00 4.999762169412652786e-03 1.000041989300865186e+00
1.302280739560981601e+03 9.884456664712668594e-01 4.999771525484087743e-03 1.000044236248237350e+00
1.302282911531464606e+03 9.932283837989581698e-01 4.999780334625866622e-03 1.000046368506926076e+00
1.302285083505569901e+03 9.999946415968883340e-01 4.999788639025480770e-03 1.000048394881825953e+00
1.302287255483297486e+03 1.001346255052170564e+00 4.999796476844274064e-03 1.000050323337693836e+00
1.302289427464647815e+03 9.967055776865636485e-01 4.999803882673879013e-03 1.000052161094375336e+00
1.302291599449620662e+03 1.000057222822757330e+00 4.999810887932852610e-03 1.000053914709562619e+00
1.302293771438215572e+03 9.975692045321452595e-01 4.999817521212441412e-03 1.000055590150931595e+00
1.302295943430433454e+03 9.988368145779161766e-01 4.999823808578810272e-03 1.000057192859205468e+00
1.302298115426273853e+03 9.955376731643127419e-01 4.999829773837969303e-03 1.000058727803431413e+00
1.302300287425736315e+03 9.962193832110460834e-01 4.999835438768576376e-03 1.000060199529555716e+00
1.302302459428821521e+03 1.001441058581970189e+00 4.999840823327064698e-03 1.000061612203228645e+00
1.302304631435529245e+03 1.002377452450708750e+00 4.999845945828780905e-03 1.000062969647598887e+00
1.302306803445859487e+03 9.981686239042821818e-01 4.999850823108318611e-03 1.000064275376774114e+00
1.302308975459812245e+03 1.002580767922887972e+00 4.999855470661778746e-03 1.000065532625502795e+00
1.302311147477387522e+03 9.972374304931488354e-01 4.999859902773214418e-03 1.000066744375564642e+00
1.302313319498585315e+03 9.999524587497484740e-01 4.999864132627289057e-03 1.000067913379277584e+00
1.302315491523405854e+03 1.003432081789552566e+00 4.999868172409834000e-03 1.000069042180483203e+00
1.302317663551848682e+03 9.975448015678762825e-01 4.999872033397777422e-03 1.000070133133315720e+00
1.302319835583914255e+03 9.993582721472646924e-01 4.999875726039714439e-03 1.000071188419014323e+00
1.302322007619602118e+03 9.914463569278187949e-01 4.999879260028232929e-03 1.000072210061017319e+00
1.302324179658912726e+03 1.003447984756216993e+00 4.999882644364927499e-03 1.000073199938531943e+00
1.302326351701845851e+03 1.002169565497270654e+00 4.999885887418967223e-03 1.000074159798756579e+00
1.302328523748401494e+03 9.909277940737085677e-01 4.999888996979909295e-03 1.000075091267903504e+00
1.302330695798579882e+03 1.006705528309399744e+00 4.999891980305432547e-03 1.000075995861160028e+00
1.302332867852380787e+03 9.972106597308303400e-01 4.999894844164504311e-03 1.000076874991701281e+00
1.302335039909804209e+03 1.010535626394817532e+00 4.999897594876530522e-03 1.000077729978856356e+00
1.302337211970850376e+03 9.954045925600255584e-01 4.999900238346838624e-03 1.000078562055518816e+00
1.302339384035519060e+03 1.001096670847577030e+00 4.999902780098953829e-03 1.000079372374882647e+00
1.302341556103810717e+03 9.938845183733193700e-01 4.999905225303963655e-03 1.000080162016566243e+00
1.302343728175724436e+03 1.002436543703818517e+00 4.999907578807249141e-03 1.000080931992199496e+00
1.302345900251261128e+03 9.904650866771418372e-01 4.999909845152898484e-03 1.000081683250513276e+00
1.302348072330420337e+03 9.975424014506258930e-01 4.999912028605980018e-03 1.000082416681993491e+00
1.302350244413202290e+03 9.968542273606508797e-01 4.999914133172937356e-03 1.000083133123133017e+00
1.302352416499606534e+03 9.966243943132263583e-01 4.999916162620235936e-03 1.000083833360328134e+00
1.302354588589633750e+03 9.948068569724589638e-01 4.999918120491466528e-03 1.000084518133447009e+00
1.302356760683283483e+03 1.004796172967957091e+00 4.999920010123037536e-03 1.000085188139105075e+00
1.302358932780555961e+03 1.005272273359840929e+00 4.999921834658588825e-03 1.000085844033673732e+00
1.302361104881451183e+03 9.990469882409519498e-01 4.999923597062246733e-03 1.000086486436047251e+00
1.302363276985968696e+03 1.004272647273165564e+00 4.999925300130814848e-03 1.000087115930189396e+00
1.302365449094109181e+03 1.002025692617332764e+00 4.999926946505024554e-03 1.000087733067478668e+00
1.302367621205872638e+03 1.003021578320405061e+00 4.999928538679896534e-03 1.000088338368873675e+00
1.302369793321258385e+03 9.961596036318738356e-01 4.999930079014309504e-03 1.000088932326909097e+00
1.302371965440266877e+03 1.000664210068521465e+00 4.999931569739842104e-03 1.000089515407543983e+00
1.302374137562898341e+03 1.000360731976487338e+00 4.999933012968952109e-03 1.000090088051865944e+00
1.302376309689152095e+03 9.970665890156011901e-01 4.999934410702548508e-03 1.000090650677673665e+00
1.302378481819028821e+03 1.002953307187921084e+00 4.999935764836998912e-03 1.000091203680939289e+00
1.302380653952528064e+03 9.987185022697020464e-01 4.999937077170635638e-03 1.000091747437167111e+00
1.302382826089650507e+03 9.983251949299649652e-01 4.999938349409787340e-03 1.000092282302652347e+00
1.302384998230395240e+03 9.979698946952163530e-01 4.999939583174388240e-03 1.000092808615652196e+00
1.302387170374762945e+03 9.894600706460412454e-01 4.999940780003184031e-03 1.000093326697472307e+00
1.302389342522753168e+03 1.001709305389510307e+00 4.999941941358570889e-03 1.000093836853478635e+00
1.302391514674366363e+03 9.942819547072179187e-01 4.999943068631121368e-03 1.000094339374039354e+00
1.302393686829602302e+03 9.950148826783927758e-01 4.999944163143778091e-03 1.000094834535402155e+00
1.302395858988460759e+03 1.005813709767534592e+00 4.999945226155762083e-03 1.000095322600512482e+00
1.302398031150942415e+03 9.989089863710064465e-01 4.999946258866246919e-03 1.000095803819774254e+00
1.302400203317046589e+03 9.969751851964131495e-01 4.999947262417752704e-03 1.000096278431766184e+00
1.302402375486773280e+03 9.963662277117927291e-01 4.999948237899345775e-03 1.000096746663903469e+00
1.302404547660123171e+03 9.995016770709316267e-01 4.999949186349611149e-03 1.000097208733061738e+00
1.302406719837095807e+03 1.001948238785774992e+00 4.999950108759443693e-03 1.000097664846158807e+00
1.302408892017691187e+03 1.001721980053706051e+00 4.999951006074652808e-03 1.000098115200699578e+00
1.302411064201909312e+03 1.002437615059464271e+00 4.999951879198417069e-03 1.000098559985285407e+00
1.302413236389750182e+03 1.003715981920880518e+00 4.999952728993555841e-03 1.000098999380092835e+00
1.302415408581214024e+03 1.000942857099307748e+00 4.999953556284696815e-03 1.000099433557322115e+00
1.302417580776300611e+03 1.002452341536781200e+00 4.999954361860279618e-03 1.000099862681617990e+00
1.302419752975010169e+03 9.990610589694888244e-01 4.999955146474448393e-03 1.000100286910464265e+00
1.302421925177342473e+03 9.977590184663460704e-01 4.999955910848835963e-03 1.000100706394555061e+00
1.302424097383297521e+03 1.001589339281905522e+00 4.999956655674225696e-03 1.000101121278144545e+00
1.302426269592875542e+03 1.005778811756277147e+00 4.999957381612130970e-03 1.000101531699373769e+00
1.302428441806076307e+03 1.003905340965708826e+00 4.999958089296270558e-03 1.000101937790579765e+00
1.302430614022900045e+03 1.001287167001435829e+00 4.999958779333955536e-03 1.000102339678587082e+00
1.302432786243346754e+03 9.986252323400850450e-01 4.999959452307411144e-03 1.000102737484980242e+00
1.302434958467416209e+03 9.975347875017643862e-01 4.999960108775004103e-03 1.000103131326361972e+00
1.302437130695108408e+03 1.003600952528010071e+00 4.999960749272408349e-03 1.000103521314597232e+00
1.302439302926423579e+03 1.001542659483274145e+00 4.999961374313707449e-03 1.000103907557042593e+00
1.302441475161361723e+03 9.997514831775924371e-01 4.999961984392435436e-03 1.000104290156762055e+00
1.302443647399922838e+03 9.948942128679798547e-01 4.999962579982543918e-03 1.000104669212732444e+00
1.302445819642106471e+03 1.003952315384889271e+00 4.999963161539340561e-03 1.000105044820036371e+00
1.302447991887913531e+03 9.965825052189419830e-01 4.999963729500360790e-03 1.000105417070045188e+00
1.302450164137343108e+03 9.992773276287464368e-01 4.999964284286190913e-03 1.000105786050590861e+00
1.302452336390395658e+03 9.967185729678438300e-01 4.999964826301251351e-03 1.000106151846130276e+00
1.302454508647071634e+03 1.004487189167335703e+00 4.999965355934544303e-03 1.000106514537899560e+00
1.302456680907369901e+03 9.884669916019582780e-01 4.999965873560347634e-03 1.000106874204061747e+00
1.302458853171291366e+03 9.973344242945718641e-01 4.999966379538881879e-03 1.000107230919842216e+00
1.302461025438835804e+03 9.973916870691701408e-01 4.999966874216939076e-03 1.000107584757664370e+00
1.302463197710002987e+03 1.004117352568673294e+00 4.999967357928482119e-03 1.000107935787270641e+00
1.302465369984793369e+03 1.007692241827677249e+00 4.999967830995206801e-03 1.000108284075843290e+00
1.302467542263206724e+03 1.006129390487835451e+00 4.999968293727086524e-03 1.000108629688115203e+00
1.302469714545242823e+03 9.963437134025648900e-01 4.999968746422871028e-03 1.000108972686476916e+00
1.302471886830902349e+03 9.973097484039918914e-01 4.999969189370580790e-03 1.000109313131077426e+00
1.302474059120184393e+03 9.940271742235877728e-01 4.999969622847962383e-03 1.000109651079920781e+00
1.302476231413089636e+03 1.003227827584090903e+00 4.999970047122925636e-03 1.000109986588955779e+00
1.302478403709617851e+03 1.005492554800797134e+00 4.999970462453957355e-03 1.000110319712165241e+00
1.302480576009769038e+03 1.000699556496934539e+00 4.999970869090523788e-03 1.000110650501646159e+00
1.302482748313542970e+03 9.982282801471373812e-01 4.999971267273439247e-03 1.000110979007690304e+00
1.302484920620940329e+03 1.004731123529066350e+00 4.999971657235224333e-03 1.000111305278856833e+00
1.302487092931960433e+03 9.972076405834148227e-01 4.999972039200451142e-03 1.000111629362045118e+00
1.302489265246603964e+03 9.993077646713035556e-01 4.999972413386064192e-03 1.000111951302560698e+00
1.302491437564870012e+03 9.972077048727973070e-01 4.999972780001688336e-03 1.000112271144182774e+00
1.302493609886759486e+03 1.004267908794156172e+00 4.999973139249927999e-03 1.000112588929221946e+00
1.302495782212271934e+03 1.001638800740821234e+00 4.999973491326644738e-03 1.000112904698582383e+00
1.302497954541407125e+03 1.001410782827526935e+00 4.999973836421224387e-03 1.000113218491814671e+00
1.302500126874165744e+03 9.917457010983383725e-01 4.999974174716832927e-03 1.000113530347171542e+00
1.302502299210547335e+03 1.008559697226625529e+00 4.999974506390661953e-03 1.000113840301657397e+00
1.302504471550551671e+03 1.000926835437972562e+00 4.999974831614160259e-03 1.000114148391076707e+00
1.302506643894179433e+03 1.001693516447996979e+00 4.999975150553252409e-03 1.000114454650083085e+00
1.302508816241430168e+03 1.005667169226977409e+00 4.999975463368559053e-03 1.000114759112218143e+00
1.302510988592304102e+03 9.985143550574613336e-01 4.999975770215593814e-03 1.000115061809960348e+00
1.302513160946801008e+03 9.983841781671185522e-01 4.999976071244952372e-03 1.000115362774760097e+00
1.302515333304920887e+03 9.965610807245350866e-01 4.999976366602512830e-03 1.000115662037082354e+00
1.302517505666663965e+03 9.954410076631430293e-01 4.999976656429597037e-03 1.000115959626439510e+00
1.302519678032030470e+03 1.002634518142293318e+00 4.999976940863144932e-03 1.000116255571431800e+00
1.302521850401019492e+03 1.004115458768734204e+00 4.999977220035881076e-03 1.000116549899776164e+00
1.302524022773631941e+03 9.957554818284286569e-01 4.999977494076466439e-03 1.000116842638341996e+00
1.302526195149867590e+03 9.977532816919481018e-01 4.999977763109646721e-03 1.000117133813181569e+00
1.302528367529726438e+03 9.930337303690494055e-01 4.999978027256395466e-03 1.000117423449558007e+00
1.302530539913208258e+03 9.915408155904673615e-01 4.999978286634045033e-03 1.000117711571975487e+00
1.302532712300313278e+03 1.003903053193508033e+00 4.999978541356427976e-03 1.000117998204205882e+00
1.302534884691041725e+03 1.005975812027561256e+00 4.999978791533994139e-03 1.000118283369315630e+00
1.302537057085392917e+03 9.970095949279073055e-01 4.999979037273926882e-03 1.000118567089689048e+00
1.302539229483367308e+03 9.894147901090440955e-01 4.999979278680271449e-03 1.000118849387054087e+00
1.302541401884964898e+03 9.907384413636514120e-01 4.999979515854032115e-03 1.000119130282504543e+00
1.302543574290185688e+03 1.004851120335078951e+00 4.999979748893283206e-03 1.000119409796521364e+00
1.302545746699029905e+03 1.006325970067609266e+00 4.999979977893274918e-03 1.000119687948996416e+00
1.302547919111496867e+03 1.001519591297900025e+00 4.999980202946516586e-03 1.000119964759249580e+00
1.302550091527587256e+03 1.001356730701735476e+00 4.999980424142891171e-03 1.000120240246050729e+00
1.302552263947300844e+03 1.001249004920304886e+00 4.999980641569724653e-03 1.000120514427636831e+00
1.302554436370637632e+03 9.944607937926018826e-01 4.999980855311887511e-03 1.000120787321731708e+00
1.302556608797597846e+03 1.000342425151352188e+00 4.999981065451864111e-03 1.000121058945561359e+00
1.302558781228181033e+03 9.997619357519389460e-01 4.999981272069847250e-03 1.000121329315871943e+00
1.302560953662387647e+03 9.933732935943511144e-01 4.999981475243803208e-03 1.000121598448945992e+00
1.302563126100217232e+03 1.005228143237661520e+00 4.999981675049548074e-03 1.000121866360616396e+00
1.302565298541670018e+03 1.002698813932591415e+00 4.999981871560821474e-03 1.000122133066281727e+00
1.302567470986746230e+03 9.958184966075318556e-01 4.999982064849353355e-03 1.000122398580921779e+00
1.302569643435445641e+03 1.000963657321449984e+00 4.999982254984922103e-03 1.000122662919109118e+00
1.302571815887768480e+03 1.005109332299928493e+00 4.999982442035436070e-03 1.000122926095023290e+00
1.302573988343714291e+03 9.973994743456361389e-01 4.999982626066970873e-03 1.000123188122464146e+00
1.302576160803283528e+03 9.958451350323915818e-01 4.999982807143843119e-03 1.000123449014862720e+00
1.302578333266475966e+03 9.984941424175373115e-01 4.999982985328664184e-03 1.000123708785293664e+00
1.302580505733291602e+03 9.999003333941383076e-01 4.999983160682392250e-03 1.000123967446486795e+00
1.302582678203730666e+03 1.002541179454547349e+00 4.999983333264383482e-03 1.000124225010836643e+00
1.302584850677793156e+03 9.982189764087130435e-01 4.999983503132441470e-03 1.000124481490415551e+00
1.302587023155478846e+03 9.936091897103327408e-01 4.999983670342871868e-03 1.000124736896980115e+00
1.302589195636787736e+03 1.003880562374927621e+00 4.999983834950523162e-03 1.000124991241984729e+00
1.302591368121719825e+03 9.988918042161579747e-01 4.999983997008831775e-03 1.000125244536587799e+00
1.302593540610275340e+03 1.000866389611011931e+00 4.999984156569869768e-03 1.000125496791663071e+00
1.302595713102454283e+03 1.001720715330300271e+00 4.999984313684381274e-03 1.000125748017807181e+00
1.302597885598256426e+03 9.996681390719398541e-01 4.999984468401824991e-03 1.000125998225348090e+00
1.302600058097681995e+03 9.944817031241111049e-01 4.999984620770415826e-03 1.000126247424353743e+00
1.302602230600730763e+03 1.000668846620096808e+00 4.999984770837156978e-03 1.000126495624639400e+00
1.302604403107402959e+03 9.986382034459634349e-01 4.999984918647882443e-03 1.000126742835775628e+00
1.302606575617698581e+03 1.006071825484062376e+00 4.999985064247283902e-03 1.000126989067095407e+00
1.302608748131617403e+03 9.977699130336736832e-01 4.999985207678954956e-03 1.000127234327700787e+00
1.302610920649159880e+03 1.003077277000222756e+00 4.999985348985411075e-03 1.000127478626470223e+00
1.302613093170325328e+03 1.004273929670210785e+00 4.999985488208130366e-03 1.000127721972065675e+00
1.302615265695114431e+03 1.003112566098620206e+00 4.999985625387584794e-03 1.000127964372936162e+00
1.302617438223526960e+03 1.010152962621014838e+00 4.999985760563263604e-03 1.000128205837328421e+00
1.302619610755562917e+03 9.953048587374702105e-01 4.999985893773701076e-03 1.000128446373289126e+00
1.302621783291221846e+03 9.948199890209901142e-01 4.999986025056513822e-03 1.000128685988672217e+00
1.302623955830504656e+03 9.948120857654076943e-01 4.999986154448412927e-03 1.000128924691143339e+00
1.302626128373410438e+03 1.004696827509464763e+00 4.999986281985243849e-03 1.000129162488186951e+00
1.302628300919939875e+03 1.003543273828236160e+00 4.999986407701999432e-03 1.000129399387109874e+00
1.302630473470092738e+03 9.975442537571309609e-01 4.999986531632848522e-03 1.000129635395047289e+00
1.302632646023869029e+03 9.983588759110438859e-01 4.999986653811164597e-03 1.000129870518966291e+00
1.302634818581268746e+03 9.955386013915581422e-01 4.999986774269538775e-03 1.000130104765672767e+00
1.302636991142291663e+03 1.003200498121186168e+00 4.999986893039808436e-03 1.000130338141813846e+00
1.302639163706938461e+03 9.994479491793243353e-01 4.999987010153072835e-03 1.000130570653882556e+00
1.302641336275208232e+03 9.991538931393932899e-01 4.999987125639716520e-03 1.000130802308223821e+00
1.302643508847101884e+03 1.003722244772923267e+00 4.999987239529429285e-03 1.000131033111035794e+00
1.302645681422618509e+03 9.938347915538324751e-01 4.999987351851222644e-03 1.000131263068376519e+00
1.302647854001759015e+03 9.943259423448999046e-01 4.999987462633454990e-03 1.000131492186165927e+00
1.302650026584522948e+03 1.007227519821506379e+00 4.999987571903838530e-03 1.000131720470190499e+00
1.302652199170910308e+03 1.007387521334007108e+00 4.999987679689463574e-03 1.000131947926106601e+00
1.302654371760921094e+03 9.934145473929240078e-01 4.999987786016817613e-03 1.000132174559443587e+00
1.302656544354555308e+03 9.969186615837920540e-01 4.999987890911795733e-03 1.000132400375608244e+00
1.302658716951813176e+03 9.987003594831197484e-01 4.999987994399715356e-03 1.000132625379886786e+00
1.302660889552694471e+03 1.007232441842151882e+00 4.999988096505341394e-03 1.000132849577447969e+00
1.302663062157199192e+03 9.985600706820354500e-01 4.999988197252889718e-03 1.000133072973349080e+00
1.302665234765327796e+03 9.888384468712501096e-01 4.999988296666046245e-03 1.000133295572534609e+00
1.302667407377079371e+03 9.988271404644948337e-01 4.999988394767982541e-03 1.000133517379841575e+00
1.302669579992454828e+03 1.006742676847958151e+00 4.999988491581364505e-03 1.000133738400002192e+00
1.302671752611453712e+03 1.008054732846360269e+00 4.999988587128372311e-03 1.000133958637646758e+00
1.302673925234076250e+03 1.000781938693393380e+00 4.999988681430703880e-03 1.000134178097305426e+00
1.302676097860322216e+03 1.002976894446822476e+00 4.999988774509596563e-03 1.000134396783411317e+00
1.302678270490191835e+03 9.964627580253354600e-01 4.999988866385833217e-03 1.000134614700302960e+00
1.302680443123684654e+03 9.964294543391520875e-01 4.999988957079752605e-03 1.000134831852226736e+00
1.302682615760801582e+03 9.921307520289123216e-01 4.999989046611269354e-03 1.000135048243339098e+00
1.302684788401541709e+03 1.003334310947017860e+00 4.999989134999873082e-03 1.000135263877708791e+00
1.302686961045905491e+03 9.898938390096254647e-01 4.999989222264644012e-03 1.000135478759319074e+00
1.302689133693892927e+03 9.951351431081637555e-01 4.999989308424268586e-03 1.000135692892070383e+00
1.302691306345504017e+03 1.002035603796202601e+00 4.999989393497040330e-03 1.000135906279781439e+00
1.302693479000738535e+03 9.936796984898496055e-01 4.999989477500878070e-03 1.000136118926192363e+00
1.302695651659596479e+03 9.944526732563129245e-01 4.999989560453324197e-03 1.000136330834965781e+00
1.302697824322078532e+03 9.990330816558463667e-01 4.999989642371568087e-03 1.000136542009687712e+00
1.302699996988183557e+03 1.012511761551940337e+00 4.999989723272440893e-03 1.000136752453874012e+00
1.302702169657912691e+03 9.963115553840556915e-01 4.999989803172436367e-03 1.000136962170965038e+00
1.302704342331265252e+03 1.000596699221248276e+00 4.999989882087706519e-03 1.000137171164333649e+00
1.302706515008241468e+03 1.006132279462082169e+00 4.999989960034086772e-03 1.000137379437283869e+00
1.302708687688841565e+03 9.991288265650525302e-01 4.999990037027081217e-03 1.000137586993053107e+00
1.302710860373064861e+03 9.968241227340098876e-01 4.999990113081893839e-03 1.000137793834813271e+00
1.302713033060912039e+03 1.000044217593072382e+00 4.999990188213419839e-03 1.000137999965673874e+00
1.302715205752382872e+03 1.000981620336181876e+00 4.999990262436256917e-03 1.000138205388681367e+00
1.302717378447477358e+03 1.001603150305151235e+00 4.999990335764716541e-03 1.000138410106822917e+00
1.302719551146195727e+03 1.001921982717089099e+00 4.999990408212824818e-03 1.000138614123025516e+00
1.302721723848537522e+03 1.001874526004051358e+00 4.999990479794335502e-03 1.000138817440159311e+00
1.302723896554502744e+03 1.004933715464454647e+00 4.999990550522728262e-03 1.000139020061038053e+00
1.302726069264092303e+03 9.994629813930820950e-01 4.999990620411221692e-03 1.000139221988420202e+00
1.302728241977304833e+03 1.005119669179985076e+00 4.999990689472781115e-03 1.000139423225010926e+00
1.302730414694141700e+03 1.003759203395018229e+00 4.999990757720115114e-03 1.000139623773462771e+00
1.302732587414601994e+03 1.001580051075866118e+00 4.999990825165686811e-03 1.000139823636376990e+00
1.302734760138685715e+03 9.980263491911010032e-01 4.999990891821726874e-03 1.000140022816304874e+00
1.302736932866393317e+03 9.962032753481047109e-01 4.999990957700224843e-03 1.000140221315749089e+00
1.302739105597724802e+03 1.006532950291877615e+00 4.999991022812944746e-03 1.000140419137163450e+00
1.302741278332679940e+03 1.000230311892889690e+00 4.999991087171425097e-03 1.000140616282956696e+00
1.302743451071258733e+03 1.002589222473131647e+00 4.999991150786986700e-03 1.000140812755490938e+00
1.302745623813461407e+03 9.986417447496477307e-01 4.999991213670738725e-03 1.000141008557083211e+00
1.302747796559287735e+03 1.002239312430865503e+00 4.999991275833579572e-03 1.000141203690007696e+00
1.302749969308737946e+03 9.990826628349498417e-01 4.999991337286202077e-03 1.000141398156496608e+00
1.302752142061811583e+03 9.926738628745980231e-01 4.999991398039103051e-03 1.000141591958738863e+00
1.302754314818509556e+03 9.939938092861944074e-01 4.999991458102582415e-03 1.000141785098883629e+00
1.302756487578830956e+03 1.001099664213954687e+00 4.999991517486749269e-03 1.000141977579040553e+00
1.302758660342776011e+03 1.008893122440081447e+00 4.999991576201526233e-03 1.000142169401278869e+00
1.302760833110344947e+03 9.971911528787773538e-01 4.999991634256652911e-03 1.000142360567631616e+00
1.302763005881537538e+03 9.937900059760580440e-01 4.999991691661691967e-03 1.000142551080092757e+00
1.302765178656354010e+03 9.959628491148387885e-01 4.999991748426029121e-03 1.000142740940620945e+00
1.302767351434794591e+03 9.904389705912891584e-01 4.999991804558883562e-03 1.000142930151138643e+00
1.302769524216858372e+03 9.982185900680339286e-01 4.999991860069303608e-03 1.000143118713534118e+00
1.302771697002546489e+03 1.006544679359999028e+00 4.999991914966174511e-03 1.000143306629660334e+00
1.302773869791858260e+03 1.000950745060348757e+00 4.999991969258221931e-03 1.000143493901337832e+00
1.302776042584793686e+03 9.984104614725436422e-01 4.999992022954015403e-03 1.000143680530354295e+00
1.302778215381353220e+03 1.004003947098394578e+00 4.999992076061972671e-03 1.000143866518464764e+00
1.302780388181536409e+03 1.000060502809437368e+00 4.999992128590357958e-03 1.000144051867393413e+00
1.302782560985343480e+03 9.998530574709645347e-01 4.999992180547294107e-03 1.000144236578834001e+00
1.302784733792774432e+03 1.007302734836488245e+00 4.999992231940753040e-03 1.000144420654450750e+00
1.302786906603829266e+03 1.012964977994598836e+00 4.999992282778572238e-03 1.000144604095876133e+00
1.302789079418507754e+03 9.929354989409080456e-01 4.999992333068449535e-03 1.000144786904717087e+00
1.302791252236810351e+03 9.992789115068061445e-01 4.999992382817948326e-03 1.000144969082550350e+00
1.302793425058736830e+03 1.000231603458604734e+00 4.999992432034497565e-03 1.000145150630925572e+00
1.302795597884286735e+03 1.002646991653964648e+00 4.999992480725400437e-03 1.000145331551365313e+00
1.302797770713461205e+03 9.973485278844191892e-01 4.999992528897832626e-03 1.000145511845365487e+00
1.302799943546259101e+03 1.002519961255851522e+00 4.999992576558844916e-03 1.000145691514397139e+00
1.302802116382681106e+03 1.003180251154924152e+00 4.999992623715364924e-03 1.000145870559905115e+00
1.302804289222726766e+03 1.000231410368334295e+00 4.999992670374205778e-03 1.000146048983309388e+00
1.302806462066396534e+03 9.968247686359105186e-01 4.999992716542062642e-03 1.000146226786005954e+00
1.302808634913690184e+03 9.968522333286994330e-01 4.999992762225512720e-03 1.000146403969366604e+00
1.302810807764607716e+03 1.003625831278422975e+00 4.999992807431025664e-03 1.000146580534740037e+00
1.302812980619149357e+03 1.007547258345349306e+00 4.999992852164960970e-03 1.000146756483451638e+00
1.302815153477314425e+03 9.991781380777237098e-01 4.999992896433569714e-03 1.000146931816805251e+00
1.302817326339104056e+03 1.002520529965639895e+00 4.999992940242998021e-03 1.000147106536081631e+00
1.302819499204517342e+03 9.991392421155309567e-01 4.999992983599289668e-03 1.000147280642541103e+00
1.302821672073554510e+03 1.001836972672228487e+00 4.999993026508384349e-03 1.000147454137422232e+00
1.302823844946215786e+03 1.000175837007236890e+00 4.999993068976128080e-03 1.000147627021942487e+00
1.302826017822500944e+03 1.000496949682853520e+00 4.999993111008263665e-03 1.000147799297300466e+00
1.302828190702409984e+03 9.993284811453109207e-01 4.999993152610445434e-03 1.000147970964672783e+00
1.302830363585942905e+03 1.000362074513628574e+00 4.999993193788228839e-03 1.000148142025218956e+00
1.302832536473100163e+03 1.000651512710153179e+00 4.999993234547079127e-03 1.000148312480077850e+00
1.302834709363881075e+03 1.000943500119879426e+00 4.999993274892372205e-03 1.000148482330369459e+00
1.302836882258286323e+03 1.003429288270165642e+00 4.999993314829398114e-03 1.000148651577196235e+00
1.302839055156315226e+03 1.003193068597719506e+00 4.999993354363358421e-03 1.000148820221642421e+00
1.302841228057968237e+03 1.004102944522918595e+00 4.999993393499370560e-03 1.000148988264774053e+00
1.302843400963245358e+03 9.985553989839962563e-01 4.999993432242467832e-03 1.000149155707640514e+00
1.302845573872146588e+03 1.002918078475545371e+00 4.999993470597604607e-03 1.000149322551274089e+00
1.302847746784671472e+03 9.931002892114992875e-01 4.999993508569654591e-03 1.000149488796689745e+00
1.302849919700820692e+03 9.965439369047713880e-01 4.999993546163410824e-03 1.000149654444886904e+00
1.302852092620593794e+03 1.000085152329580618e+00 4.999993583383594356e-03 1.000149819496848114e+00
1.302854265543991005e+03 1.005327658106932809e+00 4.999993620234844706e-03 1.000149983953541710e+00
1.302856438471012098e+03 1.000267058574811907e+00 4.999993656721732870e-03 1.000150147815918267e+00
1.302858611401657527e+03 9.924078722706629607e-01 4.999993692848756117e-03 1.000150311084915256e+00
1.302860784335926837e+03 1.002613225502506200e+00 4.999993728620339729e-03 1.000150473761454606e+00
1.302862957273820484e+03 9.953213134764473669e-01 4.999993764040834392e-03 1.000150635846442926e+00
1.302865130215338013e+03 9.992202283577541477e-01 4.999993799114531810e-03 1.000150797340773723e+00
1.302867303160479423e+03 9.941703182867696054e-01 4.999993833845652567e-03 1.000150958245325183e+00
1.302869476109245170e+03 1.003561605225164133e+00 4.999993868238346989e-03 1.000151118560963281e+00
1.302871649061634798e+03 1.004064015066260307e+00 4.999993902296703818e-03 1.000151278288539114e+00
1.302873822017648763e+03 1.007893882136809083e+00 4.999993936024749348e-03 1.000151437428890677e+00
1.302875994977286609e+03 9.976546673689502542e-01 4.999993969426446555e-03 1.000151595982843755e+00
1.302878167940548792e+03 1.007131527887732858e+00 4.999994002505698566e-03 1.000151753951210365e+00
1.302880340907434856e+03 1.007675774296264537e+00 4.999994035266343458e-03 1.000151911334790533e+00
1.302882513877945257e+03 9.999125427420089141e-01 4.999994067712163794e-03 1.000152068134372074e+00
1.302884686852079540e+03 1.005931142917133370e+00 4.999994099846884026e-03 1.000152224350729480e+00
1.302886859829837931e+03 9.978588367082843469e-01 4.999994131674172226e-03 1.000152379984626583e+00
1.302889032811220659e+03 1.001730593464782215e+00 4.999994163197640090e-03 1.000152535036815449e+00
1.302891205796227496e+03 9.915818841128869465e-01 4.999994194420842065e-03 1.000152689508036596e+00
1.302893378784858669e+03 1.003553716546891073e+00 4.999994225347281426e-03 1.000152843399018554e+00
1.302895551777113496e+03 1.001669000445721380e+00 4.999994255980406803e-03 1.000152996710478970e+00
1.302897724772992660e+03 9.989343632685464547e-01 4.999994286323615651e-03 1.000153149443125500e+00
1.302899897772496388e+03 9.930405275715477043e-01 4.999994316380254253e-03 1.000153301597654476e+00
1.302902070775623770e+03 9.908224091327207939e-01 4.999994346153616848e-03 1.000153453174751572e+00
1.302904243782375715e+03 9.973426667113770572e-01 4.999994375646951705e-03 1.000153604175093136e+00
1.302906416792751543e+03 1.001400394776404079e+00 4.999994404863456789e-03 1.000153754599343081e+00
1.302908589806751934e+03 9.989518348168635598e-01 4.999994433806281488e-03 1.000153904448158437e+00
1.302910762824376206e+03 1.000929698623896247e+00 4.999994462478529224e-03 1.000154053722183800e+00
1.302912935845624588e+03 9.970817601688342080e-01 4.999994490883258313e-03 1.000154202422056438e+00
1.302915108870497534e+03 1.001946980802512766e+00 4.999994519023481972e-03 1.000154350548402293e+00
1.302917281898994588e+03 1.000758313702253322e+00 4.999994546902163974e-03 1.000154498101838652e+00
1.302919454931115752e+03 1.009322202719253880e+00 4.999994574522231665e-03 1.000154645082974358e+00
1.302921627966861251e+03 1.001931533510000971e+00 4.999994601886566421e-03 1.000154791492407602e+00
1.302923801006230860e+03 1.004434125256076005e+00 4.999994628998006251e-03 1.000154937330730132e+00
1.302925974049225033e+03 9.986999099909813493e-01 4.999994655859350129e-03 1.000155082598523260e+00
1.302928147095843087e+03 1.001899819199127739e+00 4.999994682473354532e-03 1.000155227296360305e+00
1.302930320146085478e+03 1.002135130377122207e+00 4.999994708842732567e-03 1.000155371424806150e+00
1.302932493199952205e+03 9.907442795332154217e-01 4.999994734970166985e-03 1.000155514984417460e+00
1.302934666257443041e+03 9.946875116624877000e-01 4.999994760858294564e-03 1.000155657975743351e+00
1.302936839318558214e+03 9.970434094676372538e-01 4.999994786509714788e-03 1.000155800399324280e+00
1.302939012383297722e+03 1.006397232481830661e+00 4.999994811926990711e-03 1.000155942255692709e+00
1.302941185451661568e+03 9.898635771503732084e-01 4.999994837112649824e-03 1.000156083545373997e+00
1.302943358523649522e+03 9.909109234051368675e-01 4.999994862069183192e-03 1.000156224268886174e+00
1.302945531599262040e+03 1.006964588980489017e+00 4.999994886799042845e-03 1.000156364426738609e+00
1.302947704678498440e+03 9.988109896756135475e-01 4.999994911304650458e-03 1.000156504019435122e+00
1.302949877761359630e+03 9.952541047011559394e-01 4.999994935588389540e-03 1.000156643047470428e+00
1.302952050847844703e+03 1.001196891243933962e+00 4.999994959652613244e-03 1.000156781511333914e+00
1.302954223937954339e+03 1.000216497204647226e+00 4.999994983499635691e-03 1.000156919411506751e+00
1.302956397031688084e+03 1.002241196693198777e+00 4.999995007131747583e-03 1.000157056748463669e+00
1.302958570129046620e+03 9.924546814548348417e-01 4.999995030551196255e-03 1.000157193522673182e+00
1.302960743230029038e+03 1.009899634407814162e+00 4.999995053760207357e-03 1.000157329734595812e+00
1.302962916334636020e+03 9.901120999628452157e-01 4.999995076760966640e-03 1.000157465384687416e+00
1.302965089442867338e+03 9.982428876842246446e-01 4.999995099555636438e-03 1.000157600473395858e+00
1.302967262554722765e+03 9.978598715982495149e-01 4.999995122146344388e-03 1.000157735001163672e+00
1.302969435670202756e+03 9.934733840169862606e-01 4.999995144535191241e-03 1.000157868968426289e+00
1.302971608789307311e+03 1.001354907519002246e+00 4.999995166724243920e-03 1.000158002375614474e+00
1.302973781912035747e+03 1.008779329252015744e+00 4.999995188715546796e-03 1.000158135223151223e+00
1.302975955038388975e+03 1.008884508319065620e+00 4.999995210511112148e-03 1.000158267511454646e+00
1.302978128168366311e+03 9.948652394031749502e-01 4.999995232112925368e-03 1.000158399240936857e+00
1.302980301301968439e+03 9.999710463076719735e-01 4.999995253522941489e-03 1.000158530412004421e+00
1.302982474439194448e+03 9.979478345797635486e-01 4.999995274743092126e-03 1.000158661025058127e+00
1.302984647580045248e+03 9.927823969913868174e-01 4.999995295775283739e-03 1.000158791080492549e+00
1.302986820724520157e+03 9.913723237034088864e-01 4.999995316621389831e-03 1.000158920578698041e+00
1.302988993872619858e+03 9.893699916444967934e-01 4.999995337283267421e-03 1.000159049520058296e+00
1.302991167024343895e+03 9.960582647987826777e-01 4.999995357762741441e-03 1.000159177904952568e+00
1.302993340179692268e+03 1.009006768365004580e+00 4.999995378061610797e-03 1.000159305733755222e+00
1.302995513338664978e+03 9.986790441148735153e-01 4.999995398181653582e-03 1.000159433006833964e+00
1.302997686501262024e+03 1.008006685456346974e+00 4.999995418124626202e-03 1.000159559724552949e+00
1.302999859667483634e+03 9.999537090256989114e-01 4.999995437892254709e-03 1.000159685887270777e+00
1.303002032837329807e+03 1.001076793115670327e+00 4.999995457486243466e-03 1.000159811495340723e+00
1.303004206010800317e+03 1.000898834553947347e+00 4.999995476908276892e-03 1.000159936549112283e+00
1.303006379187895391e+03 1.004372117439131351e+00 4.999995496160014249e-03 1.000160061048929183e+00
1.303008552368615028e+03 1.007402740854913770e+00 4.999995515243093984e-03 1.000160184995130930e+00
1.303010725552958775e+03 1.000110419610575674e+00 4.999995534159128521e-03 1.000160308388051922e+00
1.303012898740927312e+03 9.984024637373214439e-01 4.999995552909712940e-03 1.000160431228023450e+00
1.303015071932520414e+03 1.000849785687248472e+00 4.999995571496419766e-03 1.000160553515370587e+00
1.303017245127737624e+03 9.974788339028923811e-01 4.999995589920797241e-03 1.000160675250414855e+00
1.303019418326579853e+03 1.006898968722210519e+00 4.999995608184377993e-03 1.000160796433473109e+00
1.303021591529046191e+03 9.960539481672627815e-01 4.999995626288671231e-03 1.000160917064858435e+00
1.303023764735137092e+03 9.973213470472083175e-01 4.999995644235164481e-03 1.000161037144879028e+00
1.303025937944852330e+03 1.000086305400956554e+00 4.999995662025329655e-03 1.000161156673839979e+00
1.303028111158192587e+03 1.002233656400899120e+00 4.999995679660614381e-03 1.000161275652040827e+00
1.303030284375157180e+03 9.936452436386542519e-01 4.999995697142449805e-03 1.000161394079777777e+00
1.303032457595746109e+03 9.950088310989656515e-01 4.999995714472247124e-03 1.000161511957343707e+00
1.303034630819959830e+03 9.962474588445946466e-01 4.999995731651401924e-03 1.000161629285026610e+00
1.303036804047797887e+03 9.943641981987839662e-01 4.999995748681282902e-03 1.000161746063110701e+00
1.303038977279260507e+03 9.964416072657223955e-01 4.999995765563250080e-03 1.000161862291877535e+00
1.303041150514347692e+03 9.895050997705638895e-01 4.999995782298642666e-03 1.000161977971602889e+00
1.303043323753059667e+03 1.000705902164632954e+00 4.999995798888778181e-03 1.000162093102561212e+00
1.303045496995395979e+03 9.987624470369411700e-01 4.999995815334959404e-03 1.000162207685020732e+00
1.303047670241357082e+03 1.009804215211965284e+00 4.999995831638473498e-03 1.000162321719248792e+00
1.303049843490942749e+03 1.001045308139158374e+00 4.999995847800587680e-03 1.000162435205507183e+00
1.303052016744152752e+03 1.004041602887528528e+00 4.999995863822555286e-03 1.000162548144054808e+00
1.303054190000987546e+03 9.994472881260323405e-01 4.999995879705612309e-03 1.000162660535147463e+00
1.303056363261446904e+03 9.981422966384636553e-01 4.999995895450977390e-03 1.000162772379037168e+00
1.303058536525531053e+03 1.001427059576482481e+00 4.999995911059851826e-03 1.000162883675972836e+00
1.303060709793239539e+03 9.923966925759706292e-01 4.999995926533425637e-03 1.000162994426199159e+00
1.303062883064572588e+03 9.966260622249768497e-01 4.999995941872868895e-03 1.000163104629959721e+00
1.303065056339530429e+03 1.003421407792811859e+00 4.999995957079338658e-03 1.000163214287492108e+00
1.303067229618113060e+03 1.002999289594013188e+00 4.999995972153978112e-03 1.000163323399033244e+00
1.303069402900319801e+03 9.998239653052364284e-01 4.999995987097910488e-03 1.000163431964815164e+00
1.303071576186151788e+03 9.952175681434071164e-01 4.999996001912249480e-03 1.000163539985068129e+00
1.303073749475608111e+03 1.004668319164267354e+00 4.999996016598091432e-03 1.000163647460017957e+00
1.303075922768689225e+03 9.897960988673160099e-01 4.999996031156518812e-03 1.000163754389888693e+00
1.303078096065394902e+03 9.932686511511994443e-01 4.999996045588599343e-03 1.000163860774900826e+00
1.303080269365725144e+03 1.001474495329416348e+00 4.999996059895389471e-03 1.000163966615272404e+00
1.303082442669680404e+03 1.005310658648349786e+00 4.999996074077929162e-03 1.000164071911218144e+00
1.303084615977260000e+03 1.002404699672914568e+00 4.999996088137247108e-03 1.000164176662949433e+00
1.303086789288464388e+03 1.001227755087539251e+00 4.999996102074352917e-03 1.000164280870676325e+00
1.303088962603293567e+03 9.994132151712169509e-01 4.999996115890250128e-03 1.000164384534604656e+00
1.303091135921747536e+03 9.996578150088478720e-01 4.999996129585925798e-03 1.000164487654938483e+00
1.303093309243825843e+03 1.002149835003944389e+00 4.999996143162355709e-03 1.000164590231878536e+00
1.303095482569529167e+03 9.999213432035313209e-01 4.999996156620498296e-03 1.000164692265623101e+00
1.303097655898857056e+03 9.988218281313083757e-01 4.999996169961305921e-03 1.000164793756368464e+00
1.303099829231809736e+03 1.001445905815740334e+00 4.999996183185714468e-03 1.000164894704307139e+00
1.303102002568387206e+03 9.931691361846741728e-01 4.999996196294648546e-03 1.000164995109629640e+00
1.303104175908589241e+03 9.942206006285533304e-01 4.999996209289018882e-03 1.000165094972524926e+00
1.303106349252416294e+03 9.967107308690958956e-01 4.999996222169731004e-03 1.000165194293177295e+00
1.303108522599867683e+03 9.982492868006521691e-01 4.999996234937667886e-03 1.000165293071770822e+00
1.303110695950944091e+03 9.892492310379259468e-01 4.999996247593709031e-03 1.000165391308485807e+00
1.303112869305645518e+03 9.988982507980346259e-01 4.999996260138720068e-03 1.000165489003500108e+00
1.303115042663971053e+03 9.998014774169605712e-01 4.999996272573555348e-03 1.000165586156990027e+00
1.303117216025921834e+03 9.983569601346914402e-01 4.999996284899058813e-03 1.000165682769129205e+00
1.303119389391497180e+03 9.973319293117128836e-01 4.999996297116061396e-03 1.000165778840088837e+00
1.303121562760697543e+03 9.960080757772432625e-01 4.999996309225384489e-03 1.000165874370037677e+00
1.303123736133522470e+03 1.003050241462316583e+00 4.999996321227840809e-03 1.000165969359142482e+00
1.303125909509972189e+03 9.931781788201922145e-01 4.999996333124224861e-03 1.000166063807567784e+00
1.303128082890046926e+03 1.000639647861021775e+00 4.999996344915331146e-03 1.000166157715475901e+00
1.303130256273746454e+03 1.002000894512630857e+00 4.999996356601934221e-03 1.000166251083026925e+00
1.303132429661070546e+03 1.004298711137984190e+00 4.999996368184803433e-03 1.000166343910378730e+00
1.303134603052019884e+03 1.007061277572258051e+00 4.999996379664699460e-03 1.000166436197686748e+00
1.303136776446593558e+03 1.004520086267976176e+00 4.999996391042369100e-03 1.000166527945105521e+00
1.303138949844792478e+03 1.007568743995883809e+00 4.999996402318550477e-03 1.000166619152786041e+00
1.303141123246615734e+03 9.991131649471642895e-01 4.999996413493972176e-03 1.000166709820878630e+00
1.303143296652064237e+03 9.833171373546308880e-01 4.999996424569353240e-03 1.000166799949530283e+00
1.303145470061137530e+03 9.989246567628072837e-01 4.999996435545403170e-03 1.000166889538886661e+00
1.303147643473835615e+03 1.002810310192343124e+00 4.999996446422819325e-03 1.000166978589091427e+00
1.303149816890158718e+03 9.913103533170344317e-01 4.999996457202296463e-03 1.000167067100286022e+00
1.303151990310106612e+03 1.000673059856539426e+00 4.999996467884512859e-03 1.000167155072610781e+00
1.303154163733679070e+03 9.939100068544791666e-01 4.999996478470139852e-03 1.000167242506202925e+00
1.303156337160876774e+03 1.003748641550524345e+00 4.999996488959845310e-03 1.000167329401198568e+00
1.303158510591699269e+03 9.881791884816917282e-01 4.999996499354276286e-03 1.000167415757732048e+00
1.303160684026146555e+03 1.000044093961367508e+00 4.999996509654083300e-03 1.000167501575935036e+00
1.303162857464218860e+03 9.943007244487933605e-01 4.999996519859900394e-03 1.000167586855938540e+00
1.303165030905915955e+03 1.007949936507163802e+00 4.999996529972358141e-03 1.000167671597870456e+00
1.303167204351238070e+03 1.001963491848441246e+00 4.999996539992072365e-03 1.000167755801858016e+00
1.303169377800184975e+03 9.994495727535587237e-01 4.999996549919655427e-03 1.000167839468026232e+00
1.303171551252757126e+03 9.961513226439892010e-01 4.999996559755708406e-03 1.000167922596497672e+00
1.303173724708954069e+03 9.982970507507616942e-01 4.999996569500828048e-03 1.000168005187395348e+00
1.303175898168775575e+03 1.003080277196298775e+00 4.999996579155599821e-03 1.000168087240837611e+00
1.303178071632222554e+03 1.004179249142609587e+00 4.999996588720598788e-03 1.000168168756943476e+00
1.303180245099294098e+03 9.964175472014060730e-01 4.999996598196399140e-03 1.000168249735828851e+00
1.303182418569990659e+03 9.938175043163309796e-01 4.999996607583557726e-03 1.000168330177609421e+00
1.303184592044312467e+03 9.971244947704676065e-01 4.999996616882633992e-03 1.000168410082397319e+00
1.303186765522258838e+03 1.001745538202347241e+00 4.999996626094170907e-03 1.000168489450304676e+00
1.303188939003830228e+03 9.890969944066110298e-01 4.999996635218707103e-03 1.000168568281441184e+00
1.303191112489027091e+03 9.956437053339807219e-01 4.999996644256775140e-03 1.000168646575915199e+00
1.303193285977848291e+03 9.975817552585821701e-01 4.999996653208897170e-03 1.000168724333833747e+00
1.303195459470294963e+03 1.000896126567405675e+00 4.999996662075587538e-03 1.000168801555301412e+00
1.303197632966366200e+03 9.970495820546696475e-01 4.999996670857358855e-03 1.000168878240422998e+00
1.303199806466062910e+03 9.962120482222710516e-01 4.999996679554710721e-03 1.000168954389299092e+00
1.303201979969384411e+03 9.931909264637672763e-01 4.999996688168134931e-03 1.000169030002031390e+00
1.303204153476330930e+03 9.923838478377843275e-01 4.999996696698120677e-03 1.000169105078719145e+00
1.303206326986902241e+03 9.981873715023088511e-01 4.999996705145145874e-03 1.000169179619459170e+00
1.303208500501098797e+03 1.006643572274234399e+00 4.999996713509684970e-03 1.000169253624348276e+00
1.303210674018920372e+03 1.000628725714281630e+00 4.999996721792202004e-03 1.000169327093480609e+00
1.303212847540366965e+03 1.000980753969061610e+00 4.999996729993157543e-03 1.000169400026949429e+00
1.303215021065438577e+03 9.972871983346519587e-01 4.999996738113002617e-03 1.000169472424847328e+00
1.303217194594135208e+03 9.997686415547643035e-01 4.999996746152180448e-03 1.000169544287264012e+00
1.303219368126457084e+03 1.002005582532484285e+00 4.999996754111129919e-03 1.000169615614288521e+00
1.303221541662403979e+03 1.004330519260097976e+00 4.999996761990285581e-03 1.000169686406008562e+00
1.303223715201975665e+03 1.000036026186202465e+00 4.999996769790068969e-03 1.000169756662510290e+00
1.303225888745172597e+03 9.950666790790473337e-01 4.999996777510900756e-03 1.000169826383878524e+00
1.303228062291994775e+03 1.002803360704010771e+00 4.999996785153192069e-03 1.000169895570196754e+00
1.303230235842441971e+03 9.978682991470154695e-01 4.999996792717347101e-03 1.000169964221547136e+00
1.303232409396514186e+03 1.010897467352425139e+00 4.999996800203767439e-03 1.000170032338010273e+00
1.303234582954211419e+03 1.006914704408048866e+00 4.999996807612844263e-03 1.000170099919665878e+00
1.303236756515533671e+03 1.002570383974969559e+00 4.999996814944963550e-03 1.000170166966592111e+00
1.303238930080481168e+03 9.972493093051010282e-01 4.999996822200506938e-03 1.000170233478866022e+00
1.303241103649053912e+03 9.990834532107085719e-01 4.999996829379846526e-03 1.000170299456562217e+00
1.303243277221251674e+03 1.008854412129119860e+00 4.999996836483351810e-03 1.000170364899755970e+00
1.303245450797074682e+03 9.998275554642604979e-01 4.999996843511383612e-03 1.000170429808519446e+00
1.303247624376522708e+03 1.000900344787416518e+00 4.999996850464297551e-03 1.000170494182925029e+00
1.303249797959595981e+03 9.962702371193458140e-01 4.999996857342444909e-03 1.000170558023043110e+00
1.303251971546294271e+03 9.992633137139174115e-01 4.999996864146166557e-03 1.000170621328942522e+00
1.303254145136617581e+03 9.979080194399138071e-01 4.999996870875802503e-03 1.000170684100691210e+00
1.303256318730566136e+03 9.993934483159055970e-01 4.999996877531682343e-03 1.000170746338356897e+00
1.303258492328139937e+03 9.963451478646645487e-01 4.999996884114135676e-03 1.000170808042003756e+00
1.303260665929338757e+03 1.001238331436950180e+00 4.999996890623479087e-03 1.000170869211696623e+00
1.303262839534163049e+03 9.943625749815335757e-01 4.999996897060030900e-03 1.000170929847499002e+00
1.303265013142612361e+03 1.000914480381005722e+00 4.999996903424092955e-03 1.000170989949472400e+00
1.303267186754686691e+03 9.987522405670864467e-01 4.999996909715977503e-03 1.000171049517677657e+00
1.303269360370386494e+03 9.883070759421028750e-01 4.999996915935974243e-03 1.000171108552174282e+00
1.303271533989711315e+03 9.994256334507162221e-01 4.999996922084380679e-03 1.000171167053020671e+00
1.303273707612661838e+03 9.986281887883314834e-01 4.999996928161477838e-03 1.000171225020273891e+00
1.303275881239236924e+03 1.004832910739241747e+00 4.999996934167548479e-03 1.000171282453990340e+00
1.303278054869437710e+03 1.000830327386535989e+00 4.999996940102870158e-03 1.000171339354224420e+00
1.303280228503263061e+03 1.000426646171106437e+00 4.999996945967708287e-03 1.000171395721030532e+00
1.303282402140714112e+03 9.989242513700674619e-01 4.999996951762330014e-03 1.000171451554460633e+00
1.303284575781790636e+03 9.993346924528595521e-01 4.999996957486992077e-03 1.000171506854566683e+00
1.303286749426491724e+03 9.908247646913652673e-01 4.999996963141949483e-03 1.000171561621398419e+00
1.303288923074818740e+03 1.003236508088054091e+00 4.999996968727449427e-03 1.000171615855005580e+00
1.303291096726770775e+03 9.996128639696086893e-01 4.999996974243733905e-03 1.000171669555435905e+00
1.303293270382347828e+03 1.003867016300594051e+00 4.999996979691042308e-03 1.000171722722737133e+00
1.303295444041550354e+03 9.997307705349971485e-01 4.999996985069605354e-03 1.000171775356954118e+00
1.303297617704378354e+03 9.932912888563406595e-01 4.999996990379647691e-03 1.000171827458132601e+00
1.303299791370831144e+03 9.898624621866758400e-01 4.999996995621394831e-03 1.000171879026315436e+00
1.303301965040909408e+03 1.003000996624116237e+00 4.999997000795059279e-03 1.000171930061545922e+00
1.303304138714613146e+03 9.940446975655258255e-01 4.999997005900855274e-03 1.000171980563865137e+00
1.303306312391942129e+03 9.988210866289811696e-01 4.999997010938986644e-03 1.000172030533313716e+00
1.303308486072896358e+03 1.005486776775348146e+00 4.999997015909653751e-03 1.000172079969930961e+00
1.303310659757475833e+03 1.007239504041221867e+00 4.999997020813054353e-03 1.000172128873755062e+00
1.303312833445680781e+03 1.003684367960767654e+00 4.999997025649377536e-03 1.000172177244823546e+00
1.303315007137510975e+03 1.000759074348449795e+00 4.999997030418808913e-03 1.000172225083171940e+00
1.303317180832966415e+03 1.002483657358925528e+00 4.999997035121529765e-03 1.000172272388836214e+00
1.303319354532047555e+03 9.981491078699441521e-01 4.999997039757712695e-03 1.000172319161849455e+00
1.303321528234753487e+03 9.993426057122998252e-01 4.999997044327531177e-03 1.000172365402245633e+00
1.303323701941085119e+03 9.981750191267895200e-01 4.999997048831149142e-03 1.000172411110055837e+00
1.303325875651041997e+03 9.968285914872120346e-01 4.999997053268724449e-03 1.000172456285311373e+00
1.303328049364624349e+03 1.001257802309601486e+00 4.999997057640415826e-03 1.000172500928041774e+00
1.303330223081831946e+03 9.987614158880820936e-01 4.999997061946370724e-03 1.000172545038276128e+00
1.303332396802664789e+03 1.008131384203718506e+00 4.999997066186735728e-03 1.000172588616041747e+00
1.303334570527123105e+03 1.002691307738259319e+00 4.999997070361649615e-03 1.000172631661366385e+00
1.303336744255206895e+03 9.962773016654163927e-01 4.999997074471248561e-03 1.000172674174274023e+00
1.303338917986916158e+03 1.007162668829688634e+00 4.999997078515665272e-03 1.000172716154790420e+00
1.303341091722250439e+03 1.016764652876426034e+00 4.999997082495018577e-03 1.000172757602939555e+00
1.303343265461210422e+03 1.000436284857198821e+00 4.999997086409433376e-03 1.000172798518742967e+00
1.303345439203795650e+03 1.005515666192191793e+00 4.999997090259025896e-03 1.000172838902222416e+00
1.303347612950006578e+03 9.944896509343021940e-01 4.999997094043903689e-03 1.000172878753398775e+00
1.303349786699842753e+03 1.000596768589100183e+00 4.999997097764175176e-03 1.000172918072291361e+00
1.303351960453304400e+03 9.884950387491240331e-01 4.999997101419939236e-03 1.000172956858918827e+00
1.303354134210391294e+03 9.909481908130892691e-01 4.999997105011288676e-03 1.000172995113298047e+00
1.303356307971103888e+03 9.999495769841616477e-01 4.999997108538319773e-03 1.000173032835445674e+00
1.303358481735441501e+03 9.936972354489672643e-01 4.999997112001114928e-03 1.000173070025377253e+00
1.303360655503404814e+03 1.001348908827303763e+00 4.999997115399758274e-03 1.000173106683107216e+00
1.303362829274993601e+03 9.897414340781894859e-01 4.999997118734321802e-03 1.000173142808648219e+00
1.303365003050207861e+03 9.962243428022036218e-01 4.999997122004878371e-03 1.000173178402013141e+00
1.303367176829047594e+03 9.979692497656686978e-01 4.999997125211495634e-03 1.000173213463213084e+00
1.303369350611513028e+03 1.003387161068875377e+00 4.999997128354231705e-03 1.000173247992258485e+00
1.303371524397603707e+03 9.925713617738778360e-01 4.999997131433144698e-03 1.000173281989158003e+00
1.303373698187319860e+03 1.004264511975789365e+00 4.999997134448288388e-03 1.000173315453919853e+00
1.303375871980661486e+03 1.003130311495544769e+00 4.999997137399704410e-03 1.000173348386552252e+00
1.303378045777628358e+03 1.001834468919727161e+00 4.999997140287440467e-03 1.000173380787059862e+00
1.303380219578221158e+03 1.000158259003659511e+00 4.999997143111526918e-03 1.000173412655448679e+00
1.303382393382439204e+03 1.003364930719130133e+00 4.999997145872000191e-03 1.000173443991722477e+00
1.303384567190282951e+03 9.989485739967889355e-01 4.999997148568883706e-03 1.000173474795884143e+00
1.303386741001752171e+03 9.989595149246931483e-01 4.999997151202200014e-03 1.000173505067936119e+00
1.303388914816846864e+03 9.992930214793108723e-01 4.999997153771969065e-03 1.000173534807878850e+00
1.303391088635567030e+03 9.968735143749748451e-01 4.999997156278197796e-03 1.000173564015712557e+00
1.303393262457913124e+03 9.976915046783726426e-01 4.999997158720895750e-03 1.000173592691435465e+00
1.303395436283884465e+03 9.979248451859862312e-01 4.999997161100066395e-03 1.000173620835046462e+00
1.303397610113481278e+03 9.957045500428917117e-01 4.999997163415703660e-03 1.000173648446541330e+00
1.303399783946703565e+03 1.007503326286239842e+00 4.999997165667798005e-03 1.000173675525916295e+00
1.303401957783551552e+03 1.000503306423268457e+00 4.999997167856339020e-03 1.000173702073165360e+00
1.303404131624025240e+03 1.000792407913960291e+00 4.999997169981309358e-03 1.000173728088283198e+00
1.303406305468124401e+03 1.012459412748255572e+00 4.999997172042681265e-03 1.000173753571261370e+00
1.303408479315849263e+03 1.000580719263802321e+00 4.999997174040430453e-03 1.000173778522091883e+00
1.303410653167199598e+03 1.000534084217146846e+00 4.999997175974520494e-03 1.000173802940764967e+00
1.303412827022175406e+03 1.006229333299953232e+00 4.999997177844913224e-03 1.000173826827269519e+00
1.303415000880776915e+03 1.011002863422932885e+00 4.999997179651566141e-03 1.000173850181594437e+00
1.303417174743004125e+03 9.956252919079630059e-01 4.999997181394427205e-03 1.000173873003726843e+00
1.303419348608856808e+03 1.001686798975846227e+00 4.999997183073443506e-03 1.000173895293652304e+00
1.303421522478334964e+03 9.996298553664586528e-01 4.999997184688557798e-03 1.000173917051356165e+00
1.303423696351439276e+03 9.994113994881563823e-01 4.999997186239700693e-03 1.000173938276822216e+00
1.303425870228168833e+03 9.991090975330411128e-01 4.999997187726804536e-03 1.000173958970032917e+00
1.303428044108524091e+03 9.930228278967057065e-01 4.999997189149793866e-03 1.000173979130970503e+00
1.303430217992504822e+03 1.000986303420110524e+00 4.999997190508587153e-03 1.000173998759615213e+00
1.303432391880111254e+03 1.002865369797926620e+00 4.999997191803099393e-03 1.000174017855946840e+00
1.303434565771343614e+03 1.002965254303421538e+00 4.999997193033238647e-03 1.000174036419942958e+00
1.303436739666201447e+03 9.952823227697280561e-01 4.999997194198906904e-03 1.000174054451581362e+00
1.303438913564684981e+03 9.992085877009502237e-01 4.999997195300002681e-03 1.000174071950838073e+00
1.303441087466794215e+03 1.001430444867647873e+00 4.999997196336418426e-03 1.000174088917687554e+00
1.303443261372528923e+03 1.006922269795031299e+00 4.999997197308040514e-03 1.000174105352104048e+00
1.303445435281889559e+03 9.965165275351282048e-01 4.999997198214748383e-03 1.000174121254059800e+00
1.303447609194875895e+03 9.977936869969288303e-01 4.999997199056419733e-03 1.000174136623526167e+00
1.303449783111487704e+03 1.011210691591528876e+00 4.999997199832922727e-03 1.000174151460473615e+00
1.303451957031725442e+03 1.002773622031764678e+00 4.999997200544122923e-03 1.000174165764871503e+00
1.303454130955588880e+03 9.968497318882657554e-01 4.999997201189878941e-03 1.000174179536686747e+00
1.303456304883078019e+03 9.926819769958487027e-01 4.999997201770040728e-03 1.000174192775887150e+00
1.303458478814192631e+03 1.005582678902163130e+00 4.999997202284458230e-03 1.000174205482437184e+00
1.303460652748933171e+03 1.005763081194837483e+00 4.999997202732970984e-03 1.000174217656301767e+00
1.303462826687299412e+03 1.009189548272480197e+00 4.999997203115415061e-03 1.000174229297443595e+00
1.303465000629291353e+03 9.995040397044157032e-01 4.999997203431619588e-03 1.000174240405824477e+00
1.303467174574908995e+03 1.000550150083655110e+00 4.999997203681408493e-03 1.000174250981405111e+00
1.303469348524152565e+03 1.007979679955389951e+00 4.999997203864597894e-03 1.000174261024144640e+00
1.303471522477021836e+03 9.976307428200916760e-01 4.999997203980999574e-03 1.000174270534001097e+00
1.303473696433516579e+03 9.962910727017062484e-01 4.999997204030417509e-03 1.000174279510931630e+00
1.303475870393637479e+03 9.928325225663711118e-01 4.999997204012653941e-03 1.000174287954890939e+00
1.303478044357384078e+03 9.896717565482968659e-01 4.999997203927498968e-03 1.000174295865833285e+00
1.303480218324756379e+03 9.943469106542983660e-01 4.999997203774740086e-03 1.000174303243712703e+00
1.303482392295754380e+03 1.002840450096716296e+00 4.999997203554156985e-03 1.000174310088478791e+00
1.303484566270378537e+03 9.969421625742737048e-01 4.999997203265525887e-03 1.000174316400083585e+00
1.303486740248628166e+03 9.990555866355573800e-01 4.999997202908611736e-03 1.000174322178474684e+00
1.303488914230503724e+03 9.985116721686182473e-01 4.999997202483174273e-03 1.000174327423600129e+00
1.303491088216004982e+03 1.001783929151557118e+00 4.999997201988972372e-03 1.000174332135405963e+00
1.303493262205132169e+03 1.010579664918212606e+00 4.999997201425750160e-03 1.000174336313837120e+00
1.303495436197885056e+03 9.965617276132262559e-01 4.999997200793250031e-03 1.000174339958836756e+00
1.303497610194263871e+03 9.948307070855996193e-01 4.999997200091205705e-03 1.000174343070346916e+00
1.303499784194268614e+03 1.000080599284231209e+00 4.999997199319345699e-03 1.000174345648308094e+00
1.303501958197899057e+03 1.004046470931283741e+00 4.999997198477390721e-03 1.000174347692659227e+00
1.303504132205155429e+03 1.001695164385592696e+00 4.999997197565051073e-03 1.000174349203338142e+00
1.303506306216037501e+03 1.009255661367384649e+00 4.999997196582038790e-03 1.000174350180280891e+00
1.303508480230545501e+03 9.978769186476208475e-01 4.999997195528050296e-03 1.000174350623422415e+00
1.303510654248679430e+03 9.937804540692812827e-01 4.999997194402779413e-03 1.000174350532695655e+00
1.303512828270439059e+03 1.000760907236879937e+00 4.999997193205910420e-03 1.000174349908032001e+00
1.303515002295824843e+03 9.964694316267451724e-01 4.999997191937121527e-03 1.000174348749362396e+00
1.303517176324836555e+03 9.992688337917505770e-01 4.999997190596084003e-03 1.000174347056615121e+00
1.303519350357473968e+03 1.009861135307666524e+00 4.999997189182459577e-03 1.000174344829716677e+00
1.303521524393737309e+03 9.972421601354758414e-01 4.999997187695903039e-03 1.000174342068593347e+00
1.303523698433626350e+03 1.001341746414297740e+00 4.999997186136063108e-03 1.000174338773168525e+00
1.303525872477141547e+03 1.000169870345439582e+00 4.999997184502580697e-03 1.000174334943364718e+00
1.303528046524282445e+03 9.996125108436105799e-01 4.999997182795088042e-03 1.000174330579102433e+00
1.303530220575049498e+03 9.956225948917489799e-01 4.999997181013206976e-03 1.000174325680300402e+00
1.303532394629442479e+03 1.007044907886781582e+00 4.999997179156554124e-03 1.000174320246875803e+00
1.303534568687461160e+03 1.000879165452497999e+00 4.999997177224740907e-03 1.000174314278744703e+00
1.303536742749105997e+03 9.966430237762442523e-01 4.999997175217364871e-03 1.000174307775820726e+00
1.303538916814376762e+03 9.991914826400877248e-01 4.999997173134017488e-03 1.000174300738015942e+00
1.303541090883273455e+03 9.973375044718864046e-01 4.999997170974281556e-03 1.000174293165241091e+00
1.303543264955796076e+03 1.007716527542836138e+00 4.999997168737733803e-03 1.000174285057404244e+00
1.303545439031944625e+03 9.995193255839637247e-01 4.999997166423939682e-03 1.000174276414412589e+00
1.303547613111719102e+03 9.938209172300390692e-01 4.999997164032453367e-03 1.000174267236170866e+00
1.303549787195119507e+03 1.001096020085511906e+00 4.999997161562826434e-03 1.000174257522582488e+00
1.303551961282146294e+03 1.003673741769668837e+00 4.999997159014599180e-03 1.000174247273548200e+00
1.303554135372798783e+03 9.971406936897224682e-01 4.999997156387298892e-03 1.000174236488968305e+00
1.303556309467076971e+03 1.008306786708027536e+00 4.999997153680450258e-03 1.000174225168739550e+00
1.303558483564981543e+03 9.958560136332361701e-01 4.999997150893561483e-03 1.000174213312757354e+00
1.303560657666512043e+03 9.987156488133452914e-01 4.999997148026138170e-03 1.000174200920915357e+00
1.303562831771668471e+03 9.994391906476522980e-01 4.999997145077672914e-03 1.000174187993105424e+00
1.303565005880451054e+03 1.007593042578209586e+00 4.999997142047646163e-03 1.000174174529216531e+00
1.303567179992859565e+03 1.001793716750717822e+00 4.999997138935535768e-03 1.000174160529136547e+00
1.303569354108894004e+03 9.991094040785462038e-01 4.999997135740802227e-03 1.000174145992750452e+00
1.303571528228554598e+03 9.967056660567826798e-01 4.999997132462898237e-03 1.000174130919942117e+00
1.303573702351841348e+03 9.988997328116275831e-01 4.999997129101270421e-03 1.000174115310592082e+00
1.303575876478754253e+03 9.989265607320431117e-01 4.999997125655348054e-03 1.000174099164579555e+00
1.303578050609292859e+03 1.001489668379638820e+00 4.999997122124556076e-03 1.000174082481781745e+00
1.303580224743457620e+03 1.002569304874141753e+00 4.999997118508302078e-03 1.000174065262072531e+00
1.303582398881248537e+03 1.002119154816612623e+00 4.999997114805992786e-03 1.000174047505324904e+00
1.303584573022665381e+03 1.004310531360710357e+00 4.999997111017013239e-03 1.000174029211407856e+00
1.303586747167708381e+03 1.001991087426365334e+00 4.999997107140744142e-03 1.000174010380189937e+00
1.303588921316377537e+03 1.005755483869229527e+00 4.999997103176552320e-03 1.000173991011535923e+00
1.303591095468672847e+03 9.965128444481511361e-01 4.999997099123794191e-03 1.000173971105309700e+00
1.303593269624594086e+03 1.011149175774771480e+00 4.999997094981813162e-03 1.000173950661369604e+00
1.303595443784141480e+03 9.968074985998570670e-01 4.999997090749941364e-03 1.000173929679575968e+00
1.303597617947315030e+03 9.954833392913280399e-01 4.999997086427503123e-03 1.000173908159783354e+00
1.303599792114114507e+03 1.003331269657451674e+00 4.999997082013801081e-03 1.000173886101844989e+00
1.303601966284540140e+03 9.991838314218113304e-01 4.999997077508134408e-03 1.000173863505610328e+00
1.303604140458592155e+03 1.006484775239731899e+00 4.999997072909784929e-03 1.000173840370928158e+00
1.303606314636270099e+03 9.894859100795180273e-01 4.999997068218025795e-03 1.000173816697643714e+00
1.303608488817574198e+03 1.002633780041381373e+00 4.999997063432113677e-03 1.000173792485598678e+00
1.303610663002504680e+03 9.988796262751347133e-01 4.999997058551292235e-03 1.000173767734633401e+00
1.303612837191060862e+03 9.965142720511184216e-01 4.999997053574793855e-03 1.000173742444584457e+00
1.303615011383243427e+03 1.012868202948873808e+00 4.999997048501834442e-03 1.000173716615285979e+00
1.303617185579052148e+03 9.972492325200931207e-01 4.999997043331622960e-03 1.000173690246568770e+00
1.303619359778487251e+03 9.942939971142149558e-01 4.999997038063344959e-03 1.000173663338262076e+00
1.303621533981548282e+03 9.953547004455981506e-01 4.999997032696177311e-03 1.000173635890190260e+00
1.303623708188235469e+03 9.964775852609588647e-01 4.999997027229282145e-03 1.000173607902176132e+00
1.303625882398548811e+03 1.003552896166864494e+00 4.999997021661805111e-03 1.000173579374038946e+00
1.303628056612488535e+03 9.983834914722525822e-01 4.999997015992882314e-03 1.000173550305594627e+00
1.303630230830054415e+03 1.003464933934215875e+00 4.999997010221624710e-03 1.000173520696656437e+00
1.303632405051246451e+03 1.011920063331608777e+00 4.999997004347138049e-03 1.000173490547034083e+00
1.303634579276064642e+03 1.009082779681785169e+00 4.999996998368505530e-03 1.000173459856534164e+00
1.303636753504509215e+03 1.003974466488669171e+00 4.999996992284798207e-03 1.000173428624959282e+00
1.303638927736579717e+03 1.005894993689930406e+00 4.999996986095071524e-03 1.000173396852110486e+00
1.303641101972276829e+03 1.001460692363989269e+00 4.999996979798361843e-03 1.000173364537783272e+00
1.303643276211600096e+03 9.969726774603397956e-01 4.999996973393688177e-03 1.000173331681770694e+00
1.303645450454549291e+03 9.954427331521251698e-01 4.999996966880056529e-03 1.000173298283861811e+00
1.303647624701125096e+03 9.917704782134353358e-01 4.999996960256451219e-03 1.000173264343843016e+00
1.303649798951326829e+03 9.949093440268328425e-01 4.999996953521842688e-03 1.000173229861496482e+00
1.303651973205155173e+03 9.987615763826093174e-01 4.999996946675183164e-03 1.000173194836599722e+00
1.303654147462609444e+03 9.967571743626296721e-01 4.999996939715401455e-03 1.000173159268928247e+00
1.303656321723690326e+03 1.004297679114154684e+00 4.999996932641417695e-03 1.000173123158252242e+00
1.303658495988397135e+03 1.004545877692183842e+00 4.999996925452122529e-03 1.000173086504338560e+00
1.303660670256730555e+03 1.003164899408318433e+00 4.999996918146396192e-03 1.000173049306950501e+00
1.303662844528689902e+03 9.976138463880314111e-01 4.999996910723092033e-03 1.000173011565846259e+00
1.303665018804275860e+03 9.996711150973449644e-01 4.999996903181050389e-03 1.000172973280780919e+00
1.303667193083487973e+03 9.903046530858293783e-01 4.999996895519088179e-03 1.000172934451504236e+00
1.303669367366326469e+03 1.002654025348009403e+00 4.999996887736000636e-03 1.000172895077762636e+00
1.303671541652791120e+03 1.006161396759722937e+00 4.999996879830563047e-03 1.000172855159297880e+00
1.303673715942882154e+03 1.000847513093282570e+00 4.999996871801531614e-03 1.000172814695847734e+00
1.303675890236599798e+03 9.905247328029250786e-01 4.999996863647638255e-03 1.000172773687144190e+00
1.303678064533943370e+03 9.976050120141936040e-01 4.999996855367594938e-03 1.000172732132916131e+00
1.303680238834913325e+03 1.001691118456561558e+00 4.999996846960088476e-03 1.000172690032886669e+00
1.303682413139509890e+03 9.974952641029996014e-01 4.999996838423785735e-03 1.000172647386774916e+00
1.303684587447732611e+03 1.007153989916696801e+00 4.999996829757329293e-03 1.000172604194294435e+00
1.303686761759581486e+03 1.001929507842025613e+00 4.999996820959334842e-03 1.000172560455154125e+00
1.303688936075056972e+03 9.959472869686980534e-01 4.999996812028400725e-03 1.000172516169058667e+00
1.303691110394159068e+03 1.006688922349559645e+00 4.999996802963094927e-03 1.000172471335705859e+00
1.303693284716887320e+03 9.972875518483044210e-01 4.999996793761962884e-03 1.000172425954790167e+00
1.303695459043241954e+03 1.009986369847610588e+00 4.999996784423524007e-03 1.000172380025998953e+00
1.303697633373222743e+03 1.003161631662046860e+00 4.999996774946272558e-03 1.000172333549015580e+00
1.303699807706830370e+03 9.973191289647246327e-01 4.999996765328674174e-03 1.000172286523517418e+00
1.303701982044064152e+03 9.975671598504257664e-01 4.999996755569169338e-03 1.000172238949175840e+00
1.303704156384924090e+03 1.005170275211125785e+00 4.999996745666171645e-03 1.000172190825656671e+00
1.303706330729410865e+03 1.010486457104308178e+00 4.999996735618064334e-03 1.000172142152620625e+00
1.303708505077523796e+03 9.967124266966591595e-01 4.999996725423205488e-03 1.000172092929721313e+00
1.303710679429263337e+03 1.005200109227076588e+00 4.999996715079920231e-03 1.000172043156606794e+00
1.303712853784629033e+03 9.925300096220739388e-01 4.999996704586505934e-03 1.000171992832919354e+00
1.303715028143621566e+03 1.007751697617557118e+00 4.999996693941231342e-03 1.000171941958293953e+00
1.303717202506240255e+03 9.938171695269836237e-01 4.999996683142332241e-03 1.000171890532360219e+00
1.303719376872485327e+03 9.926675229923018762e-01 4.999996672188011457e-03 1.000171838554740678e+00
1.303721551242357009e+03 1.008089447399488581e+00 4.999996661076444929e-03 1.000171786025050746e+00
1.303723725615855074e+03 1.006297113257198506e+00 4.999996649805771298e-03 1.000171732942900293e+00
1.303725899992979748e+03 1.008109057607591952e+00 4.999996638374097982e-03 1.000171679307890305e+00
1.303728074373730578e+03 9.989449710656854720e-01 4.999996626779495100e-03 1.000171625119616436e+00
1.303730248758108246e+03 1.000615079868352852e+00 4.999996615020006752e-03 1.000171570377666352e+00
1.303732423146112069e+03 9.994403115199088639e-01 4.999996603093630199e-03 1.000171515081620610e+00
1.303734597537742502e+03 9.953741715411904556e-01 4.999996590998335814e-03 1.000171459231051552e+00
1.303736771932999545e+03 1.001705634094193220e+00 4.999996578732051472e-03 1.000171402825524858e+00
1.303738946331883199e+03 9.931835702838350821e-01 4.999996566292670350e-03 1.000171345864597550e+00
1.303741120734393007e+03 1.000286394141524982e+00 4.999996553678048329e-03 1.000171288347819099e+00
1.303743295140529654e+03 1.003918411182158410e+00 4.999996540885997057e-03 1.000171230274730760e+00
1.303745469550292682e+03 9.987419834089227288e-01 4.999996527914295219e-03 1.000171171644864687e+00
1.303747643963682094e+03 1.008567409635860113e+00 4.999996514760672930e-03 1.000171112457745926e+00
1.303749818380698343e+03 9.948580750620354962e-01 4.999996501422827345e-03 1.000171052712889974e+00
1.303751992801340748e+03 1.002768114518542308e+00 4.999996487898407047e-03 1.000170992409803228e+00
1.303754167225609990e+03 9.960636053854805549e-01 4.999996474185018983e-03 1.000170931547983866e+00
1.303756341653505615e+03 1.006142980720581281e+00 4.999996460280226734e-03 1.000170870126919853e+00
1.303758516085028077e+03 1.001173315528856911e+00 4.999996446181546178e-03 1.000170808146090717e+00
1.303760690520176695e+03 9.979397716872034918e-01 4.999996431886450689e-03 1.000170745604965550e+00
1.303762864958952150e+03 1.014531206090687920e+00 4.999996417392364202e-03 1.000170682503004116e+00
1.303765039401354215e+03 1.006675719169315864e+00 4.999996402696662082e-03 1.000170618839656189e+00
1.303767213847382664e+03 1.004493073927160696e+00 4.999996387796672853e-03 1.000170554614359775e+00
1.303769388297037722e+03 1.000063426544439027e+00 4.999996372689673001e-03 1.000170489826545328e+00
1.303771562750319617e+03 9.957734763871396444e-01 4.999996357372887834e-03 1.000170424475629982e+00
1.303773737207227668e+03 1.001654753088996097e+00 4.999996341843490621e-03 1.000170358561021100e+00
1.303775911667762784e+03 1.001642859637566163e+00 4.999996326098599987e-03 1.000170292082114720e+00
1.303778086131924283e+03 9.937110096067230947e-01 4.999996310135284248e-03 1.000170225038294891e+00
1.303780260599712392e+03 9.959555336479916088e-01 4.999996293950548405e-03 1.000170157428934781e+00
1.303782435071127111e+03 9.985638668396747963e-01 4.999996277541348885e-03 1.000170089253395345e+00
1.303784609546168667e+03 1.011324192934282884e+00 4.999996260904576197e-03 1.000170020511025326e+00
1.303786784024836606e+03 1.003370743500134887e+00 4.999996244037061867e-03 1.000169951201160812e+00
1.303788958507131383e+03 9.976321002435278862e-01 4.999996226935583647e-03 1.000169881323125232e+00
1.303791132993052543e+03 1.011202195948456284e+00 4.999996209596849032e-03 1.000169810876229359e+00
1.303793307482600540e+03 1.000349032749198175e+00 4.999996192017504802e-03 1.000169739859770202e+00
1.303795481975775147e+03 1.000159408820022966e+00 4.999996174194133551e-03 1.000169668273031442e+00
1.303797656472576591e+03 9.994218058935870896e-01 4.999996156123247618e-03 1.000169596115281889e+00
1.303799830973004418e+03 1.006919694988575920e+00 4.999996137801296890e-03 1.000169523385777692e+00
1.303802005477059083e+03 1.011714187127590758e+00 4.999996119224651460e-03 1.000169450083759015e+00
1.303804179984740358e+03 1.000033293827514491e+00 4.999996100389624172e-03 1.000169376208452032e+00
1.303806354496048243e+03 9.995793958097344278e-01 4.999996081292441136e-03 1.000169301759067597e+00
1.303808529010982966e+03 9.967881861781100472e-01 4.999996061929261673e-03 1.000169226734799910e+00
1.303810703529544298e+03 9.938900122158823569e-01 4.999996042296166177e-03 1.000169151134828294e+00
1.303812878051732469e+03 1.001165220937891842e+00 4.999996022389157843e-03 1.000169074958315640e+00
1.303815052577547249e+03 9.876622605591351967e-01 4.999996002204157471e-03 1.000168998204407300e+00
1.303817227106989094e+03 9.859701957208339973e-01 4.999995981737006927e-03 1.000168920872232636e+00
1.303819401640057322e+03 9.995317375202110721e-01 4.999995960983462211e-03 1.000168842960902582e+00
1.303821576176752160e+03 1.001239447588569975e+00 4.999995939939192585e-03 1.000168764469510085e+00
1.303823750717074063e+03 1.006456605414990602e+00 4.999995918599782312e-03 1.000168685397130997e+00
1.303825925261022348e+03 1.009389572295272597e+00 4.999995896960720242e-03 1.000168605742820294e+00
1.303828099808597472e+03 9.961889487521424780e-01 4.999995875017410225e-03 1.000168525505615857e+00
1.303830274359799660e+03 1.006438583266863418e+00 4.999995852765156366e-03 1.000168444684533808e+00
1.303832448914628230e+03 9.935605213072765673e-01 4.999995830199166491e-03 1.000168363278572281e+00
1.303834623473083866e+03 9.990987627988821007e-01 4.999995807314552149e-03 1.000168281286706540e+00
1.303836798035166339e+03 9.961250978615602270e-01 4.999995784106319938e-03 1.000168198707891420e+00
1.303838972600875195e+03 9.958940935096962654e-01 4.999995760569373240e-03 1.000168115541060887e+00
1.303841147170211116e+03 1.002521097587631527e+00 4.999995736698512223e-03 1.000168031785125589e+00
1.303843321743173419e+03 1.000081556907993274e+00 4.999995712488422561e-03 1.000167947438973526e+00
1.303845496319763015e+03 9.937956814574691045e-01 4.999995687933680641e-03 1.000167862501470051e+00
1.303847670899979448e+03 9.950079698745054602e-01 4.999995663028750092e-03 1.000167776971455202e+00
1.303849845483822264e+03 1.009251034981089035e+00 4.999995637767972248e-03 1.000167690847745927e+00
1.303852020071292372e+03 1.009359442268558116e+00 4.999995612145572213e-03 1.000167604129133192e+00
1.303854194662388863e+03 1.003723208882593143e+00 4.999995586155645856e-03 1.000167516814381985e+00
1.303856369257112419e+03 1.004555849510659682e+00 4.999995559792169350e-03 1.000167428902231093e+00
1.303858543855462813e+03 1.000927499451186975e+00 4.999995533048982692e-03 1.000167340391392434e+00
1.303860718457439816e+03 1.002569620189571076e+00 4.999995505919799244e-03 1.000167251280549507e+00
1.303862893063043884e+03 1.003101554606022683e+00 4.999995478398185783e-03 1.000167161568357610e+00
1.303865067672274790e+03 9.988495070606975279e-01 4.999995450477578984e-03 1.000167071253442286e+00
1.303867242285132534e+03 9.956936552314195055e-01 4.999995422151263733e-03 1.000166980334399769e+00
1.303869416901617342e+03 1.003151151566475052e+00 4.999995393412380064e-03 1.000166888809795207e+00
1.303871591521728533e+03 9.967727084481883271e-01 4.999995364253919695e-03 1.000166796678160663e+00
1.303873766145466789e+03 1.002244742040347081e+00 4.999995334668713015e-03 1.000166703937998447e+00
1.303875940772832109e+03 9.997469149885652717e-01 4.999995304649433418e-03 1.000166610587774896e+00
1.303878115403824268e+03 9.978391607046437350e-01 4.999995274188591236e-03 1.000166516625923707e+00
1.303880290038443263e+03 1.002001652503833551e+00 4.999995243278525930e-03 1.000166422050842385e+00
1.303882464676689096e+03 9.986013704295991777e-01 4.999995211911405224e-03 1.000166326860893573e+00
1.303884639318561995e+03 9.989744776584830177e-01 4.999995180079219899e-03 1.000166231054401278e+00
1.303886813964061730e+03 9.945599497364867592e-01 4.999995147773777723e-03 1.000166134629652870e+00
1.303888988613188531e+03 1.003456006505508480e+00 4.999995114986700850e-03 1.000166037584895751e+00
1.303891163265941941e+03 1.003841717653475518e+00 4.999995081709415409e-03 1.000165939918337132e+00
1.303893337922322416e+03 9.943022132519451217e-01 4.999995047933150638e-03 1.000165841628142926e+00
1.303895512582329957e+03 9.997451736535557520e-01 4.999995013648936282e-03 1.000165742712437300e+00
1.303897687245964335e+03 9.986582355552763302e-01 4.999994978847590449e-03 1.000165643169300678e+00
1.303899861913225777e+03 1.008538324677930476e+00 4.999994943519716142e-03 1.000165542996767298e+00
1.303902036584114057e+03 1.001327372632149215e+00 4.999994907655696055e-03 1.000165442192827436e+00
1.303904211258629175e+03 9.969952108567909921e-01 4.999994871245685632e-03 1.000165340755422516e+00
1.303906385936771358e+03 1.004443052521739599e+00 4.999994834279612201e-03 1.000165238682445334e+00
1.303908560618540605e+03 1.004610870241863019e+00 4.999994796747154156e-03 1.000165135971739172e+00
1.303910735303936917e+03 1.011239258136456876e+00 4.999994758637750503e-03 1.000165032621096239e+00
1.303912909992960067e+03 1.000949640260978546e+00 4.999994719940584371e-03 1.000164928628253680e+00
1.303915084685610282e+03 1.004071058949661754e+00 4.999994680644575216e-03 1.000164823990897123e+00
1.303917259381887334e+03 9.973034910797964336e-01 4.999994640738377946e-03 1.000164718706653133e+00
1.303919434081791451e+03 9.969622356899773274e-01 4.999994600210367311e-03 1.000164612773092765e+00
1.303921608785322633e+03 1.009585257238331035e+00 4.999994559048637037e-03 1.000164506187726232e+00
1.303923783492480652e+03 9.955624781441078097e-01 4.999994517240985946e-03 1.000164398948003797e+00
1.303925958203265736e+03 1.000282493040264953e+00 4.999994474774911886e-03 1.000164291051311993e+00
1.303928132917678113e+03 1.001044050766267235e+00 4.999994431637603057e-03 1.000164182494971854e+00
1.303930307635717327e+03 1.002893598345221848e+00 4.999994387815925867e-03 1.000164073276239574e+00
1.303932482357383606e+03 1.004567678005794829e+00 4.999994343296417128e-03 1.000163963392301181e+00
1.303934657082676949e+03 1.003901203001914100e+00 4.999994298065279716e-03 1.000163852840271650e+00
1.303936831811597131e+03 1.001672153045793934e+00 4.999994252108360890e-03 1.000163741617194235e+00
1.303939006544144831e+03 1.009165601158262593e+00 4.999994205411151423e-03 1.000163629720036029e+00
1.303941181280319142e+03 9.938585629976185443e-01 4.999994157958767386e-03 1.000163517145686853e+00
1.303943356020120746e+03 9.986764369176058809e-01 4.999994109735948419e-03 1.000163403890956593e+00
1.303945530763549641e+03 1.004772831094906449e+00 4.999994060727035172e-03 1.000163289952573420e+00
1.303947705510605147e+03 1.009688003403925949e+00 4.999994010915959769e-03 1.000163175327179577e+00
1.303949880261287944e+03 9.954066232872766928e-01 4.999993960286241469e-03 1.000163060011330263e+00
1.303952055015597807e+03 9.973386675292458259e-01 4.999993908820963250e-03 1.000162944001490528e+00
1.303954229773534735e+03 9.984132957758646842e-01 4.999993856502761395e-03 1.000162827294032386e+00
1.303956404535098955e+03 9.991645836992915086e-01 4.999993803313815960e-03 1.000162709885230816e+00
1.303958579300290239e+03 1.006072168688322499e+00 4.999993749235826478e-03 1.000162591771263543e+00
1.303960754069108589e+03 9.880136907383870737e-01 4.999993694250005893e-03 1.000162472948203929e+00
1.303962928841554003e+03 9.903634985797702406e-01 4.999993638337063215e-03 1.000162353412020755e+00
1.303965103617626482e+03 9.908553479115016493e-01 4.999993581477180961e-03 1.000162233158573333e+00
1.303967278397326481e+03 1.004083521268226864e+00 4.999993523650004754e-03 1.000162112183608398e+00
1.303969453180653318e+03 9.935326219695479466e-01 4.999993464834620767e-03 1.000161990482757446e+00
1.303971627967607219e+03 1.004495202052907654e+00 4.999993405009545318e-03 1.000161868051530067e+00
1.303973802758188640e+03 1.008491939493081802e+00 4.999993344152692774e-03 1.000161744885313286e+00
1.303975977552396671e+03 9.970947039573627713e-01 4.999993282241370351e-03 1.000161620979364674e+00
1.303978152350232449e+03 1.002356781828443344e+00 4.999993219252246886e-03 1.000161496328809907e+00
1.303980327151695064e+03 9.975266586265566504e-01 4.999993155161335488e-03 1.000161370928637883e+00
1.303982501956784745e+03 1.001428832948827896e+00 4.999993089943973595e-03 1.000161244773694946e+00
1.303984676765501945e+03 1.002784153447911164e+00 4.999993023574790009e-03 1.000161117858682003e+00
1.303986851577846210e+03 9.969622144711307588e-01 4.999992956027697957e-03 1.000160990178148079e+00
1.303989026393817539e+03 1.000492674834605911e+00 4.999992887275852595e-03 1.000160861726485217e+00
1.303991201213416161e+03 1.007741680587716848e+00 4.999992817291636256e-03 1.000160732497923144e+00
1.303993376036641848e+03 9.949943815659781921e-01 4.999992746046626364e-03 1.000160602486525052e+00
1.303995550863495282e+03 1.000045985539675053e+00 4.999992673511567676e-03 1.000160471686178720e+00
1.303997725693975099e+03 1.008884293906988416e+00 4.999992599656347125e-03 1.000160340090593625e+00
1.303999900528082890e+03 9.966115419855289259e-01 4.999992524449956531e-03 1.000160207693292058e+00
1.304002075365817745e+03 9.968825772390490503e-01 4.999992447860463970e-03 1.000160074487603579e+00
1.304004250207179439e+03 9.957406037283438316e-01 4.999992369854985158e-03 1.000159940466658126e+00
1.304006425052168879e+03 9.924314032012192532e-01 4.999992290399639210e-03 1.000159805623379139e+00
1.304008599900785384e+03 9.938615133647858979e-01 4.999992209459522621e-03 1.000159669950474894e+00
1.304010774753028954e+03 9.940069387939146628e-01 4.999992126998664167e-03 1.000159533440430959e+00
1.304012949608899817e+03 9.932329829648998132e-01 4.999992042979988470e-03 1.000159396085503749e+00
1.304015124468398199e+03 9.962405437025527721e-01 4.999991957365276102e-03 1.000159257877709207e+00
1.304017299331523645e+03 1.001425668149642512e+00 4.999991870115117615e-03 1.000159118808815695e+00
1.304019474198276384e+03 9.963594163439657425e-01 4.999991781188877112e-03 1.000158978870334892e+00
1.304021649068656870e+03 9.991255852780983604e-01 4.999991690544633265e-03 1.000158838053510246e+00
1.304023823942664194e+03 9.919757069347789891e-01 4.999991598139142887e-03 1.000158696349308984e+00
1.304025998820298810e+03 9.989134766052045755e-01 4.999991503927779350e-03 1.000158553748410339e+00
1.304028173701560945e+03 1.005672577753341290e+00 4.999991407864490950e-03 1.000158410241195117e+00
1.304030348586450145e+03 1.004798007877924837e+00 4.999991309901736722e-03 1.000158265817732595e+00
1.304032523474966865e+03 9.951673685779873768e-01 4.999991209990426594e-03 1.000158120467770972e+00
1.304034698367110877e+03 1.006895808069985465e+00 4.999991108079876283e-03 1.000157974180722054e+00
1.304036873262882182e+03 1.003151928869463694e+00 4.999991004117721426e-03 1.000157826945650141e+00
1.304039048162280551e+03 9.973004144183492681e-01 4.999990898049870743e-03 1.000157678751256940e+00
1.304041223065306440e+03 9.993432747544226391e-01 4.999990789820428841e-03 1.000157529585867788e+00
1.304043397971959848e+03 1.003460430988615260e+00 4.999990679371617286e-03 1.000157379437415228e+00
1.304045572882240549e+03 9.976580211142999088e-01 4.999990566643711283e-03 1.000157228293425238e+00
1.304047747796148542e+03 1.002632974100728047e+00 4.999990451574948605e-03 1.000157076140998136e+00
1.304049922713684055e+03 1.004415632161543392e+00 4.999990334101454999e-03 1.000156922966793704e+00
1.304052097634846859e+03 1.000308612416238141e+00 4.999990214157147908e-03 1.000156768757009873e+00
1.304054272559636729e+03 1.005578087020418288e+00 4.999990091673652340e-03 1.000156613497366065e+00
1.304056447488054118e+03 9.904023650276249091e-01 4.999989966580199383e-03 1.000156457173083213e+00
1.304058622420099027e+03 1.004063340044324626e+00 4.999989838803528194e-03 1.000156299768858892e+00
1.304060797355771456e+03 9.968038010724935560e-01 4.999989708267774113e-03 1.000156141268850885e+00
1.304062972295071404e+03 9.987781543938959450e-01 4.999989574894368911e-03 1.000155981656648319e+00
1.304065147237998417e+03 9.921737453378806082e-01 4.999989438601905485e-03 1.000155820915251237e+00
1.304067322184552950e+03 9.999521422956466621e-01 4.999989299306035508e-03 1.000155659027043509e+00
1.304069497134734775e+03 9.979548424024224929e-01 4.999989156919321977e-03 1.000155495973764186e+00
1.304071672088544119e+03 9.969720320157242632e-01 4.999989011351115183e-03 1.000155331736481745e+00
1.304073847045980983e+03 1.005160906898660222e+00 4.999988862507408725e-03 1.000155166295563003e+00
1.304076022007045140e+03 9.964953840752979186e-01 4.999988710290673849e-03 1.000154999630641806e+00
1.304078196971737043e+03 9.998154486768471294e-01 4.999988554599722398e-03 1.000154831720584614e+00
1.304080371940056239e+03 1.001358054779171392e+00 4.999988395329525541e-03 1.000154662543458306e+00
1.304082546912002726e+03 1.002028078037499714e+00 4.999988232371044630e-03 1.000154492076490875e+00
1.304084721887576734e+03 9.963645460283224731e-01 4.999988065611040387e-03 1.000154320296034127e+00
1.304086896866778261e+03 9.979577040841817182e-01 4.999987894931879479e-03 1.000154147177522379e+00
1.304089071849607308e+03 9.945185395211755264e-01 4.999987720211330686e-03 1.000153972695429161e+00
1.304091246836063647e+03 9.942676776755053902e-01 4.999987541322344596e-03 1.000153796823223029e+00
1.304093421826147960e+03 9.964495496095167049e-01 4.999987358132822017e-03 1.000153619533317162e+00
1.304095596819859111e+03 1.004535966242930733e+00 4.999987170505374584e-03 1.000153440797020732e+00
1.304097771817198236e+03 9.967248039996553510e-01 4.999986978297068022e-03 1.000153260584485171e+00
1.304099946818164881e+03 1.001813226613782470e+00 4.999986781359149791e-03 1.000153078864645995e+00
1.304102121822758818e+03 1.001009704566115266e+00 4.999986579536761129e-03 1.000152895605164627e+00
1.304104296830980275e+03 9.981885048199183874e-01 4.999986372668632599e-03 1.000152710772364451e+00
1.304106471842829251e+03 1.000399386744246666e+00 4.999986160586770111e-03 1.000152524331163306e+00
1.304108646858305747e+03 9.936095770705541952e-01 4.999985943116106238e-03 1.000152336245002882e+00
1.304110821877409990e+03 1.008137267970415696e+00 4.999985720074142000e-03 1.000152146475773662e+00
1.304112996900141297e+03 1.003390390063724213e+00 4.999985491270571292e-03 1.000151954983734548e+00
1.304115171926500580e+03 1.004218499105735241e+00 4.999985256506865421e-03 1.000151761727428479e+00
1.304117346956487609e+03 1.000722603168040070e+00 4.999985015575844627e-03 1.000151566663592728e+00
1.304119521990101703e+03 1.000841971721069923e+00 4.999984768261234863e-03 1.000151369747064090e+00
1.304121697027343544e+03 1.006300646583308644e+00 4.999984514337161255e-03 1.000151170930676514e+00
1.304123872068212904e+03 9.981027971601695858e-01 4.999984253567651971e-03 1.000150970165153863e+00
1.304126047112710012e+03 9.948999948980411512e-01 4.999983985706078771e-03 1.000150767398996221e+00
1.304128222160834639e+03 9.915982779009931969e-01 4.999983710494575878e-03 1.000150562578357327e+00
1.304130397212587013e+03 9.996407717749123956e-01 4.999983427663422415e-03 1.000150355646914679e+00
1.304132572267966680e+03 1.002287572932260229e+00 4.999983136930377138e-03 1.000150146545732754e+00
1.304134747326974093e+03 9.992216517660051922e-01 4.999982837999975005e-03 1.000149935213114238e+00
1.304136922389609026e+03 1.003772501710665344e+00 4.999982530562780379e-03 1.000149721584444151e+00
1.304139097455871479e+03 1.005550676123533771e+00 4.999982214294574311e-03 1.000149505592023091e+00
1.304141272525761906e+03 9.952634588867897980e-01 4.999981888855505388e-03 1.000149287164885825e+00
1.304143447599279625e+03 9.943037059128868593e-01 4.999981553889178143e-03 1.000149066228612993e+00
1.304145622676425091e+03 1.000839554689462618e+00 4.999981209021666859e-03 1.000148842705125718e+00
1.304147797757198305e+03 9.998122618490123958e-01 4.999980853860472134e-03 1.000148616512467115e+00
1.304149972841599038e+03 1.009017428312752429e+00 4.999980487993401987e-03 1.000148387564568253e+00
1.304152147929627517e+03 9.984600269555075069e-01 4.999980110987374028e-03 1.000148155770998581e+00
1.304154323021283517e+03 1.001103450666347428e+00 4.999979722387122225e-03 1.000147921036696363e+00
1.304156498116567263e+03 9.908515626846582380e-01 4.999979321713822998e-03 1.000147683261681353e+00
1.304158673215478530e+03 9.972684947061710714e-01 4.999978908463613772e-03 1.000147442340744375e+00
1.304160848318017770e+03 9.976806445493545672e-01 4.999978482105995291e-03 1.000147198163117368e+00
1.304163023424184303e+03 9.974440579914994887e-01 4.999978042082132458e-03 1.000146950612113672e+00
1.304165198533978810e+03 1.002795995879667279e+00 4.999977587803003387e-03 1.000146699564745445e+00
1.304167373647401064e+03 1.005522433681989236e+00 4.999977118647420081e-03 1.000146444891309550e+00
1.304169548764450838e+03 9.932119725460794024e-01 4.999976633959896458e-03 1.000146186454940800e+00
1.304171723885128358e+03 1.003831475184145505e+00 4.999976133048338565e-03 1.000145924111133455e+00
1.304173899009433626e+03 1.007311419658555529e+00 4.999975615181565664e-03 1.000145657707218749e+00
1.304176074137366413e+03 9.998816885727593862e-01 4.999975079586617931e-03 1.000145387081807336e+00
1.304178249268927175e+03 1.004937630533166759e+00 4.999974525445851671e-03 1.000145112064180442e+00
1.304180424404115684e+03 9.907191255179483846e-01 4.999973951893803802e-03 1.000144832473635725e+00
1.304182599542931712e+03 1.005735499929898857e+00 4.999973358013775314e-03 1.000144548118774734e+00
1.304184774685375714e+03 9.956591524057649689e-01 4.999972742834144120e-03 1.000144258796733521e+00
1.304186949831447237e+03 1.001094018761500726e+00 4.999972105324359574e-03 1.000143964292345311e+00
1.304189124981146733e+03 9.969234095125489858e-01 4.999971444390584850e-03 1.000143664377230124e+00
1.304191300134473977e+03 9.968773795575773811e-01 4.999970758870965482e-03 1.000143358808810445e+00
1.304193475291428740e+03 1.014421153638070283e+00 4.999970047530466824e-03 1.000143047329231649e+00
1.304195650452011705e+03 1.004651960808704114e+00 4.999969309055265695e-03 1.000142729664190044e+00
1.304197825616221962e+03 9.982830512989923077e-01 4.999968542046618128e-03 1.000142405521654565e+00
1.304200000784060194e+03 9.947427855619574988e-01 4.999967745014156396e-03 1.000142074590468555e+00
1.304202175955526172e+03 1.002137231199271117e+00 4.999966916368581496e-03 1.000141736538822324e+00
1.304204351130620125e+03 9.899226228635866764e-01 4.999966054413638311e-03 1.000141391012579373e+00
1.304206526309341825e+03 1.000239596123795094e+00 4.999965157337338782e-03 1.000141037633445418e+00
1.304208701491691272e+03 9.952484794541225366e-01 4.999964223202306435e-03 1.000140675996951334e+00
1.304210876677668466e+03 1.003083308399307372e+00 4.999963249935196301e-03 1.000140305670246033e+00
1.304213051867273634e+03 1.003283775578932113e+00 4.999962235315023699e-03 1.000139926189661077e+00
1.304215227060506322e+03 9.968829372552605594e-01 4.999961176960319477e-03 1.000139537058030159e+00
1.304217402257367212e+03 1.000835236293937003e+00 4.999960072314956448e-03 1.000139137741728579e+00
1.304219577457855621e+03 9.989897752312880685e-01 4.999958918632477906e-03 1.000138727667407412e+00
1.304221752661972232e+03 1.002877258461710941e+00 4.999957712958761659e-03 1.000138306218370854e+00
1.304223927869716363e+03 1.001245822874690550e+00 4.999956452112801035e-03 1.000137872730570532e+00
1.304226103081088468e+03 9.973290928706133318e-01 4.999955132665371248e-03 1.000137426488150405e+00
1.304228278296088547e+03 1.008863685730880810e+00 4.999953750915308789e-03 1.000136966718496945e+00
1.304230453514716373e+03 1.002803549044298581e+00 4.999952302863076847e-03 1.000136492586726655e+00
1.304232628736971947e+03 1.003164145250490913e+00 4.999950784181285413e-03 1.000136003189531220e+00
1.304234803962855722e+03 1.004684449379056543e+00 4.999949190181725463e-03 1.000135497548301888e+00
1.304236979192367244e+03 1.007620122104524674e+00 4.999947515778448842e-03 1.000134974601426752e+00
1.304239154425506740e+03 1.002457778725020399e+00 4.999945755446351739e-03 1.000134433195647210e+00
1.304241329662273984e+03 9.994435409786246449e-01 4.999943903174575675e-03 1.000133872076341079e+00
1.304243504902669201e+03 1.007111757077250980e+00 4.999941952414041664e-03 1.000133289876572906e+00
1.304245680146692166e+03 1.000876746257713279e+00 4.999939896018176441e-03 1.000132685104732522e+00
1.304247855394343333e+03 1.002112205953362256e+00 4.999937726175826373e-03 1.000132056130540681e+00
1.304250030645622019e+03 1.000927949237263359e+00 4.999935434335179424e-03 1.000131401169180423e+00
1.304252205900529134e+03 9.946072581510054800e-01 4.999933011117222402e-03 1.000130718263246621e+00
1.304254381159063769e+03 9.990032436770517332e-01 4.999930446217088972e-03 1.000130005262173327e+00
1.304256556421226605e+03 1.010942417777143998e+00 4.999927728291289619e-03 1.000129259798713699e+00
1.304258731687017416e+03 1.000553037396088030e+00 4.999924844828434849e-03 1.000128479261984227e+00
1.304260906956435974e+03 1.000635700957980934e+00 4.999921782000632704e-03 1.000127660766476856e+00
1.304263082229482507e+03 1.005016304457277743e+00 4.999918524492117169e-03 1.000126801116331343e+00
1.304265257506157013e+03 1.014213790073624555e+00 4.999915055301032592e-03 1.000125896764007649e+00
1.304267432786459494e+03 1.004812585242097045e+00 4.999911355509367716e-03 1.000124943762329632e+00
1.304269608070389950e+03 9.994542966465644884e-01 4.999907404015015502e-03 1.000123937708631505e+00
1.304271783357948379e+03 1.005338030984696207e+00 4.999903177218542778e-03 1.000122873679478497e+00
1.304273958649135011e+03 1.001984825079998309e+00 4.999898648655634430e-03 1.000121746154065905e+00
1.304276133943949617e+03 9.995362123469733184e-01 4.999893788563968509e-03 1.000120548923972619e+00
1.304278309242391970e+03 9.979720205859441418e-01 4.999888563370653155e-03 1.000119274986372542e+00
1.304280484544462524e+03 1.006168574834703566e+00 4.999882935082844253e-03 1.000117916417093467e+00
1.304282659850161053e+03 9.929803299675724615e-01 4.999876860559703678e-03 1.000116464218985257e+00
1.304284835159487557e+03 1.004198610897458099e+00 4.999870290638070043e-03 1.000114908139852821e+00
1.304287010472442034e+03 1.000509233906376361e+00 4.999863169076588024e-03 1.000113236452629506e+00
1.304289185789024714e+03 9.995647393838164030e-01 4.999855431272971426e-03 1.000111435688380013e+00
1.304291361109235140e+03 1.012706660989944218e+00 4.999847002695650099e-03 1.000109490309933236e+00
1.304293536433073768e+03 9.911980917564674476e-01 4.999837796952837088e-03 1.000107382310184700e+00
1.304295711760540598e+03 9.962767918840509385e-01 4.999827713397245015e-03 1.000105090713958145e+00
1.304297887091635403e+03 9.977367313460775433e-01 4.999816634130190007e-03 1.000102590955200599e+00
1.304300062426358181e+03 1.006613337436341515e+00 4.999804420220048048e-03 1.000099854091218932e+00
1.304302237764708934e+03 1.001585802601411057e+00 4.999790906879106149e-03 1.000096845801094592e+00
1.304304413106688116e+03 1.001519572725496188e+00 4.999775897233472120e-03 1.000093525093182611e+00
1.304306588452295045e+03 9.988642988217280028e-01 4.999759154133592495e-03 1.000089842609245494e+00
1.304308763801530176e+03 1.004870133431177370e+00 4.999740389070922095e-03 1.000085738338592378e+00
1.304310939154393736e+03 9.966804526614307935e-01 4.999719246315065257e-03 1.000081138375249479e+00
1.304313114510884816e+03 9.998930771355882818e-01 4.999695277656346012e-03 1.000075949839043910e+00
1.304315289871004325e+03 9.996662376307949849e-01 4.999667894874363153e-03 1.000070051527870874e+00
1.304317465234751808e+03 1.001857143947435080e+00 4.999636262272601217e-03 1.000063273169633060e+00
1.304319640602127265e+03 1.008339700518992688e+00 4.999599020558153674e-03 1.000055342509785117e+00
1.304321815973131379e+03 9.949240918210154883e-01 4.999553542038002486e-03 1.000045742292415163e+00
1.304323991347763013e+03 9.979286632293925541e-01 4.999493939252301622e-03 1.000033325070155632e+00
1.304326166726023303e+03 9.895177681512079548e-01 4.999405953100611623e-03 1.000015314875467576e+00
1.304328342107911340e+03 9.951626458529205799e-01 4.999254566192095663e-03 9.999848627523004740e-01
1.304330517493427578e+03 1.008560106923158672e+00 4.998955963262962689e-03 9.999254538345463406e-01
1.304332692882572246e+03 1.005799186974172477e+00 4.998318724097674040e-03 9.997990513004195723e-01
1.304334868275344661e+03 9.999510245448879342e-01 4.996930565503323977e-03 9.995230165420441182e-01
1.304337043671745732e+03 9.985602851249939516e-01 4.993960384080736378e-03 9.989293251554144382e-01
1.304339219071774323e+03 1.000789409201563229e+00 4.987849916970073585e-03 9.977002917680580785e-01
1.304341394475431571e+03 9.923824819417531584e-01 4.975899554195427170e-03 9.952810167469857694e-01
1.304343569882717020e+03 9.868461212166682595e-01 4.953822776975412047e-03 9.907832080560032839e-01
1.304345745293630443e+03 9.985903812274018465e-01 4.915452159029452643e-03 9.829179676273136490e-01
1.304347920708172524e+03 9.641363780266506422e-01 4.852890387114840512e-03 9.700192052991190028e-01
1.304350096126342123e+03 9.511253518705281573e-01 4.757431896215956815e-03 9.502276963285389844e-01
1.304352271548140379e+03 9.212526230646068681e-01 4.621437217804342211e-03 9.218775624280711734e-01
1.304354446973566837e+03 8.815459932940261645e-01 4.440981480396749385e-03 8.840525710926101510e-01
1.304356622402621269e+03 8.422479559667286342e-01 4.218616844885670659e-03 8.371785560142909199e-01
1.304358797835303903e+03 7.823020586739064530e-01 3.965231154727203756e-03 7.834417795370030024e-01
1.304360973271614967e+03 7.279978442511615411e-01 3.700027378732695209e-03 7.268289928065055916e-01
1.304363148711554231e+03 6.682166010830798974e-01 3.448198217945100310e-03 6.726937331593662028e-01
1.304365324155121925e+03 6.253978767555091745e-01 3.236743359199673736e-03 6.269210419875883566e-01
1.304367499602317594e+03 5.975798150391281593e-01 3.089654404121235879e-03 5.949025797238653990e-01
1.304369675053141464e+03 5.790402832588923410e-01 3.023902138623605403e-03 5.805779387863545526e-01
1.304371850507593990e+03 5.895056801370176514e-01 3.047063527530258220e-03 5.857453868475139824e-01
1.304374025965674491e+03 6.084353980394374695e-01 3.156472826915439778e-03 6.097538389007631787e-01
1.304376201427382966e+03 6.551469052971636842e-01 3.339501888469955521e-03 6.496138261394422964e-01
1.304378376892720098e+03 6.981082480129942036e-01 3.575139747425911275e-03 7.005148238473233313e-01
1.304380552361685659e+03 7.473555337662729503e-01 3.837256591584751065e-03 7.566761263611777588e-01
1.304382727834279194e+03 8.125574433845387246e-01 4.099191905079360709e-03 8.123707668821872341e-01
1.304384903310501159e+03 8.594374084942453251e-01 4.338426271177244116e-03 8.628823117466872805e-01
1.304387078790351325e+03 9.017699864470234417e-01 4.539914829598099347e-03 9.051480154405450174e-01
1.304389254273829920e+03 9.552597939340493616e-01 4.697217395270713788e-03 9.379410865553904353e-01
1.304391429760936944e+03 9.640710247434072233e-01 4.811447707054205061e-03 9.616105247892882124e-01
1.304393605251671943e+03 9.801460648442567036e-01 4.888810915411333918e-03 9.775428869104830776e-01
1.304395780746035598e+03 9.889041283396242665e-01 4.937789277473333092e-03 9.875662345172455669e-01
1.304397956244027455e+03 1.000786208346208461e+00 4.966842802811921066e-03 9.934731227616178106e-01
1.304400131745647514e+03 1.005724119241022896e+00 4.983033105277838090e-03 9.967423368448702359e-01
1.304402307250896229e+03 9.956590423785416366e-01 4.991537339819370443e-03 9.984474433353224265e-01
1.304404482759773146e+03 9.990214133922378226e-01 4.995769035180959439e-03 9.992898815373617571e-01
1.304406658272278264e+03 9.913006662061705221e-01 4.997780829378467224e-03 9.996877000955800563e-01
1.304408833788412039e+03 1.001146229776155083e+00 4.998709077962773875e-03 9.998702642091041870e-01
1.304411009308174016e+03 9.976674788648600689e-01 4.999137114004339674e-03 9.999542442944463483e-01
1.304413184831564195e+03 1.001554485802465422e+00 4.999344343218341952e-03 9.999950086356073076e-01
1.304415360358583257e+03 9.956726729589638891e-01 4.999456478499226565e-03 1.000017242406159079e+00
1.304417535889230294e+03 1.001079752283134283e+00 4.999527143948883333e-03 1.000031386697645575e+00
1.304419711423505987e+03 1.000109567267673638e+00 4.999578369263298072e-03 1.000041703217323885e+00
1.304421886961409882e+03 1.010788045249760625e+00 4.999619131350173211e-03 1.000049925202217693e+00
1.304424062502942206e+03 1.000000972389287535e+00 4.999653253396184847e-03 1.000056795441200297e+00
1.304426238048102960e+03 1.004313059885359127e+00 4.999682564010433927e-03 1.000062674884326652e+00
1.304428413596891914e+03 1.002177421234970334e+00 4.999708098888724743e-03 1.000067772065546867e+00
1.304430589149309753e+03 1.004798753137685630e+00 4.999730545820852898e-03 1.000072227630976363e+00
1.304432764705355794e+03 9.978477889192526318e-01 4.999750412349296923e-03 1.000076146277113054e+00
1.304434940265030036e+03 1.001151806892355278e+00 4.999768094790976204e-03 1.000079610094283478e+00
1.304437115828332935e+03 9.951406621266265518e-01 4.999783911710740589e-03 1.000082685191648446e+00
1.304439291395264490e+03 1.002064829135066448e+00 4.999798123437997413e-03 1.000085425643796766e+00
1.304441466965824247e+03 9.991429585694103777e-01 4.999810945119794424e-03 1.000087876165277612e+00
1.304443642540012661e+03 9.971235569977102697e-01 4.999822556152971886e-03 1.000090074055610456e+00
1.304445818117829276e+03 9.979669608287756732e-01 4.999833107274510857e-03 1.000092050665648769e+00
1.304447993699274775e+03 1.010529551258102732e+00 4.999842726009327311e-03 1.000093832525857263e+00
1.304450169284348249e+03 1.006224004726347099e+00 4.999851520917133682e-03 1.000095442226620390e+00
1.304452344873050606e+03 1.003175712420224519e+00 4.999859584940776966e-03 1.000096899112729032e+00
1.304454520465381165e+03 1.001826575663870234e+00 4.999866998071875526e-03 1.000098219836540014e+00
1.304456696061340381e+03 9.924661022386398468e-01 4.999873829491355108e-03 1.000099418802358642e+00
1.304458871660928025e+03 1.002040644823356308e+00 4.999880139301888550e-03 1.000100508526236887e+00
1.304461047264144327e+03 9.951844287871262074e-01 4.999885979940201820e-03 1.000101499929377358e+00
1.304463222870989057e+03 9.949905551637386880e-01 4.999891397336073129e-03 1.000102402578987082e+00
1.304465398481461989e+03 1.001330152697337050e+00 4.999896431869359920e-03 1.000103224887212372e+00
1.304467574095564032e+03 9.960179928878979405e-01 4.999901119164791921e-03 1.000103974276388863e+00
1.304469749713294050e+03 1.009966133811623257e+00 4.999905490755593082e-03 1.000104657317052226e+00
1.304471925334652951e+03 1.005470272109578955e+00 4.999909574640376379e-03 1.000105279843773731e+00
1.304474100959640509e+03 1.003744212845071759e+00 4.999913395752699635e-03 1.000105847052846997e+00
1.304476276588256269e+03 9.964272870266343007e-01 4.999916976358720518e-03 1.000106363585032687e+00
1.304478452220500685e+03 1.003260795397698413e+00 4.999920336395402565e-03 1.000106833595944433e+00
1.304480627856373758e+03 1.000074521615427425e+00 4.999923493759326695e-03 1.000107260816156973e+00
1.304482803495875487e+03 9.885017227737370460e-01 4.999926464554184206e-03 1.000107648602732269e+00
1.304484979139005645e+03 9.980678831339669932e-01 4.999929263303715815e-03 1.000107999983548934e+00
1.304487154785764233e+03 9.940118608095548369e-01 4.999931903135465712e-03 1.000108317695564519e+00
1.304489330436151704e+03 9.966005130252778565e-01 4.999934395939920756e-03 1.000108604217954333e+00
1.304491506090167604e+03 1.008795244281671222e+00 4.999936752508734976e-03 1.000108861800898419e+00
1.304493681747812161e+03 1.003202606984704426e+00 4.999938982655136727e-03 1.000109092490660823e+00
1.304495857409085374e+03 9.969505638012534643e-01 4.999941095319135331e-03 1.000109298151504511e+00
1.304498033073987244e+03 9.949336065033779208e-01 4.999943098659684337e-03 1.000109480484888680e+00
1.304500208742517543e+03 9.921135036310533284e-01 4.999945000135613306e-03 1.000109641046332598e+00
1.304502384414676726e+03 1.002650764390349725e+00 4.999946806576904129e-03 1.000109781260263953e+00
1.304504560090464338e+03 9.967967877553077782e-01 4.999948524247582564e-03 1.000109902433124365e+00
1.304506735769880379e+03 1.003572690791870947e+00 4.999950158901373364e-03 1.000110005764965893e+00
1.304508911452925304e+03 1.009561306839163120e+00 4.999951715831015865e-03 1.000110092359728586e+00
1.304511087139599113e+03 9.968220684718017699e-01 4.999953199912102186e-03 1.000110163234378513e+00
1.304513262829901123e+03 9.982539915055811397e-01 4.999954615642103299e-03 1.000110219327035921e+00
1.304515438523832245e+03 1.005302858625199969e+00 4.999955967175164981e-03 1.000110261504233877e+00
1.304517614221391796e+03 1.001374284504823686e+00 4.999957258353225284e-03 1.000110290567401972e+00
1.304519789922580003e+03 9.939572739515536437e-01 4.999958492733873328e-03 1.000110307258671893e+00
1.304521965627396639e+03 9.866412085978468749e-01 4.999959673615331050e-03 1.000110312266087265e+00
1.304524141335842387e+03 1.003198614190205840e+00 4.999960804058910073e-03 1.000110306228284784e+00
1.304526317047916791e+03 1.001172809810289444e+00 4.999961886909219493e-03 1.000110289738706193e+00
1.304528492763619624e+03 1.000475948634201195e+00 4.999962924812383948e-03 1.000110263349397455e+00
1.304530668482951569e+03 9.972383947986303010e-01 4.999963920232494870e-03 1.000110227574437571e+00
1.304532844205911942e+03 9.897305819475776811e-01 4.999964875466478796e-03 1.000110182893041433e+00
1.304535019932500745e+03 1.002238913279555499e+00 4.999965792657579643e-03 1.000110129752366905e+00
1.304537195662718887e+03 1.001609869659239704e+00 4.999966673807567687e-03 1.000110068570063904e+00
1.304539371396565230e+03 1.002121948703513121e+00 4.999967520787840063e-03 1.000109999736586985e+00
1.304541547134040684e+03 9.991995638971707949e-01 4.999968335349504710e-03 1.000109923617300778e+00
1.304543722875144567e+03 1.000369350336057783e+00 4.999969119132577876e-03 1.000109840554394225e+00
1.304545898619877562e+03 1.001562121729485222e+00 4.999969873674347219e-03 1.000109750868629188e+00
1.304548074368238758e+03 9.968046057786992264e-01 4.999970600417039286e-03 1.000109654860934061e+00
1.304550250120229293e+03 9.998288376556976331e-01 4.999971300714783559e-03 1.000109552813862379e+00
1.304552425875848257e+03 9.979981678813117929e-01 4.999971975840030065e-03 1.000109444992925534e+00
1.304554601635096333e+03 9.960996748191116579e-01 4.999972626989394528e-03 1.000109331647815125e+00
1.304556777397972837e+03 9.989297582677458820e-01 4.999973255289036876e-03 1.000109213013524734e+00
1.304558953164477998e+03 1.001562252506019268e+00 4.999973861799591329e-03 1.000109089311377542e+00
1.304561128934612270e+03 1.001659982930096726e+00 4.999974447520706168e-03 1.000108960749970910e+00
1.304563304708375199e+03 1.006437799941699129e+00 4.999975013395204469e-03 1.000108827526049904e+00
1.304565480485767011e+03 1.000207001105761329e+00 4.999975560312932589e-03 1.000108689825304209e+00
1.304567656266787480e+03 9.993173582172579783e-01 4.999976089114301601e-03 1.000108547823109983e+00
1.304569832051436833e+03 1.004920882330378795e+00 4.999976600593550313e-03 1.000108401685210424e+00
1.304572007839715297e+03 9.980439170862215326e-01 4.999977095501762815e-03 1.000108251568343487e+00
1.304574183631621963e+03 1.009730013704461360e+00 4.999977574549663122e-03 1.000108097620826975e+00
1.304576359427158195e+03 1.001296874010715543e+00 4.999978038410187765e-03 1.000107939983094330e+00
1.304578535226322629e+03 9.995786895883791434e-01 4.999978487720885788e-03 1.000107778788193791e+00
1.304580711029116173e+03 9.928242580242324644e-01 4.999978923086123572e-03 1.000107614162251579e+00
1.304582886835538602e+03 9.951395407391468995e-01 4.999979345079146563e-03 1.000107446224899110e+00
1.304585062645589915e+03 1.000823807441638902e+00 4.999979754243983124e-03 1.000107275089671788e+00
1.304587238459269884e+03 1.006954073991562115e+00 4.999980151097220896e-03 1.000107100864378262e+00
1.304589414276578964e+03 1.008746951217603272e+00 4.999980536129646977e-03 1.000106923651445046e+00
1.304591590097516928e+03 1.001454046268928533e+00 4.999980909807789226e-03 1.000106743548234700e+00
1.304593765922083549e+03 1.000987847274173115e+00 4.999981272575339600e-03 1.000106560647345599e+00
1.304595941750279053e+03 1.002544717634401339e+00 4.999981624854486426e-03 1.000106375036888595e+00
1.304598117582103669e+03 9.999890661648070944e-01 4.999981967047154724e-03 1.000106186800746144e+00
1.304600293417556941e+03 1.014095312456246401e+00 4.999982299536162404e-03 1.000105996018813448e+00
1.304602469256639324e+03 1.001372257506809804e+00 4.999982622686306201e-03 1.000105802767224716e+00
1.304604645099350364e+03 9.956101827306721441e-01 4.999982936845365211e-03 1.000105607118563666e+00
1.304606820945690743e+03 1.001180373305589510e+00 4.999983242345054125e-03 1.000105409142060919e+00
1.304608996795659550e+03 1.001491784902287741e+00 4.999983539501899263e-03 1.000105208903777410e+00
1.304611172649257469e+03 1.005843684069900101e+00 4.999983828618074708e-03 1.000105006466780022e+00
1.304613348506484499e+03 1.006395341812337474e+00 4.999984109982171659e-03 1.000104801891298578e+00
1.304615524367340413e+03 9.997901975113964168e-01 4.999984383869922680e-03 1.000104595234883043e+00
1.304617700231825211e+03 9.996956933090453967e-01 4.999984650544893848e-03 1.000104386552541413e+00
1.304619876099938892e+03 1.001886606404213120e+00 4.999984910259117066e-03 1.000104175896875836e+00
1.304622051971681458e+03 1.000799912179335172e+00 4.999985163253695478e-03 1.000103963318206723e+00
1.304624227847053135e+03 9.982876800744798773e-01 4.999985409759363786e-03 1.000103748864691555e+00
1.304626403726053923e+03 1.001460051239479787e+00 4.999985649997019943e-03 1.000103532582434784e+00
1.304628579608683367e+03 1.005088903045072923e+00 4.999985884178230824e-03 1.000103314515593089e+00
1.304630755494942150e+03 1.002463621285675233e+00 4.999986112505694531e-03 1.000103094706472628e+00
1.304632931384829590e+03 9.924267973948607269e-01 4.999986335173685348e-03 1.000102873195621411e+00
1.304635107278345913e+03 1.002582663161817766e+00 4.999986552368478748e-03 1.000102650021916784e+00
1.304637283175491802e+03 9.866405361521289885e-01 4.999986764268726964e-03 1.000102425222647362e+00
1.304639459076266121e+03 9.917576922901194525e-01 4.999986971045847564e-03 1.000102198833590306e+00
1.304641634980669551e+03 1.001246260543321220e+00 4.999987172864367793e-03 1.000101970889084591e+00
1.304643810888702319e+03 9.966422899632884080e-01 4.999987369882244632e-03 1.000101741422099177e+00
1.304645986800363971e+03 1.002696254877648796e+00 4.999987562251192660e-03 1.000101510464298737e+00
1.304648162715654735e+03 1.000243685055611564e+00 4.999987750116971150e-03 1.000101278046105602e+00
1.304650338634574155e+03 1.000521225804653636e+00 4.999987933619659021e-03 1.000101044196757050e+00
1.304652514557123141e+03 9.993385548368061144e-01 4.999988112893925460e-03 1.000100808944360598e+00
1.304654690483300783e+03 9.978344729395636215e-01 4.999988288069275380e-03 1.000100572315945957e+00
1.304656866413107764e+03 9.893183002605104859e-01 4.999988459270281876e-03 1.000100334337513885e+00
1.304659042346543401e+03 9.972198152019703388e-01 4.999988626616823015e-03 1.000100095034084369e+00
1.304661218283608605e+03 9.968978042847252974e-01 4.999988790224279590e-03 1.000099854429739699e+00
1.304663394224302465e+03 1.001819430802871391e+00 4.999988950203738090e-03 1.000099612547665995e+00
1.304665570168625663e+03 1.008691346610016248e+00 4.999989106662188453e-03 1.000099369410192729e+00
1.304667746116577746e+03 1.003917069665657857e+00 4.999989259702700140e-03 1.000099125038832470e+00
1.304669922068159167e+03 9.980701898393089522e-01 4.999989409424589540e-03 1.000098879454314416e+00
1.304672098023369472e+03 9.919177540803748583e-01 4.999989555923589103e-03 1.000098632676619470e+00
1.304674273982208888e+03 9.972588249578084874e-01 4.999989699291998262e-03 1.000098384725011780e+00
1.304676449944677643e+03 1.005092594982187837e+00 4.999989839618833483e-03 1.000098135618070261e+00
1.304678625910775054e+03 1.004501799774801585e+00 4.999989976989960977e-03 1.000097885373716577e+00
1.304680801880502258e+03 1.002026643417252005e+00 4.999990111488238076e-03 1.000097634009244230e+00
1.304682977853857892e+03 1.000128083920232891e+00 4.999990243193629461e-03 1.000097381541342756e+00
1.304685153830843092e+03 9.970396663135073778e-01 4.999990372183338999e-03 1.000097127986125711e+00
1.304687329811457403e+03 1.003116524035478907e+00 4.999990498531913831e-03 1.000096873359151983e+00
1.304689505795700825e+03 1.006449411263716565e+00 4.999990622311356256e-03 1.000096617675449995e+00
1.304691681783573131e+03 9.929587390851112305e-01 4.999990743591231288e-03 1.000096360949537022e+00
1.304693857775075003e+03 1.000999718936160798e+00 4.999990862438758593e-03 1.000096103195444286e+00
1.304696033770205531e+03 1.001748358433050434e+00 4.999990978918913108e-03 1.000095844426731606e+00
1.304698209768965626e+03 1.001935220788296999e+00 4.999991093094509169e-03 1.000095584656509162e+00
1.304700385771354831e+03 1.008785026165647469e+00 4.999991205026288119e-03 1.000095323897454369e+00
1.304702561777373148e+03 9.969042944549276752e-01 4.999991314773004174e-03 1.000095062161828974e+00
1.304704737787020804e+03 9.968438234079695093e-01 4.999991422391492947e-03 1.000094799461496153e+00
1.304706913800297798e+03 1.003911465896401678e+00 4.999991527936753846e-03 1.000094535807933394e+00
1.304709089817203676e+03 1.000601854582122696e+00 4.999991631462020331e-03 1.000094271212251140e+00
1.304711265837738893e+03 1.001346544477704770e+00 4.999991733018824963e-03 1.000094005685203902e+00
1.304713441861902993e+03 1.002647626623760280e+00 4.999991832657061860e-03 1.000093739237205126e+00
1.304715617889696659e+03 1.011728479829691718e+00 4.999991930425054347e-03 1.000093471878340079e+00
1.304717793921119437e+03 9.987620636730234480e-01 4.999992026369611334e-03 1.000093203618378057e+00
1.304719969956171553e+03 9.986665898820944465e-01 4.999992120536083696e-03 1.000092934466782824e+00
1.304722145994853008e+03 1.001054043577473074e+00 4.999992212968424991e-03 1.000092664432726819e+00
1.304724322037163347e+03 9.996331149303359087e-01 4.999992303709223547e-03 1.000092393525099599e+00
1.304726498083103024e+03 9.936057105623284924e-01 4.999992392799779660e-03 1.000092121752519825e+00
1.304728674132672040e+03 9.972113626408810605e-01 4.999992480280132483e-03 1.000091849123342369e+00
1.304730850185870395e+03 1.001938978485273024e+00 4.999992566189114668e-03 1.000091575645671860e+00
1.304733026242697861e+03 9.981983693016894810e-01 4.999992650564389664e-03 1.000091301327368454e+00
1.304735202303154892e+03 1.009507631935382843e+00 4.999992733442502023e-03 1.000091026176058495e+00
1.304737378367240808e+03 1.007650707858495087e+00 4.999992814858911228e-03 1.000090750199141398e+00
1.304739554434956290e+03 1.006303690643527426e+00 4.999992894848029855e-03 1.000090473403798530e+00
1.304741730506300655e+03 9.962495007786897894e-01 4.999992973443264342e-03 1.000090195797001646e+00
1.304743906581274814e+03 1.003740331438433442e+00 4.999993050677047079e-03 1.000089917385518445e+00
1.304746082659878084e+03 1.004668310504043038e+00 4.999993126580869370e-03 1.000089638175920559e+00
1.304748258742110465e+03 1.002093129729311860e+00 4.999993201185317857e-03 1.000089358174590881e+00
1.304750434827972413e+03 9.974115466416064724e-01 4.999993274520104884e-03 1.000089077387729120e+00
1.304752610917463699e+03 9.943798467793816265e-01 4.999993346614092782e-03 1.000088795821358234e+00
1.304754787010584323e+03 9.954575106613287039e-01 4.999993417495332895e-03 1.000088513481330876e+00
1.304756963107334286e+03 9.997689966181151355e-01 4.999993487191080332e-03 1.000088230373335607e+00
1.304759139207713361e+03 9.987278903672783814e-01 4.999993555727832127e-03 1.000087946502900893e+00
1.304761315311721773e+03 9.854522552774666044e-01 4.999993623131345453e-03 1.000087661875400880e+00
1.304763491419359752e+03 9.999497044577801974e-01 4.999993689426667116e-03 1.000087376496062275e+00
1.304765667530626843e+03 9.935125306866955386e-01 4.999993754638153501e-03 1.000087090369967235e+00
1.304767843645523499e+03 1.004457021052655108e+00 4.999993818789493123e-03 1.000086803502058030e+00
1.304770019764049721e+03 1.002467248855056337e+00 4.999993881903731785e-03 1.000086515897143702e+00
1.304772195886205054e+03 9.984460170725988348e-01 4.999993944003290787e-03 1.000086227559901619e+00
1.304774372011989726e+03 9.999127411945480937e-01 4.999994005109986012e-03 1.000085938494884363e+00
1.304776548141403964e+03 9.974844644156083406e-01 4.999994065245051342e-03 1.000085648706521502e+00
1.304778724274447313e+03 9.924676072103778557e-01 4.999994124429153405e-03 1.000085358199126029e+00
1.304780900411120228e+03 1.007630356817833306e+00 4.999994182682414995e-03 1.000085066976894588e+00
1.304783076551422710e+03 9.939289095400298812e-01 4.999994240024421138e-03 1.000084775043915020e+00
1.304785252695354529e+03 9.997664532120046355e-01 4.999994296474249457e-03 1.000084482404166364e+00
1.304787428842915688e+03 9.990437217459358088e-01 4.999994352050479707e-03 1.000084189061525519e+00
1.304789604994106185e+03 1.003003520480927557e+00 4.999994406771207656e-03 1.000083895019767244e+00
1.304791781148926248e+03 9.957797857067749447e-01 4.999994460654064166e-03 1.000083600282569263e+00
1.304793957307375422e+03 9.988562958252944490e-01 4.999994513716223866e-03 1.000083304853515376e+00
1.304796133469454389e+03 9.982283049230631367e-01 4.999994565974425972e-03 1.000083008736097012e+00
1.304798309635162923e+03 9.922778922212549535e-01 4.999994617444982956e-03 1.000082711933717672e+00
1.304800485804500568e+03 9.980319431364069738e-01 4.999994668143795291e-03 1.000082414449693591e+00
1.304802661977468006e+03 1.003376902221138733e+00 4.999994718086362734e-03 1.000082116287258183e+00
1.304804838154064555e+03 9.950257206539683263e-01 4.999994767287799929e-03 1.000081817449564037e+00
1.304807014334290898e+03 1.004938664274556803e+00 4.999994815762839016e-03 1.000081517939685138e+00
1.304809190518146579e+03 1.000168944372584967e+00 4.999994863525853046e-03 1.000081217760618646e+00
1.304811366705631599e+03 1.010676415457341992e+00 4.999994910590859452e-03 1.000080916915288221e+00
1.304813542896746185e+03 9.962005307530783504e-01 4.999994956971527856e-03 1.000080615406546025e+00
1.304815719091490564e+03 1.013224356389343050e+00 4.999995002681199147e-03 1.000080313237174057e+00
1.304817895289864055e+03 1.003300212578147166e+00 4.999995047732887221e-03 1.000080010409886366e+00
1.304820071491867338e+03 1.000177735628905884e+00 4.999995092139291122e-03 1.000079706927332390e+00
1.304822247697499961e+03 9.920750165478202653e-01 4.999995135912808052e-03 1.000079402792096506e+00
1.304824423906761922e+03 9.955731246315495664e-01 4.999995179065533368e-03 1.000079098006702027e+00
1.304826600119653676e+03 9.969821722405022291e-01 4.999995221609276203e-03 1.000078792573611652e+00
1.304828776336174997e+03 1.005034964758717342e+00 4.999995263555566394e-03 1.000078486495229457e+00
1.304830952556325883e+03 9.992682330708846372e-01 4.999995304915660563e-03 1.000078179773903342e+00
1.304833128780105881e+03 9.921497920861225284e-01 4.999995345700550785e-03 1.000077872411925695e+00
1.304835305007515899e+03 1.003223052852581620e+00 4.999995385920974998e-03 1.000077564411535391e+00
1.304837481238555256e+03 1.008926836788170966e+00 4.999995425587415269e-03 1.000077255774918017e+00
1.304839657473224634e+03 1.000532329960543310e+00 4.999995464710116008e-03 1.000076946504210307e+00
1.304841833711523122e+03 9.910920134592510200e-01 4.999995503299083099e-03 1.000076636601498370e+00
1.304844009953451177e+03 9.948261472375417025e-01 4.999995541364095179e-03 1.000076326068820576e+00
1.304846186199008798e+03 9.982234639821162547e-01 4.999995578914703635e-03 1.000076014908168887e+00
1.304848362448195985e+03 9.986770893821077522e-01 4.999995615960247351e-03 1.000075703121490189e+00
1.304850538701012965e+03 1.001207761823732501e+00 4.999995652509849238e-03 1.000075390710686518e+00
1.304852714957459511e+03 1.005003288833134834e+00 4.999995688572426641e-03 1.000075077677617719e+00
1.304854891217535624e+03 9.970869636536653369e-01 4.999995724156701751e-03 1.000074764024101226e+00
1.304857067481241302e+03 1.003190464088847156e+00 4.999995759271197264e-03 1.000074449751914285e+00
1.304859243748576773e+03 9.934436337810766959e-01 4.999995793924250261e-03 1.000074134862793951e+00
1.304861420019541811e+03 9.991200479888084907e-01 4.999995828124008737e-03 1.000073819358439753e+00
1.304863596294136187e+03 9.913418482062015258e-01 4.999995861878443748e-03 1.000073503240512807e+00
1.304865772572360356e+03 1.004510764945571344e+00 4.999995895195351141e-03 1.000073186510638257e+00
1.304867948854214092e+03 9.869912536425380356e-01 4.999995928082357627e-03 1.000072869170405498e+00
1.304870125139697848e+03 1.006207830552037885e+00 4.999995960546920783e-03 1.000072551221369066e+00
1.304872301428810943e+03 1.000835335190186415e+00 4.999995992596339457e-03 1.000072232665050409e+00
1.304874477721553603e+03 1.000039575606364251e+00 4.999996024237756374e-03 1.000071913502937448e+00
1.304876654017926057e+03 9.991113374436602079e-01 4.999996055478157266e-03 1.000071593736486797e+00
1.304878830317928532e+03 9.995846459154746899e-01 4.999996086324381278e-03 1.000071273367122870e+00
1.304881006621560346e+03 1.005631161702721377e+00 4.999996116783119240e-03 1.000070952396240775e+00
1.304883182928821952e+03 9.917139489442208244e-01 4.999996146860924071e-03 1.000070630825205642e+00
1.304885359239712898e+03 1.000181130574140154e+00 4.999996176564206439e-03 1.000070308655353513e+00
1.304887535554233864e+03 1.005028949320517562e+00 4.999996205899244310e-03 1.000069985887991564e+00
1.304889711872384396e+03 9.945238884367589849e-01 4.999996234872186411e-03 1.000069662524402103e+00
1.304891888194164949e+03 1.003223029670744060e+00 4.999996263489048763e-03 1.000069338565837906e+00
1.304894064519574840e+03 1.001142495685356515e+00 4.999996291755724222e-03 1.000069014013526880e+00
1.304896240848614752e+03 1.002610841357504556e+00 4.999996319677987681e-03 1.000068688868671618e+00
1.304898417181284231e+03 9.958689838241280290e-01 4.999996347261490004e-03 1.000068363132449623e+00
1.304900593517583275e+03 9.970160111342674103e-01 4.999996374511764090e-03 1.000068036806014415e+00
1.304902769857512112e+03 1.001735566020076407e+00 4.999996401434243093e-03 1.000067709890495538e+00
1.304904946201070970e+03 9.964215979431175763e-01 4.999996428034233532e-03 1.000067382386999881e+00
1.304907122548259395e+03 9.931840582145370355e-01 4.999996454316943048e-03 1.000067054296611913e+00
1.304909298899077612e+03 1.002515584750002908e+00 4.999996480287474329e-03 1.000066725620394115e+00
1.304911475253525396e+03 9.910711079785339273e-01 4.999996505950826849e-03 1.000066396359386989e+00
1.304913651611603200e+03 9.875806405741155425e-01 4.999996531311895129e-03 1.000066066514611496e+00
1.304915827973310570e+03 1.007115563625650134e+00 4.999996556375486956e-03 1.000065736087066615e+00
1.304918004338648188e+03 9.972842403147356150e-01 4.999996581146300828e-03 1.000065405077732672e+00
1.304920180707615145e+03 9.948086804213818191e-01 4.999996605628955447e-03 1.000065073487570455e+00
1.304922357080211896e+03 1.001754986296540251e+00 4.999996629827971502e-03 1.000064741317520767e+00
1.304924533456438667e+03 1.000367788827749349e+00 4.999996653747780344e-03 1.000064408568506868e+00
1.304926709836295004e+03 1.005494545805468265e+00 4.999996677392731792e-03 1.000064075241434036e+00
1.304928886219781134e+03 9.915224632274119987e-01 4.999996700767084593e-03 1.000063741337189116e+00
1.304931062606897285e+03 1.006875060297528046e+00 4.999996723875022031e-03 1.000063406856642745e+00
1.304933238997643457e+03 9.963447899103655692e-01 4.999996746720643259e-03 1.000063071800647352e+00
1.304935415392019195e+03 1.003212737240960051e+00 4.999996769307965029e-03 1.000062736170040267e+00
1.304937591790024726e+03 1.017342399102495021e+00 4.999996791640934704e-03 1.000062399965642168e+00
1.304939768191660050e+03 9.987570036991881839e-01 4.999996813723418983e-03 1.000062063188257522e+00
1.304941944596925168e+03 1.002456773637426357e+00 4.999996835559210838e-03 1.000061725838676363e+00
1.304944121005820534e+03 9.903067661641667963e-01 4.999996857152033854e-03 1.000061387917673184e+00
1.304946297418345466e+03 1.002891536548925933e+00 4.999996878505540490e-03 1.000061049426008264e+00
1.304948473834500419e+03 9.953324625863028130e-01 4.999996899623314686e-03 1.000060710364426564e+00
1.304950650254285165e+03 9.941278289704028603e-01 4.999996920508874461e-03 1.000060370733659942e+00
1.304952826677699704e+03 9.988719876643483708e-01 4.999996941165667577e-03 1.000060030534426936e+00
1.304955003104744037e+03 1.001389404545620865e+00 4.999996961597085419e-03 1.000059689767431426e+00
1.304957179535418391e+03 9.983436290549573267e-01 4.999996981806448249e-03 1.000059348433364637e+00
1.304959355969722765e+03 1.000485099533973354e+00 4.999997001797022549e-03 1.000059006532906247e+00
1.304961532407656932e+03 1.006102719746965857e+00 4.999997021572008885e-03 1.000058664066721281e+00
1.304963708849220893e+03 1.000995671259891306e+00 4.999997041134553177e-03 1.000058321035464548e+00
1.304965885294415102e+03 1.003566249712291025e+00 4.999997060487743235e-03 1.000057977439777535e+00
1.304968061743238877e+03 1.004792432152303183e+00 4.999997079634606149e-03 1.000057633280290181e+00
1.304970238195692673e+03 9.952528411655287011e-01 4.999997098578123043e-03 1.000057288557621549e+00
1.304972414651776489e+03 9.972424121520295781e-01 4.999997117321211722e-03 1.000056943272379595e+00
1.304974591111490327e+03 1.005227119705141892e+00 4.999997135866746621e-03 1.000056597425159843e+00
1.304976767574833730e+03 9.951552513970233216e-01 4.999997154217542331e-03 1.000056251016549158e+00
1.304978944041807381e+03 9.971084115949800930e-01 4.999997172376369203e-03 1.000055904047122413e+00
1.304981120512410826e+03 9.989306066715192278e-01 4.999997190345947286e-03 1.000055556517444710e+00
1.304983296986644518e+03 1.000559172636051208e+00 4.999997208128942848e-03 1.000055208428070941e+00
1.304985473464507777e+03 9.962278334750607200e-01 4.999997225727983996e-03 1.000054859779546668e+00
1.304987649946001284e+03 9.946251847697623605e-01 4.999997243145645927e-03 1.000054510572407240e+00
1.304989826431124811e+03 1.004480143632347167e+00 4.999997260384462204e-03 1.000054160807178461e+00
1.304992002919878360e+03 9.947186327470505240e-01 4.999997277446919554e-03 1.000053810484377692e+00
1.304994179412261701e+03 1.003397681818586795e+00 4.999997294335465671e-03 1.000053459604512307e+00
1.304996355908275291e+03 1.000010781058853881e+00 4.999997311052499678e-03 1.000053108168081240e+00
1.304998532407918674e+03 1.001607302216672490e+00 4.999997327600381666e-03 1.000052756175575208e+00
1.305000708911191850e+03 1.000057783327739758e+00 4.999997343981435298e-03 -9.999999999000000000e+09
1.305002885418095502e+03 1.006039724519569578e+00 4.999997360197938265e-03 -9.999999999000000000e+09
1.305005061928628947e+03 1.005573841866075568e+00 4.999997376252133564e-03 -9.999999999000000000e+09
1.305007238442792413e+03 1.001639790330463686e+00 4.999997392146223428e-03 -9.999999999000000000e+09
1.305009414960585900e+03 1.000259127256364788e+00 4.999997407882372791e-03 -9.999999999000000000e+09
1.305011591482009408e+03 1.000029356195593300e+00 4.999997423462711893e-03 -9.999999999000000000e+09
1.305013768007063163e+03 1.004899803010206538e+00 4.999997438889332811e-03 -9.999999999000000000e+09
1.305015944535746939e+03 1.000104981328779230e+00 4.999997454164295529e-03 -9.999999999000000000e+09
1.305018121068060509e+03 1.004910385041985155e+00 4.999997469289620133e-03 -9.999999999000000000e+09
1.305020297604004554e+03 9.957853215595697804e-01 4.999997484267298085e-03 -9.999999999000000000e+09
1.305022474143578165e+03 9.979216463640546708e-01 4.999997499099285286e-03 -9.999999999000000000e+09
1.305024650686782024e+03 1.007812411415012432e+00 4.999997513787508147e-03 -9.999999999000000000e+09
1.305026827233616132e+03 9.963022903206633085e-01 4.999997528333854045e-03 -9.999999999000000000e+09
1.305029003784080260e+03 1.002852104322063065e+00 4.999997542740187810e-03 -9.999999999000000000e+09
1.305031180338174408e+03 9.958386188729315691e-01 4.999997557008337840e-03 -9.999999999000000000e+09
1.305033356895899033e+03 9.997121958893750993e-01 4.999997571140104777e-03 -9.999999999000000000e+09
1.305035533457253450e+03 9.952909383905993446e-01 4.999997585137262376e-03 -9.999999999000000000e+09
1.305037710022237889e+03 9.961178027259368628e-01 4.999997599001550566e-03 -9.999999999000000000e+09
1.305039886590852348e+03 1.010237029266423336e+00 4.999997612734681518e-03 -9.999999999000000000e+09
1.305042063163097282e+03 1.007672942712891428e+00 4.999997626338344853e-03 -9.999999999000000000e+09
1.305044239738972010e+03 9.934566506353194049e-01 4.999997639814198966e-03 -9.999999999000000000e+09
1.305046416318477441e+03 9.887224371570916270e-01 4.999997653163873630e-03 -9.999999999000000000e+09
1.305048592901612437e+03 1.002110508323042826e+00 4.999997666388977802e-03 -9.999999999000000000e+09
1.305050769488377682e+03 9.942670292973064816e-01 4.999997679491093548e-03 -9.999999999000000000e+09
1.305052946078773402e+03 9.965425211978466979e-01 4.999997692471774315e-03 -9.999999999000000000e+09
1.305055122672798916e+03 1.003610948466422848e+00 4.999997705332550127e-03 -9.999999999000000000e+09
